,A[C>A]A,A[C>A]C,A[C>A]G,A[C>A]T,C[C>A]A,C[C>A]C,C[C>A]G,C[C>A]T,G[C>A]A,G[C>A]C,G[C>A]G,G[C>A]T,T[C>A]A,T[C>A]C,T[C>A]G,T[C>A]T,A[C>G]A,A[C>G]C,A[C>G]G,A[C>G]T,C[C>G]A,C[C>G]C,C[C>G]G,C[C>G]T,G[C>G]A,G[C>G]C,G[C>G]G,G[C>G]T,T[C>G]A,T[C>G]C,T[C>G]G,T[C>G]T,A[C>T]A,A[C>T]C,A[C>T]G,A[C>T]T,C[C>T]A,C[C>T]C,C[C>T]G,C[C>T]T,G[C>T]A,G[C>T]C,G[C>T]G,G[C>T]T,T[C>T]A,T[C>T]C,T[C>T]G,T[C>T]T,A[T>A]A,A[T>A]C,A[T>A]G,A[T>A]T,C[T>A]A,C[T>A]C,C[T>A]G,C[T>A]T,G[T>A]A,G[T>A]C,G[T>A]G,G[T>A]T,T[T>A]A,T[T>A]C,T[T>A]G,T[T>A]T,A[T>C]A,A[T>C]C,A[T>C]G,A[T>C]T,C[T>C]A,C[T>C]C,C[T>C]G,C[T>C]T,G[T>C]A,G[T>C]C,G[T>C]G,G[T>C]T,T[T>C]A,T[T>C]C,T[T>C]G,T[T>C]T,A[T>G]A,A[T>G]C,A[T>G]G,A[T>G]T,C[T>G]A,C[T>G]C,C[T>G]G,C[T>G]T,G[T>G]A,G[T>G]C,G[T>G]G,G[T>G]T,T[T>G]A,T[T>G]C,T[T>G]G,T[T>G]T
0,0,0,0,0,0,0,0,0,11,0,3,1,0,3,1,3,0,3,0,4,1,2,0,1,0,1,2,7,0,0,1,5,11,0,11,0,0,0,0,2,1,0,5,5,0,0,14,0,49,23,0,48,0,3,0,0,0,6,7,12,17,0,3,87,110,49,14,156,0,1,0,0,0,4,0,17,5,3,0,89,5,7,1,11,0,2,1,0,0,3,0,12,33,24,0,100
1,0,0,0,1,0,0,0,0,12,0,1,2,0,5,0,7,0,1,0,7,2,0,0,3,0,1,0,6,0,0,2,2,8,0,20,0,0,0,0,1,0,0,6,3,0,0,9,0,56,27,1,48,0,4,0,0,0,10,4,17,26,0,2,70,113,38,4,169,0,1,0,0,0,2,1,19,8,2,0,96,5,7,2,11,0,5,2,0,0,0,3,12,34,20,0,82
2,0,0,0,3,0,0,0,0,11,0,0,2,0,4,0,6,0,3,0,5,1,0,0,2,0,1,2,7,0,0,1,3,12,0,15,0,0,0,0,2,0,0,7,3,0,0,12,0,54,23,0,43,0,4,0,0,0,2,2,18,23,0,2,80,111,46,7,176,0,2,0,0,0,8,1,10,5,6,0,76,6,3,3,4,0,4,1,0,0,1,0,12,40,17,0,108
3,0,0,0,0,0,0,0,0,16,0,0,3,0,1,0,10,0,5,0,1,7,1,0,3,0,4,2,4,0,0,0,4,10,0,8,0,0,0,0,4,0,0,8,0,0,0,11,0,40,22,0,39,0,6,0,0,0,7,3,15,21,0,1,86,123,37,5,174,0,1,0,0,0,6,1,10,8,5,0,102,10,8,2,8,0,2,2,0,0,2,4,18,26,15,0,89
4,0,0,0,2,0,0,0,0,12,0,2,1,0,2,1,7,0,1,0,3,1,1,0,1,0,1,1,8,0,0,1,4,11,0,11,0,0,0,0,3,0,0,5,0,0,0,10,0,58,25,1,49,0,2,0,0,0,3,4,21,20,0,3,82,115,52,8,131,0,0,0,0,0,2,0,12,5,0,0,101,7,4,2,8,0,3,1,0,0,0,6,16,31,30,0,109
5,0,0,0,2,0,0,0,0,18,0,0,3,0,3,0,7,0,6,0,2,2,0,0,5,0,4,3,4,0,0,1,6,5,0,12,0,0,0,0,6,0,0,8,4,0,0,6,0,38,26,0,60,0,1,0,0,0,7,5,15,20,0,7,59,102,52,8,182,0,3,0,0,0,2,0,15,9,2,0,96,10,2,1,6,0,0,0,0,0,2,4,16,36,19,0,88
6,0,0,0,1,0,0,0,0,9,0,0,2,0,2,1,5,0,4,0,3,5,1,0,1,0,0,1,5,0,0,0,5,12,0,13,0,0,0,0,7,0,0,6,0,0,0,8,0,43,31,0,38,0,3,0,0,0,8,7,10,32,0,6,70,109,51,4,175,0,2,0,0,0,2,0,11,1,2,0,100,8,5,3,10,0,2,6,0,0,0,3,10,36,16,0,105
7,0,0,0,0,0,0,0,0,8,0,0,2,0,2,2,14,0,6,0,7,7,0,0,1,0,2,0,5,0,0,1,3,9,0,15,0,0,0,0,2,1,0,2,5,0,0,12,0,48,23,0,41,0,3,0,0,0,4,6,12,23,0,5,71,119,45,4,143,0,6,0,0,0,5,1,14,7,2,0,93,7,8,7,5,0,4,3,0,0,3,2,9,30,32,0,109
8,0,0,0,2,0,0,0,0,9,0,0,6,0,5,1,9,0,4,0,5,6,2,0,2,0,1,0,10,0,0,0,7,16,0,7,0,0,0,0,3,1,0,4,4,0,0,11,0,50,21,1,36,0,2,0,0,0,4,2,16,25,0,4,64,118,48,12,180,0,2,0,0,0,2,0,15,7,1,0,95,7,7,2,11,0,1,4,0,0,2,2,13,21,24,0,86
9,0,0,0,2,0,0,0,0,9,0,0,5,0,4,1,9,0,1,0,2,3,0,0,7,0,0,0,12,0,0,1,1,10,0,14,0,0,0,0,4,0,0,7,0,0,0,7,0,50,20,0,49,0,2,0,0,0,3,3,13,19,0,4,76,104,33,3,188,0,5,0,0,0,3,2,13,3,2,0,99,11,9,1,10,0,1,1,0,0,1,6,17,34,16,0,100
10,0,0,0,1,0,0,0,0,8,0,2,3,0,4,1,9,0,4,0,4,4,1,0,3,0,3,2,3,0,0,0,3,12,0,6,0,0,0,0,4,0,0,7,5,0,0,6,0,49,31,0,33,0,4,0,0,0,7,3,13,31,0,6,102,113,51,11,167,0,2,0,0,0,5,0,17,4,3,0,81,6,10,2,4,0,3,5,0,0,2,2,14,25,10,0,89
11,0,0,0,5,0,0,0,0,6,0,0,1,0,1,1,8,0,6,0,5,4,1,0,6,0,2,1,14,0,0,0,7,7,0,8,0,0,0,0,3,0,0,11,4,0,0,4,0,47,23,0,45,0,5,0,0,0,4,4,13,16,0,4,67,133,39,6,159,0,0,0,0,0,3,1,8,4,1,0,107,2,7,5,7,0,2,5,0,0,0,4,16,38,18,0,102
12,0,0,0,3,0,0,0,0,14,0,1,7,0,3,0,12,0,3,0,3,3,0,0,8,0,2,0,5,0,0,2,6,13,0,11,0,0,0,0,5,0,0,6,0,0,0,8,0,46,29,0,37,0,1,0,0,0,7,0,17,20,0,6,60,117,58,6,159,0,1,0,0,0,2,0,13,8,1,0,105,5,3,3,11,0,3,2,0,0,1,4,20,27,20,0,93
13,0,0,0,2,0,0,0,0,9,0,2,2,0,6,1,4,0,4,0,3,6,1,0,4,0,2,0,6,0,0,0,4,7,0,13,0,0,0,0,8,1,0,4,0,0,0,8,0,59,21,1,42,0,2,0,0,0,5,4,19,27,0,4,86,102,40,8,175,0,1,0,0,0,6,3,13,2,1,0,84,3,3,3,9,0,2,0,0,0,1,4,14,20,15,0,124
14,0,0,0,2,0,0,0,0,10,0,1,4,0,1,0,9,0,5,0,5,5,0,0,5,0,0,0,7,0,0,0,5,17,0,10,0,0,0,0,3,0,0,6,3,0,0,10,0,40,25,0,45,0,6,0,0,0,7,2,20,15,0,3,71,127,34,5,172,0,3,0,0,0,7,2,11,3,3,0,99,5,4,4,5,0,3,1,0,0,0,5,16,25,27,0,97
15,0,0,0,2,0,0,0,0,6,0,0,9,0,2,0,12,0,3,0,3,1,4,0,7,0,3,0,6,0,0,0,2,13,0,20,0,0,0,0,5,0,0,3,3,0,0,9,0,60,29,1,31,0,4,0,0,0,6,5,26,21,0,6,56,125,48,7,169,0,2,0,0,0,3,0,11,5,3,0,91,15,5,2,7,0,4,1,0,0,2,1,8,22,14,0,97
16,0,0,0,1,0,0,0,0,9,0,1,4,0,1,1,10,0,2,0,3,2,1,0,4,0,2,1,10,0,0,1,6,10,0,21,0,0,0,0,4,1,0,6,2,0,0,8,0,50,14,0,32,0,2,0,0,0,4,3,24,28,0,5,76,107,48,7,168,0,2,0,0,0,3,1,13,2,3,0,91,10,5,3,7,0,3,3,0,0,1,0,18,39,27,0,90
17,0,0,0,0,0,0,0,0,6,0,0,3,0,4,0,10,0,2,0,5,3,1,0,2,0,2,0,7,0,0,3,1,7,0,11,0,0,0,0,2,0,0,7,4,0,0,6,0,46,24,0,56,0,5,0,0,0,6,2,8,25,0,4,89,117,41,7,188,0,3,0,0,0,5,0,9,3,1,0,92,12,7,2,8,0,3,3,0,0,1,2,10,27,17,0,91
18,0,0,0,1,0,0,0,0,8,0,0,6,0,2,1,9,0,5,0,4,5,2,0,4,0,2,0,9,0,0,0,4,9,0,14,0,0,0,0,2,0,0,9,3,0,0,14,0,43,23,0,40,0,6,0,0,0,7,5,13,17,0,6,73,104,54,6,165,0,1,0,0,0,3,1,15,2,4,0,100,12,8,0,5,0,0,6,0,0,2,2,12,31,20,0,101
19,0,0,0,0,0,0,0,0,9,0,0,4,0,2,2,16,0,3,0,4,6,2,0,4,0,0,0,3,0,0,0,7,7,0,11,0,0,0,0,4,0,0,6,3,0,0,11,0,48,19,2,50,0,1,0,0,0,2,5,14,15,0,5,78,122,32,11,175,0,1,0,0,0,9,0,17,2,2,0,83,6,3,1,10,0,5,4,0,0,2,1,21,28,18,0,104
20,0,0,0,2,0,0,0,0,17,0,1,4,0,0,0,13,0,2,0,9,2,0,0,0,0,1,1,7,0,0,0,5,10,0,10,0,0,0,0,0,0,0,5,3,0,0,5,0,39,20,0,43,0,10,0,0,0,6,10,18,21,0,5,75,111,39,6,168,0,1,0,0,0,2,1,13,3,4,0,90,9,4,1,7,0,2,5,0,0,2,2,21,33,24,0,108
21,0,0,0,1,0,0,0,0,16,0,0,0,0,2,0,14,0,7,0,4,3,1,0,5,0,3,0,7,0,0,0,6,13,0,16,0,0,0,0,7,1,0,11,3,0,0,12,0,56,30,1,45,0,1,0,0,0,10,1,9,15,0,4,74,108,34,6,143,0,2,0,0,0,4,1,14,2,4,0,98,4,3,1,15,0,0,2,0,0,3,2,14,27,18,0,117
22,0,0,0,1,0,0,0,0,6,0,0,4,0,3,0,11,0,6,0,2,6,1,0,3,0,0,1,4,0,0,1,1,9,0,10,0,0,0,0,2,2,0,6,2,0,0,14,0,52,22,1,38,0,7,0,0,0,3,2,12,26,0,7,85,112,43,7,155,0,3,0,0,0,3,1,14,2,1,0,111,5,6,5,5,0,6,1,0,0,0,5,14,31,26,0,94
23,0,0,0,2,0,0,0,0,11,0,0,4,0,1,2,7,0,7,0,1,1,0,0,3,0,1,0,8,0,0,0,8,12,0,14,0,0,0,0,1,1,0,5,3,0,0,4,0,46,25,0,54,0,2,0,0,0,6,3,11,22,0,4,77,118,59,6,170,0,1,0,0,0,4,0,16,6,2,0,98,4,3,2,4,0,1,1,0,0,1,2,12,36,18,0,90
24,0,0,0,2,0,0,0,0,7,0,1,6,0,2,0,8,0,3,0,8,4,1,0,2,0,0,0,10,0,0,0,8,16,0,14,0,0,0,0,4,1,0,6,1,0,0,10,0,46,27,0,50,0,8,0,0,0,6,2,15,14,0,4,69,122,53,5,146,0,0,0,0,0,5,1,11,6,3,0,90,10,2,3,8,0,4,3,0,0,0,1,11,32,23,0,106
25,0,0,0,4,0,0,0,0,10,0,0,3,0,3,1,8,0,4,0,6,5,3,0,5,0,2,1,3,0,0,0,8,9,0,5,0,0,0,0,4,0,0,7,2,0,0,8,0,50,20,2,32,0,2,0,0,0,8,3,19,19,0,4,78,125,43,6,155,0,0,0,0,0,6,1,15,7,2,0,86,12,4,2,9,0,3,1,0,0,3,3,10,32,23,0,114
26,0,0,0,2,0,0,0,0,5,0,0,4,0,1,2,7,0,2,0,6,3,0,0,6,0,2,0,5,0,0,1,5,9,0,11,0,0,0,0,7,2,0,9,5,0,0,11,0,49,21,3,46,0,2,0,0,0,2,4,17,21,0,2,69,111,45,10,171,0,1,0,0,0,2,1,14,4,0,0,114,14,2,6,2,0,4,2,0,0,1,1,16,20,17,0,101
27,0,0,0,1,0,0,0,0,6,0,1,2,0,5,3,9,0,5,0,4,7,0,0,5,0,0,0,3,0,0,1,7,15,0,9,0,0,0,0,2,1,0,9,2,0,0,9,0,43,29,2,50,0,6,0,0,0,4,2,10,21,0,5,70,117,47,5,167,0,1,0,0,0,3,0,9,5,1,0,75,9,8,2,4,0,3,2,0,0,4,2,14,33,24,0,117
28,0,0,0,5,0,0,0,0,9,0,1,3,0,1,0,10,0,6,0,6,4,1,0,5,0,0,0,10,0,0,0,3,11,0,13,0,0,0,0,3,2,0,7,3,0,0,12,0,60,18,1,46,0,2,0,0,0,2,1,18,27,0,3,71,107,48,4,170,0,1,0,0,0,4,0,16,4,5,0,99,6,5,2,5,0,1,3,0,0,2,3,8,31,14,0,98
29,0,0,0,1,0,0,0,0,7,0,0,1,0,0,0,12,0,4,0,3,1,4,0,3,0,4,2,11,0,0,0,4,13,0,15,0,0,0,0,2,1,0,5,6,0,0,9,0,46,15,1,49,0,3,0,0,0,4,2,17,14,0,4,72,126,50,1,171,0,2,0,0,0,5,1,7,2,1,0,90,6,5,0,13,0,2,2,0,0,4,4,13,25,20,0,115
30,0,0,0,0,0,0,0,0,7,0,5,4,0,0,1,5,0,1,0,4,2,1,0,4,0,3,1,5,0,0,0,3,12,0,19,0,0,0,0,2,0,0,5,3,0,0,10,0,51,23,0,53,0,2,0,0,0,7,4,10,27,0,3,87,121,33,9,151,0,2,0,0,0,4,0,10,3,2,0,104,12,2,2,8,0,1,2,0,0,0,2,15,28,21,0,104
31,0,0,0,2,0,0,0,0,8,0,0,1,0,0,1,10,0,2,0,5,3,1,0,2,0,2,2,7,0,0,2,1,7,0,14,0,0,0,0,4,1,0,5,2,0,0,13,0,42,33,0,40,0,4,0,0,0,9,6,19,19,0,4,73,95,46,10,174,0,6,0,0,0,3,2,7,5,1,0,115,8,5,2,8,0,1,2,0,0,1,2,15,25,22,0,101
32,0,0,0,2,0,0,0,0,15,0,1,6,0,2,1,9,0,3,0,7,3,1,0,1,0,1,0,5,0,0,1,1,6,0,22,0,0,0,0,5,1,0,6,3,0,0,7,0,44,21,1,43,0,10,0,0,0,7,2,8,18,0,3,73,105,45,3,169,0,0,0,0,0,3,0,16,0,1,0,106,9,6,6,6,0,4,0,0,0,2,5,17,37,20,0,101
33,0,0,0,5,0,0,0,0,9,0,0,4,0,2,2,9,0,7,0,4,6,0,0,4,0,0,1,6,0,0,0,1,12,0,9,0,0,0,0,2,0,0,4,4,0,0,5,0,51,19,0,60,0,1,0,0,0,4,2,16,36,0,1,72,101,47,5,188,0,1,0,0,0,2,0,11,8,2,0,88,5,4,3,8,0,2,0,0,0,0,2,17,27,31,0,90
34,0,0,0,2,0,0,0,0,13,0,1,1,0,0,2,7,0,5,0,1,4,0,0,5,0,1,1,6,0,0,0,0,10,0,11,0,0,0,0,4,0,0,4,1,0,0,6,0,53,28,1,51,0,0,0,0,0,5,4,18,28,0,6,73,101,47,5,190,0,4,0,0,0,1,1,10,5,4,0,89,9,8,4,7,0,3,0,0,0,2,3,9,39,17,0,90
35,0,0,0,0,0,0,0,0,11,0,1,7,0,6,0,6,0,4,0,5,4,0,0,2,0,1,0,8,0,0,0,3,10,0,11,0,0,0,0,4,1,0,8,4,0,0,4,0,50,23,0,39,0,2,0,0,0,6,1,9,27,0,4,97,111,34,8,164,0,3,0,0,0,2,0,7,8,5,0,108,11,5,3,5,0,3,0,0,0,3,3,6,34,24,0,95
36,0,0,0,2,0,0,0,0,8,0,1,5,0,1,1,8,0,6,0,5,4,0,0,2,0,1,1,5,0,0,0,5,9,0,18,0,0,0,0,3,1,0,8,0,0,0,11,0,57,25,0,37,0,1,0,0,0,6,6,21,27,0,5,65,122,43,4,168,0,1,0,0,0,3,2,13,6,1,0,94,10,6,1,10,0,3,1,0,0,3,1,16,31,22,0,84
37,0,0,0,1,0,0,0,0,16,0,0,2,0,3,0,12,0,3,0,2,4,0,0,2,0,1,2,9,0,0,0,7,13,0,15,0,0,0,0,5,0,0,3,5,0,0,4,0,50,33,1,42,0,4,0,0,0,5,3,12,21,0,2,81,107,37,3,167,0,2,0,0,0,2,0,16,2,2,0,89,7,8,1,13,0,3,3,0,0,1,1,19,33,20,0,101
38,0,0,0,1,0,0,0,0,6,0,0,4,0,5,1,11,0,4,0,9,7,0,0,2,0,2,0,10,0,0,0,3,9,0,14,0,0,0,0,2,2,0,7,2,0,0,11,0,55,30,1,38,0,5,0,0,0,2,3,10,23,0,3,72,102,34,6,202,0,1,0,0,0,3,1,14,3,4,0,102,8,2,2,4,0,1,1,0,0,1,3,12,39,21,0,80
39,0,0,0,1,0,0,0,0,5,0,0,4,0,1,0,3,0,4,0,3,7,2,0,3,0,4,1,6,0,0,0,0,12,0,7,0,0,0,0,2,0,0,10,4,0,0,4,0,53,27,1,49,0,5,0,0,0,4,2,13,31,0,7,77,110,43,6,158,0,4,0,0,0,2,0,15,2,0,0,88,11,6,4,3,0,2,3,0,0,4,2,18,34,22,0,111
40,0,0,0,1,0,0,0,0,10,0,0,4,0,2,1,13,0,4,0,1,5,1,0,1,0,0,0,5,0,0,0,3,8,0,13,0,0,0,0,7,0,0,8,5,0,0,19,0,51,26,3,35,0,6,0,0,0,3,6,8,19,0,1,67,115,49,7,171,0,2,0,0,0,2,4,17,5,3,0,98,8,4,3,10,0,1,3,0,0,1,5,12,29,23,0,92
41,0,0,0,0,0,0,0,0,3,0,0,0,0,2,2,10,0,1,0,3,2,0,0,3,0,0,1,12,0,0,0,4,12,0,5,0,0,0,0,7,1,0,5,3,0,0,14,0,48,21,0,45,0,5,0,0,0,9,3,16,22,0,6,82,98,39,7,185,0,2,0,0,0,4,1,14,6,1,0,99,10,5,2,7,0,3,1,0,0,3,2,19,28,28,0,89
42,0,0,0,4,0,0,0,0,9,0,1,4,0,5,0,10,0,1,0,1,4,2,0,1,0,2,0,5,0,0,1,3,8,0,9,0,0,0,0,5,0,0,7,3,0,0,12,0,41,17,1,37,0,2,0,0,0,3,0,16,16,0,3,70,135,50,4,177,0,2,0,0,0,1,0,18,9,3,0,107,10,3,3,6,0,3,0,0,0,0,1,15,27,24,0,99
43,0,0,0,1,0,0,0,0,11,0,0,2,0,1,0,12,0,5,0,2,3,0,0,4,0,1,1,10,0,0,0,2,12,0,13,0,0,0,0,5,0,0,7,4,0,0,11,0,45,27,2,47,0,1,0,0,0,4,2,14,20,0,3,79,127,45,7,172,0,3,0,0,0,4,0,18,4,0,0,86,6,7,1,6,0,2,2,0,0,0,6,17,26,16,0,94
44,0,0,0,1,0,0,0,0,9,0,1,1,0,1,1,5,0,3,0,0,9,0,0,3,0,4,0,3,0,0,0,5,6,0,15,0,0,0,0,4,1,0,8,3,0,0,5,0,50,26,1,41,0,4,0,0,0,9,6,14,23,0,5,68,112,29,10,181,0,0,0,0,0,2,1,14,7,3,0,109,2,6,2,6,0,2,2,0,0,0,1,12,34,22,0,108
45,0,0,0,0,0,0,0,0,9,0,0,1,0,4,0,10,0,3,0,1,2,2,0,2,0,1,1,4,0,0,1,5,10,0,12,0,0,0,0,4,0,0,3,3,0,0,11,0,47,24,0,44,0,1,0,0,0,5,4,14,30,0,8,60,112,47,8,196,0,1,0,0,0,1,1,15,5,3,0,93,7,5,2,12,0,2,3,0,0,1,1,15,26,19,0,99
46,0,0,0,1,0,0,0,0,10,0,0,1,0,3,2,9,0,8,0,5,6,0,0,1,0,0,0,5,0,0,1,2,5,0,14,0,0,0,0,2,0,0,8,6,0,0,15,0,46,22,0,33,0,7,0,0,0,5,2,21,22,0,6,83,105,51,9,167,0,1,0,0,0,5,2,5,5,2,0,106,6,1,1,8,0,2,2,0,0,1,3,17,30,16,0,104
47,0,0,0,2,0,0,0,0,5,0,2,0,0,2,0,9,0,2,0,5,4,1,0,2,0,3,0,11,0,0,0,4,9,0,16,0,0,0,0,6,0,0,4,3,0,0,7,0,57,24,0,32,0,3,0,0,0,3,0,20,19,0,6,57,93,51,10,188,0,3,0,0,0,2,1,18,4,2,0,97,11,6,1,10,0,0,0,0,0,1,2,16,40,20,0,106
48,0,0,0,0,0,0,0,0,7,0,0,1,0,1,2,15,0,6,0,4,1,1,0,2,0,1,0,14,0,0,2,2,15,0,17,0,0,0,0,2,0,0,7,5,0,0,9,0,42,27,0,54,0,3,0,0,0,4,3,20,25,0,5,65,101,51,8,158,0,4,0,0,0,6,2,19,4,3,0,104,10,4,0,7,0,2,3,0,0,2,4,9,25,20,0,92
49,0,0,0,0,0,0,0,0,6,0,0,7,0,2,5,13,0,6,0,4,6,2,0,3,0,0,1,6,0,0,0,6,7,0,15,0,0,0,0,6,2,0,5,1,0,0,12,0,51,26,0,37,0,3,0,0,0,3,7,16,30,0,3,71,98,35,8,169,0,2,0,0,0,3,1,14,6,4,0,88,10,5,5,8,0,1,2,0,0,3,2,13,24,16,0,121
50,0,0,0,2,0,0,0,0,10,0,2,4,0,2,1,12,0,4,0,7,3,1,0,2,0,2,1,12,0,0,2,4,12,0,14,0,0,0,0,5,0,0,2,3,0,0,9,0,37,25,0,39,0,3,0,0,0,4,2,16,18,0,2,69,130,54,6,173,0,1,0,0,0,2,0,14,3,1,0,101,3,7,2,10,0,2,4,0,0,1,3,12,26,20,0,94
51,0,0,0,0,0,0,0,0,8,0,0,4,0,2,0,5,0,3,0,2,4,1,0,0,0,1,0,5,0,0,0,2,10,0,9,0,0,0,0,2,0,0,7,2,0,0,7,0,60,22,2,37,0,3,0,0,0,4,4,16,15,0,6,84,110,55,3,186,0,0,0,0,0,4,0,15,7,2,0,93,13,4,4,10,0,1,2,0,0,2,3,16,31,18,0,94
52,0,0,0,1,0,0,0,0,5,0,1,4,0,1,1,6,0,3,0,3,9,1,0,4,0,0,0,5,0,0,0,4,7,0,18,0,0,0,0,3,0,0,6,4,0,0,11,0,40,21,0,43,0,2,0,0,0,4,1,12,17,0,6,76,116,44,7,197,0,1,0,0,0,2,0,12,5,0,0,104,7,2,3,9,0,1,2,0,0,3,0,16,38,11,0,101
53,0,0,0,3,0,0,0,0,8,0,1,2,0,5,2,13,0,4,0,5,6,2,0,3,0,2,0,7,0,0,1,6,12,0,13,0,0,0,0,3,3,0,4,3,0,0,10,0,37,27,1,31,0,4,0,0,0,6,6,13,28,0,4,73,102,45,7,179,0,3,0,0,0,2,2,14,4,4,0,95,15,4,1,7,0,1,1,0,0,1,2,19,35,19,0,90
54,0,0,0,4,0,0,0,0,12,0,0,3,0,1,1,13,0,6,0,4,5,0,0,3,0,1,0,3,0,0,0,5,11,0,9,0,0,0,0,2,1,0,7,3,0,0,15,0,52,23,1,46,0,3,0,0,0,8,5,11,34,0,2,71,104,51,3,162,0,1,0,0,0,4,0,14,3,3,0,86,8,3,2,13,0,3,3,0,0,1,0,16,33,26,0,96
55,0,0,0,4,0,0,0,0,8,0,0,0,0,5,1,6,0,4,0,6,7,0,0,3,0,1,0,9,0,0,0,2,8,0,16,0,0,0,0,2,0,0,6,3,0,0,16,0,40,28,0,43,0,5,0,0,0,7,3,19,22,0,1,74,115,54,6,164,0,2,0,0,0,6,0,12,3,4,0,86,5,2,4,2,0,0,2,0,0,2,7,11,35,20,0,109
56,0,0,0,1,0,0,0,0,5,0,2,1,0,2,1,17,0,2,0,1,4,0,0,5,0,1,0,6,0,0,1,2,13,0,20,0,0,0,0,5,1,0,7,1,0,0,11,0,47,22,1,49,0,4,0,0,0,4,4,11,20,0,3,61,111,51,7,163,0,3,0,0,0,0,0,19,2,2,0,91,8,5,1,9,0,3,1,0,0,2,3,14,34,29,0,107
57,0,0,0,0,0,0,0,0,6,0,1,5,0,2,1,3,0,4,0,2,2,1,0,0,0,3,0,9,0,0,0,1,11,0,19,0,0,0,0,7,1,0,6,3,0,0,16,0,58,23,1,41,0,1,0,0,0,5,3,22,22,0,4,79,117,39,7,159,0,0,0,0,0,5,0,12,2,2,0,97,4,9,3,13,0,1,4,0,0,2,4,17,24,13,0,104
58,0,0,0,1,0,0,0,0,5,0,0,4,0,0,0,12,0,2,0,3,2,0,0,2,0,2,1,7,0,0,0,5,11,0,12,0,0,0,0,2,2,0,2,3,0,0,6,0,43,26,2,36,0,5,0,0,0,3,4,20,16,0,3,88,107,53,7,177,0,0,0,0,0,6,0,16,5,2,0,109,6,2,1,8,0,0,2,0,0,3,3,9,27,25,0,102
59,0,0,0,1,0,0,0,0,12,0,0,6,0,1,0,9,0,5,0,2,5,3,0,4,0,1,0,4,0,0,0,4,6,0,12,0,0,0,0,3,1,0,3,1,0,0,6,0,43,19,1,45,0,4,0,0,0,6,2,13,22,0,4,65,114,45,10,173,0,3,0,0,0,2,1,14,1,6,0,101,6,7,3,6,0,4,3,0,0,2,2,19,33,26,0,106
60,0,0,0,2,0,0,0,0,6,0,1,6,0,1,0,12,0,5,0,4,2,0,0,3,0,1,0,7,0,0,1,3,13,0,17,0,0,0,0,0,0,0,3,6,0,0,8,0,50,26,0,37,0,6,0,0,0,5,4,8,21,0,8,76,120,47,5,157,0,0,0,0,0,4,0,10,7,0,0,99,10,4,2,4,0,4,3,0,0,1,2,18,40,31,0,90
61,0,0,0,3,0,0,0,0,11,0,1,4,0,5,0,6,0,2,0,2,11,2,0,5,0,2,1,9,0,0,0,4,10,0,6,0,0,0,0,3,1,0,4,2,0,0,4,0,52,23,1,31,0,4,0,0,0,11,2,17,18,0,1,78,133,55,3,156,0,2,0,0,0,3,0,16,5,1,0,101,8,1,4,9,0,0,1,0,0,1,3,12,26,21,0,103
62,0,0,0,0,0,0,0,0,11,0,0,4,0,5,0,12,0,4,0,0,7,1,0,3,0,1,0,8,0,0,1,5,15,0,8,0,0,0,0,1,0,0,7,4,0,0,12,0,50,24,1,42,0,4,0,0,0,8,7,11,25,0,3,91,92,35,8,179,0,3,0,0,0,6,1,13,8,1,0,84,6,2,4,6,0,5,3,0,0,0,3,17,27,17,0,105
63,0,0,0,0,0,0,0,0,12,0,1,4,0,5,1,9,0,0,0,5,4,1,0,2,0,2,0,5,0,0,1,6,10,0,10,0,0,0,0,11,0,0,9,4,0,0,6,0,48,21,0,42,0,5,0,0,0,9,2,19,20,0,4,79,107,47,4,176,0,6,0,0,0,5,0,20,5,1,0,94,6,2,1,7,0,0,5,0,0,1,3,16,27,14,0,96
64,0,0,0,2,0,0,0,0,9,0,0,4,0,3,0,7,0,3,0,5,6,1,0,1,0,0,1,10,0,0,1,3,15,0,6,0,0,0,0,4,2,0,7,2,0,0,11,0,54,26,1,50,0,4,0,0,0,2,2,10,26,0,1,81,102,52,9,165,0,4,0,0,0,3,0,13,5,4,0,101,3,4,1,9,0,2,0,0,0,1,4,11,30,25,0,92
65,0,0,0,3,0,0,0,0,7,0,0,2,0,2,1,10,0,4,0,2,4,3,0,3,0,2,1,11,0,0,1,5,10,0,8,0,0,0,0,4,1,0,8,1,0,0,8,0,50,23,0,31,0,6,0,0,0,6,3,10,33,0,2,83,118,53,6,166,0,3,0,0,0,3,2,14,5,3,0,94,12,5,2,7,0,3,4,0,0,2,4,10,19,18,0,99
66,0,0,0,1,0,0,0,0,11,0,1,9,0,1,2,15,0,4,0,6,3,0,0,7,0,3,2,8,0,0,1,9,8,0,11,0,0,0,0,2,0,0,10,1,0,0,8,0,58,25,1,32,0,6,0,0,0,4,4,19,14,0,2,70,111,49,4,182,0,1,0,0,0,1,1,12,2,0,0,101,7,4,4,6,0,1,0,0,0,2,5,12,22,14,0,101
67,0,0,0,4,0,0,0,0,9,0,1,4,0,2,0,12,0,4,0,2,2,2,0,0,0,2,1,5,0,0,1,9,12,0,15,0,0,0,0,4,2,0,2,4,0,0,11,0,46,22,0,46,0,1,0,0,0,4,3,13,19,0,5,83,115,50,6,138,0,2,0,0,0,4,0,18,5,2,0,102,6,6,4,6,0,3,2,0,0,2,1,14,30,16,0,116
68,0,0,0,2,0,0,0,0,10,0,1,0,0,0,0,17,0,4,0,3,8,0,0,6,0,3,1,5,0,0,1,3,10,0,13,0,0,0,0,0,2,0,11,2,0,0,8,0,57,25,0,43,0,5,0,0,0,3,4,12,21,0,4,78,108,36,5,152,0,3,0,0,0,3,0,15,3,4,0,101,8,4,3,8,0,3,2,0,0,2,3,10,34,20,0,111
69,0,0,0,1,0,0,0,0,8,0,0,4,0,1,0,10,0,4,0,5,2,0,0,3,0,3,0,5,0,0,0,3,10,0,11,0,0,0,0,6,0,0,2,5,0,0,10,0,49,18,0,38,0,2,0,0,0,3,2,14,25,0,5,63,126,57,4,190,0,2,0,0,0,5,1,8,5,2,0,91,10,5,0,9,0,1,2,0,0,4,2,8,29,22,0,105
70,0,0,0,2,0,0,0,0,10,0,0,6,0,0,0,7,0,7,0,4,2,1,0,3,0,2,1,8,0,0,0,3,13,0,16,0,0,0,0,8,1,0,5,0,0,0,11,0,51,23,1,48,0,2,0,0,0,6,2,12,29,0,6,76,120,32,3,150,0,3,0,0,0,2,0,10,8,1,0,93,7,3,3,6,0,2,5,0,0,1,5,11,34,26,0,109
71,0,0,0,1,0,0,0,0,2,0,2,4,0,2,1,14,0,8,0,5,6,2,0,3,0,2,0,5,0,0,0,7,10,0,12,0,0,0,0,4,3,0,9,5,0,0,9,0,42,29,1,36,0,2,0,0,0,4,1,14,20,0,2,81,106,51,8,171,0,3,0,0,0,4,0,16,4,1,0,99,11,4,0,9,0,4,4,0,0,1,0,19,19,24,0,94
72,0,0,0,4,0,0,0,0,11,0,0,6,0,3,0,10,0,2,0,4,7,2,0,3,0,1,0,9,0,0,1,4,10,0,9,0,0,0,0,5,0,0,4,2,0,0,5,0,42,17,0,48,0,4,0,0,0,4,1,10,19,0,6,90,112,45,5,167,0,1,0,0,0,3,2,20,8,4,0,106,10,7,1,0,0,5,1,0,0,2,3,7,34,22,0,92
73,0,0,0,0,0,0,0,0,7,0,2,6,0,3,1,12,0,2,0,5,4,0,0,3,0,1,0,9,0,0,0,6,16,0,9,0,0,0,0,6,1,0,7,4,0,0,6,0,51,24,0,42,0,1,0,0,0,8,0,15,17,0,6,79,117,46,4,177,0,2,0,0,0,4,4,10,6,1,0,93,9,7,2,4,0,1,6,0,0,1,4,10,26,19,0,94
74,0,0,0,0,0,0,0,0,6,0,0,2,0,2,0,14,0,1,0,3,5,1,0,6,0,1,0,5,0,0,0,2,15,0,16,0,0,0,0,1,1,0,3,3,0,0,9,0,59,22,0,46,0,4,0,0,0,5,7,16,21,0,3,78,111,51,2,167,0,3,0,0,0,3,1,11,7,2,0,90,4,7,2,5,0,2,1,0,0,0,4,13,32,17,0,108
75,0,0,0,5,0,0,0,0,5,0,1,6,0,4,2,12,0,10,0,6,5,0,0,3,0,2,1,6,0,0,1,6,11,0,15,0,0,0,0,2,0,0,11,6,0,0,12,0,58,19,2,55,0,4,0,0,0,3,8,13,23,0,2,77,102,33,4,156,0,1,0,0,0,3,0,17,2,3,0,95,11,5,2,8,0,3,2,0,0,2,3,6,23,21,0,102
76,0,0,0,1,0,0,0,0,5,0,0,0,0,3,0,11,0,5,0,4,2,2,0,2,0,2,0,7,0,0,1,1,10,0,10,0,0,0,0,4,2,0,5,2,0,0,10,0,56,23,0,41,0,6,0,0,0,8,2,17,26,0,7,78,117,43,3,161,0,1,0,0,0,1,0,12,4,2,0,99,10,5,3,8,0,0,1,0,0,5,2,8,43,35,0,84
77,0,0,0,2,0,0,0,0,8,0,0,7,0,2,1,11,0,2,0,4,6,1,0,6,0,5,0,7,0,0,0,6,8,0,16,0,0,0,0,6,0,0,6,10,0,0,10,0,40,19,0,39,0,7,0,0,0,9,2,19,26,0,2,67,102,50,3,173,0,2,0,0,0,4,1,10,2,3,0,88,8,6,0,11,0,4,1,0,0,3,5,14,26,22,0,108
78,0,0,0,0,0,0,0,0,10,0,0,3,0,2,0,12,0,3,0,4,4,1,0,2,0,1,0,7,0,0,1,5,6,0,13,0,0,0,0,5,0,0,6,3,0,0,11,0,60,27,0,43,0,4,0,0,0,4,6,15,18,0,5,66,109,46,5,173,0,3,0,0,0,2,1,12,5,0,0,90,12,7,2,6,0,2,2,0,0,0,6,18,29,11,0,112
79,0,0,0,2,0,0,0,0,8,0,0,4,0,3,0,10,0,5,0,4,4,1,0,2,0,4,2,5,0,0,1,3,8,0,11,0,0,0,0,5,0,0,7,0,0,0,5,0,42,19,2,55,0,5,0,0,0,3,2,17,31,0,3,77,119,44,9,169,0,1,0,0,0,4,0,12,2,2,0,90,7,4,4,11,0,2,0,0,0,1,6,12,36,23,0,92
80,0,0,0,2,0,0,0,0,8,0,1,4,0,1,2,9,0,3,0,1,5,1,0,4,0,2,0,4,0,0,0,5,18,0,16,0,0,0,0,4,0,0,8,3,0,0,10,0,46,25,0,47,0,2,0,0,0,9,3,20,19,0,6,76,110,46,5,178,0,2,0,0,0,0,0,17,4,0,0,92,9,3,2,6,0,1,2,0,0,2,1,13,29,22,0,92
81,0,0,0,0,0,0,0,0,7,0,1,4,0,4,3,6,0,2,0,2,7,0,0,4,0,6,1,6,0,0,2,4,9,0,14,0,0,0,0,4,0,0,6,4,0,0,10,0,36,23,0,46,0,5,0,0,0,6,2,16,27,0,6,65,103,52,7,187,0,1,0,0,0,4,0,15,2,2,0,88,5,7,4,9,0,4,3,0,0,1,2,13,22,20,0,111
82,0,0,0,0,0,0,0,0,8,0,0,2,0,1,0,12,0,4,0,1,3,0,0,0,0,0,1,9,0,0,1,2,12,0,11,0,0,0,0,6,0,0,9,3,0,0,6,0,55,13,1,43,0,3,0,0,0,6,5,12,21,0,3,72,103,52,3,202,0,3,0,0,0,6,1,15,2,3,0,102,8,3,0,7,0,1,1,0,0,1,3,14,24,23,0,98
83,0,0,0,0,0,0,0,0,12,0,0,4,0,1,0,7,0,6,0,1,4,0,0,2,0,4,2,5,0,0,1,1,11,0,12,0,0,0,0,1,1,0,8,6,0,0,4,0,49,17,1,52,0,3,0,0,0,5,2,21,29,0,4,68,104,45,5,178,0,2,0,0,0,5,0,11,4,1,0,98,9,9,2,2,0,0,2,0,0,0,5,13,32,13,0,116
84,0,0,0,4,0,0,0,0,10,0,0,3,0,0,0,8,0,3,0,0,5,0,0,3,0,4,2,7,0,0,0,14,15,0,23,0,0,0,0,7,1,0,10,4,0,0,9,0,51,27,0,51,0,2,0,0,0,6,4,15,20,0,5,64,112,47,5,156,0,2,0,0,0,4,1,14,4,2,0,94,2,6,2,9,0,2,3,0,0,3,4,9,35,17,0,90
85,0,0,0,1,0,0,0,0,7,0,2,6,0,1,1,8,0,5,0,3,4,1,0,7,0,0,1,9,0,0,1,4,15,0,8,0,0,0,0,2,0,0,5,3,0,0,9,0,58,33,1,42,0,3,0,0,0,8,3,18,32,0,3,65,117,40,5,144,0,3,0,0,0,2,0,10,2,5,0,113,11,4,4,7,0,2,0,0,0,1,4,14,26,15,0,102
86,0,0,0,3,0,0,0,0,4,0,0,2,0,1,0,9,0,1,0,9,4,0,0,2,0,2,1,8,0,0,0,5,8,0,13,0,0,0,0,9,1,0,5,3,0,0,11,0,53,24,0,40,0,3,0,0,0,5,2,19,19,0,1,63,115,36,9,169,0,5,0,0,0,4,0,21,0,3,0,92,14,6,6,7,0,4,4,0,0,0,7,10,41,17,0,100
87,0,0,0,2,0,0,0,0,13,0,0,6,0,0,1,5,0,5,0,2,4,0,0,2,0,2,0,3,0,0,0,4,5,0,15,0,0,0,0,5,0,0,10,3,0,0,13,0,53,19,1,44,0,5,0,0,0,4,2,13,25,0,4,82,100,33,7,186,0,3,0,0,0,2,1,14,4,1,0,85,8,4,1,9,0,2,7,0,0,1,2,13,29,18,0,118
88,0,0,0,5,0,0,0,0,6,0,2,3,0,1,0,13,0,5,0,2,6,0,0,1,0,0,0,9,0,0,1,5,4,0,11,0,0,0,0,2,1,0,6,2,0,0,15,0,45,16,0,42,0,2,0,0,0,4,4,18,24,0,1,74,129,49,7,174,0,2,0,0,0,2,0,14,4,3,0,99,14,6,4,3,0,2,1,0,0,0,3,12,34,16,0,92
89,0,0,0,4,0,0,0,0,8,0,1,3,0,1,0,10,0,4,0,5,4,0,0,2,0,1,1,11,0,0,2,5,15,0,13,0,0,0,0,3,1,0,8,4,0,0,8,0,54,28,1,36,0,4,0,0,0,7,1,13,27,0,4,60,118,48,11,159,0,2,0,0,0,4,3,12,4,1,0,90,7,4,1,8,0,3,3,0,0,4,2,16,35,24,0,92
90,0,0,0,1,0,0,0,0,10,0,1,4,0,2,1,12,0,4,0,2,7,0,0,4,0,2,0,5,0,0,0,0,14,0,13,0,0,0,0,2,1,0,7,2,0,0,10,0,44,35,0,43,0,2,0,0,0,6,2,11,23,0,2,72,107,45,6,169,0,3,0,0,0,3,3,15,2,3,0,78,13,3,1,5,0,3,2,0,0,2,5,12,42,16,0,118
91,0,0,0,3,0,0,0,0,8,0,1,3,0,2,1,9,0,5,0,2,7,3,0,2,0,0,0,6,0,0,3,6,9,0,18,0,0,0,0,7,0,0,6,5,0,0,10,0,54,20,1,41,0,6,0,0,0,3,3,16,24,0,3,61,108,44,6,161,0,3,0,0,0,6,0,15,6,3,0,98,6,6,4,7,0,2,4,0,0,2,2,7,35,17,0,110
92,0,0,0,0,0,0,0,0,14,0,2,4,0,2,0,12,0,4,0,6,7,1,0,2,0,2,2,10,0,0,0,3,9,0,6,0,0,0,0,4,0,0,9,5,0,0,9,0,45,31,0,45,0,5,0,0,0,2,3,18,27,0,3,78,122,33,7,156,0,0,0,0,0,4,0,14,4,1,0,92,7,5,2,4,0,2,3,0,0,3,2,14,32,30,0,93
93,0,0,0,2,0,0,0,0,7,0,0,3,0,4,0,10,0,7,0,4,4,2,0,2,0,1,0,4,0,0,0,4,8,0,11,0,0,0,0,3,1,0,4,3,0,0,9,0,40,29,0,47,0,2,0,0,0,4,3,15,12,0,6,80,112,43,11,158,0,1,0,0,0,1,1,9,2,3,0,103,9,4,2,5,0,3,1,0,0,2,3,20,33,26,0,117
94,0,0,0,2,0,0,0,0,6,0,1,1,0,8,0,9,0,3,0,5,5,4,0,4,0,0,0,7,0,0,0,4,10,0,18,0,0,0,0,3,0,0,6,4,0,0,8,0,47,27,2,48,0,5,0,0,0,5,3,18,24,0,3,70,123,41,3,155,0,1,0,0,0,4,1,17,6,0,0,88,7,5,3,7,0,2,2,0,0,4,3,14,34,27,0,93
95,0,0,0,0,0,0,0,0,9,0,1,5,0,5,2,12,0,3,0,4,1,1,0,9,0,0,0,8,0,0,1,2,9,0,13,0,0,0,0,3,0,0,3,1,0,0,11,0,52,21,0,48,0,4,0,0,0,5,3,21,21,0,5,82,108,34,10,168,0,2,0,0,0,3,0,12,5,1,0,87,5,2,2,5,0,2,0,0,0,2,1,19,37,21,0,109
96,0,0,0,1,0,0,0,0,10,0,1,4,0,2,2,8,0,6,0,1,2,0,0,3,0,1,0,4,0,0,0,3,16,0,9,0,0,0,0,4,1,0,4,3,0,0,9,0,44,27,2,41,0,3,0,0,0,5,1,20,15,0,0,75,120,51,5,179,0,3,0,0,0,4,1,11,6,3,0,100,9,3,3,3,0,0,2,0,0,3,3,11,30,22,0,101
97,0,0,0,2,0,0,0,0,10,0,1,3,0,1,0,9,0,4,0,5,7,1,0,4,0,3,0,11,0,0,0,8,5,0,19,0,0,0,0,2,1,0,6,5,0,0,14,0,48,28,1,57,0,1,0,0,0,4,2,16,16,0,1,63,105,61,4,166,0,1,0,0,0,1,1,12,5,1,0,105,5,3,3,6,0,4,5,0,0,1,4,8,29,20,0,92
98,0,0,0,2,0,0,0,0,7,0,0,4,0,2,1,10,0,5,0,10,3,1,0,2,0,2,0,5,0,0,2,6,8,0,10,0,0,0,0,8,1,0,8,3,0,0,8,0,47,21,1,44,0,2,0,0,0,5,3,16,18,0,4,71,110,36,4,185,0,4,0,0,0,9,0,10,4,2,0,99,8,7,1,4,0,1,3,0,0,3,0,10,31,20,0,109
99,0,0,0,2,0,0,0,0,14,0,2,4,0,0,1,13,0,3,0,5,4,0,0,4,0,5,2,9,0,0,1,1,11,0,19,0,0,0,0,7,0,0,7,4,0,0,10,0,54,24,1,47,0,1,0,0,0,4,4,12,23,0,3,77,97,39,4,160,0,2,0,0,0,5,1,15,5,2,0,109,6,6,0,10,0,0,0,0,0,0,0,12,31,16,0,102
100,0,0,0,5,0,0,0,0,9,0,1,7,0,1,1,6,0,3,0,3,5,0,0,4,0,2,0,5,0,0,0,2,13,0,20,0,0,0,0,4,1,0,6,1,0,0,16,0,36,19,0,45,0,6,0,0,0,4,4,14,18,0,4,88,129,38,4,161,0,1,0,0,0,3,2,17,6,1,0,100,12,3,3,7,0,2,3,0,0,1,4,18,25,14,0,93
101,0,0,0,1,0,0,0,0,6,0,0,3,0,1,0,14,0,2,0,3,4,1,0,1,0,0,0,5,0,0,1,6,11,0,19,0,0,0,0,3,0,0,4,2,0,0,13,0,57,23,0,35,0,2,0,0,0,4,1,12,22,0,6,77,105,42,8,167,0,1,0,0,0,5,0,17,3,3,0,107,8,8,2,6,0,0,4,0,0,3,1,11,26,22,0,112
102,0,0,0,5,0,0,0,0,9,0,0,4,0,3,3,10,0,5,0,3,3,2,0,1,0,3,0,6,0,0,0,3,6,0,18,0,0,0,0,5,0,0,5,3,0,0,6,0,53,28,1,36,0,4,0,0,0,5,1,16,20,0,4,84,116,31,8,187,0,1,0,0,0,1,1,5,3,3,0,89,3,6,5,10,0,2,1,0,0,2,4,14,34,23,0,96
103,0,0,0,1,0,0,0,0,12,0,0,3,0,6,1,8,0,2,0,7,3,2,0,2,0,2,0,2,0,0,1,3,12,0,15,0,0,0,0,9,0,0,13,2,0,0,10,0,53,25,0,33,0,3,0,0,0,3,4,9,20,0,6,69,112,61,4,165,0,2,0,0,0,5,0,19,8,2,0,76,14,3,3,6,0,4,2,0,0,1,7,7,28,16,0,114
104,0,0,0,3,0,0,0,0,11,0,0,2,0,1,0,13,0,3,0,1,4,2,0,2,0,1,2,9,0,0,2,2,11,0,15,0,0,0,0,8,0,0,3,1,0,0,10,0,52,26,1,45,0,0,0,0,0,4,5,6,15,0,5,78,95,53,7,176,0,0,0,0,0,4,1,19,2,4,0,97,5,7,2,6,0,2,4,0,0,3,4,15,34,24,0,93
105,0,0,0,1,0,0,0,0,9,0,0,6,0,2,1,10,0,4,0,3,7,2,0,2,0,1,0,7,0,0,1,0,8,0,8,0,0,0,0,9,0,0,6,2,0,0,12,0,46,22,0,43,0,2,0,0,0,3,4,9,23,0,6,74,128,44,5,166,0,1,0,0,0,5,1,14,7,1,0,88,6,2,2,11,0,2,1,0,0,2,4,9,31,25,0,112
106,0,0,0,3,0,0,0,0,9,0,0,4,0,0,1,11,0,4,0,4,7,4,0,3,0,2,2,4,0,0,0,5,6,0,20,0,0,0,0,1,0,0,3,6,0,0,5,0,49,19,1,42,0,2,0,0,0,5,3,21,22,0,8,66,121,33,4,171,0,2,0,0,0,0,1,15,2,3,0,101,3,6,3,7,0,6,3,0,0,1,1,9,39,20,0,107
107,0,0,0,0,0,0,0,0,9,0,2,1,0,5,0,9,0,2,0,5,5,0,0,4,0,1,0,12,0,0,0,3,13,0,18,0,0,0,0,1,0,0,7,3,0,0,5,0,48,29,1,46,0,6,0,0,0,5,2,18,19,0,7,76,112,42,6,157,0,1,0,0,0,5,1,12,5,3,0,88,9,9,3,6,0,2,0,0,0,2,2,14,32,20,0,107
108,0,0,0,4,0,0,0,0,9,0,1,2,0,2,0,12,0,5,0,4,5,1,0,1,0,0,1,3,0,0,0,6,7,0,10,0,0,0,0,7,0,0,9,6,0,0,11,0,55,25,1,41,0,4,0,0,0,7,2,16,18,0,4,77,111,51,5,164,0,4,0,0,0,7,0,9,2,1,0,91,10,4,5,5,0,2,1,0,0,2,1,10,29,27,0,103
109,0,0,0,3,0,0,0,0,10,0,0,2,0,2,0,16,0,4,0,7,4,0,0,3,0,3,0,8,0,0,0,3,9,0,11,0,0,0,0,3,0,0,4,3,0,0,3,0,44,26,0,44,0,6,0,0,0,2,3,16,21,0,5,71,118,52,9,185,0,2,0,0,0,2,1,8,5,2,0,90,11,4,1,7,0,0,0,0,0,0,4,14,33,17,0,99
110,0,0,0,4,0,0,0,0,10,0,1,3,0,2,1,5,0,4,0,3,3,1,0,5,0,2,0,7,0,0,0,4,6,0,13,0,0,0,0,5,0,0,13,3,0,0,5,0,50,22,0,43,0,3,0,0,0,5,5,14,19,0,3,69,119,31,17,172,0,2,0,0,0,4,1,12,6,0,0,109,9,5,0,5,0,1,0,0,0,4,1,19,27,16,0,107
111,0,0,0,3,0,0,0,0,6,0,0,7,0,5,0,11,0,3,0,5,7,0,0,4,0,1,1,4,0,0,0,9,13,0,11,0,0,0,0,3,0,0,5,2,0,0,9,0,48,24,0,32,0,2,0,0,0,7,4,15,26,0,2,71,120,44,6,146,0,1,0,0,0,5,1,18,6,3,0,107,8,4,3,2,0,0,2,0,0,2,4,11,34,32,0,101
112,0,0,0,0,0,0,0,0,10,0,1,5,0,4,1,13,0,4,0,8,1,0,0,1,0,1,0,10,0,0,0,4,6,0,11,0,0,0,0,4,0,0,8,4,0,0,9,0,50,31,0,45,0,3,0,0,0,8,3,16,16,0,4,76,111,45,3,162,0,0,0,0,0,4,0,17,8,2,0,86,14,2,4,6,0,1,2,0,0,3,4,9,23,16,0,121
113,0,0,0,1,0,0,0,0,6,0,0,3,0,0,1,10,0,1,0,10,10,2,0,2,0,3,1,12,0,0,0,4,9,0,10,0,0,0,0,7,0,0,7,1,0,0,10,0,48,18,0,38,0,3,0,0,0,2,2,16,16,0,6,78,125,49,7,165,0,1,0,0,0,4,1,11,6,3,0,82,4,5,2,3,0,0,3,0,0,1,4,11,51,25,0,100
114,0,0,0,1,0,0,0,0,7,0,1,1,0,0,0,12,0,3,0,0,3,2,0,3,0,0,1,8,0,0,0,4,9,0,11,0,0,0,0,4,1,0,9,6,0,0,6,0,40,35,0,53,0,2,0,0,0,8,3,9,21,0,2,82,109,44,12,148,0,5,0,0,0,2,0,12,2,1,0,97,6,7,3,4,0,3,2,0,0,2,2,9,35,24,0,124
115,0,0,0,2,0,0,0,0,14,0,0,4,0,5,1,12,0,4,0,8,4,1,0,5,0,2,1,5,0,0,0,5,14,0,7,0,0,0,0,5,1,0,7,3,0,0,8,0,48,23,4,45,0,2,0,0,0,7,6,13,15,0,3,73,103,46,8,155,0,5,0,0,0,3,1,12,3,2,0,85,9,10,2,14,0,4,1,0,0,4,1,12,30,20,0,113
116,0,0,0,4,0,0,0,0,6,0,0,4,0,4,0,9,0,4,0,2,3,1,0,1,0,3,0,7,0,0,0,5,10,0,20,0,0,0,0,2,0,0,9,3,0,0,8,0,48,21,0,44,0,3,0,0,0,4,2,14,20,0,3,76,114,43,4,193,0,1,0,0,0,7,1,16,5,2,0,87,7,4,1,6,0,2,1,0,0,1,1,12,25,20,0,107
117,0,0,0,3,0,0,0,0,4,0,0,5,0,1,1,10,0,5,0,2,7,0,0,2,0,2,0,6,0,0,1,3,12,0,10,0,0,0,0,4,1,0,7,3,0,0,3,0,42,18,1,52,0,3,0,0,0,6,3,17,21,0,2,69,127,47,8,173,0,0,0,0,0,7,0,15,4,3,0,117,7,1,0,5,0,2,1,0,0,4,1,12,31,20,0,89
118,0,0,0,0,0,0,0,0,12,0,0,5,0,2,1,8,0,3,0,5,5,3,0,3,0,0,0,10,0,0,1,2,9,0,12,0,0,0,0,2,1,0,4,5,0,0,8,0,52,30,2,30,0,5,0,0,0,9,5,11,20,0,5,74,113,43,6,176,0,4,0,0,0,5,1,9,1,5,0,105,12,4,2,7,0,2,4,0,0,3,4,7,30,26,0,87
119,0,0,0,3,0,0,0,0,5,0,0,4,0,1,0,11,0,1,0,5,5,3,0,3,0,3,0,11,0,0,0,6,13,0,6,0,0,0,0,3,1,0,4,3,0,0,10,0,63,24,1,34,0,2,0,0,0,4,3,19,22,0,2,77,98,49,9,168,0,1,0,0,0,3,0,10,6,3,0,97,12,5,0,6,0,1,1,0,0,4,3,12,28,27,0,105
120,0,0,0,1,0,0,0,0,5,0,0,3,0,3,0,13,0,2,0,5,6,5,0,4,0,3,2,5,0,0,1,6,13,0,8,0,0,0,0,3,1,0,9,4,0,0,7,0,57,34,0,43,0,6,0,0,0,6,0,13,24,0,1,74,117,39,7,161,0,1,0,0,0,6,0,20,2,1,0,86,5,5,1,8,0,2,3,0,0,1,5,11,25,18,0,109
121,0,0,0,2,0,0,0,0,4,0,1,2,0,2,0,11,0,2,0,3,3,1,0,1,0,1,0,8,0,0,0,5,15,0,14,0,0,0,0,0,0,0,4,3,0,0,9,0,48,30,0,40,0,2,0,0,0,4,6,15,20,0,7,85,117,54,2,175,0,3,0,0,0,5,0,16,3,2,0,93,5,2,4,5,0,2,1,0,0,1,4,13,28,30,0,87
122,0,0,0,1,0,0,0,0,8,0,0,1,0,2,3,18,0,2,0,5,6,1,0,2,0,1,0,4,0,0,0,4,9,0,14,0,0,0,0,6,1,0,9,2,0,0,9,0,48,23,1,35,0,5,0,0,0,3,5,12,27,0,4,75,109,52,8,171,0,3,0,0,0,2,1,16,2,3,0,100,9,1,2,4,0,3,1,0,0,1,2,13,29,24,0,98
123,0,0,0,1,0,0,0,0,5,0,0,4,0,2,0,16,0,4,0,3,4,0,0,2,0,4,0,4,0,0,0,5,11,0,13,0,0,0,0,3,0,0,10,4,0,0,10,0,53,23,1,28,0,0,0,0,0,3,3,16,18,0,5,66,106,58,7,162,0,0,0,0,0,4,0,15,2,2,0,98,12,6,3,8,0,3,4,0,0,3,7,19,28,30,0,102
124,0,0,0,1,0,0,0,0,7,0,2,1,0,4,1,5,0,6,0,3,5,0,0,11,0,1,0,9,0,0,1,6,7,0,15,0,0,0,0,1,0,0,11,3,0,0,15,0,44,19,0,37,0,4,0,0,0,3,4,15,23,0,6,66,113,38,8,178,0,2,0,0,0,0,0,13,3,2,0,97,10,8,2,7,0,4,4,0,0,3,5,17,30,23,0,97
125,0,0,0,2,0,0,0,0,6,0,0,2,0,1,0,10,0,0,0,2,5,4,0,3,0,0,1,6,0,0,0,3,6,0,17,0,0,0,0,3,2,0,8,8,0,0,9,0,51,29,1,41,0,3,0,0,0,6,4,16,16,0,2,66,100,34,7,175,0,3,0,0,0,4,0,15,6,3,0,108,12,9,2,10,0,3,3,0,0,2,3,12,27,19,0,110
126,0,0,0,1,0,0,0,0,6,0,0,3,0,3,0,8,0,8,0,3,4,2,0,2,0,2,0,3,0,0,0,7,10,0,8,0,0,0,0,4,0,0,5,6,0,0,11,0,46,18,0,41,0,3,0,0,0,10,0,20,16,0,6,76,128,43,5,184,0,1,0,0,0,5,0,9,8,3,0,99,6,6,2,10,0,1,3,0,0,1,4,11,32,19,0,88
127,0,0,0,0,0,0,0,0,10,0,0,4,0,0,0,13,0,4,0,5,2,0,0,5,0,1,0,5,0,0,1,6,14,0,17,0,0,0,0,6,0,0,5,6,0,0,8,0,55,23,0,48,0,2,0,0,0,6,2,13,20,0,3,68,112,47,5,177,0,0,0,0,0,2,0,11,5,1,0,85,5,3,5,6,0,1,2,0,0,2,2,17,29,20,0,111
128,0,0,0,1,0,0,0,0,9,0,0,3,0,4,0,15,0,2,0,3,6,2,0,2,0,2,0,9,0,0,0,3,11,0,12,0,0,0,0,3,0,0,10,3,0,0,12,0,45,24,2,41,0,5,0,0,0,5,1,9,23,0,3,74,96,48,8,200,0,0,0,0,0,5,0,11,2,3,0,89,10,5,1,7,0,2,0,0,0,2,4,6,30,23,0,104
129,0,0,0,0,0,0,0,0,5,0,1,5,0,1,0,10,0,2,0,1,3,2,0,3,0,3,1,9,0,0,2,3,10,0,19,0,0,0,0,2,0,0,7,3,0,0,12,0,37,29,0,40,0,3,0,0,0,3,9,15,24,0,6,71,129,48,10,157,0,1,0,0,0,5,0,16,0,1,0,100,6,6,1,7,0,6,2,0,0,0,2,16,27,24,0,95
130,0,0,0,0,0,0,0,0,7,0,0,7,0,2,0,8,0,3,0,2,5,0,0,4,0,2,0,8,0,0,0,7,13,0,14,0,0,0,0,6,0,0,8,2,0,0,10,0,34,28,0,49,0,7,0,0,0,10,3,18,18,0,1,77,108,49,4,168,0,2,0,0,0,2,0,15,9,0,0,78,9,2,3,11,0,1,2,0,0,1,5,11,24,20,0,123
131,0,0,0,3,0,0,0,0,9,0,0,3,0,4,0,13,0,4,0,4,4,2,0,6,0,4,0,8,0,0,1,2,11,0,9,0,0,0,0,2,0,0,4,2,0,0,6,0,45,20,0,32,0,4,0,0,0,7,4,15,21,0,3,87,137,47,7,186,0,0,0,0,0,2,1,15,3,2,0,79,6,5,3,3,0,5,2,0,0,1,1,10,26,16,0,104
132,0,0,0,1,0,0,0,0,16,0,0,3,0,3,0,17,0,2,0,2,8,4,0,3,0,1,1,9,0,0,1,4,6,0,14,0,0,0,0,2,2,0,11,4,0,0,4,0,47,21,0,53,0,8,0,0,0,4,4,11,19,0,3,67,99,32,7,193,0,1,0,0,0,9,1,12,3,1,0,101,6,4,1,8,0,2,0,0,0,0,4,20,23,25,0,93
133,0,0,0,1,0,0,0,0,10,0,0,3,0,2,1,11,0,4,0,12,4,0,0,3,0,5,0,8,0,0,0,1,13,0,10,0,0,0,0,5,0,0,5,1,0,0,12,0,53,21,0,40,0,1,0,0,0,4,5,9,14,0,5,75,109,41,5,180,0,4,0,0,0,2,0,14,3,3,0,87,7,4,1,8,0,4,4,0,0,3,1,15,26,26,0,115
134,0,0,0,3,0,0,0,0,9,0,0,2,0,2,0,14,0,6,0,4,5,0,0,5,0,2,0,6,0,0,1,7,14,0,14,0,0,0,0,5,1,0,7,4,0,0,10,0,48,26,1,45,0,3,0,0,0,7,3,15,26,0,4,72,95,60,3,158,0,1,0,0,0,2,0,10,4,1,0,101,11,7,1,11,0,2,3,0,0,1,1,14,26,23,0,94
135,0,0,0,1,0,0,0,0,5,0,0,5,0,1,1,9,0,2,0,4,3,3,0,3,0,0,0,9,0,0,0,4,8,0,16,0,0,0,0,4,0,0,5,0,0,0,7,0,51,28,0,39,0,1,0,0,0,8,2,19,26,0,5,79,98,44,6,163,0,1,0,0,0,2,0,11,5,2,0,107,11,5,7,8,0,4,1,0,0,2,5,15,30,21,0,104
136,0,0,0,3,0,0,0,0,8,0,0,1,0,1,0,16,0,6,0,2,4,2,0,2,0,1,0,6,0,0,0,8,4,0,9,0,0,0,0,2,1,0,7,7,0,0,7,0,54,19,0,36,0,1,0,0,0,3,1,15,20,0,4,75,116,52,5,178,0,1,0,0,0,5,0,11,3,1,0,100,10,5,1,8,0,1,4,0,0,2,4,17,30,23,0,98
137,0,0,0,0,0,0,0,0,8,0,0,3,0,3,0,5,0,4,0,3,10,0,0,1,0,0,2,12,0,0,0,5,10,0,13,0,0,0,0,3,1,0,9,5,0,0,9,0,53,22,0,43,0,2,0,0,0,4,4,15,21,0,1,73,117,36,7,183,0,0,0,0,0,6,1,16,2,1,0,88,4,6,6,6,0,2,2,0,0,0,6,10,28,15,0,114
138,0,0,0,0,0,0,0,0,6,0,0,1,0,4,0,10,0,3,0,4,3,3,0,4,0,1,1,10,0,0,1,4,4,0,8,0,0,0,0,4,1,0,7,2,0,0,14,0,57,24,1,46,0,6,0,0,0,3,1,14,29,0,1,65,125,48,6,176,0,3,0,0,0,4,1,11,3,3,0,92,8,3,3,9,0,1,3,0,0,1,3,19,20,23,0,93
139,0,0,0,2,0,0,0,0,7,0,1,3,0,3,2,5,0,5,0,6,3,1,0,1,0,2,0,11,0,0,1,2,13,0,14,0,0,0,0,7,0,0,1,2,0,0,11,0,43,26,0,53,0,6,0,0,0,2,4,7,27,0,4,72,108,40,8,173,0,0,0,0,0,3,2,14,4,3,0,106,5,1,0,12,0,2,2,0,0,1,5,15,30,23,0,96
140,0,0,0,4,0,0,0,0,11,0,0,2,0,1,0,7,0,5,0,4,4,1,0,7,0,1,0,8,0,0,1,2,12,0,6,0,0,0,0,7,1,0,10,5,0,0,12,0,39,27,1,42,0,1,0,0,0,9,1,22,20,0,6,78,120,47,8,165,0,0,0,0,0,4,0,7,5,2,0,92,8,5,3,10,0,7,3,0,0,3,1,7,33,23,0,90
141,0,0,0,2,0,0,0,0,13,0,0,1,0,1,0,12,0,3,0,3,6,3,0,1,0,0,1,11,0,0,1,2,13,0,14,0,0,0,0,3,1,0,6,6,0,0,10,0,38,22,0,48,0,3,0,0,0,8,4,17,28,0,5,70,101,62,8,158,0,1,0,0,0,5,1,12,8,2,0,97,7,4,3,9,0,4,2,0,0,3,3,6,27,23,0,98
142,0,0,0,1,0,0,0,0,9,0,1,3,0,4,0,12,0,5,0,6,6,2,0,4,0,0,2,7,0,0,1,6,11,0,16,0,0,0,0,3,0,0,2,1,0,0,8,0,46,16,0,47,0,4,0,0,0,9,3,21,23,0,6,82,121,49,3,159,0,1,0,0,0,3,0,17,2,3,0,94,10,4,1,8,0,0,4,0,0,2,7,13,22,17,0,93
143,0,0,0,0,0,0,0,0,10,0,0,3,0,2,0,7,0,1,0,5,4,0,0,1,0,1,0,9,0,0,1,9,10,0,17,0,0,0,0,5,0,0,5,5,0,0,5,0,43,33,2,35,0,3,0,0,0,4,1,16,28,0,5,71,116,44,9,163,0,2,0,0,0,6,1,10,4,1,0,93,11,3,1,9,0,2,3,0,0,2,1,15,36,21,0,106
144,0,0,0,1,0,0,0,0,12,0,0,2,0,2,0,7,0,2,0,4,4,2,0,5,0,3,0,7,0,0,1,6,9,0,12,0,0,0,0,0,1,0,3,4,0,0,7,0,53,19,0,44,0,3,0,0,0,7,1,26,25,0,1,74,113,45,6,173,0,2,0,0,0,1,0,20,1,2,0,108,6,3,0,7,0,2,1,0,0,0,2,11,27,22,0,101
145,0,0,0,4,0,0,0,0,9,0,0,6,0,1,2,6,0,7,0,4,6,0,0,3,0,2,0,8,0,0,2,4,12,0,18,0,0,0,0,1,0,0,6,4,0,0,8,0,51,15,0,46,0,2,0,0,0,8,5,16,21,0,7,59,108,42,8,179,0,1,0,0,0,5,0,18,2,5,0,109,6,3,0,8,0,2,2,0,0,0,2,13,30,17,0,97
146,0,0,0,1,0,0,0,0,3,0,0,3,0,3,1,6,0,2,0,4,4,1,0,4,0,5,0,7,0,0,0,6,13,0,11,0,0,0,0,2,2,0,6,3,0,0,11,0,46,21,0,49,0,5,0,0,0,5,4,15,22,0,4,69,111,51,7,178,0,0,0,0,0,4,1,4,6,0,0,91,7,3,3,10,0,2,3,0,0,1,2,10,38,19,0,111
147,0,0,0,2,0,0,0,0,8,0,0,2,0,2,0,7,0,4,0,5,1,0,0,4,0,2,0,6,0,0,0,6,10,0,10,0,0,0,0,7,0,0,7,5,0,0,7,0,51,28,0,46,0,4,0,0,0,7,2,15,22,0,5,85,107,49,7,161,0,1,0,0,0,3,0,10,4,3,0,103,11,6,4,13,0,1,3,0,0,2,3,14,32,11,0,92
148,0,0,0,0,0,0,0,0,8,0,0,5,0,4,0,8,0,5,0,4,5,1,0,6,0,1,1,6,0,0,3,6,7,0,11,0,0,0,0,4,0,0,2,6,0,0,6,0,50,21,1,48,0,6,0,0,0,3,5,13,11,0,5,64,109,48,11,155,0,1,0,0,0,6,1,18,6,2,0,98,8,4,2,8,0,3,2,0,0,6,3,14,41,15,0,113
149,0,0,0,1,0,0,0,0,9,0,1,4,0,0,0,11,0,5,0,1,4,0,0,2,0,2,0,6,0,0,0,5,8,0,11,0,0,0,0,1,1,0,7,2,0,0,7,0,55,24,0,53,0,6,0,0,0,7,2,21,20,0,3,60,116,40,6,177,0,1,0,0,0,2,0,13,2,3,0,97,8,5,3,9,0,4,1,0,0,5,5,14,32,20,0,98
150,0,0,0,1,0,0,0,0,11,0,0,7,0,4,0,10,0,6,0,4,5,1,0,2,0,4,0,4,0,0,1,4,10,0,16,0,0,0,0,4,1,0,9,4,0,0,11,0,45,20,0,46,0,6,0,0,0,4,3,17,21,0,5,73,129,54,5,144,0,2,0,0,0,1,0,17,8,1,0,87,11,3,2,6,0,4,1,0,0,2,7,14,27,14,0,102
151,0,0,0,2,0,0,0,0,6,0,1,4,0,3,0,10,0,4,0,4,5,2,0,0,0,1,4,11,0,0,1,3,15,0,10,0,0,0,0,6,0,0,5,4,0,0,15,0,38,26,0,50,0,3,0,0,0,6,3,12,20,0,3,72,116,32,8,175,0,1,0,0,0,5,2,10,3,3,0,90,8,7,3,11,0,2,2,0,0,2,4,11,28,15,0,113
152,0,0,0,0,0,0,0,0,12,0,0,1,0,2,0,8,0,5,0,2,2,2,0,5,0,1,2,6,0,0,2,5,8,0,18,0,0,0,0,4,0,0,8,4,0,0,12,0,35,22,0,45,0,5,0,0,0,7,0,17,19,0,4,90,104,50,4,161,0,5,0,0,0,5,0,11,2,4,0,97,11,4,1,9,0,0,4,0,0,3,2,21,29,22,0,98
153,0,0,0,1,0,0,0,0,9,0,1,2,0,2,0,10,0,7,0,4,9,0,0,4,0,1,1,3,0,0,1,7,13,0,14,0,0,0,0,2,1,0,6,4,0,0,7,0,44,35,0,49,0,6,0,0,0,3,7,15,19,0,4,76,107,34,4,173,0,2,0,0,0,2,1,14,5,2,0,99,6,3,5,2,0,1,2,0,0,3,1,13,36,17,0,101
154,0,0,0,3,0,0,0,0,10,0,1,5,0,3,1,12,0,2,0,2,5,1,0,3,0,0,0,7,0,0,2,2,9,0,14,0,0,0,0,7,2,0,11,4,0,0,6,0,38,29,1,46,0,4,0,0,0,6,2,12,19,0,1,79,117,37,9,162,0,0,0,0,0,3,1,14,3,4,0,101,11,3,2,9,0,2,1,0,0,2,3,22,30,22,0,93
155,0,0,0,2,0,0,0,0,9,0,1,4,0,1,0,14,0,3,0,8,7,1,0,2,0,0,1,8,0,0,0,1,9,0,8,0,0,0,0,4,0,0,2,2,0,0,14,0,50,16,0,39,0,5,0,0,0,2,1,13,22,0,2,72,115,46,4,168,0,5,0,0,0,1,0,12,2,1,0,91,8,4,4,8,0,3,2,0,0,3,2,17,37,28,0,116
156,0,0,0,2,0,0,0,0,11,0,0,3,0,1,0,9,0,4,0,5,5,3,0,2,0,2,1,8,0,0,1,5,18,0,10,0,0,0,0,1,1,0,6,1,0,0,15,0,40,24,1,37,0,3,0,0,0,5,1,20,20,0,4,73,101,55,6,173,0,1,0,0,0,5,1,11,2,2,0,95,10,6,2,6,0,1,1,0,0,0,2,17,30,18,0,113
157,0,0,0,0,0,0,0,0,17,0,1,3,0,2,1,9,0,2,0,6,2,3,0,2,0,5,1,9,0,0,1,1,8,0,12,0,0,0,0,7,0,0,7,6,0,0,7,0,49,21,1,36,0,4,0,0,0,9,2,19,24,0,2,77,112,50,8,163,0,2,0,0,0,1,0,10,3,1,0,95,10,4,3,11,0,2,3,0,0,3,4,11,29,19,0,100
158,0,0,0,2,0,0,0,0,6,0,0,8,0,2,0,11,0,1,0,3,3,1,0,1,0,9,0,6,0,0,0,2,14,0,5,0,0,0,0,2,0,0,6,4,0,0,10,0,44,15,0,54,0,5,0,0,0,4,2,18,25,0,5,71,113,49,9,185,0,0,0,0,0,1,0,17,5,3,0,88,7,4,3,12,0,3,4,0,0,2,4,8,22,15,0,107
159,0,0,0,1,0,0,0,0,14,0,1,5,0,1,1,9,0,1,0,3,4,1,0,1,0,0,0,3,0,0,0,6,11,0,14,0,0,0,0,3,1,0,12,1,0,0,12,0,43,33,0,41,0,3,0,0,0,8,3,12,15,0,4,68,102,47,11,180,0,2,0,0,0,5,0,12,3,2,0,96,7,8,3,4,0,1,1,0,0,3,5,9,31,20,0,113
160,0,0,0,0,0,0,0,0,9,0,2,3,0,2,0,8,0,3,0,5,6,1,0,2,0,4,1,6,0,0,1,5,11,0,16,0,0,0,0,2,1,0,9,3,0,0,9,0,46,27,1,49,0,5,0,0,0,1,2,9,22,0,0,91,109,49,8,172,0,1,0,0,0,4,1,10,3,2,0,93,4,7,3,4,0,2,1,0,0,3,3,8,29,16,0,106
161,0,0,0,1,0,0,0,0,7,0,1,3,0,1,1,11,0,5,0,4,4,1,0,4,0,1,1,4,0,0,0,7,9,0,13,0,0,0,0,3,2,0,6,1,0,0,9,0,51,21,1,36,0,6,0,0,0,5,3,13,18,0,4,71,109,48,4,179,0,1,0,0,0,4,1,14,3,3,0,104,9,1,1,8,0,1,3,0,0,2,3,10,34,27,0,103
162,0,0,0,1,0,0,0,0,8,0,0,3,0,3,0,6,0,2,0,4,6,0,0,5,0,4,0,6,0,0,0,3,9,0,17,0,0,0,0,3,0,0,3,2,0,0,10,0,42,21,0,44,0,2,0,0,0,5,1,22,23,0,3,71,100,63,8,148,0,2,0,0,0,5,0,11,2,4,0,93,8,7,1,11,0,5,4,0,0,4,3,16,37,25,0,114
163,0,0,0,0,0,0,0,0,8,0,1,4,0,5,2,9,0,5,0,5,7,2,0,1,0,5,0,6,0,0,1,2,16,0,16,0,0,0,0,3,0,0,6,6,0,0,10,0,48,26,0,39,0,1,0,0,0,4,3,15,26,0,5,74,113,41,2,149,0,4,0,0,0,3,2,19,7,3,0,103,8,6,2,6,0,0,3,0,0,0,3,9,39,22,0,95
164,0,0,0,2,0,0,0,0,8,0,0,3,0,1,1,15,0,3,0,2,6,2,0,3,0,1,0,9,0,0,0,3,9,0,15,0,0,0,0,3,0,0,3,7,0,0,9,0,46,31,1,42,0,1,0,0,0,7,4,14,25,0,9,81,104,46,10,168,0,4,0,0,0,4,0,12,8,2,0,83,9,2,0,12,0,3,2,0,0,2,3,11,26,19,0,104
165,0,0,0,1,0,0,0,0,9,0,0,4,0,2,4,11,0,3,0,4,2,0,0,3,0,3,0,4,0,0,0,7,9,0,13,0,0,0,0,2,0,0,9,1,0,0,5,0,45,27,0,46,0,1,0,0,0,3,3,17,33,0,2,75,118,49,6,167,0,1,0,0,0,3,0,9,2,2,0,107,6,5,1,4,0,4,2,0,0,1,2,19,34,14,0,96
166,0,0,0,1,0,0,0,0,5,0,1,3,0,3,0,6,0,8,0,4,7,1,0,3,0,4,0,10,0,0,1,3,11,0,9,0,0,0,0,2,2,0,5,2,0,0,16,0,43,20,1,50,0,5,0,0,0,3,1,11,19,0,3,83,110,50,3,164,0,0,0,0,0,3,0,8,4,1,0,99,11,3,2,5,0,1,5,0,0,3,2,15,29,22,0,114
167,0,0,0,0,0,0,0,0,15,0,0,0,0,2,0,12,0,3,0,3,3,1,0,3,0,2,0,11,0,0,1,5,13,0,16,0,0,0,0,3,0,0,7,2,0,0,10,0,57,20,0,43,0,2,0,0,0,9,6,23,17,0,5,50,102,45,5,172,0,4,0,0,0,1,1,15,4,0,0,92,11,7,0,14,0,3,1,0,0,2,0,15,38,17,0,107
168,0,0,0,1,0,0,0,0,11,0,0,4,0,2,0,7,0,3,0,4,8,2,0,3,0,2,0,7,0,0,1,4,11,0,9,0,0,0,0,3,1,0,8,3,0,0,9,0,52,30,1,38,0,5,0,0,0,5,6,17,26,0,6,69,122,60,5,144,0,1,0,0,0,1,1,18,5,1,0,97,5,4,4,6,0,3,2,0,0,1,3,11,36,22,0,90
169,0,0,0,3,0,0,0,0,11,0,3,3,0,3,0,9,0,8,0,3,6,1,0,1,0,1,1,6,0,0,0,6,13,0,17,0,0,0,0,2,0,0,3,3,0,0,12,0,50,28,1,36,0,1,0,0,0,8,1,21,22,0,3,96,87,53,5,173,0,0,0,0,0,5,3,12,6,2,0,80,7,2,3,3,0,1,3,0,0,0,1,17,29,23,0,103
170,0,0,0,1,0,0,0,0,7,0,1,5,0,2,0,6,0,8,0,3,4,1,0,4,0,1,1,8,0,0,1,2,5,0,13,0,0,0,0,3,0,0,5,2,0,0,9,0,54,22,0,42,0,3,0,0,0,5,1,16,20,0,4,83,108,57,8,169,0,1,0,0,0,4,1,13,3,1,0,93,8,5,2,7,0,3,2,0,0,3,4,14,32,12,0,108
171,0,0,0,5,0,0,0,0,19,0,1,2,0,3,0,7,0,3,0,3,8,2,0,2,0,0,0,6,0,0,0,3,9,0,13,0,0,0,0,8,1,0,5,0,0,0,7,0,49,22,0,42,0,5,0,0,0,5,3,9,22,0,0,82,112,45,4,176,0,0,0,0,0,4,1,12,1,1,0,91,6,7,5,7,0,2,4,0,0,1,4,11,29,27,0,104
172,0,0,0,2,0,0,0,0,7,0,0,3,0,3,0,11,0,1,0,9,8,1,0,4,0,0,1,6,0,0,0,4,10,0,12,0,0,0,0,3,0,0,3,3,0,0,5,0,59,19,0,43,0,3,0,0,0,3,3,18,29,0,0,62,137,52,6,167,0,3,0,0,0,6,0,5,6,0,0,84,10,6,4,7,0,2,2,0,0,0,5,10,34,20,0,99
173,0,0,0,2,0,0,0,0,11,0,0,3,0,2,1,11,0,4,0,3,4,1,0,1,0,3,0,7,0,0,0,5,5,0,16,0,0,0,0,4,0,0,3,3,0,0,6,0,53,21,0,53,0,5,0,0,0,6,2,14,20,0,0,89,98,46,7,192,0,2,0,0,0,4,3,19,2,3,0,81,5,4,0,7,0,3,1,0,0,1,2,12,26,19,0,105
174,0,0,0,2,0,0,0,0,6,0,1,5,0,5,0,11,0,5,0,3,3,1,0,7,0,2,3,2,0,0,1,5,9,0,11,0,0,0,0,6,1,0,12,3,0,0,4,0,46,26,1,45,0,7,0,0,0,5,2,16,20,0,5,75,110,31,4,185,0,2,0,0,0,6,0,14,0,4,0,94,13,5,4,9,0,5,0,0,0,0,1,13,33,17,0,94
175,0,0,0,1,0,0,0,0,6,0,0,2,0,1,1,13,0,4,0,5,5,0,0,2,0,1,0,3,0,0,1,5,8,0,12,0,0,0,0,3,1,0,2,3,0,0,10,0,52,26,1,33,0,1,0,0,0,4,5,12,23,0,6,78,116,47,9,170,0,0,0,0,0,4,1,12,2,3,0,101,4,5,3,6,0,2,1,0,0,1,2,13,31,28,0,109
176,0,0,0,1,0,0,0,0,6,0,0,3,0,4,0,10,0,5,0,3,2,0,0,2,0,3,0,8,0,0,0,3,7,0,16,0,0,0,0,4,0,0,3,3,0,0,11,0,47,24,0,53,0,2,0,0,0,8,2,13,25,0,4,68,117,34,5,167,0,1,0,0,0,5,0,18,7,4,0,107,6,6,2,10,0,1,0,0,0,0,3,12,30,13,0,112
177,0,0,0,4,0,0,0,0,8,0,1,1,0,3,1,8,0,5,0,3,5,2,0,1,0,3,1,6,0,0,0,3,9,0,15,0,0,0,0,1,0,0,9,5,0,0,14,0,52,26,1,34,0,7,0,0,0,2,4,24,28,0,5,73,112,30,4,167,0,1,0,0,0,4,0,8,0,2,0,100,9,2,3,3,0,3,1,0,0,3,2,12,38,24,0,108
178,0,0,0,3,0,0,0,0,8,0,0,7,0,3,1,5,0,3,0,5,4,0,0,2,0,1,0,8,0,0,0,6,7,0,8,0,0,0,0,4,1,0,7,2,0,0,10,0,57,18,0,41,0,4,0,0,0,4,2,7,18,0,5,65,115,50,5,171,0,2,0,0,0,4,0,18,5,4,0,91,5,4,0,5,0,4,6,0,0,1,3,17,34,26,0,114
179,0,0,0,1,0,0,0,0,13,0,1,3,0,2,0,8,0,5,0,7,4,1,0,6,0,1,1,4,0,0,2,3,9,0,14,0,0,0,0,5,0,0,10,1,0,0,18,0,47,25,0,38,0,7,0,0,0,8,5,13,9,0,1,64,109,58,4,177,0,0,0,0,0,1,0,14,4,1,0,95,8,13,2,10,0,3,1,0,0,2,3,10,23,21,0,105
180,0,0,0,0,0,0,0,0,7,0,0,3,0,2,0,15,0,3,0,6,3,1,0,2,0,0,1,8,0,0,0,2,9,0,9,0,0,0,0,7,0,0,7,2,0,0,9,0,37,29,0,30,0,5,0,0,0,5,6,17,25,0,6,71,116,57,6,172,0,1,0,0,0,2,0,10,4,0,0,105,6,3,2,2,0,4,2,0,0,0,4,18,23,30,0,106
181,0,0,0,2,0,0,0,0,8,0,0,1,0,0,1,11,0,1,0,1,8,2,0,3,0,1,0,5,0,0,0,4,12,0,13,0,0,0,0,2,0,0,14,2,0,0,8,0,56,26,0,44,0,3,0,0,0,3,10,15,18,0,4,71,111,37,5,177,0,1,0,0,0,3,0,11,5,2,0,100,5,4,3,10,0,2,3,0,0,1,2,12,28,25,0,104
182,0,0,0,5,0,0,0,0,11,0,0,6,0,3,2,14,0,2,0,3,5,2,0,4,0,1,2,6,0,0,0,4,16,0,10,0,0,0,0,2,0,0,6,4,0,0,8,0,53,21,0,51,0,7,0,0,0,2,1,21,20,0,4,79,109,47,2,159,0,2,0,0,0,6,1,21,0,2,0,88,7,6,2,7,0,1,7,0,0,4,6,11,26,18,0,93
183,0,0,0,3,0,0,0,0,5,0,0,3,0,3,0,14,0,5,0,4,7,2,0,4,0,1,1,4,0,0,0,0,15,0,16,0,0,0,0,5,2,0,9,2,0,0,9,0,44,32,1,52,0,4,0,0,0,5,3,20,13,0,2,83,105,54,5,162,0,2,0,0,0,1,0,13,3,3,0,109,4,10,0,7,0,1,4,0,0,0,1,8,20,28,0,87
184,0,0,0,0,0,0,0,0,8,0,0,6,0,1,0,9,0,4,0,2,3,0,0,4,0,4,1,6,0,0,0,8,9,0,19,0,0,0,0,3,0,0,1,5,0,0,6,0,48,19,0,52,0,4,0,0,0,4,3,13,19,0,7,70,122,46,5,170,0,2,0,0,0,6,1,19,2,1,0,105,4,5,0,3,0,3,3,0,0,2,1,13,32,24,0,93
185,0,0,0,4,0,0,0,0,9,0,2,2,0,2,1,10,0,7,0,2,8,0,0,5,0,0,1,4,0,0,5,5,9,0,16,0,0,0,0,3,1,0,3,4,0,0,6,0,36,27,0,45,0,4,0,0,0,7,0,11,22,0,7,74,106,48,8,147,0,1,0,0,0,5,1,18,6,3,0,117,11,2,4,8,0,0,3,0,0,1,1,21,37,20,0,90
186,0,0,0,0,0,0,0,0,11,0,1,3,0,2,1,8,0,3,0,0,5,3,0,2,0,2,0,6,0,0,0,2,17,0,10,0,0,0,0,4,2,0,10,3,0,0,5,0,46,26,1,57,0,8,0,0,0,2,0,18,13,0,1,85,97,51,4,170,0,0,0,0,0,1,1,14,2,2,0,90,8,5,3,2,0,5,3,0,0,1,5,13,36,21,0,109
187,0,0,0,2,0,0,0,0,7,0,0,1,0,2,0,6,0,7,0,7,7,3,0,3,0,1,1,5,0,0,0,5,6,0,10,0,0,0,0,1,2,0,6,2,0,0,11,0,49,17,1,43,0,4,0,0,0,7,1,12,30,0,2,87,109,47,8,201,0,1,0,0,0,2,1,14,2,1,0,91,5,1,3,6,0,2,1,0,0,0,5,12,36,23,0,81
188,0,0,0,1,0,0,0,0,12,0,1,1,0,1,0,9,0,4,0,8,5,3,0,3,0,2,0,7,0,0,0,1,6,0,14,0,0,0,0,3,0,0,11,4,0,0,15,0,46,34,0,43,0,4,0,0,0,3,4,19,21,0,4,70,118,42,6,155,0,2,0,0,0,2,0,15,2,2,0,108,2,5,4,8,0,3,0,0,0,1,3,12,32,17,0,102
189,0,0,0,1,0,0,0,0,6,0,0,6,0,3,0,13,0,3,0,1,1,0,0,4,0,2,1,7,0,0,0,3,10,0,13,0,0,0,0,4,1,0,6,5,0,0,7,0,45,19,2,45,0,3,0,0,0,6,2,14,20,0,5,71,115,43,7,182,0,0,0,0,0,6,0,12,2,0,0,93,8,9,2,10,0,2,1,0,0,3,5,16,25,24,0,106
190,0,0,0,1,0,0,0,0,8,0,0,3,0,4,0,13,0,4,0,4,4,0,0,5,0,2,1,7,0,0,0,5,10,0,5,0,0,0,0,4,0,0,7,3,0,0,11,0,58,22,3,44,0,1,0,0,0,5,1,14,19,0,0,79,119,40,8,177,0,3,0,0,0,4,0,10,0,3,0,94,5,7,2,7,0,0,2,0,0,0,1,12,29,19,0,111
191,0,0,0,2,0,0,0,0,8,0,2,5,0,2,0,10,0,1,0,4,7,2,0,0,0,1,0,9,0,0,1,5,7,0,11,0,0,0,0,0,0,0,5,4,0,0,6,0,39,26,0,51,0,2,0,0,0,2,1,20,16,0,6,87,112,52,4,166,0,2,0,0,0,5,1,14,5,3,0,82,14,4,0,9,0,3,2,0,0,1,1,13,32,23,0,110
192,0,0,0,0,0,0,0,0,8,0,0,0,0,0,0,9,0,6,0,4,4,1,0,3,0,3,3,1,0,0,0,11,7,0,10,0,0,0,0,2,0,0,6,2,0,0,7,0,40,26,1,41,0,3,0,0,0,1,1,18,19,0,8,74,127,59,5,177,0,2,0,0,0,2,1,12,5,3,0,78,8,4,1,4,0,4,1,0,0,2,3,14,28,24,0,117
193,0,0,0,4,0,0,0,0,10,0,0,4,0,3,0,10,0,5,0,2,4,1,0,3,0,2,2,9,0,0,0,5,15,0,17,0,0,0,0,5,0,0,7,6,0,0,16,0,48,24,0,39,0,3,0,0,0,5,1,12,17,0,2,77,98,46,5,159,0,2,0,0,0,5,0,16,3,2,0,89,9,7,4,10,0,3,4,0,0,3,3,14,27,23,0,110
194,0,0,0,0,0,0,0,0,13,0,0,4,0,4,0,10,0,6,0,7,4,2,0,3,0,1,2,6,0,0,1,3,7,0,11,0,0,0,0,5,1,0,9,3,0,0,12,0,47,23,1,51,0,7,0,0,0,4,2,13,19,0,5,65,102,50,6,174,0,4,0,0,0,8,0,14,2,4,0,102,5,8,1,4,0,3,4,0,0,2,2,10,32,15,0,97
195,0,0,0,0,0,0,0,0,10,0,0,3,0,2,2,8,0,4,0,4,3,0,0,3,0,1,0,5,0,0,1,4,11,0,16,0,0,0,0,4,1,0,10,6,0,0,8,0,52,18,1,41,0,3,0,0,0,6,0,15,18,0,3,71,112,50,9,161,0,2,0,0,0,4,0,10,7,1,0,100,10,2,0,14,0,2,2,0,0,1,1,12,22,26,0,118
196,0,0,0,1,0,0,0,0,9,0,0,5,0,4,0,14,0,4,0,4,5,1,0,1,0,0,0,5,0,0,1,3,10,0,10,0,0,0,0,5,1,0,4,5,0,0,9,0,51,18,0,60,0,2,0,0,0,2,0,10,19,0,3,78,115,40,2,156,0,5,0,0,0,4,0,15,6,2,0,101,11,3,1,6,0,3,1,0,0,3,4,16,36,22,0,104
197,0,0,0,1,0,0,0,0,11,0,0,2,0,2,0,13,0,4,0,3,5,1,0,5,0,0,1,3,0,0,0,8,15,0,11,0,0,0,0,7,0,0,6,3,0,0,9,0,48,19,1,39,0,1,0,0,0,2,2,17,24,0,3,76,146,50,4,139,0,2,0,0,0,5,0,12,6,2,0,100,8,2,3,10,0,3,2,0,0,0,5,13,22,25,0,99
198,0,0,0,1,0,0,0,0,7,0,0,2,0,2,0,13,0,2,0,5,2,3,0,2,0,1,1,5,0,0,0,4,9,0,13,0,0,0,0,3,0,0,7,5,0,0,6,0,54,21,0,31,0,3,0,0,0,1,2,19,14,0,6,78,124,44,7,170,0,0,0,0,0,4,0,14,6,3,0,97,11,6,2,8,0,1,0,0,0,1,4,7,37,23,0,109
199,0,0,0,2,0,0,0,0,10,0,0,0,0,4,1,7,0,3,0,1,3,1,0,6,0,0,0,7,0,0,0,4,7,0,11,0,0,0,0,6,1,0,3,1,0,0,9,0,43,27,1,49,0,7,0,0,0,7,2,19,16,0,6,62,114,49,7,173,0,3,0,0,0,3,0,12,5,3,0,95,7,12,1,9,0,1,2,0,0,1,1,14,25,16,0,121
200,0,0,0,0,0,0,0,0,9,0,1,4,0,1,1,13,0,4,0,6,5,1,0,5,0,2,1,4,0,0,0,2,11,0,15,0,0,0,0,8,1,0,5,5,0,0,8,0,46,26,2,44,0,3,0,0,0,4,4,19,24,0,2,91,115,33,6,154,0,4,0,0,0,4,2,12,4,1,0,83,11,4,1,10,0,4,6,0,0,2,2,6,25,15,0,119
201,0,0,0,2,0,0,0,0,11,0,1,5,0,4,0,11,0,2,0,2,6,2,0,4,0,2,0,10,0,0,1,6,11,0,14,0,0,0,0,6,0,0,8,3,0,0,4,0,64,16,0,34,0,5,0,0,0,6,2,17,18,0,5,78,113,52,4,155,0,0,0,0,0,3,0,17,8,2,0,86,3,8,1,3,0,0,4,0,0,1,4,10,44,22,0,100
202,0,0,0,3,0,0,0,0,11,0,0,3,0,3,0,4,0,3,0,6,7,0,0,2,0,1,3,5,0,0,1,3,16,0,11,0,0,0,0,0,0,0,6,3,0,0,9,0,52,24,1,43,0,4,0,0,0,4,5,10,15,0,5,69,120,41,5,175,0,0,0,0,0,4,0,15,6,4,0,95,8,1,1,11,0,2,4,0,0,0,5,10,31,16,0,114
203,0,0,0,0,0,0,0,0,14,0,0,6,0,2,0,9,0,8,0,4,1,2,0,3,0,0,0,9,0,0,0,11,10,0,12,0,0,0,0,4,0,0,6,3,0,0,11,0,45,27,1,35,0,3,0,0,0,5,1,19,20,0,5,85,101,48,6,158,0,2,0,0,0,1,0,9,8,4,0,92,4,3,4,11,0,3,4,0,0,1,5,12,34,16,0,113
204,0,0,0,2,0,0,0,0,10,0,2,5,0,0,1,5,0,4,0,3,7,0,0,5,0,0,0,4,0,0,1,7,7,0,16,0,0,0,0,8,1,0,6,4,0,0,8,0,37,26,1,38,0,7,0,0,0,5,0,16,14,0,5,84,124,43,9,172,0,0,0,0,0,4,0,13,3,1,0,93,8,9,0,8,0,3,3,0,0,3,5,15,26,17,0,102
205,0,0,0,2,0,0,0,0,10,0,1,3,0,1,2,16,0,4,0,6,11,1,0,4,0,2,0,6,0,0,1,2,6,0,8,0,0,0,0,3,0,0,8,3,0,0,10,0,45,30,1,41,0,3,0,0,0,5,1,16,17,0,3,62,97,51,5,181,0,1,0,0,0,5,0,16,1,1,0,103,6,7,3,7,0,1,4,0,0,2,2,10,27,24,0,112
206,0,0,0,2,0,0,0,0,10,0,0,3,0,1,1,9,0,4,0,3,4,1,0,3,0,0,1,6,0,0,0,4,10,0,17,0,0,0,0,4,0,0,7,4,0,0,8,0,44,23,2,36,0,4,0,0,0,7,2,11,20,0,4,66,127,49,6,167,0,1,0,0,0,2,1,19,2,2,0,91,13,7,5,6,0,2,3,0,0,4,1,15,28,32,0,96
207,0,0,0,2,0,0,0,0,11,0,0,4,0,4,1,11,0,3,0,1,5,2,0,8,0,2,1,7,0,0,2,5,11,0,8,0,0,0,0,3,0,0,9,2,0,0,7,0,49,29,0,35,0,4,0,0,0,8,2,24,23,0,4,77,112,40,6,178,0,0,0,0,0,1,1,10,1,4,0,89,11,1,1,8,0,2,1,0,0,2,1,8,27,29,0,103
208,0,0,0,4,0,0,0,0,6,0,0,1,0,2,0,17,0,4,0,2,6,0,0,2,0,0,0,9,0,0,0,0,7,0,16,0,0,0,0,6,0,0,4,3,0,0,3,0,55,30,0,41,0,2,0,0,0,3,5,18,25,0,1,70,108,45,3,192,0,2,0,0,0,4,0,10,4,4,0,92,9,3,3,8,0,1,4,0,0,1,2,15,37,19,0,92
209,0,0,0,1,0,0,0,0,6,0,2,2,0,0,0,5,0,7,0,7,2,1,0,2,0,0,0,3,0,0,0,4,10,0,8,0,0,0,0,3,0,0,6,5,0,0,8,0,43,25,0,44,0,4,0,0,0,5,4,18,25,0,2,88,89,50,5,161,0,2,0,0,0,7,2,12,4,1,0,118,4,7,1,15,0,3,0,0,0,1,2,17,42,17,0,100
210,0,0,0,1,0,0,0,0,6,0,0,6,0,5,1,10,0,7,0,7,3,2,0,2,0,3,2,5,0,0,1,6,4,0,15,0,0,0,0,4,1,0,11,6,0,0,9,0,40,26,1,37,0,3,0,0,0,3,1,19,27,0,3,84,107,39,9,176,0,2,0,0,0,5,0,11,4,3,0,81,10,4,3,8,0,1,2,0,0,3,2,15,31,19,0,104
211,0,0,0,1,0,0,0,0,7,0,0,3,0,1,0,9,0,1,0,9,6,0,0,4,0,1,2,2,0,0,1,8,6,0,15,0,0,0,0,11,0,0,11,3,0,0,8,0,49,17,0,44,0,2,0,0,0,3,0,23,23,0,5,71,131,46,7,156,0,2,0,0,0,1,0,10,3,3,0,106,10,3,3,3,0,1,4,0,0,2,2,13,28,12,0,108
212,0,0,0,2,0,0,0,0,3,0,0,3,0,1,1,12,0,2,0,4,0,1,0,3,0,0,0,11,0,0,0,2,8,0,9,0,0,0,0,4,1,0,8,1,0,0,11,0,40,21,1,46,0,3,0,0,0,6,0,17,22,0,7,82,120,45,10,161,0,1,0,0,0,7,0,10,6,3,0,80,10,6,4,6,0,2,1,0,0,0,3,19,36,23,0,115
213,0,0,0,3,0,0,0,0,9,0,1,3,0,4,0,10,0,4,0,4,5,2,0,4,0,1,0,11,0,0,1,3,8,0,16,0,0,0,0,7,1,0,8,3,0,0,8,0,52,21,0,51,0,5,0,0,0,10,2,16,26,0,5,64,120,42,7,150,0,0,0,0,0,2,1,12,6,2,0,91,7,6,3,9,0,5,3,0,0,2,2,7,39,15,0,101
214,0,0,0,1,0,0,0,0,11,0,1,4,0,3,1,14,0,2,0,7,4,2,0,2,0,3,0,4,0,0,2,8,8,0,12,0,0,0,0,2,0,0,5,0,0,0,11,0,40,26,1,40,0,3,0,0,0,2,6,13,19,0,6,81,124,50,10,182,0,2,0,0,0,1,0,9,1,2,0,84,4,6,2,10,0,0,5,0,0,2,2,14,32,20,0,94
215,0,0,0,2,0,0,0,0,7,0,0,1,0,2,0,15,0,4,0,7,8,0,0,1,0,2,0,3,0,0,0,5,9,0,5,0,0,0,0,4,0,0,11,4,0,0,2,0,51,25,1,41,0,7,0,0,0,1,2,15,27,0,6,76,103,59,2,166,0,0,0,0,0,2,0,17,4,2,0,97,8,8,4,8,0,2,1,0,0,1,2,16,30,20,0,104
216,0,0,0,0,0,0,0,0,8,0,3,8,0,3,0,13,0,5,0,2,5,2,0,5,0,1,0,9,0,0,0,6,10,0,10,0,0,0,0,2,0,0,2,1,0,0,7,0,45,24,0,45,0,4,0,0,0,4,1,17,19,0,6,72,109,44,6,159,0,5,0,0,0,3,2,14,4,3,0,110,8,2,1,9,0,1,3,0,0,2,9,15,26,22,0,104
217,0,0,0,0,0,0,0,0,8,0,2,1,0,4,0,16,0,4,0,4,5,1,0,1,0,3,1,8,0,0,2,6,10,0,13,0,0,0,0,6,0,0,5,6,0,0,10,0,54,24,1,47,0,1,0,0,0,3,5,22,25,0,6,76,98,40,6,155,0,2,0,0,0,3,1,10,6,1,0,99,5,3,3,8,0,5,4,0,0,1,6,12,26,19,0,107
218,0,0,0,0,0,0,0,0,9,0,1,5,0,3,1,4,0,2,0,2,7,1,0,3,0,2,0,6,0,0,0,5,7,0,16,0,0,0,0,1,0,0,7,4,0,0,11,0,44,22,1,38,0,4,0,0,0,1,2,13,26,0,2,84,118,44,5,187,0,1,0,0,0,6,0,13,4,1,0,100,5,7,1,9,0,3,1,0,0,0,3,11,27,19,0,101
219,0,0,0,2,0,0,0,0,4,0,1,2,0,0,1,6,0,4,0,3,1,1,0,2,0,2,1,10,0,0,0,3,13,0,16,0,0,0,0,8,0,0,8,2,0,0,11,0,52,31,1,42,0,4,0,0,0,7,5,5,20,0,3,74,104,44,7,174,0,1,0,0,0,2,0,11,6,7,0,98,7,8,1,7,0,2,5,0,0,1,1,18,28,19,0,104
220,0,0,0,0,0,0,0,0,5,0,0,3,0,3,0,6,0,4,0,5,4,1,0,1,0,1,0,5,0,0,0,7,8,0,10,0,0,0,0,4,0,0,5,1,0,0,5,0,44,22,0,40,0,2,0,0,0,6,5,8,19,0,1,92,121,54,8,158,0,1,0,0,0,3,0,9,11,7,0,87,8,5,5,6,0,5,1,0,0,2,6,16,37,28,0,105
221,0,0,0,2,0,0,0,0,12,0,2,3,0,2,0,9,0,6,0,4,4,2,0,1,0,0,0,8,0,0,1,2,10,0,12,0,0,0,0,5,2,0,10,3,0,0,7,0,43,19,2,33,0,4,0,0,0,7,5,13,22,0,3,76,114,44,15,164,0,1,0,0,0,3,0,15,7,4,0,102,5,7,2,6,0,2,1,0,0,2,4,9,33,26,0,100
222,0,0,0,1,0,0,0,0,10,0,1,2,0,3,0,7,0,3,0,4,3,1,0,3,0,2,0,7,0,0,3,10,8,0,10,0,0,0,0,3,1,0,5,2,0,0,8,0,59,17,0,37,0,4,0,0,0,6,1,20,25,0,4,69,112,51,3,154,0,1,0,0,0,2,4,12,3,3,0,95,6,11,2,5,0,2,2,0,0,4,1,21,25,28,0,114
223,0,0,0,3,0,0,0,0,9,0,1,2,0,2,0,8,0,2,0,2,5,3,0,4,0,4,2,7,0,0,1,5,6,0,17,0,0,0,0,3,3,0,7,0,0,0,10,0,50,24,0,38,0,3,0,0,0,9,8,19,22,0,4,65,118,49,8,155,0,3,0,0,0,3,0,14,6,6,0,98,7,4,2,6,0,5,3,0,0,2,0,23,32,22,0,86
224,0,0,0,2,0,0,0,0,12,0,0,3,0,1,2,6,0,2,0,5,1,3,0,4,0,0,0,6,0,0,0,4,12,0,13,0,0,0,0,3,2,0,7,3,0,0,6,0,51,25,1,42,0,4,0,0,0,9,1,12,21,0,3,70,114,44,3,171,0,1,0,0,0,2,2,15,4,2,0,116,5,7,1,11,0,2,2,0,0,0,2,17,34,22,0,87
225,0,0,0,3,0,0,0,0,5,0,0,1,0,5,1,7,0,6,0,6,3,1,0,2,0,2,0,12,0,0,2,7,11,0,11,0,0,0,0,2,1,0,5,2,0,0,20,0,45,22,0,61,0,7,0,0,0,6,1,14,25,0,4,61,126,47,7,149,0,2,0,0,0,1,0,9,5,5,0,99,7,2,0,7,0,4,0,0,0,1,7,14,36,14,0,97
226,0,0,0,2,0,0,0,0,14,0,0,8,0,3,0,9,0,6,0,3,4,1,0,2,0,3,1,4,0,0,2,3,12,0,12,0,0,0,0,6,1,0,7,4,0,0,14,0,45,24,0,41,0,3,0,0,0,7,2,15,23,0,2,72,111,51,7,164,0,0,0,0,0,3,0,18,2,4,0,89,5,6,3,9,0,3,1,0,0,4,1,5,28,20,0,111
227,0,0,0,0,0,0,0,0,7,0,1,1,0,3,1,13,0,7,0,4,5,3,0,2,0,2,1,6,0,0,0,6,7,0,6,0,0,0,0,1,1,0,8,3,0,0,7,0,40,24,1,43,0,2,0,0,0,4,4,18,22,0,4,70,106,39,10,189,0,1,0,0,0,3,1,9,3,4,0,98,12,4,2,8,0,3,3,0,0,0,2,18,24,21,0,113
228,0,0,0,2,0,0,0,0,14,0,1,1,0,3,0,9,0,3,0,6,2,2,0,2,0,3,0,7,0,0,0,6,7,0,13,0,0,0,0,4,1,0,11,3,0,0,7,0,51,26,0,44,0,3,0,0,0,9,4,14,21,0,2,65,118,51,5,164,0,0,0,0,0,1,0,13,6,4,0,99,8,2,2,10,0,2,1,0,0,0,4,17,26,19,0,102
229,0,0,0,2,0,0,0,0,6,0,1,6,0,2,1,12,0,5,0,2,4,1,0,2,0,3,0,3,0,0,0,3,16,0,18,0,0,0,0,6,0,0,4,3,0,0,17,0,45,26,0,42,0,5,0,0,0,4,3,12,19,0,4,78,119,54,7,166,0,1,0,0,0,2,1,14,5,3,0,91,5,8,2,2,0,3,2,0,0,3,1,11,32,25,0,88
230,0,0,0,2,0,0,0,0,10,0,0,5,0,4,0,10,0,2,0,5,2,0,0,2,0,0,0,7,0,0,2,8,8,0,12,0,0,0,0,6,0,0,5,2,0,0,8,0,48,23,0,45,0,4,0,0,0,5,4,17,21,0,4,77,123,43,8,168,0,2,0,0,0,1,0,15,6,2,0,94,10,4,2,8,0,2,3,0,0,1,0,12,27,15,0,106
231,0,0,0,1,0,0,0,0,11,0,0,4,0,4,2,10,0,2,0,3,1,1,0,3,0,1,0,8,0,0,0,5,10,0,4,0,0,0,0,3,1,0,5,3,0,0,12,0,48,22,0,42,0,2,0,0,0,7,4,22,25,0,5,83,99,36,10,161,0,3,0,0,0,5,0,10,6,3,0,103,3,4,4,9,0,2,3,0,0,2,2,12,28,27,0,114
232,0,0,0,0,0,0,0,0,8,0,0,5,0,4,1,12,0,3,0,5,5,0,0,5,0,4,0,6,0,0,2,7,12,0,12,0,0,0,0,5,0,0,3,1,0,0,8,0,49,19,1,42,0,5,0,0,0,5,6,10,16,0,3,71,103,55,7,171,0,6,0,0,0,2,0,12,3,1,0,104,10,2,3,6,0,3,2,0,0,3,4,16,26,17,0,109
233,0,0,0,2,0,0,0,0,9,0,1,6,0,3,0,7,0,4,0,7,4,1,0,3,0,2,0,14,0,0,1,0,14,0,13,0,0,0,0,3,1,0,2,2,0,0,16,0,45,22,0,47,0,3,0,0,0,4,1,13,19,0,7,70,102,51,4,161,0,1,0,0,0,3,0,16,5,4,0,97,12,7,7,7,0,4,2,0,0,0,3,11,23,20,0,114
234,0,0,0,1,0,0,0,0,7,0,0,4,0,0,0,10,0,7,0,8,1,0,0,2,0,1,0,8,0,0,2,2,8,0,14,0,0,0,0,4,0,0,8,5,0,0,12,0,55,25,0,50,0,2,0,0,0,4,1,11,16,0,2,73,93,63,9,169,0,0,0,0,0,4,1,13,3,1,0,93,5,13,1,7,0,2,3,0,0,1,1,12,28,29,0,106
235,0,0,0,2,0,0,0,0,11,0,1,1,0,0,0,8,0,2,0,6,6,1,0,1,0,2,0,11,0,0,1,0,11,0,9,0,0,0,0,5,0,0,10,6,0,0,4,0,47,29,0,58,0,2,0,0,0,6,3,22,21,0,3,74,106,44,5,169,0,1,0,0,0,7,0,18,6,3,0,85,5,2,3,10,0,4,1,0,0,2,4,11,31,23,0,97
236,0,0,0,1,0,0,0,0,8,0,0,5,0,0,0,9,0,6,0,0,6,1,0,6,0,1,0,13,0,0,0,6,12,0,17,0,0,0,0,3,1,0,9,1,0,0,7,0,51,23,1,40,0,1,0,0,0,1,3,12,17,0,8,71,110,44,4,165,0,0,0,0,0,2,0,24,3,1,0,104,10,5,2,10,0,2,2,0,0,3,1,15,33,22,0,98
237,0,0,0,4,0,0,0,0,9,0,0,4,0,2,0,3,0,5,0,2,4,2,0,1,0,1,3,11,0,0,1,2,11,0,17,0,0,0,0,3,3,0,12,4,0,0,8,0,48,21,0,46,0,3,0,0,0,7,8,18,23,0,7,66,115,46,3,162,0,0,0,0,0,0,0,13,3,2,0,91,5,10,2,10,0,4,2,0,0,3,2,13,23,24,0,108
238,0,0,0,1,0,0,0,0,16,0,2,3,0,1,0,8,0,5,0,2,4,2,0,3,0,3,1,6,0,0,0,1,7,0,20,0,0,0,0,6,0,0,5,5,0,0,17,0,45,28,0,35,0,0,0,0,0,5,5,13,21,0,3,73,110,40,8,181,0,3,0,0,0,2,3,13,7,3,0,91,9,4,4,2,0,1,0,0,0,2,3,13,23,27,0,105
239,0,0,0,2,0,0,0,0,11,0,1,4,0,2,2,12,0,4,0,4,3,2,0,3,0,2,1,7,0,0,3,5,9,0,13,0,0,0,0,3,0,0,8,4,0,0,11,0,44,28,1,37,0,2,0,0,0,4,4,11,26,0,4,60,107,51,2,189,0,5,0,0,0,2,0,11,3,2,0,80,7,6,1,8,0,1,4,0,0,2,7,12,33,23,0,107
240,0,0,0,0,0,0,0,0,7,0,1,2,0,2,2,12,0,4,0,3,4,0,0,1,0,2,1,10,0,0,0,4,15,0,11,0,0,0,0,2,0,0,10,5,0,0,9,0,48,18,0,45,0,5,0,0,0,3,4,10,16,0,3,78,109,44,6,173,0,3,0,0,0,4,0,15,6,1,0,99,6,6,2,8,0,3,2,0,0,2,3,12,28,26,0,105
241,0,0,0,1,0,0,0,0,8,0,2,2,0,1,1,13,0,6,0,10,9,0,0,1,0,0,0,8,0,0,1,5,7,0,14,0,0,0,0,3,0,0,6,4,0,0,9,0,48,32,1,35,0,3,0,0,0,0,2,15,19,0,4,72,122,35,3,206,0,1,0,0,0,5,1,14,4,1,0,92,15,4,4,2,0,6,1,0,0,2,0,11,27,19,0,83
242,0,0,0,1,0,0,0,0,8,0,0,3,0,6,3,6,0,4,0,3,9,2,0,2,0,3,2,6,0,0,0,5,11,0,15,0,0,0,0,6,0,0,5,3,0,0,10,0,44,22,0,44,0,4,0,0,0,4,3,7,23,0,7,63,96,53,8,181,0,1,0,0,0,4,2,15,4,1,0,98,11,5,1,5,0,3,2,0,0,1,1,12,28,18,0,116
243,0,0,0,3,0,0,0,0,9,0,0,3,0,3,2,9,0,4,0,2,4,1,0,0,0,0,0,8,0,0,1,6,6,0,11,0,0,0,0,5,0,0,6,7,0,0,10,0,46,27,0,44,0,7,0,0,0,4,3,9,24,0,6,72,111,43,4,168,0,3,0,0,0,3,0,18,3,2,0,101,7,7,3,6,0,4,5,0,0,3,2,18,21,18,0,108
244,0,0,0,2,0,0,0,0,4,0,1,1,0,3,0,10,0,5,0,1,3,0,0,3,0,3,0,3,0,0,2,3,11,0,15,0,0,0,0,2,1,0,6,1,0,0,8,0,56,23,2,49,0,3,0,0,0,5,3,13,23,0,5,77,122,55,5,178,0,2,0,0,0,1,2,12,0,6,0,90,10,10,0,9,0,2,3,0,0,2,3,10,26,22,0,83
245,0,0,0,1,0,0,0,0,9,0,0,2,0,3,1,10,0,4,0,6,6,2,0,3,0,2,1,6,0,0,1,6,10,0,9,0,0,0,0,6,1,0,4,8,0,0,11,0,47,28,0,44,0,9,0,0,0,6,2,13,17,0,3,64,108,42,5,175,0,5,0,0,0,1,0,12,5,2,0,100,7,7,4,7,0,1,1,0,0,1,4,15,28,25,0,100
246,0,0,0,1,0,0,0,0,13,0,0,6,0,7,0,10,0,3,0,7,7,1,0,1,0,3,0,3,0,0,1,3,8,0,14,0,0,0,0,2,1,0,8,4,0,0,17,0,47,22,1,47,0,2,0,0,0,6,1,12,20,0,4,75,107,45,8,168,0,0,0,0,0,4,0,21,1,3,0,93,8,5,2,14,0,4,1,0,0,1,3,13,32,19,0,91
247,0,0,0,2,0,0,0,0,8,0,0,6,0,1,0,17,0,3,0,3,3,1,0,2,0,3,1,7,0,0,1,4,12,0,15,0,0,0,0,7,0,0,4,6,0,0,7,0,43,23,1,48,0,4,0,0,0,9,2,18,27,0,5,79,110,29,3,169,0,0,0,0,0,2,1,11,3,2,0,107,3,4,3,7,0,3,5,0,0,1,1,13,38,11,0,102
248,0,0,0,3,0,0,0,0,11,0,0,4,0,0,0,13,0,5,0,3,7,0,0,4,0,2,0,11,0,0,1,7,12,0,15,0,0,0,0,4,0,0,6,2,0,0,19,0,50,20,0,49,0,4,0,0,0,1,3,17,17,0,6,71,108,40,7,163,0,1,0,0,0,5,0,6,3,3,0,100,8,3,1,6,0,1,3,0,0,1,1,9,34,22,0,108
249,0,0,0,1,0,0,0,0,8,0,2,3,0,2,0,5,0,4,0,4,2,0,0,4,0,1,3,7,0,0,1,7,7,0,16,0,0,0,0,3,0,0,9,1,0,0,14,0,43,20,0,41,0,5,0,0,0,1,4,12,17,0,5,84,111,44,4,165,0,0,0,0,0,1,2,12,2,4,0,108,11,2,0,5,0,2,1,0,0,4,2,14,34,19,0,117
250,0,0,0,0,0,0,0,0,9,0,0,0,0,2,0,13,0,5,0,2,4,2,0,2,0,2,0,12,0,0,0,3,11,0,19,0,0,0,0,5,1,0,4,6,0,0,7,0,50,33,2,47,0,3,0,0,0,7,5,15,27,0,1,69,120,44,4,161,0,0,0,0,0,2,2,14,3,2,0,95,9,7,1,5,0,3,2,0,0,2,3,17,29,12,0,95
251,0,0,0,4,0,0,0,0,10,0,1,0,0,0,0,7,0,6,0,1,6,1,0,3,0,1,0,6,0,0,1,5,10,0,14,0,0,0,0,4,0,0,11,3,0,0,8,0,46,31,2,43,0,5,0,0,0,9,1,14,16,0,1,77,107,50,6,164,0,1,0,0,0,3,1,16,3,3,0,89,5,3,2,4,0,2,1,0,0,2,5,14,34,28,0,110
252,0,0,0,0,0,0,0,0,7,0,0,5,0,4,0,7,0,2,0,3,4,0,0,6,0,1,0,5,0,0,2,6,6,0,14,0,0,0,0,3,1,0,6,3,0,0,7,0,47,34,0,27,0,4,0,0,0,7,1,17,17,0,4,72,119,48,5,159,0,1,0,0,0,5,1,10,7,4,0,93,11,11,2,11,0,1,6,0,0,2,2,15,22,19,0,124
253,0,0,0,2,0,0,0,0,4,0,0,7,0,0,0,7,0,7,0,1,4,0,0,3,0,0,1,3,0,0,1,3,15,0,14,0,0,0,0,4,0,0,9,4,0,0,10,0,50,25,0,48,0,1,0,0,0,7,2,16,23,0,8,77,109,46,6,165,0,3,0,0,0,6,2,13,5,1,0,95,5,7,1,12,0,0,2,0,0,1,6,15,29,23,0,92
254,0,0,0,1,0,0,0,0,9,0,0,2,0,2,1,9,0,3,0,4,7,0,0,6,0,2,1,8,0,0,2,4,8,0,6,0,0,0,0,4,0,0,6,3,0,0,13,0,49,23,0,43,0,3,0,0,0,6,1,15,16,0,4,70,115,49,7,172,0,1,0,0,0,4,1,9,3,2,0,101,8,5,4,15,0,4,3,0,0,1,3,9,29,17,0,107
255,0,0,0,1,0,0,0,0,9,0,2,1,0,0,0,14,0,4,0,3,5,1,0,3,0,1,0,9,0,0,2,6,15,0,9,0,0,0,0,5,2,0,5,5,0,0,14,0,45,20,1,53,0,2,0,0,0,4,6,18,16,0,4,70,121,42,7,181,0,1,0,0,0,2,1,17,3,1,0,86,5,2,1,5,0,4,2,0,0,0,4,17,30,20,0,93
256,0,0,0,3,0,0,0,0,8,0,1,3,0,3,0,7,0,3,0,4,6,1,0,1,0,2,0,6,0,0,0,4,7,0,14,0,0,0,0,4,1,0,8,2,0,0,11,0,55,29,2,36,0,2,0,0,0,6,2,9,28,0,6,66,110,48,8,177,0,1,0,0,0,6,0,18,2,5,0,80,9,6,4,4,0,4,2,0,0,0,2,21,34,21,0,98
257,0,0,0,2,0,0,0,0,7,0,3,7,0,2,0,9,0,4,0,8,3,1,0,2,0,2,0,7,0,0,1,6,5,0,13,0,0,0,0,4,0,0,7,6,0,0,7,0,55,19,0,46,0,2,0,0,0,6,2,18,27,0,4,74,121,40,10,160,0,3,0,0,0,1,0,10,5,5,0,99,7,3,4,7,0,1,3,0,0,2,3,17,25,21,0,94
258,0,0,0,2,0,0,0,0,4,0,0,3,0,3,1,7,0,4,0,3,5,0,0,4,0,4,1,14,0,0,1,3,11,0,12,0,0,0,0,4,2,0,8,5,0,0,12,0,54,26,0,44,0,6,0,0,0,1,3,25,22,0,4,78,106,27,5,188,0,4,0,0,0,3,1,15,5,4,0,82,8,3,5,9,0,5,0,0,0,1,1,9,35,17,0,91
259,0,0,0,3,0,0,0,0,9,0,0,2,0,4,1,12,0,5,0,5,4,0,0,2,0,1,1,9,0,0,1,5,10,0,13,0,0,0,0,6,0,0,7,3,0,0,6,0,50,16,1,44,0,2,0,0,0,9,2,25,22,0,6,71,121,44,4,163,0,2,0,0,0,4,1,12,6,6,0,93,10,11,0,5,0,1,3,0,0,1,1,7,26,19,0,103
260,0,0,0,2,0,0,0,0,9,0,0,6,0,2,0,14,0,4,0,8,4,1,0,1,0,2,1,8,0,0,0,8,3,0,11,0,0,0,0,1,2,0,7,6,0,0,10,0,51,20,1,52,0,6,0,0,0,8,2,15,23,0,6,63,117,36,9,178,0,2,0,0,0,3,0,13,6,2,0,87,8,5,1,5,0,2,2,0,0,0,2,17,32,16,0,100
261,0,0,0,1,0,0,0,0,5,0,0,5,0,2,1,8,0,3,0,2,7,1,0,2,0,0,0,11,0,0,1,5,11,0,14,0,0,0,0,7,0,0,6,3,0,0,15,0,57,18,0,56,0,3,0,0,0,5,3,12,24,0,4,89,109,40,3,157,0,0,0,0,0,0,1,13,3,1,0,102,4,3,3,16,0,1,2,0,0,2,2,12,30,20,0,95
262,0,0,0,0,0,0,0,0,6,0,0,0,0,2,0,10,0,3,0,3,6,2,0,4,0,2,1,6,0,0,0,4,14,0,12,0,0,0,0,4,1,0,7,3,0,0,12,0,43,24,3,46,0,0,0,0,0,5,6,8,25,0,1,90,106,37,2,173,0,0,0,0,0,5,0,13,7,4,0,100,8,3,0,4,0,5,3,0,0,2,2,11,24,25,0,113
263,0,0,0,3,0,0,0,0,9,0,1,1,0,2,1,9,0,7,0,5,3,1,0,4,0,1,0,9,0,0,1,5,10,0,13,0,0,0,0,5,1,0,3,5,0,0,10,0,57,18,0,44,0,3,0,0,0,2,5,18,29,0,4,71,117,46,8,162,0,0,0,0,0,2,2,25,3,4,0,98,7,6,1,5,0,0,4,0,0,0,2,12,35,19,0,82
264,0,0,0,0,0,0,0,0,9,0,0,5,0,4,1,12,0,2,0,6,4,1,0,4,0,1,1,6,0,0,3,6,14,0,12,0,0,0,0,4,2,0,3,4,0,0,12,0,45,25,0,49,0,3,0,0,0,2,1,11,19,0,2,78,108,48,6,160,0,3,0,0,0,3,0,13,1,4,0,97,9,3,1,4,0,1,3,0,0,1,1,16,34,27,0,106
265,0,0,0,3,0,0,0,0,7,0,1,5,0,3,0,6,0,3,0,3,7,0,0,3,0,1,0,5,0,0,1,4,9,0,12,0,0,0,0,5,1,0,8,5,0,0,5,0,43,22,0,46,0,3,0,0,0,5,5,13,18,0,7,93,125,45,5,181,0,2,0,0,0,2,1,10,5,3,0,83,7,6,4,6,0,0,3,0,0,1,2,19,26,20,0,92
266,0,0,0,5,0,0,0,0,9,0,0,2,0,1,3,18,0,3,0,5,4,0,0,2,0,3,0,7,0,0,3,3,11,0,16,0,0,0,0,4,0,0,3,4,0,0,9,0,59,17,0,35,0,8,0,0,0,6,7,12,16,0,2,69,106,38,9,179,0,1,0,0,0,2,1,18,5,1,0,101,9,8,0,9,0,3,3,0,0,1,1,14,29,20,0,96
267,0,0,0,3,0,0,0,0,6,0,1,1,0,8,0,11,0,5,0,4,4,1,0,3,0,2,0,6,0,0,0,2,9,0,18,0,0,0,0,4,0,0,10,3,0,0,9,0,40,23,1,51,0,3,0,0,0,6,4,14,22,0,3,80,105,41,6,181,0,2,0,0,0,2,0,8,5,1,0,112,7,4,1,8,0,2,3,0,0,1,3,18,31,12,0,90
268,0,0,0,1,0,0,0,0,13,0,0,3,0,0,1,16,0,4,0,9,4,3,0,3,0,0,1,5,0,0,0,8,17,0,9,0,0,0,0,6,0,0,3,7,0,0,5,0,36,23,0,38,0,2,0,0,0,3,2,17,19,0,3,68,111,46,7,178,0,0,0,0,0,4,0,14,4,1,0,94,7,6,2,5,0,6,2,0,0,2,3,19,35,17,0,108
269,0,0,0,0,0,0,0,0,5,0,0,4,0,1,0,10,0,3,0,3,0,1,0,6,0,4,0,6,0,0,1,5,11,0,8,0,0,0,0,6,1,0,4,3,0,0,7,0,65,27,0,50,0,3,0,0,0,1,3,12,26,0,7,65,118,38,5,184,0,3,0,0,0,3,2,15,4,4,0,87,7,5,2,10,0,4,1,0,0,2,3,22,24,16,0,93
270,0,0,0,1,0,0,0,0,12,0,2,6,0,3,0,11,0,2,0,4,1,2,0,0,0,1,0,13,0,0,0,4,12,0,16,0,0,0,0,7,1,0,8,4,0,0,8,0,52,24,0,37,0,5,0,0,0,1,4,22,28,0,5,70,120,44,9,162,0,3,0,0,0,1,1,9,5,3,0,90,6,3,4,12,0,4,1,0,0,3,4,7,21,18,0,104
271,0,0,0,0,0,0,0,0,16,0,0,1,0,4,0,12,0,3,0,4,6,1,0,5,0,2,4,8,0,0,0,4,8,0,18,0,0,0,0,6,0,0,6,2,0,0,8,0,39,26,1,57,0,4,0,0,0,7,1,18,20,0,7,90,113,39,7,162,0,0,0,0,0,1,1,12,3,1,0,78,11,6,2,9,0,1,1,0,0,4,5,16,24,24,0,92
272,0,0,0,1,0,0,0,0,9,0,0,1,0,2,0,17,0,4,0,2,7,2,0,3,0,3,0,7,0,0,0,3,13,0,17,0,0,0,0,5,0,0,11,4,0,0,6,0,47,25,0,52,0,3,0,0,0,1,3,14,19,0,4,67,116,46,2,175,0,1,0,0,0,1,1,14,5,2,0,82,8,7,3,9,0,3,3,0,0,1,5,14,33,26,0,91
273,0,0,0,2,0,0,0,0,6,0,2,3,0,2,0,14,0,6,0,4,4,1,0,1,0,0,0,6,0,0,1,0,9,0,16,0,0,0,0,10,0,0,7,3,0,0,11,0,49,22,0,46,0,2,0,0,0,4,4,16,24,0,3,66,113,50,6,159,0,4,0,0,0,7,0,4,6,1,0,84,10,6,2,8,0,5,1,0,0,0,0,20,41,16,0,113
274,0,0,0,2,0,0,0,0,6,0,0,0,0,2,0,10,0,3,0,2,3,4,0,0,0,1,0,7,0,0,1,3,8,0,17,0,0,0,0,3,1,0,7,5,0,0,10,0,47,21,0,30,0,0,0,0,0,3,4,9,24,0,2,81,116,42,14,162,0,2,0,0,0,3,0,18,1,1,0,111,13,6,2,6,0,1,4,0,0,5,2,15,29,20,0,111
275,0,0,0,2,0,0,0,0,13,0,0,4,0,3,0,11,0,4,0,5,4,2,0,1,0,1,0,6,0,0,1,6,7,0,8,0,0,0,0,7,2,0,6,3,0,0,8,0,48,21,1,53,0,3,0,0,0,1,1,11,22,0,10,79,96,46,6,196,0,1,0,0,0,3,1,9,6,1,0,112,14,2,4,2,0,0,0,0,0,3,2,12,30,18,0,82
276,0,0,0,4,0,0,0,0,8,0,0,4,0,2,1,6,0,1,0,4,4,2,0,5,0,1,1,7,0,0,0,5,8,0,19,0,0,0,0,4,0,0,6,4,0,0,10,0,41,27,0,43,0,1,0,0,0,4,1,15,15,0,0,66,118,46,7,164,0,1,0,0,0,1,1,17,4,4,0,115,5,3,4,8,0,5,2,0,0,0,5,16,28,22,0,105
277,0,0,0,2,0,0,0,0,14,0,0,0,0,2,2,12,0,4,0,4,5,2,0,3,0,2,0,8,0,0,1,4,10,0,13,0,0,0,0,4,0,0,5,4,0,0,6,0,48,28,0,41,0,1,0,0,0,4,3,11,24,0,4,67,107,45,11,155,0,1,0,0,0,3,0,13,2,0,0,105,9,7,7,7,0,2,2,0,0,1,8,15,40,22,0,100
278,0,0,0,3,0,0,0,0,11,0,1,4,0,7,1,18,0,1,0,5,5,1,0,0,0,5,1,10,0,0,2,5,9,0,13,0,0,0,0,2,0,0,6,4,0,0,10,0,46,21,0,53,0,1,0,0,0,4,1,18,17,0,1,59,94,36,11,186,0,0,0,0,0,2,1,18,8,3,0,89,11,5,5,6,0,5,0,0,0,2,1,12,35,28,0,97
279,0,0,0,1,0,0,0,0,4,0,1,5,0,1,0,17,0,10,0,2,1,1,0,4,0,2,0,7,0,0,0,2,11,0,11,0,0,0,0,5,0,0,4,3,0,0,15,0,44,13,0,48,0,2,0,0,0,2,2,17,19,0,1,93,105,47,11,182,0,1,0,0,0,4,1,13,6,1,0,95,3,3,5,10,0,2,0,0,0,2,2,18,28,24,0,89
280,0,0,0,1,0,0,0,0,8,0,0,1,0,1,1,10,0,4,0,4,6,2,0,7,0,0,1,5,0,0,0,5,6,0,13,0,0,0,0,2,0,0,4,3,0,0,9,0,49,21,0,57,0,1,0,0,0,5,2,18,25,0,2,67,100,48,4,161,0,2,0,0,0,4,2,10,8,3,0,99,9,6,3,4,0,4,2,0,0,0,3,20,26,20,0,122
281,0,0,0,5,0,0,0,0,15,0,1,2,0,3,0,11,0,4,0,5,0,0,0,3,0,2,1,6,0,0,1,7,7,0,10,0,0,0,0,6,1,0,7,3,0,0,4,0,47,14,0,45,0,2,0,0,0,7,3,18,21,0,2,67,100,48,7,154,0,2,0,0,0,3,1,13,2,2,0,121,6,7,4,8,0,4,2,0,0,4,6,12,33,26,0,105
282,0,0,0,3,0,0,0,0,8,0,0,6,0,2,2,8,0,3,0,5,8,1,0,3,0,0,0,5,0,0,0,1,9,0,22,0,0,0,0,1,0,0,4,3,0,0,7,0,45,22,0,50,0,2,0,0,0,9,1,17,19,0,2,76,111,39,8,165,0,4,0,0,0,2,0,10,3,1,0,89,12,7,6,9,0,6,0,0,0,3,1,11,45,23,0,101
283,0,0,0,3,0,0,0,0,9,0,0,4,0,6,0,10,0,6,0,1,6,1,0,1,0,2,0,6,0,0,1,2,3,0,15,0,0,0,0,3,1,0,7,2,0,0,14,0,59,22,1,46,0,3,0,0,0,9,2,22,20,0,2,81,115,43,4,173,0,2,0,0,0,0,0,21,3,1,0,86,5,4,3,8,0,4,0,0,0,1,3,12,34,20,0,88
284,0,0,0,2,0,0,0,0,10,0,1,1,0,3,1,12,0,4,0,4,2,2,0,1,0,3,3,8,0,0,2,5,12,0,14,0,0,0,0,5,1,0,8,4,0,0,10,0,45,33,0,36,0,3,0,0,0,9,0,17,16,0,2,70,94,51,9,177,0,0,0,0,0,8,0,10,1,0,0,98,5,6,0,10,0,1,1,0,0,3,2,12,31,25,0,107
285,0,0,0,1,0,0,0,0,13,0,1,3,0,1,1,3,0,5,0,2,2,2,0,8,0,2,2,4,0,0,0,3,10,0,14,0,0,0,0,4,1,0,2,3,0,0,15,0,52,19,0,38,0,6,0,0,0,7,2,16,25,0,5,72,104,45,5,170,0,0,0,0,0,3,0,16,8,3,0,101,9,2,6,7,0,4,1,0,0,1,4,9,30,26,0,102
286,0,0,0,3,0,0,0,0,5,0,0,2,0,0,1,11,0,5,0,6,4,1,0,4,0,1,0,5,0,0,0,2,7,0,16,0,0,0,0,2,0,0,4,2,0,0,10,0,45,20,1,52,0,4,0,0,0,4,0,11,15,0,5,89,111,44,5,167,0,0,0,0,0,7,1,13,6,1,0,92,5,6,8,10,0,7,1,0,0,1,6,6,30,18,0,118
287,0,0,0,2,0,0,0,0,4,0,0,1,0,2,0,10,0,5,0,4,4,0,0,5,0,1,1,6,0,0,1,4,6,0,13,0,0,0,0,3,0,0,3,2,0,0,7,0,38,30,1,65,0,1,0,0,0,7,1,12,25,0,3,74,112,55,11,163,0,4,0,0,0,4,0,19,6,2,0,94,6,5,3,5,0,1,3,0,0,5,1,14,32,18,0,96
288,0,0,0,1,0,0,0,0,13,0,2,4,0,2,0,6,0,4,0,3,8,1,0,1,0,2,0,10,0,0,0,5,9,0,13,0,0,0,0,5,1,0,7,3,0,0,12,0,55,15,1,49,0,6,0,0,0,7,7,13,19,0,4,66,122,44,14,154,0,3,0,0,0,3,1,7,6,1,0,95,9,0,1,10,0,3,0,0,0,3,2,9,33,25,0,101
289,0,0,0,2,0,0,0,0,16,0,0,3,0,2,0,13,0,5,0,8,5,0,0,3,0,2,2,4,0,0,0,3,11,0,7,0,0,0,0,4,0,0,9,2,0,0,5,0,53,18,1,34,0,3,0,0,0,5,4,24,17,0,3,93,124,47,8,140,0,2,0,0,0,2,1,17,6,4,0,104,7,6,2,7,0,0,0,0,0,2,3,15,22,21,0,99
290,0,0,0,0,0,0,0,0,10,0,1,6,0,3,0,15,0,6,0,6,4,3,0,5,0,1,1,6,0,0,0,7,15,0,13,0,0,0,0,7,1,0,11,1,0,0,6,0,52,27,1,42,0,2,0,0,0,4,1,16,23,0,3,83,100,41,6,162,0,0,0,0,0,6,1,9,5,0,0,102,11,4,0,6,0,0,1,0,0,1,2,11,28,18,0,104
291,0,0,0,3,0,0,0,0,8,0,0,4,0,1,0,5,0,6,0,3,2,0,0,5,0,1,0,8,0,0,0,4,14,0,13,0,0,0,0,7,0,0,9,1,0,0,6,0,32,24,2,53,0,3,0,0,0,4,0,17,24,0,5,76,114,38,6,163,0,2,0,0,0,7,0,20,5,1,0,95,7,6,3,10,0,2,2,0,0,1,2,17,34,23,0,102
292,0,0,0,1,0,0,0,0,7,0,1,6,0,3,2,13,0,5,0,3,5,3,0,4,0,3,2,8,0,0,1,7,8,0,12,0,0,0,0,4,1,0,6,4,0,0,10,0,50,14,0,48,0,5,0,0,0,3,1,12,22,0,3,63,126,37,9,162,0,1,0,0,0,6,0,12,8,4,0,94,11,3,3,1,0,4,0,0,0,3,1,10,29,16,0,120
293,0,0,0,3,0,0,0,0,7,0,1,2,0,1,1,9,0,4,0,6,2,0,0,5,0,0,0,7,0,0,1,6,11,0,12,0,0,0,0,4,0,0,7,2,0,0,9,0,60,21,1,49,0,5,0,0,0,6,1,15,21,0,4,63,110,49,10,189,0,2,0,0,0,3,0,16,1,1,0,82,3,8,1,13,0,2,3,0,0,3,2,19,18,23,0,96
294,0,0,0,2,0,0,0,0,3,0,0,4,0,0,0,12,0,2,0,5,5,1,0,5,0,1,1,8,0,0,0,7,8,0,11,0,0,0,0,3,0,0,14,3,0,0,12,0,43,36,1,51,0,3,0,0,0,3,2,14,22,0,2,65,108,51,5,170,0,2,0,0,0,6,1,18,3,0,0,92,13,6,6,11,0,1,0,0,0,1,4,11,30,20,0,92
295,0,0,0,5,0,0,0,0,10,0,0,4,0,3,2,10,0,3,0,5,6,0,0,7,0,1,1,3,0,0,1,4,10,0,13,0,0,0,0,9,2,0,4,3,0,0,12,0,49,18,0,40,0,4,0,0,0,6,2,16,14,0,3,85,102,57,7,185,0,1,0,0,0,3,0,7,2,1,0,85,11,6,2,5,0,1,4,0,0,3,5,10,25,28,0,95
296,0,0,0,2,0,0,0,0,7,0,1,1,0,1,0,5,0,2,0,4,3,5,0,3,0,3,0,8,0,0,2,4,8,0,14,0,0,0,0,2,1,0,2,2,0,0,7,0,48,24,1,49,0,2,0,0,0,7,2,15,21,0,2,88,96,37,7,143,0,4,0,0,0,4,1,11,9,2,0,106,13,4,2,6,0,3,3,0,0,5,5,13,35,23,0,122
297,0,0,0,2,0,0,0,0,13,0,1,3,0,1,1,9,0,0,0,2,6,1,0,8,0,1,1,6,0,0,2,1,13,0,18,0,0,0,0,8,0,0,10,2,0,0,9,0,43,26,0,48,0,3,0,0,0,4,1,12,17,0,5,70,112,40,4,170,0,0,0,0,0,7,0,14,6,4,0,85,8,5,5,10,0,2,2,0,0,1,5,11,39,19,0,104
298,0,0,0,2,0,0,0,0,9,0,0,5,0,2,1,11,0,2,0,2,3,0,0,3,0,1,2,6,0,0,0,5,12,0,8,0,0,0,0,4,2,0,9,7,0,0,10,0,52,31,0,41,0,5,0,0,0,5,3,12,23,0,4,69,106,36,15,167,0,0,0,0,0,5,1,8,4,3,0,91,4,5,1,8,0,3,2,0,0,3,7,12,42,12,0,114
299,0,0,0,2,0,0,0,0,11,0,1,8,0,4,0,11,0,4,0,5,6,3,0,3,0,3,2,10,0,0,0,3,12,0,11,0,0,0,0,2,1,0,3,8,0,0,5,0,42,24,0,53,0,0,0,0,0,5,2,7,25,0,6,79,106,43,2,155,0,1,0,0,0,5,0,12,2,2,0,90,10,8,1,9,0,2,0,0,0,2,1,12,33,28,0,115
300,0,0,0,0,0,0,0,0,7,0,1,1,0,0,1,12,0,4,0,8,3,1,0,4,0,4,0,6,0,0,0,5,10,0,18,0,0,0,0,3,0,0,2,7,0,0,12,0,55,22,0,48,0,5,0,0,0,4,2,14,22,0,7,88,112,44,5,149,0,1,0,0,0,2,0,18,4,1,0,83,4,5,1,14,0,3,6,0,0,4,6,9,32,24,0,97
301,0,0,0,1,0,0,0,0,8,0,2,3,0,4,0,12,0,2,0,6,7,2,0,5,0,2,0,2,0,0,0,2,7,0,3,0,0,0,0,5,0,0,4,5,0,0,8,0,53,26,1,37,0,5,0,0,0,5,1,8,22,0,5,67,107,41,7,167,0,2,0,0,0,6,0,18,2,2,0,103,7,5,4,9,0,6,4,0,0,1,5,14,34,20,0,116
302,0,0,0,2,0,0,0,0,6,0,0,3,0,3,0,12,0,5,0,1,5,1,0,2,0,0,0,9,0,0,1,4,11,0,9,0,0,0,0,4,0,0,14,5,0,0,13,0,41,16,0,43,0,4,0,0,0,7,3,19,19,0,2,76,126,48,3,202,0,0,0,0,0,4,0,14,3,2,0,73,10,2,2,7,0,4,2,0,0,1,3,12,32,12,0,98
303,0,0,0,1,0,0,0,0,8,0,0,3,0,2,0,5,0,2,0,4,7,0,0,5,0,3,0,8,0,0,1,3,10,0,11,0,0,0,0,3,0,0,7,5,0,0,7,0,45,26,1,40,0,2,0,0,0,3,3,16,18,0,3,92,129,52,3,166,0,2,0,0,0,4,1,9,2,1,0,81,7,8,3,4,0,1,3,0,0,1,3,19,32,19,0,106
304,0,0,0,3,0,0,0,0,4,0,0,2,0,2,1,15,0,7,0,5,4,1,0,1,0,3,2,10,0,0,1,2,4,0,15,0,0,0,0,1,1,0,6,1,0,0,9,0,55,23,0,39,0,2,0,0,0,4,2,8,24,0,5,78,96,55,8,168,0,1,0,0,0,2,0,18,5,3,0,82,11,5,3,9,0,6,1,0,0,2,0,16,26,21,0,122
305,0,0,0,3,0,0,0,0,5,0,0,3,0,1,0,6,0,4,0,3,4,2,0,2,0,1,0,4,0,0,0,4,13,0,12,0,0,0,0,6,1,0,2,4,0,0,7,0,53,31,1,52,0,2,0,0,0,5,2,12,26,0,4,76,120,53,11,143,0,3,0,0,0,6,1,14,7,3,0,97,10,4,3,6,0,2,3,0,0,2,2,10,27,17,0,105
306,0,0,0,2,0,0,0,0,12,0,0,2,0,5,1,9,0,5,0,4,7,3,0,1,0,4,0,9,0,0,2,2,10,0,6,0,0,0,0,5,0,0,6,1,0,0,10,0,50,23,3,39,0,5,0,0,0,3,2,20,18,0,4,67,114,40,2,157,0,0,0,0,0,6,2,11,6,4,0,112,14,10,2,7,0,2,1,0,0,1,4,12,36,22,0,95
307,0,0,0,5,0,0,0,0,13,0,1,4,0,0,0,7,0,1,0,3,4,2,0,1,0,3,1,5,0,0,1,1,11,0,12,0,0,0,0,4,0,0,8,4,0,0,7,0,50,22,2,32,0,0,0,0,0,6,4,15,18,0,2,76,124,59,5,163,0,2,0,0,0,1,1,15,1,2,0,92,11,7,2,14,0,3,2,0,0,0,3,13,35,15,0,105
308,0,0,0,0,0,0,0,0,14,0,0,3,0,3,0,10,0,6,0,4,3,1,0,4,0,2,0,6,0,0,0,7,9,0,11,0,0,0,0,1,3,0,8,2,0,0,10,0,45,20,1,47,0,3,0,0,0,11,3,16,15,0,2,80,114,42,11,160,0,0,0,0,0,5,0,7,2,0,0,89,9,3,5,3,0,1,4,0,0,2,0,11,39,33,0,110
309,0,0,0,3,0,0,0,0,7,0,0,4,0,2,1,12,0,3,0,4,6,1,0,2,0,4,1,8,0,0,1,7,13,0,11,0,0,0,0,4,1,0,9,2,0,0,9,0,68,17,0,50,0,1,0,0,0,3,8,10,16,0,4,61,106,46,2,163,0,5,0,0,0,2,0,14,4,4,0,108,7,6,1,5,0,1,0,0,0,4,2,13,23,14,0,117
310,0,0,0,1,0,0,0,0,9,0,0,3,0,1,2,11,0,6,0,2,1,0,0,1,0,0,2,8,0,0,2,3,8,0,15,0,0,0,0,5,0,0,11,5,0,0,11,0,44,24,0,47,0,2,0,0,0,4,1,16,16,0,4,67,115,42,4,173,0,3,0,0,0,3,0,14,3,3,0,97,5,7,2,10,0,1,5,0,0,2,2,10,35,21,0,111
311,0,0,0,4,0,0,0,0,15,0,0,4,0,3,1,8,0,7,0,4,4,0,0,7,0,4,1,9,0,0,0,3,7,0,9,0,0,0,0,5,0,0,8,3,0,0,11,0,35,28,2,48,0,1,0,0,0,1,7,11,25,0,5,78,101,40,7,159,0,2,0,0,0,2,0,12,4,1,0,122,6,6,4,5,0,1,1,0,0,1,2,12,32,28,0,94
312,0,0,0,1,0,0,0,0,9,0,1,6,0,4,0,10,0,8,0,4,3,0,0,2,0,2,0,13,0,0,0,5,9,0,16,0,0,0,0,2,0,0,6,3,0,0,6,0,50,23,0,48,0,5,0,0,0,4,5,11,29,0,3,65,112,36,5,179,0,0,0,0,0,2,1,8,5,3,0,101,9,6,2,6,0,1,2,0,0,3,5,10,34,17,0,100
313,0,0,0,0,0,0,0,0,5,0,1,4,0,0,2,6,0,8,0,4,4,1,0,2,0,1,0,3,0,0,1,2,12,0,14,0,0,0,0,5,0,0,9,5,0,0,8,0,51,27,1,47,0,3,0,0,0,4,1,18,14,0,4,80,109,36,4,195,0,2,0,0,0,3,1,8,4,3,0,97,11,6,1,2,0,2,4,0,0,1,2,16,23,16,0,107
314,0,0,0,1,0,0,0,0,8,0,0,2,0,2,0,9,0,3,0,5,8,2,0,2,0,2,1,9,0,0,1,5,14,0,12,0,0,0,0,4,0,0,7,7,0,0,12,0,56,26,0,49,0,3,0,0,0,4,4,18,25,0,4,83,105,47,6,161,0,3,0,0,0,4,0,18,1,1,0,71,11,2,2,6,0,3,3,0,0,2,4,14,28,18,0,102
315,0,0,0,1,0,0,0,0,12,0,0,5,0,1,2,16,0,7,0,3,3,1,0,4,0,3,0,8,0,0,2,5,14,0,15,0,0,0,0,5,0,0,6,3,0,0,8,0,51,23,0,40,0,0,0,0,0,2,5,16,16,0,4,92,110,45,4,167,0,3,0,0,0,3,0,15,1,2,0,102,5,1,0,12,0,3,5,0,0,0,0,8,30,16,0,95
316,0,0,0,2,0,0,0,0,5,0,1,7,0,0,0,9,0,5,0,4,10,0,0,2,0,3,1,7,0,0,0,3,9,0,14,0,0,0,0,2,0,0,4,3,0,0,11,0,62,19,2,33,0,6,0,0,0,4,3,13,22,0,4,71,107,48,2,169,0,1,0,0,0,0,0,10,5,1,0,107,7,7,4,11,0,1,3,0,0,0,3,24,38,13,0,98
317,0,0,0,2,0,0,0,0,8,0,0,4,0,2,1,12,0,9,0,5,5,1,0,3,0,2,0,9,0,0,0,3,12,0,15,0,0,0,0,2,0,0,9,3,0,0,12,0,47,20,1,44,0,4,0,0,0,5,6,16,19,0,8,69,117,49,5,188,0,5,0,0,0,3,0,10,3,1,0,80,5,0,2,6,0,1,4,0,0,5,1,11,21,21,0,104
318,0,0,0,2,0,0,0,0,9,0,0,7,0,2,2,11,0,4,0,3,5,0,0,5,0,1,2,4,0,0,0,5,16,0,7,0,0,0,0,2,0,0,4,4,0,0,8,0,47,27,2,38,0,5,0,0,0,7,1,12,29,0,3,76,111,42,3,169,0,1,0,0,0,3,1,10,4,1,0,103,10,5,0,8,0,3,3,0,0,1,1,16,34,22,0,99
319,0,0,0,3,0,0,0,0,12,0,0,6,0,5,0,8,0,3,0,4,2,1,0,4,0,3,1,6,0,0,0,7,13,0,8,0,0,0,0,2,0,0,6,6,0,0,8,0,42,24,0,36,0,7,0,0,0,9,4,18,21,0,5,77,107,45,5,166,0,3,0,0,0,3,0,14,7,2,0,94,6,9,1,9,0,4,4,0,0,1,5,11,29,16,0,108
320,0,0,0,2,0,0,0,0,3,0,0,3,0,3,1,15,0,0,0,4,6,1,0,1,0,1,0,6,0,0,1,4,8,0,16,0,0,0,0,6,1,0,3,4,0,0,11,0,66,23,2,37,0,3,0,0,0,7,2,14,27,0,2,73,99,44,4,178,0,0,0,0,0,7,0,1,4,2,0,94,10,6,2,5,0,2,2,0,0,4,4,18,22,26,0,110
321,0,0,0,0,0,0,0,0,10,0,1,8,0,3,1,9,0,1,0,5,3,1,0,3,0,3,0,13,0,0,1,3,11,0,10,0,0,0,0,2,1,0,6,5,0,0,10,0,43,30,1,44,0,3,0,0,0,6,3,17,18,0,3,71,129,35,7,166,0,3,0,0,0,2,0,13,3,3,0,93,6,4,3,6,0,3,3,0,0,2,3,11,30,18,0,108
322,0,0,0,1,0,0,0,0,15,0,0,2,0,1,0,17,0,4,0,6,5,0,0,5,0,2,0,6,0,0,0,5,14,0,7,0,0,0,0,4,0,0,9,2,0,0,9,0,49,26,0,42,0,5,0,0,0,6,3,6,16,0,3,74,107,48,4,171,0,0,0,0,0,3,0,14,7,0,0,104,9,5,2,9,0,4,3,0,0,2,2,12,33,23,0,94
323,0,0,0,0,0,0,0,0,7,0,1,2,0,2,1,7,0,6,0,5,3,0,0,7,0,1,0,11,0,0,0,4,7,0,10,0,0,0,0,3,0,0,7,2,0,0,16,0,59,17,1,38,0,3,0,0,0,5,2,16,24,0,1,89,132,38,6,161,0,4,0,0,0,4,0,11,1,3,0,83,6,8,2,8,0,2,1,0,0,3,1,13,28,24,0,104
324,0,0,0,2,0,0,0,0,8,0,0,6,0,4,0,10,0,6,0,3,4,0,0,3,0,1,0,6,0,0,0,8,14,0,13,0,0,0,0,3,0,0,8,3,0,0,6,0,53,28,0,42,0,3,0,0,0,2,2,17,19,0,2,80,110,56,10,181,0,3,0,0,0,7,0,11,5,3,0,84,7,6,1,9,0,1,1,0,0,0,2,10,31,17,0,89
325,0,0,0,5,0,0,0,0,8,0,0,4,0,1,1,9,0,7,0,3,7,2,0,2,0,2,0,4,0,0,0,8,16,0,10,0,0,0,0,3,0,0,2,7,0,0,3,0,44,27,1,36,0,3,0,0,0,3,4,11,19,0,2,72,114,41,8,175,0,1,0,0,0,6,0,12,8,3,0,98,7,4,2,6,0,3,1,0,0,1,5,22,32,18,0,107
326,0,0,0,1,0,0,0,0,10,0,0,3,0,5,0,7,0,3,0,4,3,2,0,5,0,4,1,4,0,0,0,6,15,0,12,0,0,0,0,5,0,0,5,8,0,0,11,0,56,26,0,42,0,3,0,0,0,7,3,16,20,0,5,63,109,50,5,179,0,1,0,0,0,3,0,11,6,3,0,95,3,10,2,8,0,5,2,0,0,0,2,7,32,22,0,90
327,0,0,0,1,0,0,0,0,6,0,0,5,0,3,2,8,0,3,0,6,9,0,0,2,0,1,2,6,0,0,0,3,7,0,13,0,0,0,0,1,2,0,6,3,0,0,8,0,40,30,0,53,0,3,0,0,0,3,2,14,21,0,6,60,89,50,8,177,0,0,0,0,0,4,1,20,4,3,0,96,10,4,3,12,0,2,5,0,0,1,2,12,37,25,0,106
328,0,0,0,2,0,0,0,0,4,0,0,3,0,3,0,12,0,8,0,1,2,0,0,2,0,3,2,3,0,0,2,4,14,0,13,0,0,0,0,2,1,0,5,4,0,0,5,0,45,22,0,52,0,2,0,0,0,5,1,7,22,0,5,73,115,44,6,174,0,2,0,0,0,1,0,25,5,1,0,86,10,4,1,7,0,0,3,0,0,3,2,11,43,20,0,108
329,0,0,0,1,0,0,0,0,5,0,0,2,0,2,1,14,0,4,0,2,4,3,0,3,0,2,0,10,0,0,1,3,13,0,9,0,0,0,0,2,1,0,3,0,0,0,14,0,41,20,0,44,0,4,0,0,0,6,0,21,20,0,3,75,109,44,7,178,0,3,0,0,0,7,1,9,5,0,0,102,8,6,1,12,0,5,2,0,0,1,3,13,35,23,0,93
330,0,0,0,1,0,0,0,0,8,0,0,2,0,4,0,10,0,2,0,4,3,1,0,6,0,0,0,11,0,0,1,1,8,0,12,0,0,0,0,1,1,0,8,2,0,0,7,0,44,25,1,44,0,3,0,0,0,5,3,19,19,0,3,72,133,56,7,177,0,1,0,0,0,3,0,12,4,2,0,100,4,3,3,5,0,4,2,0,0,1,3,9,32,18,0,90
331,0,0,0,1,0,0,0,0,4,0,1,6,0,1,3,10,0,5,0,5,8,0,0,1,0,2,1,9,0,0,1,5,9,0,10,0,0,0,0,4,0,0,8,2,0,0,9,0,41,23,0,44,0,7,0,0,0,6,4,11,15,0,4,95,102,50,2,172,0,1,0,0,0,2,0,12,5,1,0,90,7,4,3,8,0,3,4,0,0,5,1,15,26,15,0,117
332,0,0,0,2,0,0,0,0,5,0,0,5,0,4,0,5,0,1,0,2,8,2,0,3,0,1,0,8,0,0,1,2,11,0,13,0,0,0,0,2,0,0,4,3,0,0,14,0,50,15,0,43,0,4,0,0,0,3,5,14,15,0,8,75,110,45,8,189,0,3,0,0,0,5,1,13,4,3,0,88,5,5,2,8,0,1,4,0,0,3,2,18,27,17,0,111
333,0,0,0,4,0,0,0,0,6,0,1,5,0,0,1,10,0,4,0,8,3,1,0,5,0,2,1,2,0,0,0,5,13,0,12,0,0,0,0,5,1,0,4,5,0,0,13,0,62,15,1,40,0,6,0,0,0,5,3,18,21,0,6,67,124,40,6,160,0,1,0,0,0,1,1,11,3,1,0,83,10,10,1,7,0,1,2,0,0,0,7,17,28,17,0,114
334,0,0,0,3,0,0,0,0,9,0,0,7,0,2,2,12,0,3,0,2,9,0,0,3,0,1,0,5,0,0,1,2,9,0,17,0,0,0,0,3,0,0,7,6,0,0,8,0,46,26,0,43,0,4,0,0,0,3,1,16,24,0,3,77,107,41,8,159,0,1,0,0,0,6,0,21,6,1,0,98,9,2,4,9,0,2,3,0,0,1,3,9,27,28,0,101
335,0,0,0,2,0,0,0,0,8,0,3,5,0,0,1,9,0,4,0,3,2,1,0,5,0,2,1,5,0,0,0,2,15,0,9,0,0,0,0,1,2,0,6,3,0,0,9,0,59,28,0,45,0,6,0,0,0,7,4,8,16,0,3,66,123,46,9,159,0,1,0,0,0,1,1,17,3,4,0,100,10,4,6,5,0,1,1,0,0,1,0,11,23,23,0,111
336,0,0,0,1,0,0,0,0,12,0,4,3,0,0,0,10,0,4,0,4,5,2,0,3,0,0,0,10,0,0,1,6,12,0,15,0,0,0,0,6,0,0,6,2,0,0,9,0,53,21,0,45,0,4,0,0,0,5,3,8,27,0,3,60,117,50,10,172,0,2,0,0,0,2,2,10,7,4,0,84,8,5,1,12,0,3,1,0,0,0,2,15,27,16,0,106
337,0,0,0,0,0,0,0,0,7,0,2,3,0,2,0,7,0,4,0,3,5,0,0,6,0,2,1,5,0,0,0,3,9,0,14,0,0,0,0,10,0,0,9,5,0,0,6,0,52,19,1,46,0,2,0,0,0,6,3,19,31,0,3,78,115,46,3,166,0,0,0,0,0,2,2,12,6,2,0,99,12,4,2,9,0,4,1,0,0,4,7,13,29,15,0,84
338,0,0,0,1,0,0,0,0,9,0,0,4,0,3,0,13,0,6,0,3,3,1,0,0,0,2,0,4,0,0,1,1,9,0,11,0,0,0,0,2,2,0,7,6,0,0,14,0,44,34,1,38,0,4,0,0,0,8,0,16,24,0,2,79,117,42,8,158,0,2,0,0,0,4,1,17,3,0,0,109,5,6,2,9,0,3,1,0,0,1,0,10,27,21,0,102
339,0,0,0,2,0,0,0,0,3,0,1,4,0,3,0,12,0,4,0,6,2,2,0,1,0,3,0,4,0,0,1,1,12,0,10,0,0,0,0,2,0,0,4,2,0,0,8,0,39,33,0,41,0,1,0,0,0,5,4,18,18,0,3,81,123,45,3,175,0,3,0,0,0,3,0,10,5,1,0,97,10,7,2,11,0,3,3,0,0,0,5,10,25,20,0,109
340,0,0,0,4,0,0,0,0,8,0,1,2,0,1,1,12,0,1,0,7,5,0,0,3,0,0,0,6,0,0,0,5,9,0,6,0,0,0,0,5,0,0,6,2,0,0,9,0,44,26,0,34,0,4,0,0,0,6,5,10,25,0,4,80,122,38,4,183,0,3,0,0,0,3,2,8,3,5,0,95,2,5,1,5,0,4,1,0,0,0,2,18,38,30,0,97
341,0,0,0,3,0,0,0,0,9,0,2,1,0,2,0,12,0,1,0,3,2,1,0,1,0,3,1,7,0,0,0,4,8,0,10,0,0,0,0,1,2,0,7,1,0,0,11,0,45,25,2,36,0,6,0,0,0,8,2,13,21,0,5,72,111,51,8,188,0,2,0,0,0,3,0,11,6,2,0,92,13,5,3,6,0,4,2,0,0,2,3,10,30,22,0,99
342,0,0,0,1,0,0,0,0,7,0,1,5,0,1,1,9,0,4,0,5,2,1,0,0,0,1,1,8,0,0,2,3,8,0,12,0,0,0,0,1,1,0,9,1,0,0,6,0,58,23,0,31,0,6,0,0,0,5,2,24,25,0,8,73,108,41,8,178,0,0,0,0,0,7,0,9,7,2,0,90,14,6,2,4,0,2,0,0,0,1,2,18,36,30,0,90
343,0,0,0,2,0,0,0,0,6,0,1,3,0,5,2,13,0,4,0,2,2,0,0,4,0,0,0,7,0,0,0,3,13,0,13,0,0,0,0,7,0,0,5,2,0,0,13,0,46,28,0,38,0,1,0,0,0,3,1,14,23,0,3,75,116,48,11,181,0,2,0,0,0,4,0,22,3,3,0,92,5,4,2,9,0,1,1,0,0,2,3,10,28,28,0,86
344,0,0,0,1,0,0,0,0,10,0,0,4,0,2,1,14,0,7,0,5,6,0,0,1,0,3,1,5,0,0,1,5,13,0,18,0,0,0,0,3,1,0,12,1,0,0,10,0,53,22,1,44,0,2,0,0,0,8,2,13,18,0,6,68,107,44,4,173,0,2,0,0,0,2,0,10,5,5,0,104,10,3,2,2,0,2,2,0,0,2,0,13,28,18,0,101
345,0,0,0,3,0,0,0,0,12,0,0,2,0,2,0,13,0,7,0,3,1,1,0,4,0,2,0,7,0,0,2,3,5,0,15,0,0,0,0,1,0,0,11,3,0,0,10,0,36,17,0,43,0,4,0,0,0,6,3,18,24,0,3,80,88,49,15,192,0,2,0,0,0,4,0,13,6,4,0,99,9,3,1,3,0,2,1,0,0,1,3,14,25,19,0,106
346,0,0,0,1,0,0,0,0,10,0,0,0,0,3,0,12,0,4,0,4,5,2,0,5,0,2,0,4,0,0,2,1,5,0,8,0,0,0,0,7,0,0,6,7,0,0,8,0,60,21,0,58,0,6,0,0,0,3,3,12,19,0,5,58,113,54,9,173,0,1,0,0,0,5,0,12,4,3,0,101,7,5,1,4,0,4,4,0,0,3,5,14,23,16,0,98
347,0,0,0,2,0,0,0,0,5,0,3,2,0,2,0,8,0,0,0,4,5,1,0,5,0,2,0,2,0,0,0,3,12,0,15,0,0,0,0,4,0,0,9,2,0,0,10,0,45,20,0,52,0,2,0,0,0,6,3,14,17,0,4,69,108,44,6,173,0,1,0,0,0,3,4,18,6,3,0,105,10,5,1,5,0,1,0,0,0,2,3,17,28,16,0,113
348,0,0,0,1,0,0,0,0,5,0,1,6,0,3,1,8,0,3,0,5,6,0,0,1,0,1,1,3,0,0,2,8,7,0,9,0,0,0,0,8,0,0,8,6,0,0,7,0,48,30,0,41,0,1,0,0,0,6,3,13,15,0,6,78,118,33,2,166,0,0,0,0,0,5,0,14,7,1,0,112,7,6,1,8,0,0,6,0,0,1,0,9,30,23,0,110
349,0,0,0,1,0,0,0,0,6,0,1,5,0,2,1,8,0,4,0,5,3,2,0,4,0,1,1,3,0,0,0,8,6,0,15,0,0,0,0,2,1,0,1,0,0,0,13,0,46,30,0,52,0,4,0,0,0,6,4,14,19,0,6,72,107,48,8,166,0,2,0,0,0,2,0,15,0,1,0,98,9,5,2,6,0,2,3,0,0,1,2,18,33,18,0,108
350,0,0,0,1,0,0,0,0,14,0,1,1,0,0,0,15,0,2,0,4,3,1,0,3,0,3,0,5,0,0,0,4,16,0,11,0,0,0,0,4,1,0,3,7,0,0,9,0,49,23,1,40,0,7,0,0,0,1,2,12,20,0,2,71,98,44,6,186,0,4,0,0,0,3,0,20,7,3,0,102,10,5,1,7,0,3,1,0,0,1,3,11,32,20,0,97
351,0,0,0,2,0,0,0,0,5,0,1,5,0,2,1,14,0,2,0,5,6,1,0,3,0,4,0,13,0,0,0,4,8,0,14,0,0,0,0,5,1,0,6,3,0,0,7,0,43,19,0,44,0,8,0,0,0,3,2,14,22,0,4,76,114,31,9,186,0,2,0,0,0,2,1,10,4,2,0,109,10,6,1,9,0,1,0,0,0,1,2,9,24,26,0,94
352,0,0,0,1,0,0,0,0,11,0,0,1,0,2,0,10,0,2,0,4,4,1,0,2,0,2,1,6,0,0,0,4,7,0,7,0,0,0,0,3,1,0,3,1,0,0,6,0,43,25,0,37,0,2,0,0,0,4,8,17,25,0,6,80,109,51,5,179,0,3,0,0,0,7,2,12,2,4,0,93,4,9,2,9,0,5,3,0,0,0,3,12,42,17,0,101
353,0,0,0,1,0,0,0,0,7,0,0,6,0,1,0,10,0,2,0,3,6,0,0,6,0,1,0,6,0,0,1,4,8,0,7,0,0,0,0,9,0,0,3,5,0,0,10,0,44,16,1,42,0,4,0,0,0,7,3,14,26,0,4,73,106,59,9,150,0,2,0,0,0,3,0,16,4,2,0,107,11,8,0,9,0,0,4,0,0,1,2,15,36,15,0,111
354,0,0,0,1,0,0,0,0,7,0,1,2,0,0,0,9,0,1,0,5,5,1,0,2,0,3,0,5,0,0,1,6,13,0,9,0,0,0,0,2,1,0,5,1,0,0,10,0,51,31,2,51,0,4,0,0,0,6,3,25,27,0,2,75,113,47,7,163,0,2,0,0,0,7,0,11,0,4,0,102,11,4,2,9,0,0,4,0,0,1,4,10,31,17,0,84
355,0,0,0,1,0,0,0,0,10,0,0,4,0,2,0,10,0,7,0,3,5,0,0,2,0,4,1,6,0,0,0,4,8,0,10,0,0,0,0,3,0,0,4,7,0,0,10,0,50,24,0,44,0,4,0,0,0,6,4,18,27,0,5,75,114,47,7,173,0,2,0,0,0,1,0,15,3,0,0,101,7,4,2,7,0,1,3,0,0,3,1,12,25,26,0,88
356,0,0,0,1,0,0,0,0,7,0,0,5,0,2,0,8,0,5,0,5,8,1,0,3,0,1,0,4,0,0,0,2,11,0,12,0,0,0,0,4,1,0,6,4,0,0,12,0,48,29,0,40,0,4,0,0,0,7,3,17,30,0,4,67,111,32,5,164,0,1,0,0,0,4,1,10,6,1,0,107,4,6,4,8,0,3,2,0,0,1,3,14,25,18,0,119
357,0,0,0,2,0,0,0,0,7,0,1,1,0,2,2,13,0,3,0,6,3,1,0,2,0,2,0,13,0,0,0,3,22,0,11,0,0,0,0,7,0,0,4,5,0,0,11,0,57,23,0,49,0,5,0,0,0,4,6,13,17,0,4,64,90,36,4,182,0,0,0,0,0,3,1,15,3,4,0,94,9,9,1,8,0,4,2,0,0,2,1,13,40,10,0,106
358,0,0,0,3,0,0,0,0,7,0,0,3,0,4,0,8,0,2,0,5,5,1,0,0,0,1,2,6,0,0,0,6,14,0,11,0,0,0,0,5,1,0,5,4,0,0,8,0,57,27,1,43,0,0,0,0,0,4,6,23,24,0,3,77,95,43,6,152,0,0,0,0,0,6,0,13,5,2,0,100,13,4,2,4,0,2,2,0,0,4,3,11,28,27,0,112
359,0,0,0,3,0,0,0,0,15,0,1,2,0,3,1,9,0,3,0,4,5,4,0,4,0,1,1,7,0,0,1,2,9,0,18,0,0,0,0,1,0,0,1,4,0,0,15,0,35,25,1,33,0,1,0,0,0,4,3,9,16,0,6,80,119,56,5,185,0,1,0,0,0,4,1,8,5,3,0,100,4,7,1,10,0,1,2,0,0,2,3,16,36,23,0,81
360,0,0,0,2,0,0,0,0,11,0,0,2,0,3,0,15,0,3,0,0,8,1,0,2,0,0,0,14,0,0,1,3,14,0,16,0,0,0,0,8,1,0,6,0,0,0,8,0,53,24,0,37,0,3,0,0,0,4,2,13,14,0,5,80,123,45,9,157,0,3,0,0,0,2,0,9,4,2,0,78,9,3,2,8,0,1,0,0,0,4,4,15,41,29,0,99
361,0,0,0,0,0,0,0,0,4,0,0,5,0,5,1,15,0,1,0,1,6,3,0,4,0,3,0,9,0,0,1,6,8,0,16,0,0,0,0,6,0,0,6,3,0,0,5,0,34,33,1,44,0,5,0,0,0,8,2,19,18,0,2,74,116,45,5,176,0,1,0,0,0,1,0,19,3,0,0,93,7,6,1,5,0,3,3,0,0,2,3,13,31,15,0,104
362,0,0,0,0,0,0,0,0,8,0,1,0,0,3,2,10,0,5,0,3,4,0,0,1,0,1,0,10,0,0,1,2,13,0,13,0,0,0,0,2,1,0,5,5,0,0,10,0,53,19,0,35,0,2,0,0,0,9,3,19,29,0,4,78,129,52,8,155,0,2,0,0,0,5,0,13,4,1,0,91,9,6,4,4,0,0,0,0,0,1,6,15,33,16,0,95
363,0,0,0,3,0,0,0,0,12,0,0,1,0,1,1,9,0,3,0,3,5,0,0,3,0,1,1,6,0,0,1,5,15,0,10,0,0,0,0,6,0,0,5,4,0,0,9,0,61,24,0,45,0,5,0,0,0,6,4,10,25,0,4,66,94,48,1,175,0,3,0,0,0,5,1,20,4,2,0,108,12,4,1,3,0,1,3,0,0,3,0,13,34,21,0,90
364,0,0,0,2,0,0,0,0,6,0,3,7,0,3,1,11,0,3,0,3,9,1,0,4,0,3,0,6,0,0,0,2,15,0,16,0,0,0,0,2,0,0,7,1,0,0,17,0,60,25,0,35,0,2,0,0,0,5,1,11,23,0,2,64,118,36,4,183,0,3,0,0,0,1,1,11,2,3,0,80,10,7,1,2,0,3,4,0,0,1,2,13,41,26,0,98
365,0,0,0,3,0,0,0,0,16,0,0,5,0,4,0,11,0,3,0,8,3,4,0,3,0,1,1,5,0,0,0,3,7,0,11,0,0,0,0,5,1,0,5,3,0,0,11,0,60,24,0,32,0,6,0,0,0,2,3,18,24,0,6,61,111,51,9,171,0,0,0,0,0,4,1,8,3,3,0,88,8,6,3,13,0,2,1,0,0,0,1,20,28,22,0,98
366,0,0,0,2,0,0,0,0,7,0,1,10,0,2,0,12,0,2,0,7,5,1,0,4,0,1,0,4,0,0,0,6,9,0,14,0,0,0,0,6,1,0,5,2,0,0,11,0,52,28,0,50,0,4,0,0,0,5,0,12,18,0,3,77,121,35,8,176,0,2,0,0,0,4,2,13,3,0,0,100,8,3,2,7,0,3,4,0,0,1,1,9,19,23,0,95
367,0,0,0,1,0,0,0,0,13,0,1,3,0,4,0,10,0,5,0,4,2,3,0,5,0,0,0,6,0,0,1,4,13,0,7,0,0,0,0,4,0,0,5,4,0,0,3,0,55,28,1,45,0,3,0,0,0,2,6,23,17,0,3,79,101,47,10,176,0,4,0,0,0,2,0,14,7,1,0,76,7,4,5,10,0,3,3,0,0,1,2,12,28,21,0,106
368,0,0,0,1,0,0,0,0,9,0,1,5,0,3,1,6,0,5,0,3,4,0,0,1,0,2,1,7,0,0,0,3,11,0,13,0,0,0,0,5,1,0,6,5,0,0,7,0,60,22,0,45,0,1,0,0,0,5,0,19,10,0,7,80,112,34,5,165,0,0,0,0,0,1,1,17,4,2,0,103,11,9,2,2,0,1,3,0,0,3,5,13,27,25,0,106
369,0,0,0,2,0,0,0,0,6,0,1,1,0,3,1,12,0,4,0,6,3,1,0,5,0,1,0,5,0,0,0,3,17,0,11,0,0,0,0,6,0,0,5,3,0,0,9,0,45,35,0,36,0,4,0,0,0,1,1,18,34,0,5,65,114,42,4,163,0,1,0,0,0,4,0,7,6,2,0,98,5,5,2,4,0,4,3,0,0,2,4,12,38,25,0,106
370,0,0,0,1,0,0,0,0,4,0,0,3,0,0,3,14,0,2,0,5,5,1,0,4,0,1,0,6,0,0,3,4,10,0,12,0,0,0,0,3,2,0,8,4,0,0,6,0,35,22,1,35,0,2,0,0,0,5,2,19,23,0,1,78,99,59,7,153,0,2,0,0,0,3,2,23,2,3,0,86,7,4,2,11,0,3,2,0,0,1,1,17,30,26,0,133
371,0,0,0,3,0,0,0,0,10,0,1,0,0,0,0,17,0,5,0,6,1,3,0,3,0,2,1,9,0,0,0,3,3,0,10,0,0,0,0,10,1,0,7,8,0,0,8,0,47,19,0,42,0,4,0,0,0,3,4,13,14,0,10,63,117,35,5,177,0,1,0,0,0,2,0,17,8,1,0,106,10,6,4,8,0,3,3,0,0,1,2,22,30,16,0,96
372,0,0,0,3,0,0,0,0,15,0,2,8,0,2,1,12,0,7,0,1,5,1,0,2,0,2,0,4,0,0,1,5,13,0,19,0,0,0,0,2,0,0,2,2,0,0,9,0,44,24,0,48,0,4,0,0,0,7,1,19,20,0,4,75,114,41,2,170,0,3,0,0,0,3,1,13,5,3,0,89,4,5,2,10,0,4,2,0,0,3,3,9,31,25,0,94
373,0,0,0,4,0,0,0,0,14,0,1,7,0,4,1,14,0,3,0,2,2,4,0,4,0,0,1,3,0,0,0,4,14,0,13,0,0,0,0,7,0,0,7,5,0,0,9,0,25,18,1,47,0,2,0,0,0,7,5,25,15,0,7,73,113,39,7,179,0,0,0,0,0,2,0,11,6,3,0,105,6,2,0,7,0,5,3,0,0,2,2,8,38,20,0,94
374,0,0,0,3,0,0,0,0,6,0,0,5,0,6,1,15,0,7,0,2,5,1,0,5,0,4,0,4,0,0,0,2,7,0,5,0,0,0,0,3,0,0,9,1,0,0,10,0,47,29,0,48,0,2,0,0,0,6,3,13,20,0,4,63,133,49,8,148,0,0,0,0,0,5,0,16,6,6,0,95,4,9,2,8,0,1,3,0,0,2,6,11,25,32,0,95
375,0,0,0,4,0,0,0,0,13,0,0,3,0,1,1,16,0,4,0,6,1,0,0,0,0,1,0,6,0,0,0,5,10,0,10,0,0,0,0,3,0,0,3,4,0,0,9,0,66,23,1,43,0,5,0,0,0,3,6,21,18,0,1,79,97,49,6,162,0,1,0,0,0,5,1,13,5,0,0,105,6,5,2,5,0,2,2,0,0,3,6,11,35,18,0,95
376,0,0,0,1,0,0,0,0,1,0,0,1,0,2,1,15,0,6,0,5,6,0,0,5,0,1,2,5,0,0,4,4,9,0,8,0,0,0,0,1,0,0,16,1,0,0,12,0,42,35,0,43,0,4,0,0,0,8,4,17,22,0,4,94,97,44,7,152,0,1,0,0,0,5,2,12,6,5,0,84,6,6,3,8,0,1,2,0,0,2,6,12,46,19,0,95
377,0,0,0,3,0,0,0,0,11,0,1,2,0,2,0,15,0,2,0,4,3,2,0,4,0,2,1,8,0,0,0,6,8,0,8,0,0,0,0,4,0,0,4,2,0,0,16,0,42,24,1,47,0,5,0,0,0,7,0,17,26,0,2,68,119,54,7,157,0,2,0,0,0,2,1,20,3,2,0,95,6,7,1,6,0,2,6,0,0,0,2,9,33,25,0,94
378,0,0,0,5,0,0,0,0,9,0,1,3,0,1,0,7,0,5,0,0,4,4,0,3,0,2,0,6,0,0,2,4,11,0,15,0,0,0,0,5,0,0,3,3,0,0,7,0,53,18,0,46,0,5,0,0,0,4,3,13,23,0,6,64,95,44,7,187,0,1,0,0,0,3,1,13,5,4,0,84,3,6,6,13,0,4,2,0,0,5,4,12,33,32,0,101
379,0,0,0,2,0,0,0,0,7,0,0,1,0,0,2,8,0,3,0,2,2,1,0,3,0,0,0,7,0,0,1,5,14,0,7,0,0,0,0,2,0,0,1,5,0,0,13,0,42,24,0,51,0,5,0,0,0,4,3,11,14,0,1,81,115,51,7,157,0,0,0,0,0,3,0,18,3,0,0,110,7,5,6,6,0,3,4,0,0,0,3,9,34,25,0,112
380,0,0,0,2,0,0,0,0,8,0,0,4,0,2,1,7,0,3,0,3,3,1,0,0,0,3,0,3,0,0,0,5,16,0,11,0,0,0,0,4,0,0,4,6,0,0,10,0,53,30,0,48,0,2,0,0,0,5,2,13,27,0,2,78,91,39,6,191,0,2,0,0,0,3,2,15,5,1,0,96,10,4,1,6,0,2,5,0,0,0,4,11,26,18,0,106
381,0,0,0,1,0,0,0,0,12,0,1,5,0,2,0,8,0,4,0,4,5,1,0,4,0,5,2,6,0,0,0,7,8,0,7,0,0,0,0,3,2,0,4,2,0,0,6,0,57,22,1,42,0,2,0,0,0,3,6,13,24,0,4,88,104,36,6,159,0,1,0,0,0,3,0,16,2,1,0,97,14,4,2,8,0,1,1,0,0,0,4,14,33,21,0,112
382,0,0,0,3,0,0,0,0,9,0,0,2,0,1,0,10,0,10,0,3,4,4,0,0,0,3,2,8,0,0,1,5,11,0,10,0,0,0,0,3,2,0,9,4,0,0,11,0,59,19,0,37,0,3,0,0,0,0,4,13,17,0,3,82,121,47,7,164,0,2,0,0,0,3,0,16,5,0,0,81,7,4,1,10,0,1,4,0,0,2,4,10,21,17,0,121
383,0,0,0,0,0,0,0,0,16,0,0,1,0,5,0,12,0,5,0,4,1,1,0,1,0,1,0,5,0,0,0,3,14,0,10,0,0,0,0,6,0,0,7,3,0,0,7,0,45,29,1,47,0,3,0,0,0,5,4,12,29,0,1,87,118,47,6,166,0,2,0,0,0,2,2,12,2,1,0,79,6,7,1,9,0,1,1,0,0,2,2,10,32,19,0,108
384,0,0,0,0,0,0,0,0,8,0,2,3,0,2,0,11,0,4,0,5,6,1,0,3,0,2,1,8,0,0,0,5,10,0,7,0,0,0,0,4,1,0,4,3,0,0,12,0,50,24,1,37,0,5,0,0,0,3,1,14,17,0,4,71,124,44,6,188,0,3,0,0,0,2,1,16,3,2,0,86,4,2,1,6,0,4,1,0,0,1,3,7,37,23,0,107
385,0,0,0,3,0,0,0,0,6,0,0,2,0,2,1,6,0,0,0,7,1,0,0,3,0,1,1,6,0,0,0,4,14,0,19,0,0,0,0,1,2,0,6,4,0,0,9,0,45,24,0,41,0,0,0,0,0,8,2,16,18,0,7,66,119,51,6,177,0,1,0,0,0,3,0,17,8,1,0,102,9,7,2,13,0,3,1,0,0,1,2,13,20,25,0,94
386,0,0,0,2,0,0,0,0,11,0,0,9,0,3,2,13,0,4,0,3,3,3,0,2,0,1,2,7,0,0,1,3,13,0,14,0,0,0,0,2,1,0,4,2,0,0,7,0,55,15,0,40,0,5,0,0,0,3,2,10,15,0,3,74,129,49,5,180,0,1,0,0,0,3,0,9,3,2,0,97,5,10,1,6,0,0,1,0,0,3,5,15,31,16,0,95
387,0,0,0,3,0,0,0,0,4,0,2,7,0,1,0,12,0,2,0,7,6,1,0,3,0,2,1,6,0,0,1,6,12,0,16,0,0,0,0,3,0,0,5,3,0,0,11,0,34,18,0,37,0,5,0,0,0,3,4,9,15,0,2,85,109,60,3,181,0,0,0,0,0,2,1,16,6,3,0,86,11,8,2,6,0,2,1,0,0,1,1,12,28,22,0,113
388,0,0,0,2,0,0,0,0,10,0,0,1,0,1,0,18,0,6,0,6,7,1,0,3,0,2,0,6,0,0,0,5,6,0,8,0,0,0,0,2,0,0,7,0,0,0,11,0,51,28,0,42,0,0,0,0,0,5,2,11,26,0,2,73,112,50,6,173,0,3,0,0,0,4,1,13,2,3,0,93,12,2,2,7,0,0,6,0,0,0,2,13,31,16,0,107
389,0,0,0,1,0,0,0,0,9,0,0,0,0,3,1,5,0,0,0,6,3,1,0,2,0,2,0,6,0,0,0,10,11,0,12,0,0,0,0,3,2,0,8,1,0,0,8,0,51,34,0,37,0,2,0,0,0,7,5,15,25,0,4,71,101,51,6,175,0,1,0,0,0,6,0,17,7,2,0,87,6,2,0,12,0,1,0,0,0,1,2,13,30,22,0,113
390,0,0,0,0,0,0,0,0,7,0,0,6,0,0,0,13,0,2,0,7,8,1,0,1,0,1,0,10,0,0,0,5,13,0,9,0,0,0,0,5,0,0,9,2,0,0,8,0,43,21,1,61,0,0,0,0,0,3,2,12,23,0,4,84,108,40,4,187,0,1,0,0,0,9,1,13,3,6,0,85,6,8,4,3,0,1,2,0,0,4,1,15,19,18,0,101
391,0,0,0,4,0,0,0,0,6,0,1,5,0,1,1,9,0,4,0,2,3,0,0,3,0,3,0,12,0,0,1,2,9,0,10,0,0,0,0,6,1,0,4,3,0,0,5,0,52,21,0,60,0,9,0,0,0,2,5,16,16,0,4,63,118,46,6,165,0,3,0,0,0,3,0,12,3,3,0,102,7,1,1,6,0,6,2,0,0,0,2,5,34,27,0,105
392,0,0,0,2,0,0,0,0,8,0,2,4,0,3,1,8,0,3,0,4,4,0,0,5,0,1,0,6,0,0,1,4,5,0,18,0,0,0,0,4,2,0,5,1,0,0,19,0,51,17,0,38,0,4,0,0,0,3,2,14,15,0,6,64,114,52,8,151,0,2,0,0,0,2,0,11,5,3,0,103,11,5,4,14,0,1,3,0,0,2,1,19,28,26,0,111
393,0,0,0,1,0,0,0,0,10,0,0,4,0,5,1,10,0,4,0,4,2,2,0,6,0,2,3,5,0,0,3,2,4,0,15,0,0,0,0,3,1,0,5,2,0,0,6,0,46,17,0,45,0,3,0,0,0,3,1,11,25,0,6,86,120,44,9,172,0,5,0,0,0,6,0,15,1,1,0,87,8,2,3,6,0,1,5,0,0,1,1,15,33,20,0,102
394,0,0,0,2,0,0,0,0,10,0,1,3,0,2,0,9,0,3,0,5,5,1,0,3,0,3,0,8,0,0,0,4,13,0,18,0,0,0,0,2,0,0,11,4,0,0,11,0,50,19,1,42,0,5,0,0,0,4,1,13,18,0,5,75,92,47,6,179,0,2,0,0,0,4,1,18,2,2,0,101,8,10,0,6,0,1,1,0,0,3,5,10,33,15,0,103
395,0,0,0,5,0,0,0,0,12,0,0,5,0,0,1,17,0,4,0,6,5,0,0,2,0,1,2,9,0,0,1,2,13,0,15,0,0,0,0,5,0,0,3,1,0,0,9,0,50,28,2,44,0,1,0,0,0,10,4,13,25,0,4,61,123,35,10,168,0,1,0,0,0,3,0,19,4,1,0,100,11,3,3,6,0,3,1,0,0,4,2,13,20,13,0,97
396,0,0,0,1,0,0,0,0,9,0,1,4,0,4,0,12,0,3,0,1,6,3,0,2,0,2,2,10,0,0,1,13,12,0,9,0,0,0,0,5,1,0,6,5,0,0,14,0,45,30,0,49,0,5,0,0,0,5,5,16,19,0,1,73,103,35,6,170,0,0,0,0,0,3,0,11,7,4,0,98,7,6,4,5,0,0,5,0,0,1,1,8,28,26,0,98
397,0,0,0,2,0,0,0,0,14,0,0,3,0,2,0,4,0,3,0,6,7,4,0,2,0,3,3,8,0,0,0,4,8,0,13,0,0,0,0,9,0,0,8,2,0,0,8,0,36,21,1,49,0,3,0,0,0,4,2,13,21,0,6,79,124,44,9,169,0,3,0,0,0,3,0,15,2,3,0,107,9,2,1,10,0,3,6,0,0,1,2,12,36,12,0,79
398,0,0,0,2,0,0,0,0,10,0,3,4,0,2,0,9,0,5,0,3,4,2,0,7,0,2,0,6,0,0,0,7,10,0,7,0,0,0,0,3,0,0,5,2,0,0,5,0,49,25,0,46,0,3,0,0,0,3,2,16,13,0,3,71,114,48,6,173,0,1,0,0,0,1,0,14,3,4,0,111,7,5,2,9,0,3,5,0,0,2,2,8,23,23,0,107
399,0,0,0,0,0,0,0,0,11,0,0,1,0,3,0,11,0,3,0,4,8,1,0,3,0,1,1,10,0,0,0,4,7,0,15,0,0,0,0,4,0,0,5,2,0,0,6,0,49,19,0,44,0,7,0,0,0,4,2,13,15,0,4,88,119,39,4,166,0,2,0,0,0,3,0,13,2,2,0,96,14,3,1,4,0,2,2,0,0,3,1,19,36,22,0,102
400,0,0,0,1,0,0,0,0,14,0,0,3,0,0,1,9,0,4,0,2,2,2,0,6,0,0,1,6,0,0,1,5,20,0,15,0,0,0,0,11,0,0,3,7,0,0,10,0,37,20,1,36,0,3,0,0,0,6,0,9,22,0,4,68,127,41,2,179,0,1,0,0,0,1,0,16,3,1,0,98,9,2,4,4,0,3,1,0,0,4,2,11,41,17,0,104
401,0,0,0,0,0,0,0,0,11,0,0,4,0,2,1,8,0,6,0,8,2,2,0,4,0,0,1,6,0,0,1,5,16,0,13,0,0,0,0,4,1,0,6,6,0,0,8,0,54,23,0,39,0,3,0,0,0,5,6,12,22,0,3,75,95,49,1,192,0,0,0,0,0,1,1,16,3,8,0,96,10,5,0,7,0,0,2,0,0,0,3,13,29,22,0,90
402,0,0,0,3,0,0,0,0,10,0,2,6,0,4,0,6,0,4,0,4,2,0,0,2,0,3,1,8,0,0,0,1,9,0,7,0,0,0,0,1,0,0,9,2,0,0,12,0,55,25,0,44,0,0,0,0,0,4,4,12,19,0,10,75,118,52,7,151,0,1,0,0,0,3,0,15,3,6,0,105,4,5,3,6,0,7,2,0,0,1,4,7,32,21,0,103
403,0,0,0,2,0,0,0,0,11,0,2,5,0,1,0,6,0,5,0,3,4,1,0,4,0,3,1,3,0,0,1,4,14,0,15,0,0,0,0,5,0,0,9,2,0,0,13,0,46,20,1,52,0,4,0,0,0,8,3,15,18,0,4,65,106,41,4,156,0,2,0,0,0,1,1,19,7,2,0,104,8,7,4,10,0,1,2,0,0,2,1,13,36,23,0,100
404,0,0,0,0,0,0,0,0,7,0,0,2,0,0,1,10,0,1,0,2,4,0,0,3,0,0,0,7,0,0,1,5,10,0,10,0,0,0,0,6,0,0,8,2,0,0,6,0,47,24,1,44,0,2,0,0,0,8,4,8,26,0,4,65,110,42,7,185,0,1,0,0,0,5,1,18,6,2,0,102,7,8,3,9,0,1,6,0,0,3,0,12,31,17,0,106
405,0,0,0,1,0,0,0,0,8,0,1,4,0,2,0,13,0,2,0,2,3,0,0,2,0,0,2,12,0,0,1,1,11,0,13,0,0,0,0,2,0,0,5,2,0,0,10,0,53,33,1,45,0,4,0,0,0,6,2,7,21,0,2,76,134,45,5,168,0,4,0,0,0,8,0,13,2,3,0,80,3,5,4,6,0,2,1,0,0,4,2,12,29,27,0,96
406,0,0,0,3,0,0,0,0,6,0,1,2,0,0,2,9,0,3,0,4,4,3,0,2,0,2,0,8,0,0,2,5,10,0,13,0,0,0,0,5,0,0,4,3,0,0,8,0,49,27,0,48,0,3,0,0,0,5,5,15,18,0,5,81,111,37,2,170,0,3,0,0,0,2,0,16,4,1,0,85,11,4,3,6,0,1,4,0,0,3,0,22,32,19,0,109
407,0,0,0,2,0,0,0,0,5,0,0,3,0,4,1,10,0,7,0,7,6,3,0,3,0,4,0,6,0,0,3,2,8,0,9,0,0,0,0,3,0,0,6,4,0,0,8,0,45,17,1,33,0,4,0,0,0,8,4,14,22,0,2,83,111,54,4,166,0,5,0,0,0,3,0,12,3,3,0,105,8,4,3,9,0,4,2,0,0,0,4,17,34,19,0,93
408,0,0,0,0,0,0,0,0,16,0,1,3,0,3,1,16,0,9,0,6,3,1,0,2,0,1,0,5,0,0,2,2,10,0,12,0,0,0,0,3,0,0,8,2,0,0,10,0,49,22,2,52,0,2,0,0,0,4,0,20,19,0,2,68,112,42,4,154,0,2,0,0,0,7,2,12,8,3,0,102,3,4,4,6,0,2,3,0,0,2,4,12,30,21,0,105
409,0,0,0,2,0,0,0,0,7,0,0,2,0,0,0,7,0,1,0,3,6,2,0,1,0,0,0,8,0,0,1,1,9,0,8,0,0,0,0,5,0,0,6,3,0,0,9,0,41,35,1,40,0,5,0,0,0,6,7,15,20,0,4,73,116,37,7,184,0,3,0,0,0,4,1,15,4,1,0,90,9,4,2,6,0,2,3,0,0,3,1,9,32,24,0,115
410,0,0,0,1,0,0,0,0,7,0,0,4,0,1,1,8,0,4,0,3,7,0,0,1,0,0,3,8,0,0,1,4,12,0,17,0,0,0,0,5,1,0,6,5,0,0,11,0,36,27,0,35,0,2,0,0,0,6,5,17,16,0,3,80,125,54,6,148,0,0,0,0,0,2,0,20,1,1,0,83,10,7,4,6,0,1,2,0,0,2,4,18,35,25,0,109
411,0,0,0,3,0,0,0,0,5,0,0,2,0,1,1,8,0,7,0,3,3,1,0,3,0,3,1,6,0,0,1,4,13,0,16,0,0,0,0,2,1,0,5,4,0,0,12,0,60,26,1,36,0,2,0,0,0,7,2,18,23,0,3,85,115,47,5,147,0,3,0,0,0,0,0,11,5,1,0,97,7,11,1,6,0,2,1,0,0,0,3,16,33,19,0,102
412,0,0,0,3,0,0,0,0,8,0,0,3,0,5,0,9,0,6,0,6,4,1,0,3,0,2,2,5,0,0,0,6,11,0,17,0,0,0,0,2,0,0,8,2,0,0,7,0,39,21,1,35,0,3,0,0,0,7,1,17,15,0,7,68,114,59,8,159,0,2,0,0,0,4,1,16,4,2,0,112,15,10,2,10,0,0,1,0,0,3,2,15,23,20,0,94
413,0,0,0,4,0,0,0,0,3,0,1,1,0,0,0,10,0,4,0,6,7,2,0,1,0,1,2,12,0,0,0,5,10,0,13,0,0,0,0,5,3,0,6,3,0,0,7,0,43,20,3,39,0,1,0,0,0,3,4,10,15,0,7,89,127,51,6,141,0,2,0,0,0,2,0,17,2,4,0,104,15,4,4,6,0,0,2,0,0,2,2,13,33,27,0,96
414,0,0,0,1,0,0,0,0,6,0,0,4,0,2,0,10,0,3,0,5,4,2,0,3,0,0,0,10,0,0,0,5,10,0,10,0,0,0,0,5,1,0,10,1,0,0,10,0,37,29,0,42,0,5,0,0,0,8,5,17,25,0,6,56,102,53,7,165,0,1,0,0,0,2,0,15,7,1,0,95,7,6,2,11,0,0,1,0,0,0,2,12,33,28,0,118
415,0,0,0,3,0,0,0,0,8,0,1,5,0,3,1,18,0,4,0,3,3,1,0,2,0,1,2,10,0,0,1,2,12,0,16,0,0,0,0,3,0,0,3,3,0,0,7,0,37,13,1,43,0,8,0,0,0,2,2,15,23,0,0,92,109,29,6,161,0,3,0,0,0,4,1,14,9,2,0,90,7,9,2,11,0,4,2,0,0,2,7,13,32,22,0,113
416,0,0,0,3,0,0,0,0,9,0,1,7,0,5,1,16,0,2,0,5,1,2,0,2,0,2,1,9,0,0,0,10,10,0,9,0,0,0,0,3,1,0,9,3,0,0,10,0,60,24,1,35,0,8,0,0,0,5,4,12,20,0,6,65,115,29,4,165,0,0,0,0,0,1,0,14,8,2,0,89,8,8,3,12,0,3,1,0,0,0,4,16,37,23,0,97
417,0,0,0,2,0,0,0,0,7,0,0,3,0,1,0,13,0,1,0,3,3,0,0,3,0,3,0,5,0,0,1,2,9,0,10,0,0,0,0,2,0,0,7,4,0,0,8,0,57,24,0,34,0,6,0,0,0,5,1,18,24,0,5,81,108,51,9,194,0,2,0,0,0,2,1,10,0,0,0,85,8,1,2,8,0,5,1,0,0,1,5,13,35,17,0,100
418,0,0,0,2,0,0,0,0,13,0,0,1,0,1,0,9,0,7,0,2,4,1,0,3,0,2,0,6,0,0,0,2,4,0,18,0,0,0,0,3,0,0,6,2,0,0,14,0,45,20,0,38,0,5,0,0,0,7,2,8,22,0,2,81,107,47,7,161,0,1,0,0,0,3,1,15,8,2,0,110,11,2,3,4,0,0,4,0,0,2,3,10,44,24,0,101
419,0,0,0,0,0,0,0,0,7,0,2,3,0,3,0,14,0,2,0,6,8,0,0,2,0,0,0,10,0,0,0,5,15,0,17,0,0,0,0,5,0,0,4,1,0,0,3,0,49,24,0,41,0,5,0,0,0,8,1,17,21,0,4,76,116,46,9,166,0,1,0,0,0,5,2,12,2,4,0,96,7,4,0,4,0,4,2,0,0,2,1,14,23,20,0,107
420,0,0,0,1,0,0,0,0,10,0,0,8,0,0,1,12,0,3,0,4,5,1,0,3,0,2,0,8,0,0,1,4,14,0,9,0,0,0,0,4,1,0,10,5,0,0,7,0,45,16,1,48,0,2,0,0,0,5,4,18,21,0,3,75,105,40,5,183,0,3,0,0,0,5,0,19,6,1,0,92,8,7,0,10,0,5,1,0,0,1,1,6,31,20,0,100
421,0,0,0,4,0,0,0,0,12,0,4,3,0,3,0,11,0,3,0,0,7,1,0,2,0,5,0,10,0,0,1,2,11,0,15,0,0,0,0,7,0,0,8,5,0,0,5,0,45,26,0,43,0,0,0,0,0,3,4,11,34,0,2,70,118,40,6,176,0,0,0,0,0,6,0,12,4,4,0,92,5,6,3,4,0,0,4,0,0,3,4,13,32,20,0,91
422,0,0,0,2,0,0,0,0,9,0,0,5,0,3,1,12,0,5,0,4,5,2,0,4,0,1,0,6,0,0,2,9,8,0,11,0,0,0,0,3,0,0,3,3,0,0,9,0,52,24,2,42,0,3,0,0,0,8,3,10,26,0,1,72,97,57,12,168,0,2,0,0,0,2,1,10,4,2,0,93,11,5,3,15,0,4,4,0,0,1,3,13,31,16,0,96
423,0,0,0,0,0,0,0,0,14,0,1,5,0,2,0,11,0,2,0,8,5,1,0,3,0,2,0,4,0,0,1,4,11,0,11,0,0,0,0,4,0,0,7,4,0,0,12,0,42,34,0,38,0,6,0,0,0,9,3,9,22,0,1,83,104,46,6,166,0,2,0,0,0,1,0,17,5,3,0,82,6,6,1,7,0,1,3,0,0,2,0,10,40,24,0,109
424,0,0,0,2,0,0,0,0,5,0,1,2,0,5,1,7,0,6,0,8,9,2,0,2,0,0,3,6,0,0,1,5,7,0,14,0,0,0,0,6,0,0,7,3,0,0,14,0,50,26,1,34,0,7,0,0,0,4,4,20,16,0,2,76,102,47,12,169,0,3,0,0,0,3,0,13,2,3,0,94,8,8,1,8,0,8,1,0,0,2,5,12,27,19,0,97
425,0,0,0,3,0,0,0,0,13,0,1,3,0,4,0,16,0,2,0,3,3,0,0,7,0,1,0,10,0,0,0,5,16,0,14,0,0,0,0,3,0,0,9,8,0,0,6,0,49,26,1,45,0,2,0,0,0,5,0,15,16,0,1,83,104,45,3,168,0,0,0,0,0,3,0,9,3,2,0,81,8,3,2,13,0,1,6,0,0,0,1,18,31,25,0,104
426,0,0,0,0,0,0,0,0,8,0,4,4,0,2,0,11,0,6,0,5,6,0,0,1,0,1,1,4,0,0,1,6,4,0,13,0,0,0,0,8,3,0,5,3,0,0,5,0,61,20,0,41,0,1,0,0,0,5,4,12,24,0,5,61,107,51,10,153,0,3,0,0,0,3,0,13,5,2,0,103,8,5,0,11,0,6,4,0,0,1,5,17,34,17,0,107
427,0,0,0,3,0,0,0,0,7,0,0,3,0,0,1,14,0,3,0,4,3,2,0,3,0,2,0,8,0,0,1,4,13,0,15,0,0,0,0,5,0,0,5,4,0,0,8,0,43,30,2,41,0,2,0,0,0,1,1,18,30,0,2,56,118,47,9,182,0,1,0,0,0,6,1,13,3,2,0,98,7,5,1,7,0,6,2,0,0,3,0,17,26,20,0,92
428,0,0,0,0,0,0,0,0,7,0,0,1,0,5,0,9,0,5,0,1,5,2,0,5,0,3,1,6,0,0,1,4,12,0,11,0,0,0,0,4,0,0,6,3,0,0,6,0,47,24,2,43,0,5,0,0,0,6,2,15,28,0,3,64,119,44,9,163,0,2,0,0,0,5,1,17,1,3,0,99,5,8,3,8,0,3,5,0,0,3,3,16,39,24,0,84
429,0,0,0,0,0,0,0,0,11,0,1,0,0,5,0,13,0,4,0,1,5,0,0,4,0,1,0,7,0,0,0,3,9,0,11,0,0,0,0,3,1,0,5,4,0,0,9,0,45,25,0,38,0,2,0,0,0,6,4,20,24,0,2,73,137,54,2,161,0,0,0,0,0,2,0,10,3,3,0,89,10,5,0,5,0,3,9,0,0,2,5,8,29,23,0,104
430,0,0,0,0,0,0,0,0,10,0,2,3,0,5,1,12,0,8,0,2,2,1,0,4,0,2,0,2,0,0,0,3,4,0,13,0,0,0,0,4,1,0,4,4,0,0,9,0,59,26,0,44,0,7,0,0,0,2,2,12,21,0,4,67,103,43,6,164,0,1,0,0,0,6,1,18,0,2,0,103,4,2,3,6,0,2,5,0,0,2,3,20,41,21,0,104
431,0,0,0,3,0,0,0,0,14,0,0,4,0,1,0,6,0,4,0,3,4,1,0,2,0,0,1,8,0,0,1,3,12,0,8,0,0,0,0,6,1,0,4,0,0,0,8,0,47,27,0,45,0,7,0,0,0,2,2,17,18,0,4,56,124,34,8,182,0,0,0,0,0,2,0,10,4,4,0,104,5,5,3,7,0,2,2,0,0,1,1,14,39,17,0,113
432,0,0,0,3,0,0,0,0,9,0,3,3,0,2,0,12,0,6,0,5,4,0,0,3,0,1,2,10,0,0,1,9,9,0,8,0,0,0,0,7,1,0,10,3,0,0,13,0,47,22,0,45,0,5,0,0,0,4,2,14,22,0,1,64,115,50,12,177,0,1,0,0,0,2,0,12,8,5,0,85,5,3,4,7,0,3,2,0,0,1,2,15,28,19,0,94
433,0,0,0,1,0,0,0,0,4,0,1,3,0,3,0,7,0,2,0,7,5,2,0,2,0,0,1,7,0,0,1,1,9,0,11,0,0,0,0,3,2,0,7,4,0,0,11,0,58,16,1,49,0,3,0,0,0,6,1,17,20,0,8,81,112,44,12,186,0,3,0,0,0,2,0,8,4,2,0,96,11,3,1,7,0,6,3,0,0,0,2,10,29,14,0,91
434,0,0,0,3,0,0,0,0,11,0,0,3,0,0,1,11,0,6,0,4,2,3,0,3,0,3,1,8,0,0,2,1,7,0,15,0,0,0,0,4,1,0,4,2,0,0,6,0,62,24,0,52,0,3,0,0,0,7,4,8,16,0,5,72,113,34,7,155,0,1,0,0,0,4,1,13,4,3,0,108,6,7,3,10,0,5,5,0,0,2,5,11,26,20,0,103
435,0,0,0,1,0,0,0,0,9,0,1,1,0,4,1,12,0,4,0,3,4,0,0,2,0,1,1,3,0,0,0,7,10,0,6,0,0,0,0,3,1,0,4,6,0,0,11,0,43,26,1,40,0,5,0,0,0,14,2,17,18,0,5,73,132,46,6,176,0,1,0,0,0,2,2,15,3,1,0,85,7,4,1,8,0,0,2,0,0,0,1,18,24,15,0,112
436,0,0,0,0,0,0,0,0,10,0,1,8,0,2,2,14,0,3,0,1,6,2,0,2,0,0,1,8,0,0,0,6,7,0,8,0,0,0,0,1,1,0,4,4,0,0,9,0,68,23,1,44,0,6,0,0,0,7,6,13,23,0,2,74,95,42,8,146,0,1,0,0,0,3,3,7,5,2,0,110,11,4,3,13,0,0,1,0,0,1,1,22,33,23,0,99
437,0,0,0,3,0,0,0,0,13,0,2,1,0,1,0,12,0,8,0,3,5,1,0,1,0,0,2,4,0,0,1,6,8,0,14,0,0,0,0,4,0,0,7,0,0,0,8,0,44,18,0,52,0,7,0,0,0,6,1,16,17,0,2,71,120,38,6,170,0,0,0,0,0,4,0,7,4,4,0,113,8,4,2,2,0,0,0,0,0,1,2,13,37,18,0,109
438,0,0,0,2,0,0,0,0,6,0,0,5,0,1,0,6,0,6,0,4,3,1,0,0,0,2,0,11,0,0,0,5,13,0,13,0,0,0,0,3,0,0,5,8,0,0,12,0,46,23,0,40,0,0,0,0,0,5,6,15,12,0,6,83,115,46,7,194,0,2,0,0,0,3,1,8,5,2,0,87,8,6,6,5,0,1,3,0,0,1,4,14,30,22,0,88
439,0,0,0,1,0,0,0,0,6,0,0,5,0,6,0,7,0,5,0,5,3,1,0,2,0,1,1,3,0,0,0,4,7,0,12,0,0,0,0,2,2,0,4,5,0,0,10,0,43,27,0,40,0,1,0,0,0,7,3,11,22,0,5,72,98,48,5,187,0,1,0,0,0,2,2,16,10,0,0,97,8,3,6,8,0,0,1,0,0,3,1,13,39,24,0,105
440,0,0,0,3,0,0,0,0,11,0,0,7,0,2,0,7,0,3,0,2,3,1,0,2,0,3,2,4,0,0,0,5,7,0,20,0,0,0,0,5,0,0,3,2,0,0,13,0,42,29,2,52,0,5,0,0,0,8,3,16,21,0,5,63,119,38,1,169,0,0,0,0,0,2,1,10,4,1,0,100,5,8,1,4,0,2,2,0,0,3,4,18,31,23,0,103
441,0,0,0,1,0,0,0,0,8,0,0,8,0,1,1,11,0,4,0,6,3,2,0,4,0,2,0,7,0,0,1,4,5,0,8,0,0,0,0,4,0,0,4,4,0,0,14,0,40,36,0,49,0,5,0,0,0,4,3,10,17,0,2,84,117,38,4,185,0,1,0,0,0,7,1,15,4,6,0,99,5,4,0,10,0,0,3,0,0,1,4,9,24,23,0,88
442,0,0,0,1,0,0,0,0,13,0,2,5,0,2,0,12,0,6,0,5,11,2,0,6,0,2,0,7,0,0,0,3,10,0,14,0,0,0,0,2,0,0,13,4,0,0,8,0,57,25,0,32,0,6,0,0,0,11,3,11,20,0,2,58,90,49,10,176,0,0,0,0,0,2,0,13,2,2,0,84,12,7,3,9,0,1,2,0,0,0,4,11,33,19,0,118
443,0,0,0,0,0,0,0,0,9,0,0,6,0,4,0,14,0,5,0,7,4,4,0,5,0,2,1,9,0,0,0,2,4,0,9,0,0,0,0,3,1,0,9,3,0,0,10,0,42,21,0,46,0,1,0,0,0,4,5,15,16,0,1,79,114,46,10,174,0,3,0,0,0,5,0,20,8,3,0,83,8,2,1,7,0,3,4,0,0,2,3,15,26,16,0,106
444,0,0,0,1,0,0,0,0,6,0,1,2,0,2,0,7,0,2,0,2,4,2,0,5,0,1,0,5,0,0,0,2,14,0,11,0,0,0,0,6,0,0,7,3,0,0,8,0,40,19,0,39,0,2,0,0,0,6,3,17,25,0,5,87,119,48,6,179,0,1,0,0,0,5,0,14,2,1,0,93,10,7,1,6,0,3,1,0,0,2,3,15,34,19,0,97
445,0,0,0,3,0,0,0,0,4,0,0,4,0,1,0,18,0,3,0,6,3,0,0,4,0,0,0,7,0,0,1,4,7,0,15,0,0,0,0,0,0,0,8,0,0,0,17,0,44,21,0,41,0,3,0,0,0,7,9,11,18,0,3,76,97,47,5,180,0,2,0,0,0,3,1,5,1,0,0,105,7,6,0,9,0,3,5,0,0,1,3,16,33,25,0,108
446,0,0,0,2,0,0,0,0,5,0,0,3,0,1,0,8,0,1,0,5,3,0,0,3,0,3,0,8,0,0,0,7,9,0,15,0,0,0,0,3,0,0,8,1,0,0,14,0,43,20,0,36,0,2,0,0,0,7,0,14,18,0,5,86,108,53,7,177,0,2,0,0,0,3,0,13,3,3,0,114,5,6,3,7,0,0,3,0,0,3,1,12,35,14,0,98
447,0,0,0,2,0,0,0,0,6,0,0,7,0,1,0,6,0,7,0,5,4,1,0,0,0,0,1,5,0,0,0,6,5,0,18,0,0,0,0,1,1,0,5,5,0,0,9,0,35,19,0,53,0,4,0,0,0,5,5,15,20,0,6,74,114,47,13,195,0,0,0,0,0,3,0,16,3,0,0,93,12,6,1,8,0,4,0,0,0,3,3,17,21,21,0,89
448,0,0,0,0,0,0,0,0,8,0,0,2,0,1,2,13,0,3,0,3,2,1,0,3,0,1,0,7,0,0,1,5,12,0,14,0,0,0,0,6,0,0,7,1,0,0,5,0,38,32,0,48,0,2,0,0,0,8,5,20,24,0,3,90,119,37,3,164,0,2,0,0,0,2,0,17,4,5,0,107,4,5,2,8,0,3,4,0,0,0,1,12,20,17,0,97
449,0,0,0,3,0,0,0,0,7,0,0,2,0,1,2,10,0,2,0,4,10,1,0,5,0,1,1,2,0,0,0,3,10,0,14,0,0,0,0,1,0,0,8,4,0,0,5,0,44,21,1,37,0,7,0,0,0,5,3,9,22,0,7,75,116,50,3,162,0,6,0,0,0,4,0,9,5,0,0,97,12,2,2,5,0,3,1,0,0,2,6,16,29,30,0,113
450,0,0,0,1,0,0,0,0,10,0,0,3,0,4,0,13,0,7,0,2,4,0,0,1,0,2,2,7,0,0,1,2,6,0,16,0,0,0,0,6,0,0,3,3,0,0,13,0,47,26,1,33,0,3,0,0,0,6,3,16,19,0,5,69,117,42,11,169,0,2,0,0,0,2,1,20,1,1,0,113,7,3,2,13,0,0,2,0,0,3,1,11,33,18,0,94
451,0,0,0,0,0,0,0,0,12,0,1,7,0,0,0,10,0,2,0,3,6,1,0,2,0,2,1,4,0,0,1,3,11,0,14,0,0,0,0,3,1,0,13,4,0,0,12,0,46,15,1,50,0,2,0,0,0,5,5,23,22,0,2,68,96,45,8,156,0,3,0,0,0,4,2,20,3,4,0,100,9,7,2,4,0,1,6,0,0,3,2,12,32,18,0,111
452,0,0,0,1,0,0,0,0,14,0,1,2,0,2,0,9,0,4,0,9,4,1,0,3,0,3,0,4,0,0,2,7,11,0,15,0,0,0,0,2,0,0,8,5,0,0,6,0,52,32,2,38,0,3,0,0,0,1,3,11,27,0,2,61,121,59,3,157,0,0,0,0,0,6,1,16,4,5,0,92,6,6,2,10,0,4,1,0,0,1,5,8,28,17,0,103
453,0,0,0,0,0,0,0,0,4,0,1,6,0,4,1,5,0,1,0,1,3,1,0,9,0,0,2,0,0,0,1,3,7,0,13,0,0,0,0,5,0,0,5,1,0,0,13,0,45,29,0,52,0,3,0,0,0,7,4,14,20,0,4,76,122,37,3,165,0,1,0,0,0,1,0,15,2,2,0,122,5,3,3,4,0,2,1,0,0,0,5,14,27,26,0,100
454,0,0,0,1,0,0,0,0,14,0,1,4,0,0,1,10,0,3,0,4,5,1,0,2,0,1,0,7,0,0,1,4,12,0,7,0,0,0,0,3,1,0,4,4,0,0,3,0,70,20,2,37,0,2,0,0,0,5,1,16,25,0,0,76,120,41,5,177,0,2,0,0,0,4,0,14,3,0,0,81,6,4,3,7,0,3,1,0,0,1,5,15,27,28,0,106
455,0,0,0,2,0,0,0,0,7,0,4,2,0,4,0,14,0,4,0,3,5,0,0,6,0,1,1,7,0,0,0,3,9,0,16,0,0,0,0,3,1,0,9,4,0,0,16,0,39,27,0,44,0,7,0,0,0,5,4,18,22,0,6,89,101,48,4,148,0,1,0,0,0,3,0,12,3,2,0,91,6,3,3,8,0,4,5,0,0,1,2,19,32,25,0,97
456,0,0,0,0,0,0,0,0,11,0,0,7,0,1,0,6,0,2,0,7,4,0,0,3,0,2,0,10,0,0,0,5,9,0,11,0,0,0,0,8,1,0,4,2,0,0,8,0,44,23,2,41,0,1,0,0,0,3,1,10,19,0,5,77,117,43,7,189,0,0,0,0,0,5,0,20,0,2,0,86,9,6,2,11,0,2,2,0,0,1,2,14,27,22,0,106
457,0,0,0,2,0,0,0,0,7,0,0,6,0,5,0,7,0,7,0,3,3,1,0,3,0,5,0,5,0,0,1,5,8,0,18,0,0,0,0,6,0,0,5,2,0,0,7,0,39,28,0,52,0,1,0,0,0,5,3,17,25,0,4,80,111,34,6,173,0,3,0,0,0,5,0,12,1,1,0,99,6,0,1,6,0,1,1,0,0,2,3,13,38,20,0,104
458,0,0,0,2,0,0,0,0,7,0,1,2,0,3,2,11,0,6,0,1,3,1,0,5,0,1,0,7,0,0,1,6,7,0,13,0,0,0,0,2,0,0,5,1,0,0,7,0,43,25,0,29,0,3,0,0,0,3,2,19,16,0,5,93,120,41,6,190,0,2,0,0,0,6,1,8,5,1,0,94,14,3,2,7,0,3,2,0,0,3,2,16,21,20,0,101
459,0,0,0,0,0,0,0,0,11,0,1,2,0,1,1,10,0,4,0,6,1,1,0,6,0,0,2,5,0,0,1,7,8,0,16,0,0,0,0,10,1,0,7,3,0,0,15,0,47,25,1,44,0,5,0,0,0,6,4,18,19,0,3,65,107,49,8,178,0,0,0,0,0,2,0,10,5,1,0,84,7,5,5,7,0,3,5,0,0,1,2,16,34,22,0,93
460,0,0,0,5,0,0,0,0,4,0,0,3,0,1,1,15,0,1,0,6,6,1,0,0,0,4,3,5,0,0,1,3,6,0,14,0,0,0,0,5,0,0,11,1,0,0,6,0,49,18,0,41,0,4,0,0,0,14,1,18,23,0,6,87,102,47,4,164,0,1,0,0,0,4,0,14,6,1,0,93,5,3,3,8,0,0,1,0,0,3,1,7,32,24,0,114
461,0,0,0,1,0,0,0,0,14,0,3,2,0,1,0,9,0,1,0,6,8,0,0,3,0,3,0,3,0,0,0,6,12,0,10,0,0,0,0,2,2,0,6,2,0,0,6,0,39,20,0,47,0,8,0,0,0,7,3,16,26,0,3,74,110,56,4,154,0,1,0,0,0,3,0,14,4,1,0,87,15,6,3,4,0,2,3,0,0,3,3,13,37,23,0,111
462,0,0,0,1,0,0,0,0,5,0,0,5,0,4,1,14,0,5,0,5,2,2,0,4,0,5,0,8,0,0,0,2,10,0,18,0,0,0,0,3,0,0,4,5,0,0,6,0,46,25,1,38,0,5,0,0,0,4,4,11,19,0,5,63,102,51,5,200,0,2,0,0,0,3,0,9,5,3,0,90,6,5,4,9,0,3,3,0,0,0,2,10,31,15,0,112
463,0,0,0,1,0,0,0,0,7,0,0,4,0,4,2,12,0,3,0,7,2,2,0,1,0,0,0,6,0,0,0,5,12,0,18,0,0,0,0,9,0,0,5,5,0,0,4,0,43,31,2,51,0,4,0,0,0,3,7,13,21,0,6,63,111,57,3,172,0,0,0,0,0,3,0,13,2,1,0,101,5,3,3,8,0,3,2,0,0,1,6,10,30,22,0,91
464,0,0,0,2,0,0,0,0,8,0,0,4,0,0,0,14,0,5,0,6,2,0,0,2,0,2,2,8,0,0,1,3,14,0,8,0,0,0,0,2,2,0,4,2,0,0,10,0,49,32,0,47,0,2,0,0,0,10,2,14,20,0,2,89,103,35,12,175,0,3,0,0,0,2,1,10,2,0,0,87,8,2,2,9,0,4,1,0,0,5,1,17,26,16,0,111
465,0,0,0,5,0,0,0,0,11,0,2,1,0,4,2,12,0,5,0,6,4,0,0,4,0,3,1,6,0,0,1,2,8,0,11,0,0,0,0,7,1,0,7,3,0,0,11,0,44,19,1,48,0,2,0,0,0,5,2,9,17,0,7,69,128,40,8,161,0,2,0,0,0,4,1,13,1,4,0,98,14,3,7,7,0,4,0,0,0,2,1,18,36,22,0,86
466,0,0,0,1,0,0,0,0,6,0,1,4,0,0,0,19,0,5,0,5,5,2,0,4,0,3,0,14,0,0,1,2,9,0,15,0,0,0,0,4,0,0,7,3,0,0,8,0,44,23,1,39,0,10,0,0,0,4,3,16,26,0,5,82,114,41,13,168,0,1,0,0,0,2,0,3,3,1,0,94,8,9,1,2,0,2,4,0,0,1,5,10,34,25,0,88
467,0,0,0,2,0,0,0,0,11,0,4,2,0,1,0,10,0,1,0,5,2,1,0,0,0,1,1,5,0,0,0,2,7,0,17,0,0,0,0,2,2,0,6,4,0,0,10,0,43,28,0,36,0,2,0,0,0,8,3,17,26,0,6,78,116,44,6,170,0,0,0,0,0,2,1,18,6,0,0,82,3,5,3,10,0,1,0,0,0,1,3,21,31,19,0,115
468,0,0,0,0,0,0,0,0,11,0,0,5,0,2,0,11,0,5,0,3,4,1,0,2,0,2,0,7,0,0,0,1,13,0,12,0,0,0,0,2,0,0,9,3,0,0,10,0,62,19,0,47,0,8,0,0,0,5,0,11,21,0,7,83,112,45,8,187,0,2,0,0,0,1,0,7,1,0,0,74,5,5,1,9,0,2,4,0,0,4,5,9,34,25,0,94
469,0,0,0,3,0,0,0,0,6,0,0,2,0,4,1,11,0,3,0,3,3,1,0,4,0,2,1,10,0,0,0,2,17,0,18,0,0,0,0,5,0,0,7,5,0,0,12,0,49,25,1,44,0,3,0,0,0,5,5,25,22,0,5,75,97,38,9,166,0,2,0,0,0,3,0,23,8,6,0,88,3,4,0,6,0,1,2,0,0,4,4,15,31,24,0,87
470,0,0,0,0,0,0,0,0,12,0,0,3,0,2,0,9,0,7,0,4,6,1,0,3,0,5,0,5,0,0,1,6,11,0,10,0,0,0,0,3,0,0,6,3,0,0,7,0,51,21,0,46,0,4,0,0,0,4,2,13,28,0,5,57,118,42,7,177,0,1,0,0,0,5,0,15,1,2,0,84,10,5,1,9,0,3,0,0,0,2,4,16,33,23,0,107
471,0,0,0,1,0,0,0,0,10,0,0,1,0,0,0,9,0,4,0,1,2,1,0,2,0,3,0,15,0,0,1,6,16,0,23,0,0,0,0,1,1,0,9,6,0,0,10,0,44,24,3,52,0,4,0,0,0,5,2,10,21,0,8,71,116,46,9,159,0,0,0,0,0,6,0,16,3,1,0,80,9,4,0,12,0,0,1,0,0,1,1,18,34,19,0,99
472,0,0,0,3,0,0,0,0,12,0,0,5,0,2,1,12,0,5,0,4,4,1,0,5,0,2,0,4,0,0,0,1,13,0,16,0,0,0,0,4,0,0,10,3,0,0,13,0,51,33,0,35,0,1,0,0,0,12,1,17,23,0,7,68,111,39,6,160,0,3,0,0,0,5,1,20,5,3,0,99,5,7,2,11,0,3,3,0,0,2,1,9,26,23,0,88
473,0,0,0,1,0,0,0,0,11,0,0,5,0,2,0,8,0,5,0,4,8,3,0,2,0,1,0,8,0,0,0,5,9,0,15,0,0,0,0,7,1,0,6,2,0,0,11,0,38,18,0,43,0,7,0,0,0,4,2,10,23,0,8,75,106,59,8,163,0,1,0,0,0,6,1,13,3,1,0,99,12,2,2,6,0,2,3,0,0,3,1,13,32,23,0,99
474,0,0,0,3,0,0,0,0,6,0,1,6,0,2,0,8,0,9,0,6,2,3,0,2,0,0,0,6,0,0,1,4,12,0,9,0,0,0,0,5,3,0,3,6,0,0,6,0,58,21,0,42,0,4,0,0,0,3,5,17,25,0,5,65,106,53,12,185,0,3,0,0,0,3,0,5,3,0,0,84,7,9,1,7,0,2,4,0,0,0,1,11,31,24,0,101
475,0,0,0,0,0,0,0,0,8,0,0,3,0,3,1,10,0,4,0,1,4,4,0,5,0,2,1,5,0,0,2,3,11,0,16,0,0,0,0,3,0,0,4,3,0,0,9,0,45,22,2,46,0,5,0,0,0,6,4,16,23,0,5,70,108,40,2,170,0,1,0,0,0,6,0,12,4,1,0,103,5,8,6,7,0,8,3,0,0,0,4,12,24,19,0,111
476,0,0,0,2,0,0,0,0,8,0,1,5,0,2,0,8,0,1,0,3,5,0,0,4,0,1,2,10,0,0,0,8,3,0,13,0,0,0,0,1,2,0,6,3,0,0,5,0,46,30,0,58,0,4,0,0,0,7,0,19,25,0,9,83,94,53,4,163,0,2,0,0,0,3,1,19,4,3,0,99,6,5,1,6,0,2,2,0,0,3,1,20,24,17,0,94
477,0,0,0,3,0,0,0,0,10,0,0,2,0,1,2,9,0,1,0,3,9,0,0,5,0,3,2,6,0,0,2,7,11,0,17,0,0,0,0,1,1,0,11,2,0,0,12,0,44,27,1,44,0,3,0,0,0,4,7,13,19,0,3,88,124,39,8,154,0,1,0,0,0,3,0,10,5,2,0,94,7,2,0,9,0,3,2,0,0,2,2,13,38,19,0,90
478,0,0,0,2,0,0,0,0,4,0,0,2,0,4,1,11,0,4,0,5,2,3,0,1,0,1,0,9,0,0,1,3,6,0,16,0,0,0,0,8,1,0,3,3,0,0,12,0,52,17,1,46,0,6,0,0,0,7,5,13,15,0,1,65,120,56,14,166,0,5,0,0,0,3,0,10,2,3,0,101,11,9,2,5,0,0,0,0,0,2,4,15,33,16,0,93
479,0,0,0,3,0,0,0,0,9,0,2,3,0,5,0,16,0,6,0,5,5,2,0,1,0,2,0,8,0,0,0,4,11,0,13,0,0,0,0,5,0,0,4,0,0,0,9,0,39,33,1,50,0,1,0,0,0,5,3,14,31,0,3,75,110,54,4,166,0,3,0,0,0,5,1,11,3,1,0,86,5,6,3,10,0,3,2,0,0,1,2,9,33,28,0,86
480,0,0,0,6,0,0,0,0,3,0,0,6,0,2,0,9,0,0,0,6,3,1,0,5,0,0,1,5,0,0,0,6,7,0,12,0,0,0,0,4,0,0,6,2,0,0,16,0,47,19,0,42,0,2,0,0,0,5,5,9,21,0,4,83,105,30,8,172,0,4,0,0,0,3,0,12,4,3,0,96,8,4,3,4,0,4,0,0,0,1,4,15,37,25,0,121
481,0,0,0,2,0,0,0,0,5,0,0,3,0,1,3,13,0,2,0,5,4,1,0,3,0,0,0,12,0,0,0,0,10,0,17,0,0,0,0,5,0,0,9,1,0,0,4,0,42,26,0,45,0,3,0,0,0,3,1,24,23,0,5,71,120,44,9,169,0,1,0,0,0,4,0,18,3,1,0,98,4,7,1,5,0,1,2,0,0,1,2,10,38,20,0,99
482,0,0,0,5,0,0,0,0,5,0,2,2,0,2,0,11,0,2,0,6,4,1,0,4,0,5,1,11,0,0,2,6,6,0,10,0,0,0,0,4,0,0,5,1,0,0,3,0,51,30,0,35,0,3,0,0,0,5,4,15,20,0,5,74,118,51,6,168,0,2,0,0,0,5,0,17,1,2,0,93,2,7,2,5,0,6,3,0,0,0,3,10,30,24,0,105
483,0,0,0,2,0,0,0,0,7,0,1,7,0,4,0,6,0,1,0,4,4,0,0,0,0,1,0,7,0,0,0,4,9,0,8,0,0,0,0,4,2,0,9,3,0,0,11,0,49,19,0,62,0,6,0,0,0,4,2,17,25,0,4,71,104,49,10,168,0,1,0,0,0,9,2,15,1,1,0,85,8,5,0,5,0,2,3,0,0,1,2,17,31,23,0,105
484,0,0,0,1,0,0,0,0,17,0,0,5,0,5,0,14,0,4,0,3,5,1,0,5,0,2,1,5,0,0,4,1,9,0,9,0,0,0,0,5,1,0,8,2,0,0,8,0,46,27,0,51,0,5,0,0,0,6,3,16,16,0,6,64,108,53,4,170,0,1,0,0,0,4,2,14,5,1,0,98,5,5,4,4,0,3,1,0,0,1,3,12,36,17,0,94
485,0,0,0,2,0,0,0,0,9,0,1,2,0,2,0,10,0,9,0,5,6,1,0,2,0,2,0,9,0,0,0,8,11,0,11,0,0,0,0,7,0,0,10,4,0,0,14,0,50,28,0,42,0,2,0,0,0,3,1,15,21,0,3,60,100,52,9,176,0,0,0,0,0,3,1,17,4,1,0,83,10,7,2,5,0,2,2,0,0,2,5,18,29,22,0,100
486,0,0,0,4,0,0,0,0,8,0,0,4,0,2,0,11,0,2,0,6,5,0,0,1,0,1,0,10,0,0,2,3,8,0,9,0,0,0,0,2,0,0,5,2,0,0,11,0,36,34,0,54,0,2,0,0,0,6,7,19,28,0,2,79,113,37,9,159,0,5,0,0,0,3,1,9,3,2,0,111,6,4,2,10,0,2,3,0,0,3,2,18,35,7,0,93
487,0,0,0,2,0,0,0,0,12,0,1,2,0,1,0,5,0,4,0,2,7,4,0,2,0,2,1,6,0,0,2,7,8,0,15,0,0,0,0,5,1,0,8,2,0,0,7,0,49,19,0,45,0,5,0,0,0,4,3,22,23,0,2,97,96,38,6,162,0,1,0,0,0,3,0,14,4,3,0,97,2,1,1,7,0,1,1,0,0,2,3,12,33,23,0,115
488,0,0,0,1,0,0,0,0,5,0,1,4,0,4,1,10,0,4,0,5,5,1,0,6,0,0,0,10,0,0,0,4,6,0,17,0,0,0,0,7,1,0,6,2,0,0,9,0,44,28,0,36,0,5,0,0,0,1,8,17,25,0,6,69,102,51,8,180,0,3,0,0,0,6,0,14,2,2,0,87,14,5,0,9,0,2,2,0,0,2,3,16,29,22,0,93
489,0,0,0,1,0,0,0,0,8,0,1,3,0,4,0,12,0,2,0,6,1,0,0,5,0,2,0,11,0,0,0,6,4,0,10,0,0,0,0,3,0,0,5,4,0,0,9,0,55,22,1,49,0,2,0,0,0,5,2,11,31,0,5,58,125,66,7,150,0,2,0,0,0,3,0,12,2,0,0,89,8,8,1,4,0,1,0,0,0,2,6,15,33,21,0,107
490,0,0,0,0,0,0,0,0,8,0,0,3,0,3,1,8,0,3,0,1,4,3,0,5,0,2,0,4,0,0,1,3,13,0,10,0,0,0,0,1,1,0,5,3,0,0,8,0,52,26,1,37,0,4,0,0,0,7,2,20,18,0,3,83,110,45,4,171,0,2,0,0,0,0,2,9,5,6,0,82,6,6,3,6,0,3,1,0,0,2,0,15,35,27,0,117
491,0,0,0,1,0,0,0,0,17,0,2,4,0,3,2,5,0,5,0,2,3,2,0,3,0,2,0,3,0,0,0,5,9,0,11,0,0,0,0,4,1,0,4,2,0,0,14,0,47,17,1,47,0,4,0,0,0,3,3,10,23,0,3,76,99,48,7,152,0,2,0,0,0,7,1,12,7,0,0,105,5,4,4,8,0,3,4,0,0,2,3,12,29,31,0,117
492,0,0,0,1,0,0,0,0,18,0,0,3,0,2,0,11,0,3,0,8,5,1,0,0,0,0,1,6,0,0,1,2,9,0,14,0,0,0,0,4,1,0,7,3,0,0,12,0,46,22,1,40,0,3,0,0,0,4,3,16,22,0,4,85,96,46,2,177,0,1,0,0,0,1,0,6,6,3,0,98,6,4,2,5,0,0,5,0,0,1,1,14,35,29,0,104
493,0,0,0,1,0,0,0,0,15,0,0,4,0,1,2,14,0,3,0,4,4,2,0,2,0,3,1,7,0,0,2,3,15,0,15,0,0,0,0,6,2,0,4,0,0,0,7,0,53,18,0,41,0,2,0,0,0,6,1,15,23,0,4,62,109,43,7,166,0,2,0,0,0,2,1,11,4,2,0,111,9,4,3,2,0,1,2,0,0,2,3,6,30,23,0,115
494,0,0,0,1,0,0,0,0,8,0,0,1,0,3,0,10,0,3,0,4,5,2,0,2,0,0,0,10,0,0,0,3,12,0,15,0,0,0,0,5,0,0,5,3,0,0,13,0,44,27,0,34,0,5,0,0,0,6,3,16,21,0,2,76,123,43,4,169,0,2,0,0,0,4,0,13,5,4,0,102,12,5,4,7,0,3,1,0,0,0,3,15,24,23,0,95
495,0,0,0,0,0,0,0,0,11,0,1,2,0,3,0,20,0,6,0,4,6,1,0,3,0,2,1,5,0,0,0,3,12,0,11,0,0,0,0,4,2,0,7,1,0,0,10,0,45,18,0,42,0,2,0,0,0,2,4,19,11,0,3,81,115,48,5,160,0,2,0,0,0,4,0,9,4,3,0,78,8,5,2,15,0,2,4,0,0,5,4,11,29,38,0,107
496,0,0,0,1,0,0,0,0,12,0,1,5,0,1,0,10,0,4,0,4,4,2,0,2,0,1,2,2,0,0,0,5,9,0,11,0,0,0,0,8,1,0,11,2,0,0,11,0,50,30,0,36,0,8,0,0,0,10,6,20,22,0,5,67,95,58,8,169,0,0,0,0,0,1,0,10,6,0,0,113,7,5,1,5,0,3,2,0,0,0,1,20,37,16,0,80
497,0,0,0,1,0,0,0,0,9,0,0,7,0,3,0,12,0,4,0,4,3,0,0,2,0,3,1,8,0,0,1,6,13,0,10,0,0,0,0,1,0,0,7,3,0,0,11,0,51,26,1,49,0,2,0,0,0,2,2,17,14,0,5,69,121,56,8,172,0,0,0,0,0,2,0,11,3,2,0,96,4,2,2,10,0,3,3,0,0,0,2,10,30,18,0,98
498,0,0,0,1,0,0,0,0,7,0,1,6,0,5,2,13,0,3,0,3,5,0,0,0,0,3,0,6,0,0,1,4,7,0,14,0,0,0,0,8,1,0,11,3,0,0,14,0,48,18,0,42,0,3,0,0,0,7,3,15,19,0,4,74,98,42,9,161,0,4,0,0,0,5,0,14,5,4,0,100,7,7,1,15,0,1,1,0,0,2,4,13,34,28,0,94
499,0,0,0,1,0,0,0,0,3,0,1,5,0,3,0,16,0,4,0,5,7,1,0,3,0,1,0,8,0,0,1,2,11,0,11,0,0,0,0,7,2,0,9,5,0,0,8,0,55,22,0,43,0,3,0,0,0,4,4,17,28,0,6,67,103,35,4,170,0,4,0,0,0,7,1,22,4,2,0,97,6,1,3,8,0,4,2,0,0,1,0,16,25,19,0,103
500,0,0,0,2,0,0,0,0,11,0,1,1,0,2,0,12,0,1,0,4,3,1,0,2,0,5,0,8,0,0,1,5,10,0,13,0,0,0,0,10,1,0,4,2,0,0,3,0,59,20,0,34,0,3,0,0,0,4,5,16,26,0,2,76,103,40,8,167,0,0,0,0,0,7,0,11,0,4,0,95,14,4,3,10,0,2,2,0,0,1,4,13,31,25,0,109
501,0,0,0,1,0,0,0,0,9,0,0,7,0,5,1,6,0,1,0,8,9,0,0,1,0,0,2,8,0,0,3,3,11,0,23,0,0,0,0,1,0,0,6,2,0,0,13,0,60,23,0,43,0,2,0,0,0,3,2,17,15,0,3,63,107,50,10,171,0,2,0,0,0,4,1,9,3,1,0,95,11,5,0,10,0,3,3,0,0,0,1,12,21,16,0,114
502,0,0,0,1,0,0,0,0,7,0,0,3,0,1,2,19,0,3,0,3,2,1,0,4,0,3,1,8,0,0,0,3,13,0,10,0,0,0,0,3,1,0,4,1,0,0,7,0,33,26,0,43,0,4,0,0,0,2,4,12,26,0,2,76,119,58,4,171,0,1,0,0,0,3,2,13,5,1,0,94,7,5,0,9,0,2,5,0,0,4,3,10,28,26,0,102
503,0,0,0,0,0,0,0,0,8,0,0,6,0,1,0,11,0,4,0,6,1,1,0,3,0,4,1,5,0,0,0,4,12,0,13,0,0,0,0,2,0,0,5,2,0,0,9,0,49,31,0,42,0,3,0,0,0,3,1,18,18,0,6,68,136,51,7,158,0,2,0,0,0,0,0,11,6,1,0,90,8,6,2,8,0,3,1,0,0,3,2,15,37,18,0,98
504,0,0,0,1,0,0,0,0,7,0,2,2,0,1,0,12,0,3,0,5,4,0,0,1,0,2,0,9,0,0,0,8,11,0,16,0,0,0,0,8,0,0,6,3,0,0,5,0,49,22,0,41,0,2,0,0,0,3,1,19,12,0,8,66,112,50,10,171,0,1,0,0,0,4,0,14,5,2,0,115,5,6,1,5,0,2,4,0,0,2,1,16,26,16,0,103
505,0,0,0,3,0,0,0,0,6,0,0,4,0,0,0,12,0,2,0,3,2,2,0,1,0,4,0,4,0,0,0,5,6,0,11,0,0,0,0,6,0,0,7,4,0,0,11,0,45,19,1,42,0,4,0,0,0,7,3,19,13,0,4,78,102,38,10,173,0,1,0,0,0,4,0,10,4,1,0,116,9,7,3,5,0,4,1,0,0,3,2,13,34,22,0,110
506,0,0,0,2,0,0,0,0,9,0,0,3,0,1,1,15,0,1,0,3,3,3,0,4,0,0,0,7,0,0,0,6,8,0,18,0,0,0,0,6,2,0,4,1,0,0,6,0,49,25,1,52,0,4,0,0,0,4,3,15,23,0,6,58,120,58,5,162,0,2,0,0,0,3,1,16,6,2,0,82,5,5,2,8,0,3,1,0,0,1,7,13,28,20,0,107
507,0,0,0,0,0,0,0,0,8,0,0,5,0,2,1,12,0,3,0,6,14,3,0,4,0,2,0,6,0,0,0,5,14,0,10,0,0,0,0,6,0,0,2,4,0,0,6,0,45,23,1,52,0,3,0,0,0,5,2,15,15,0,6,67,105,53,7,174,0,1,0,0,0,8,1,18,4,1,0,84,10,4,2,13,0,2,4,0,0,2,3,9,38,24,0,86
508,0,0,0,1,0,0,0,0,12,0,0,2,0,4,2,9,0,6,0,7,7,0,0,2,0,0,0,9,0,0,1,4,15,0,16,0,0,0,0,5,1,0,7,6,0,0,5,0,53,13,3,41,0,2,0,0,0,5,4,15,17,0,4,67,123,37,6,156,0,1,0,0,0,3,1,10,4,0,0,116,8,11,3,8,0,5,3,0,0,6,3,19,24,16,0,92
509,0,0,0,4,0,0,0,0,14,0,0,1,0,0,0,9,0,3,0,3,7,1,0,5,0,1,0,6,0,0,1,3,8,0,18,0,0,0,0,2,0,0,6,1,0,0,8,0,54,20,0,38,0,2,0,0,0,6,3,14,22,0,8,77,110,45,16,185,0,2,0,0,0,4,2,6,5,3,0,105,5,7,2,1,0,3,1,0,0,0,6,16,27,13,0,91
510,0,0,0,3,0,0,0,0,9,0,1,1,0,1,2,13,0,4,0,0,5,0,0,3,0,4,0,15,0,0,1,8,12,0,10,0,0,0,0,2,0,0,7,5,0,0,12,0,50,23,2,46,0,5,0,0,0,5,3,24,13,0,2,73,119,48,4,159,0,1,0,0,0,2,0,11,4,1,0,93,2,6,4,8,0,0,2,0,0,0,2,17,24,24,0,105
511,0,0,0,0,0,0,0,0,15,0,1,6,0,6,0,6,0,4,0,5,4,0,0,5,0,3,0,9,0,0,0,2,17,0,11,0,0,0,0,4,0,0,11,5,0,0,10,0,55,19,1,41,0,7,0,0,0,8,5,17,15,0,4,69,106,42,11,175,0,1,0,0,0,4,3,7,2,4,0,86,11,4,2,11,0,4,2,0,0,0,5,17,20,14,0,104
512,0,0,0,1,0,0,0,0,13,0,0,2,0,0,0,13,0,6,0,4,3,4,0,5,0,3,0,3,0,0,1,5,8,0,19,0,0,0,0,5,0,0,5,6,0,0,7,0,42,27,0,42,0,3,0,0,0,5,2,17,24,0,3,74,116,39,8,174,0,1,0,0,0,1,0,11,7,2,0,95,7,3,2,8,0,1,6,0,0,1,1,15,35,21,0,94
513,0,0,0,3,0,0,0,0,9,0,1,1,0,3,0,14,0,3,0,5,4,1,0,4,0,2,0,4,0,0,0,4,14,0,8,0,0,0,0,2,0,0,8,3,0,0,10,0,52,27,1,43,0,1,0,0,0,3,6,15,18,0,0,56,118,48,6,170,0,3,0,0,0,4,0,14,5,2,0,110,13,7,2,6,0,1,1,0,0,1,4,11,26,21,0,102
514,0,0,0,3,0,0,0,0,3,0,1,7,0,4,0,8,0,0,0,1,4,0,0,5,0,4,0,8,0,0,0,5,11,0,7,0,0,0,0,6,1,0,7,3,0,0,17,0,51,16,0,45,0,3,0,0,0,8,2,12,25,0,3,83,100,35,4,189,0,0,0,0,0,5,1,15,6,1,0,99,5,0,5,5,0,3,2,0,0,1,2,21,34,28,0,86
515,0,0,0,4,0,0,0,0,9,0,1,4,0,3,2,10,0,1,0,2,3,2,0,2,0,3,0,2,0,0,1,6,9,0,13,0,0,0,0,4,0,0,4,4,0,0,8,0,43,24,0,52,0,5,0,0,0,7,3,13,18,0,6,84,123,40,9,156,0,2,0,0,0,3,0,12,6,4,0,94,6,3,2,10,0,5,4,0,0,2,5,11,33,27,0,91
516,0,0,0,4,0,0,0,0,6,0,1,5,0,2,0,9,0,2,0,1,4,3,0,0,0,2,1,10,0,0,1,3,8,0,18,0,0,0,0,3,0,0,7,2,0,0,10,0,62,25,1,41,0,4,0,0,0,6,2,10,24,0,3,80,104,61,5,162,0,2,0,0,0,2,0,13,6,0,0,112,5,8,1,4,0,2,2,0,0,1,4,16,24,21,0,85
517,0,0,0,0,0,0,0,0,3,0,0,4,0,3,1,8,0,5,0,4,6,1,0,4,0,3,0,7,0,0,0,2,15,0,11,0,0,0,0,4,0,0,6,4,0,0,10,0,48,25,1,36,0,7,0,0,0,8,5,14,17,0,2,76,125,46,5,175,0,1,0,0,0,3,1,5,5,1,0,92,6,5,2,5,0,3,0,0,0,1,2,13,29,25,0,110
518,0,0,0,0,0,0,0,0,8,0,1,2,0,1,1,14,0,3,0,2,10,3,0,2,0,3,0,8,0,0,0,1,10,0,6,0,0,0,0,1,1,0,8,3,0,0,7,0,44,24,0,31,0,4,0,0,0,4,0,20,26,0,4,72,115,56,10,168,0,1,0,0,0,1,0,10,4,1,0,114,5,6,1,7,0,0,5,0,0,2,3,12,26,21,0,108
519,0,0,0,1,0,0,0,0,5,0,1,6,0,2,0,13,0,5,0,5,4,1,0,5,0,0,2,7,0,0,0,6,15,0,12,0,0,0,0,5,0,0,4,5,0,0,9,0,41,26,2,39,0,3,0,0,0,7,3,18,17,0,1,75,123,39,3,160,0,0,0,0,0,1,1,12,4,2,0,116,4,1,1,7,0,1,5,0,0,5,3,13,21,15,0,118
520,0,0,0,1,0,0,0,0,11,0,1,4,0,2,1,6,0,3,0,8,6,1,0,5,0,2,1,11,0,0,2,6,10,0,15,0,0,0,0,6,2,0,6,5,0,0,9,0,56,35,1,50,0,2,0,0,0,1,5,18,13,0,5,67,82,39,7,168,0,0,0,0,0,2,2,12,4,2,0,119,8,5,4,5,0,2,4,0,0,1,2,10,32,24,0,89
521,0,0,0,1,0,0,0,0,11,0,0,0,0,5,0,9,0,4,0,4,2,1,0,4,0,1,0,3,0,0,1,4,12,0,9,0,0,0,0,4,0,0,4,1,0,0,15,0,57,28,0,33,0,4,0,0,0,1,2,13,19,0,2,87,110,36,6,183,0,3,0,0,0,2,0,8,5,1,0,97,4,2,0,6,0,1,6,0,0,1,4,13,29,23,0,119
522,0,0,0,0,0,0,0,0,9,0,1,2,0,2,1,12,0,3,0,7,3,1,0,3,0,2,1,7,0,0,0,9,13,0,10,0,0,0,0,5,0,0,7,4,0,0,3,0,46,21,2,35,0,4,0,0,0,3,4,17,24,0,2,71,105,37,10,175,0,2,0,0,0,5,1,10,7,3,0,108,7,11,6,3,0,3,4,0,0,4,2,16,31,19,0,97
523,0,0,0,3,0,0,0,0,7,0,0,3,0,2,0,16,0,1,0,1,4,1,0,2,0,1,0,7,0,0,0,5,11,0,12,0,0,0,0,4,1,0,4,5,0,0,13,0,54,25,0,46,0,3,0,0,0,6,2,7,26,0,3,77,110,46,6,163,0,1,0,0,0,2,0,15,2,3,0,102,5,5,0,12,0,6,5,0,0,2,2,15,32,22,0,92
524,0,0,0,1,0,0,0,0,8,0,1,4,0,3,1,12,0,2,0,6,5,1,0,3,0,5,0,8,0,0,0,5,6,0,14,0,0,0,0,1,1,0,4,3,0,0,14,0,53,17,0,28,0,4,0,0,0,3,6,13,24,0,5,79,115,49,7,178,0,3,0,0,0,5,1,18,8,2,0,99,6,3,3,8,0,1,6,0,0,1,3,14,32,23,0,75
525,0,0,0,2,0,0,0,0,9,0,1,4,0,1,1,13,0,9,0,7,5,3,0,1,0,1,0,7,0,0,0,3,9,0,15,0,0,0,0,3,2,0,8,2,0,0,9,0,53,24,1,43,0,5,0,0,0,2,2,15,21,0,9,70,133,41,6,170,0,0,0,0,0,8,0,9,4,1,0,88,8,10,3,8,0,1,0,0,0,2,2,11,33,20,0,82
526,0,0,0,3,0,0,0,0,14,0,0,1,0,2,0,9,0,3,0,5,8,0,0,4,0,3,0,9,0,0,0,2,18,0,11,0,0,0,0,8,0,0,7,2,0,0,11,0,42,18,3,36,0,6,0,0,0,7,1,22,16,0,6,73,116,56,4,173,0,0,0,0,0,3,0,11,9,1,0,86,4,7,4,5,0,3,4,0,0,0,2,16,29,18,0,99
527,0,0,0,0,0,0,0,0,6,0,0,0,0,3,0,10,0,4,0,2,9,1,0,1,0,4,3,14,0,0,0,1,14,0,13,0,0,0,0,5,1,0,7,3,0,0,19,0,47,26,0,53,0,3,0,0,0,9,4,10,26,0,4,73,106,41,9,173,0,1,0,0,0,4,0,17,7,3,0,87,5,4,1,9,0,4,3,0,0,5,3,10,23,25,0,85
528,0,0,0,1,0,0,0,0,7,0,0,0,0,0,0,16,0,3,0,4,4,1,0,3,0,2,1,7,0,0,2,2,4,0,13,0,0,0,0,5,2,0,7,2,0,0,10,0,40,25,1,50,0,3,0,0,0,6,4,16,14,0,5,60,111,41,7,175,0,1,0,0,0,4,0,11,4,1,0,115,11,6,3,8,0,1,5,0,0,0,4,12,27,13,0,120
529,0,0,0,1,0,0,0,0,15,0,2,2,0,3,1,12,0,4,0,7,3,0,0,1,0,0,0,6,0,0,0,2,7,0,11,0,0,0,0,8,0,0,10,3,0,0,8,0,46,14,0,55,0,1,0,0,0,7,4,22,20,0,5,74,105,39,4,163,0,3,0,0,0,1,0,19,4,4,0,108,6,5,0,5,0,4,2,0,0,4,4,9,25,25,0,107
530,0,0,0,3,0,0,0,0,9,0,0,5,0,4,0,7,0,5,0,5,7,0,0,3,0,2,0,7,0,0,0,6,9,0,18,0,0,0,0,2,2,0,10,4,0,0,5,0,54,22,0,54,0,3,0,0,0,5,5,19,33,0,7,55,112,47,6,153,0,2,0,0,0,6,1,9,6,2,0,82,2,9,4,8,0,2,0,0,0,1,6,22,30,9,0,111
531,0,0,0,6,0,0,0,0,10,0,0,5,0,4,1,9,0,2,0,1,7,1,0,3,0,2,1,8,0,0,0,5,13,0,13,0,0,0,0,3,0,0,6,3,0,0,7,0,48,23,1,43,0,0,0,0,0,1,3,14,23,0,4,67,116,46,7,163,0,2,0,0,0,4,0,12,6,0,0,94,5,5,1,9,0,5,2,0,0,3,0,16,33,27,0,107
532,0,0,0,1,0,0,0,0,8,0,0,4,0,1,0,15,0,2,0,3,8,1,0,3,0,1,0,8,0,0,1,1,9,0,19,0,0,0,0,8,0,0,8,3,0,0,11,0,39,27,2,39,0,6,0,0,0,4,1,9,28,0,5,81,104,53,5,172,0,3,0,0,0,3,0,14,1,3,0,78,5,4,5,9,0,2,4,0,0,1,3,12,30,23,0,110
533,0,0,0,0,0,0,0,0,8,0,1,5,0,4,1,15,0,5,0,7,7,1,0,1,0,4,0,4,0,0,0,2,9,0,16,0,0,0,0,2,0,0,8,2,0,0,8,0,44,15,1,39,0,5,0,0,0,4,3,10,22,0,4,70,99,44,7,183,0,0,0,0,0,4,2,9,3,3,0,100,11,5,3,6,0,2,2,0,0,2,1,15,50,30,0,92
534,0,0,0,1,0,0,0,0,9,0,0,1,0,5,0,10,0,0,0,5,1,2,0,2,0,4,1,3,0,0,1,5,7,0,11,0,0,0,0,5,1,0,7,1,0,0,8,0,51,25,0,38,0,2,0,0,0,5,4,14,20,0,2,82,115,46,5,178,0,1,0,0,0,1,1,20,1,2,0,102,11,1,1,4,0,0,3,0,0,2,3,12,28,22,0,108
535,0,0,0,1,0,0,0,0,7,0,0,3,0,2,0,8,0,5,0,5,5,2,0,2,0,1,0,9,0,0,0,4,9,0,12,0,0,0,0,4,2,0,5,1,0,0,9,0,63,31,0,38,0,2,0,0,0,11,4,11,21,0,3,66,116,45,4,175,0,1,0,0,0,2,1,10,4,2,0,90,10,5,3,5,0,2,4,0,0,0,5,11,26,16,0,117
536,0,0,0,0,0,0,0,0,4,0,3,10,0,6,1,3,0,3,0,3,3,3,0,2,0,2,3,6,0,0,0,5,9,0,11,0,0,0,0,8,0,0,7,4,0,0,13,0,58,20,3,37,0,4,0,0,0,6,2,16,21,0,5,71,112,43,10,166,0,1,0,0,0,3,2,11,4,4,0,86,12,4,3,3,0,2,4,0,0,4,3,22,22,27,0,100
537,0,0,0,2,0,0,0,0,8,0,0,4,0,1,0,7,0,2,0,5,2,1,0,5,0,3,0,5,0,0,0,6,13,0,7,0,0,0,0,3,0,0,4,2,0,0,19,0,57,23,0,28,0,4,0,0,0,3,0,11,16,0,4,81,138,50,9,161,0,2,0,0,0,5,0,10,6,2,0,83,12,6,1,5,0,1,4,0,0,2,7,15,29,20,0,106
538,0,0,0,0,0,0,0,0,9,0,0,5,0,3,0,13,0,2,0,4,3,2,0,3,0,1,0,9,0,0,1,3,11,0,11,0,0,0,0,3,2,0,13,4,0,0,9,0,52,21,0,45,0,2,0,0,0,9,2,17,19,0,3,76,119,39,7,151,0,4,0,0,0,4,0,14,5,2,0,89,5,8,1,9,0,1,2,0,0,2,4,18,29,25,0,105
539,0,0,0,2,0,0,0,0,9,0,2,6,0,1,1,10,0,3,0,3,5,0,0,4,0,0,1,7,0,0,1,5,14,0,11,0,0,0,0,7,3,0,13,5,0,0,12,0,39,24,1,48,0,4,0,0,0,3,2,16,23,0,4,85,111,47,6,154,0,1,0,0,0,3,0,10,5,2,0,110,10,5,2,8,0,2,2,0,0,2,0,16,28,17,0,85
540,0,0,0,3,0,0,0,0,8,0,0,6,0,2,0,13,0,6,0,5,3,1,0,4,0,3,0,3,0,0,0,2,12,0,13,0,0,0,0,4,2,0,9,3,0,0,8,0,50,28,1,37,0,1,0,0,0,3,2,16,23,0,10,79,99,38,6,184,0,1,0,0,0,2,1,12,2,2,0,85,6,4,2,7,0,0,3,0,0,4,3,7,35,18,0,119
541,0,0,0,2,0,0,0,0,13,0,0,6,0,2,0,12,0,3,0,7,7,1,0,4,0,1,0,10,0,0,0,6,12,0,13,0,0,0,0,6,0,0,8,4,0,0,13,0,56,21,0,39,0,3,0,0,0,8,3,10,17,0,5,71,100,51,5,159,0,3,0,0,0,3,0,10,2,4,0,109,5,9,3,7,0,3,3,0,0,3,2,8,28,26,0,94
542,0,0,0,2,0,0,0,0,10,0,1,5,0,3,2,17,0,3,0,6,4,2,0,3,0,1,0,6,0,0,1,1,5,0,8,0,0,0,0,5,1,0,10,5,0,0,9,0,36,26,1,40,0,2,0,0,0,3,3,16,18,0,4,85,100,47,4,170,0,2,0,0,0,4,0,17,2,1,0,97,10,4,3,11,0,3,2,0,0,2,3,17,38,16,0,103
543,0,0,0,0,0,0,0,0,10,0,1,6,0,1,0,8,0,4,0,4,6,3,0,2,0,2,1,9,0,0,0,3,6,0,15,0,0,0,0,7,0,0,9,2,0,0,10,0,43,17,1,45,0,9,0,0,0,6,2,21,23,0,4,72,133,44,4,156,0,3,0,0,0,1,1,8,3,2,0,97,5,6,1,5,0,2,3,0,0,1,5,13,29,24,0,102
544,0,0,0,2,0,0,0,0,11,0,1,5,0,5,0,8,0,3,0,9,2,1,0,6,0,1,0,7,0,0,2,4,10,0,15,0,0,0,0,5,0,0,5,2,0,0,8,0,56,19,0,33,0,2,0,0,0,4,2,15,23,0,4,57,106,53,5,168,0,0,0,0,0,3,0,14,5,3,0,94,11,9,3,10,0,0,2,0,0,1,5,9,36,14,0,122
545,0,0,0,0,0,0,0,0,7,0,1,4,0,3,0,11,0,4,0,4,6,3,0,4,0,2,0,4,0,0,2,6,9,0,12,0,0,0,0,1,1,0,5,5,0,0,12,0,51,35,1,32,0,2,0,0,0,5,3,16,20,0,4,78,132,50,7,153,0,4,0,0,0,4,0,8,4,2,0,74,8,7,2,8,0,4,2,0,0,3,4,11,39,19,0,102
546,0,0,0,1,0,0,0,0,5,0,0,4,0,1,1,9,0,4,0,2,6,5,0,2,0,2,0,3,0,0,0,4,8,0,8,0,0,0,0,5,0,0,10,6,0,0,5,0,36,27,0,50,0,2,0,0,0,8,5,21,21,0,3,75,96,47,11,164,0,3,0,0,0,1,1,8,5,3,0,97,15,5,2,10,0,2,2,0,0,1,2,15,32,26,0,113
547,0,0,0,1,0,0,0,0,9,0,0,4,0,2,1,10,0,3,0,6,4,1,0,1,0,1,1,7,0,0,1,7,9,0,18,0,0,0,0,3,2,0,9,4,0,0,10,0,50,18,1,30,0,3,0,0,0,6,0,17,11,0,4,73,120,48,3,179,0,2,0,0,0,4,0,15,1,3,0,112,11,6,0,7,0,1,5,0,0,1,2,10,27,19,0,97
548,0,0,0,2,0,0,0,0,7,0,0,4,0,2,0,6,0,5,0,3,4,3,0,8,0,4,1,5,0,0,0,5,8,0,12,0,0,0,0,5,0,0,8,6,0,0,14,0,39,23,0,55,0,5,0,0,0,5,0,14,22,0,2,77,112,46,9,177,0,2,0,0,0,4,0,16,4,3,0,93,9,5,5,4,0,4,1,0,0,2,1,15,19,22,0,93
549,0,0,0,1,0,0,0,0,13,0,3,4,0,3,0,10,0,2,0,3,2,4,0,2,0,2,1,4,0,0,0,4,9,0,16,0,0,0,0,4,0,0,5,4,0,0,4,0,45,16,0,40,0,3,0,0,0,6,3,11,23,0,7,87,114,34,9,164,0,2,0,0,0,3,0,15,9,2,0,92,4,9,1,14,0,1,2,0,0,0,3,20,24,28,0,109
550,0,0,0,1,0,0,0,0,9,0,1,2,0,2,0,6,0,2,0,4,4,0,0,5,0,5,0,7,0,0,0,3,13,0,13,0,0,0,0,5,1,0,6,8,0,0,5,0,36,27,0,41,0,2,0,0,0,5,5,19,23,0,3,94,110,49,6,170,0,2,0,0,0,2,1,14,4,0,0,109,10,6,2,7,0,1,0,0,0,1,1,12,28,19,0,89
551,0,0,0,2,0,0,0,0,9,0,0,7,0,7,1,9,0,5,0,3,4,1,0,2,0,2,0,1,0,0,0,3,13,0,9,0,0,0,0,5,1,0,8,2,0,0,9,0,47,20,1,48,0,3,0,0,0,7,4,15,19,0,7,89,121,35,7,176,0,4,0,0,0,3,1,13,1,0,0,96,8,5,2,2,0,1,0,0,0,1,3,8,25,16,0,109
552,0,0,0,5,0,0,0,0,10,0,0,1,0,2,1,8,0,4,0,7,4,1,0,3,0,3,2,4,0,0,2,3,8,0,7,0,0,0,0,6,2,0,6,4,0,0,6,0,44,17,0,40,0,5,0,0,0,2,3,18,15,0,5,66,126,48,2,174,0,2,0,0,0,6,1,17,3,4,0,88,7,11,1,9,0,2,2,0,0,2,5,12,36,19,0,109
553,0,0,0,1,0,0,0,0,10,0,0,5,0,3,1,6,0,4,0,1,4,0,0,2,0,4,3,4,0,0,1,1,9,0,14,0,0,0,0,4,1,0,9,1,0,0,9,0,30,24,2,39,0,2,0,0,0,5,5,10,26,0,2,66,132,55,5,159,0,0,0,0,0,4,0,14,4,3,0,126,16,6,1,6,0,4,2,0,0,1,1,8,20,17,0,108
554,0,0,0,0,0,0,0,0,10,0,0,5,0,1,0,15,0,7,0,3,3,2,0,5,0,0,1,8,0,0,0,0,12,0,16,0,0,0,0,3,3,0,3,1,0,0,9,0,49,24,0,38,0,2,0,0,0,5,8,16,25,0,5,73,112,46,5,162,0,2,0,0,0,1,1,11,5,3,0,109,7,5,1,6,0,3,3,0,0,3,4,15,32,22,0,90
555,0,0,0,3,0,0,0,0,10,0,0,6,0,3,0,16,0,5,0,4,7,1,0,3,0,0,0,4,0,0,0,5,12,0,17,0,0,0,0,4,1,0,13,3,0,0,15,0,37,20,1,43,0,2,0,0,0,3,1,13,25,0,4,62,106,49,4,167,0,0,0,0,0,5,0,13,1,1,0,95,10,5,6,8,0,3,1,0,0,3,0,18,29,22,0,111
556,0,0,0,1,0,0,0,0,12,0,0,6,0,2,0,15,0,3,0,4,4,1,0,4,0,2,0,7,0,0,0,4,7,0,17,0,0,0,0,4,0,0,8,3,0,0,11,0,35,21,1,46,0,5,0,0,0,9,1,9,20,0,5,71,114,49,7,174,0,1,0,0,0,2,0,23,3,0,0,94,10,5,1,7,0,3,1,0,0,1,1,12,29,21,0,104
557,0,0,0,3,0,0,0,0,7,0,0,3,0,3,0,11,0,6,0,3,7,0,0,2,0,2,0,6,0,0,0,4,8,0,12,0,0,0,0,2,1,0,9,0,0,0,4,0,74,12,0,41,0,6,0,0,0,4,2,16,25,0,3,75,121,46,5,159,0,2,0,0,0,5,1,6,5,2,0,109,11,8,3,6,0,0,4,0,0,5,6,12,25,19,0,89
558,0,0,0,2,0,0,0,0,4,0,0,4,0,1,0,12,0,5,0,4,5,1,0,2,0,2,0,5,0,0,0,2,17,0,9,0,0,0,0,3,1,0,8,3,0,0,12,0,53,31,0,38,0,5,0,0,0,7,3,13,23,0,0,82,111,55,4,145,0,1,0,0,0,5,0,13,5,2,0,104,12,4,2,5,0,0,0,0,0,1,1,18,32,25,0,98
559,0,0,0,1,0,0,0,0,12,0,1,1,0,3,0,8,0,5,0,4,8,1,0,3,0,1,0,6,0,0,0,2,12,0,11,0,0,0,0,6,0,0,6,5,0,0,8,0,51,27,0,37,0,2,0,0,0,3,6,14,27,0,3,56,107,49,4,191,0,3,0,0,0,2,1,11,6,4,0,104,7,6,1,9,0,0,2,0,0,1,1,17,28,24,0,92
560,0,0,0,2,0,0,0,0,12,0,1,1,0,5,0,5,0,2,0,2,2,4,0,4,0,2,0,3,0,0,1,5,14,0,10,0,0,0,0,5,0,0,7,3,0,0,7,0,46,34,1,47,0,3,0,0,0,3,1,13,25,0,3,86,113,49,4,182,0,0,0,0,0,5,0,11,5,4,0,97,12,6,2,11,0,1,5,0,0,3,2,12,23,17,0,77
561,0,0,0,4,0,0,0,0,10,0,0,3,0,1,1,11,0,1,0,6,9,2,0,6,0,1,0,7,0,0,0,5,18,0,21,0,0,0,0,2,1,0,9,3,0,0,9,0,49,20,1,55,0,4,0,0,0,3,2,16,31,0,3,73,105,40,5,170,0,1,0,0,0,5,0,20,4,2,0,89,12,2,6,8,0,1,4,0,0,2,2,12,23,20,0,80
562,0,0,0,0,0,0,0,0,8,0,0,5,0,2,2,4,0,2,0,5,5,2,0,3,0,3,0,6,0,0,0,0,10,0,16,0,0,0,0,2,1,0,4,3,0,0,11,0,49,24,1,52,0,4,0,0,0,7,4,15,15,0,1,76,105,51,7,179,0,2,0,0,0,2,0,17,2,4,0,90,10,4,6,7,0,2,3,0,0,0,2,14,31,31,0,89
563,0,0,0,1,0,0,0,0,6,0,2,4,0,2,1,10,0,4,0,3,4,1,0,2,0,1,0,6,0,0,0,7,14,0,11,0,0,0,0,4,0,0,3,5,0,0,7,0,48,30,1,39,0,5,0,0,0,9,2,10,19,0,1,82,105,37,4,176,0,0,0,0,0,4,1,19,6,1,0,94,11,6,3,7,0,5,2,0,0,1,5,9,42,13,0,105
564,0,0,0,1,0,0,0,0,5,0,2,7,0,3,1,11,0,7,0,6,6,2,0,2,0,1,0,7,0,0,0,5,11,0,10,0,0,0,0,3,2,0,10,2,0,0,11,0,46,20,0,37,0,3,0,0,0,7,3,17,15,0,6,75,107,43,3,172,0,3,0,0,0,3,0,9,7,5,0,97,12,5,4,10,0,1,0,0,0,1,2,17,34,19,0,102
565,0,0,0,2,0,0,0,0,7,0,1,4,0,6,0,10,0,5,0,3,4,2,0,1,0,2,1,8,0,0,0,1,12,0,9,0,0,0,0,2,2,0,5,4,0,0,7,0,60,20,1,61,0,2,0,0,0,3,1,18,21,0,3,69,105,44,6,175,0,1,0,0,0,4,1,9,5,2,0,100,5,3,2,9,0,2,3,0,0,3,1,17,25,16,0,105
566,0,0,0,2,0,0,0,0,15,0,1,2,0,4,0,9,0,5,0,4,5,1,0,2,0,1,0,13,0,0,1,4,17,0,15,0,0,0,0,7,2,0,4,6,0,0,17,0,39,20,2,43,0,7,0,0,0,2,2,12,23,0,2,74,104,54,2,164,0,1,0,0,0,5,2,15,3,0,0,93,8,7,4,8,0,1,1,0,0,0,6,11,27,22,0,99
567,0,0,0,4,0,0,0,0,10,0,0,4,0,3,0,14,0,2,0,4,5,1,0,3,0,3,1,3,0,0,4,5,6,0,21,0,0,0,0,4,0,0,6,4,0,0,11,0,44,25,1,49,0,2,0,0,0,4,2,16,27,0,4,71,108,32,0,161,0,2,0,0,0,3,0,9,6,0,0,102,15,5,1,15,0,1,2,0,0,0,3,13,28,18,0,113
568,0,0,0,1,0,0,0,0,6,0,0,3,0,2,0,5,0,2,0,2,2,1,0,2,0,2,1,7,0,0,0,1,11,0,16,0,0,0,0,4,0,0,9,3,0,0,7,0,56,31,1,37,0,2,0,0,0,7,1,15,18,0,7,79,106,56,8,150,0,3,0,0,0,6,0,24,4,2,0,92,14,8,4,4,0,2,1,0,0,2,3,10,36,19,0,105
569,0,0,0,1,0,0,0,0,12,0,0,4,0,5,0,8,0,6,0,2,5,2,0,1,0,1,0,7,0,0,0,5,14,0,12,0,0,0,0,6,0,0,6,2,0,0,7,0,38,26,1,39,0,2,0,0,0,5,2,22,25,0,6,59,120,45,8,188,0,2,0,0,0,4,0,14,5,0,0,90,10,4,0,10,0,1,2,0,0,6,1,13,25,17,0,104
570,0,0,0,1,0,0,0,0,9,0,1,4,0,2,1,15,0,8,0,5,8,1,0,3,0,0,1,8,0,0,0,8,5,0,16,0,0,0,0,2,1,0,6,1,0,0,11,0,45,15,0,38,0,0,0,0,0,6,2,23,28,0,5,66,111,50,7,165,0,2,0,0,0,2,1,12,4,0,0,89,10,4,3,9,0,1,0,0,0,3,5,17,30,29,0,101
571,0,0,0,4,0,0,0,0,7,0,1,7,0,1,0,6,0,4,0,3,6,1,0,2,0,2,0,4,0,0,2,5,13,0,12,0,0,0,0,2,2,0,6,5,0,0,14,0,49,23,1,40,0,2,0,0,0,9,4,12,19,0,3,74,129,46,4,169,0,2,0,0,0,5,0,12,5,1,0,99,8,8,2,8,0,1,3,0,0,0,3,15,25,17,0,93
572,0,0,0,4,0,0,0,0,12,0,1,1,0,2,0,11,0,2,0,4,1,0,0,4,0,1,0,6,0,0,0,2,11,0,14,0,0,0,0,3,1,0,9,2,0,0,7,0,53,31,1,51,0,3,0,0,0,3,0,15,20,0,3,73,113,42,2,177,0,1,0,0,0,6,0,16,4,0,0,101,9,4,0,3,0,3,0,0,0,1,3,12,24,27,0,101
573,0,0,0,0,0,0,0,0,6,0,1,3,0,5,0,15,0,3,0,1,5,1,0,1,0,1,0,7,0,0,0,4,10,0,12,0,0,0,0,3,0,0,5,3,0,0,10,0,55,24,1,36,0,4,0,0,0,5,4,15,21,0,6,77,113,33,3,173,0,3,0,0,0,4,0,12,2,3,0,107,9,7,2,6,0,2,1,0,0,5,8,12,37,15,0,99
574,0,0,0,3,0,0,0,0,9,0,2,5,0,2,1,12,0,3,0,2,7,0,0,2,0,1,0,13,0,0,0,7,9,0,9,0,0,0,0,3,1,0,7,2,0,0,14,0,60,20,0,44,0,5,0,0,0,6,2,18,25,0,3,81,97,43,7,170,0,3,0,0,0,4,0,17,3,3,0,90,8,7,1,5,0,4,5,0,0,2,1,17,33,19,0,83
575,0,0,0,3,0,0,0,0,10,0,0,4,0,5,0,8,0,1,0,8,3,0,0,3,0,4,3,3,0,0,0,3,13,0,17,0,0,0,0,5,3,0,8,4,0,0,11,0,45,26,0,37,0,0,0,0,0,4,3,15,20,0,7,79,101,49,4,179,0,0,0,0,0,5,0,14,7,1,0,94,7,6,2,9,0,5,1,0,0,3,1,7,26,21,0,103
576,0,0,0,1,0,0,0,0,8,0,0,2,0,8,1,7,0,6,0,6,5,0,0,2,0,0,0,11,0,0,1,6,12,0,9,0,0,0,0,1,1,0,5,3,0,0,13,0,51,24,2,38,0,6,0,0,0,6,4,15,24,0,3,64,125,42,12,156,0,0,0,0,0,6,0,6,8,4,0,99,7,1,3,9,0,2,1,0,0,0,0,19,33,23,0,99
577,0,0,0,5,0,0,0,0,8,0,0,5,0,4,2,11,0,5,0,5,4,2,0,8,0,3,1,4,0,0,2,7,7,0,11,0,0,0,0,5,0,0,8,3,0,0,9,0,53,23,0,46,0,3,0,0,0,2,2,15,13,0,1,63,109,47,5,152,0,2,0,0,0,3,0,11,2,0,0,103,5,4,3,13,0,5,2,0,0,0,3,13,35,18,0,125
578,0,0,0,0,0,0,0,0,4,0,0,9,0,0,0,9,0,4,0,4,6,0,0,3,0,1,0,5,0,0,1,3,3,0,9,0,0,0,0,4,0,0,8,4,0,0,7,0,45,26,2,45,0,2,0,0,0,2,4,18,24,0,3,80,104,47,9,157,0,3,0,0,0,3,0,6,6,7,0,118,6,7,3,15,0,4,0,0,0,2,2,14,43,19,0,90
579,0,0,0,2,0,0,0,0,10,0,1,4,0,0,0,10,0,1,0,8,2,0,0,2,0,1,0,7,0,0,1,1,7,0,13,0,0,0,0,5,0,0,6,2,0,0,8,0,54,29,0,35,0,2,0,0,0,4,5,16,9,0,4,77,114,53,7,182,0,1,0,0,0,3,1,7,2,1,0,102,6,8,4,7,0,3,1,0,0,2,4,19,28,15,0,104
580,0,0,0,1,0,0,0,0,11,0,2,1,0,2,1,7,0,6,0,5,4,1,0,5,0,0,0,5,0,0,0,3,13,0,11,0,0,0,0,5,0,0,5,3,0,0,8,0,53,23,1,42,0,1,0,0,0,4,4,13,25,0,4,66,113,40,16,159,0,3,0,0,0,1,1,10,4,4,0,85,11,4,2,6,0,0,4,0,0,2,2,8,35,27,0,128
581,0,0,0,1,0,0,0,0,10,0,0,4,0,2,0,6,0,4,0,3,1,0,0,7,0,3,0,9,0,0,0,1,10,0,15,0,0,0,0,3,1,0,6,3,0,0,9,0,51,28,1,34,0,4,0,0,0,9,4,15,24,0,9,69,109,38,10,176,0,4,0,0,0,2,0,10,2,3,0,100,10,5,2,8,0,2,2,0,0,1,2,13,29,19,0,107
582,0,0,0,0,0,0,0,0,9,0,1,4,0,4,0,13,0,7,0,4,9,1,0,2,0,2,0,6,0,0,2,7,11,0,10,0,0,0,0,2,0,0,5,1,0,0,6,0,38,31,0,42,0,5,0,0,0,5,0,10,21,0,1,75,109,47,4,177,0,0,0,0,0,6,0,15,5,1,0,103,6,6,3,7,0,0,4,0,0,3,3,8,36,20,0,103
583,0,0,0,1,0,0,0,0,7,0,1,3,0,2,1,14,0,5,0,5,4,1,0,3,0,1,1,8,0,0,0,5,10,0,13,0,0,0,0,3,0,0,9,3,0,0,6,0,56,25,0,41,0,1,0,0,0,7,3,16,24,0,3,63,118,45,8,159,0,2,0,0,0,6,1,16,4,3,0,94,8,4,3,2,0,0,2,0,0,1,2,10,32,18,0,117
584,0,0,0,0,0,0,0,0,5,0,1,4,0,3,2,10,0,3,0,2,7,1,0,5,0,1,3,12,0,0,0,0,10,0,15,0,0,0,0,5,0,0,6,1,0,0,6,0,51,26,0,44,0,8,0,0,0,5,1,13,17,0,6,77,113,55,6,179,0,1,0,0,0,2,0,10,7,1,0,89,5,4,3,7,0,1,3,0,0,1,0,9,30,21,0,103
585,0,0,0,0,0,0,0,0,11,0,1,5,0,5,0,13,0,2,0,6,5,1,0,3,0,5,1,8,0,0,0,5,8,0,7,0,0,0,0,2,0,0,6,4,0,0,17,0,48,25,0,44,0,5,0,0,0,6,3,18,25,0,4,79,101,54,5,173,0,2,0,0,0,5,0,10,4,2,0,80,9,6,1,3,0,2,3,0,0,0,1,10,32,18,0,107
586,0,0,0,4,0,0,0,0,9,0,1,2,0,6,1,9,0,5,0,4,8,1,0,3,0,1,1,7,0,0,0,5,10,0,11,0,0,0,0,6,2,0,4,2,0,0,9,0,46,25,1,43,0,1,0,0,0,5,5,12,19,0,4,72,113,41,6,192,0,2,0,0,0,4,0,12,5,0,0,75,9,7,1,6,0,0,2,0,0,2,4,15,35,20,0,105
587,0,0,0,4,0,0,0,0,14,0,1,5,0,4,0,6,0,4,0,8,4,0,0,0,0,0,1,3,0,0,0,5,12,0,19,0,0,0,0,6,0,0,3,8,0,0,12,0,53,25,0,45,0,7,0,0,0,7,5,13,17,0,2,70,95,35,14,143,0,3,0,0,0,3,1,13,8,1,0,112,13,5,2,9,0,2,4,0,0,1,0,17,25,18,0,113
588,0,0,0,2,0,0,0,0,8,0,1,1,0,2,0,8,0,5,0,3,5,4,0,1,0,4,0,7,0,0,2,3,11,0,10,0,0,0,0,4,1,0,6,2,0,0,8,0,60,23,1,49,0,7,0,0,0,3,3,16,16,0,4,67,110,41,6,166,0,2,0,0,0,6,1,16,10,1,0,90,10,4,0,6,0,4,1,0,0,3,3,13,29,15,0,116
589,0,0,0,3,0,0,0,0,7,0,0,1,0,4,0,9,0,8,0,5,6,0,0,4,0,4,0,6,0,0,1,7,4,0,17,0,0,0,0,5,0,0,7,4,0,0,9,0,49,18,1,42,0,2,0,0,0,6,3,10,23,0,2,66,124,52,6,188,0,1,0,0,0,3,0,14,7,1,0,92,4,4,2,6,0,4,2,0,0,2,5,10,22,23,0,95
590,0,0,0,4,0,0,0,0,7,0,1,4,0,4,1,9,0,7,0,4,4,3,0,7,0,2,1,6,0,0,0,7,7,0,16,0,0,0,0,4,2,0,7,5,0,0,6,0,49,31,1,39,0,3,0,0,0,5,2,16,17,0,4,70,117,52,6,173,0,2,0,0,0,3,0,13,1,3,0,80,5,1,3,8,0,0,2,0,0,1,2,6,24,20,0,123
591,0,0,0,1,0,0,0,0,7,0,0,1,0,0,1,13,0,0,0,2,1,0,0,2,0,1,1,9,0,0,0,3,11,0,9,0,0,0,0,7,3,0,9,5,0,0,11,0,60,18,1,37,0,2,0,0,0,5,2,17,30,0,4,64,124,56,11,174,0,1,0,0,0,0,0,15,5,0,0,96,9,4,7,7,0,3,2,0,0,1,3,12,27,14,0,92
592,0,0,0,0,0,0,0,0,5,0,0,2,0,4,1,10,0,4,0,0,5,3,0,2,0,4,0,8,0,0,0,4,11,0,10,0,0,0,0,1,1,0,7,2,0,0,13,0,49,20,1,45,0,3,0,0,0,4,3,13,27,0,4,75,111,38,6,172,0,3,0,0,0,6,1,13,8,5,0,109,8,5,1,12,0,1,1,0,0,4,5,12,21,20,0,97
593,0,0,0,2,0,0,0,0,5,0,1,1,0,3,1,8,0,9,0,0,6,3,0,3,0,0,1,4,0,0,2,4,8,0,10,0,0,0,0,3,1,0,4,2,0,0,7,0,39,18,0,47,0,4,0,0,0,6,1,24,30,0,0,72,132,45,4,171,0,1,0,0,0,4,0,8,1,3,0,86,12,5,2,9,0,2,2,0,0,3,3,15,30,21,0,112
594,0,0,0,1,0,0,0,0,6,0,0,3,0,5,3,13,0,2,0,5,5,0,0,1,0,0,0,7,0,0,0,2,8,0,11,0,0,0,0,5,0,0,2,4,0,0,9,0,44,24,0,39,0,6,0,0,0,2,4,9,16,0,4,63,131,54,5,177,0,1,0,0,0,5,1,13,5,3,0,97,10,3,3,9,0,4,1,0,0,3,7,16,31,21,0,97
595,0,0,0,1,0,0,0,0,8,0,0,4,0,0,2,11,0,5,0,3,5,2,0,1,0,0,1,5,0,0,0,7,15,0,16,0,0,0,0,0,1,0,4,4,0,0,3,0,57,26,1,39,0,3,0,0,0,6,3,19,19,0,3,79,104,51,7,172,0,1,0,0,0,7,0,8,3,2,0,83,6,4,4,8,0,3,1,0,0,1,4,21,34,20,0,103
596,0,0,0,3,0,0,0,0,15,0,0,3,0,2,0,12,0,0,0,5,3,1,0,2,0,0,0,5,0,0,0,7,8,0,10,0,0,0,0,4,0,0,5,2,0,0,8,0,48,23,1,46,0,8,0,0,0,5,5,16,25,0,6,81,110,43,5,162,0,3,0,0,0,2,1,11,7,2,0,86,8,6,1,9,0,4,3,0,0,1,1,13,31,27,0,105
597,0,0,0,0,0,0,0,0,6,0,0,4,0,2,1,13,0,6,0,5,5,0,0,3,0,1,1,0,0,0,0,2,13,0,19,0,0,0,0,6,0,0,9,7,0,0,10,0,48,19,0,42,0,3,0,0,0,7,5,19,24,0,3,80,109,50,8,180,0,4,0,0,0,2,0,19,2,3,0,87,4,1,0,9,0,1,3,0,0,2,7,14,25,9,0,98
598,0,0,0,0,0,0,0,0,9,0,1,5,0,1,0,14,0,8,0,4,6,1,0,1,0,1,0,5,0,0,0,5,14,0,13,0,0,0,0,4,0,0,4,4,0,0,11,0,42,29,2,40,0,3,0,0,0,4,2,17,17,0,5,70,127,45,9,169,0,2,0,0,0,4,1,10,4,2,0,103,13,6,1,10,0,1,2,0,0,0,2,12,31,18,0,86
599,0,0,0,2,0,0,0,0,11,0,0,0,0,4,0,11,0,3,0,9,7,2,0,3,0,3,0,7,0,0,1,4,7,0,8,0,0,0,0,3,0,0,9,4,0,0,7,0,52,20,0,46,0,8,0,0,0,7,4,11,25,0,4,70,116,41,7,153,0,3,0,0,0,4,0,15,3,2,0,107,8,6,2,5,0,0,0,0,0,1,3,14,32,20,0,106
600,0,0,0,3,0,0,0,0,9,0,0,4,0,4,0,6,0,3,0,1,7,5,0,3,0,1,0,10,0,0,0,1,6,0,11,0,0,0,0,3,0,0,8,5,0,0,10,0,42,23,0,41,0,1,0,0,0,5,2,11,29,0,8,72,116,43,7,172,0,0,0,0,0,2,1,11,4,1,0,102,5,5,1,5,0,2,5,0,0,2,2,9,32,15,0,124
601,0,0,0,0,0,0,0,0,8,0,1,1,0,1,1,6,0,4,0,7,7,1,0,2,0,0,0,8,0,0,0,5,12,0,18,0,0,0,0,3,1,0,8,4,0,0,10,0,37,25,1,37,0,3,0,0,0,4,0,7,18,0,3,79,112,38,5,188,0,4,0,0,0,5,2,12,3,2,0,99,11,3,4,6,0,0,4,0,0,0,2,13,23,24,0,118
602,0,0,0,2,0,0,0,0,14,0,0,5,0,0,1,12,0,4,0,7,4,0,0,0,0,1,0,4,0,0,0,3,9,0,12,0,0,0,0,4,0,0,7,3,0,0,11,0,53,25,0,48,0,2,0,0,0,5,2,14,18,0,2,78,106,44,9,169,0,4,0,0,0,5,1,14,6,6,0,93,11,3,5,4,0,1,0,0,0,2,2,8,20,28,0,109
603,0,0,0,2,0,0,0,0,7,0,0,1,0,3,0,9,0,0,0,6,11,1,0,1,0,2,2,8,0,0,0,6,14,0,9,0,0,0,0,2,0,0,9,6,0,0,9,0,35,20,1,50,0,8,0,0,0,7,4,20,16,0,6,82,100,43,6,152,0,3,0,0,0,2,1,17,4,3,0,100,18,5,5,7,0,5,4,0,0,0,1,11,25,23,0,108
604,0,0,0,1,0,0,0,0,9,0,1,7,0,5,0,12,0,7,0,4,7,1,0,5,0,3,0,11,0,0,0,1,8,0,15,0,0,0,0,5,0,0,7,4,0,0,7,0,53,19,1,41,0,6,0,0,0,4,1,11,15,0,5,73,111,58,3,155,0,5,0,0,0,2,0,12,4,1,0,97,7,3,4,6,0,2,1,0,0,1,1,14,30,20,0,114
605,0,0,0,0,0,0,0,0,12,0,0,5,0,1,1,9,0,3,0,7,6,2,0,4,0,1,0,6,0,0,0,3,12,0,22,0,0,0,0,5,2,0,1,1,0,0,9,0,54,17,0,47,0,3,0,0,0,4,4,16,23,0,3,85,121,40,7,153,0,3,0,0,0,5,1,16,7,3,0,103,5,5,1,6,0,1,1,0,0,1,4,12,29,16,0,92
606,0,0,0,2,0,0,0,0,9,0,1,0,0,2,0,11,0,5,0,5,4,3,0,2,0,0,2,14,0,0,0,1,8,0,10,0,0,0,0,6,1,0,6,2,0,0,13,0,46,19,1,38,0,2,0,0,0,7,7,11,25,0,4,61,101,40,12,178,0,1,0,0,0,3,1,22,8,2,0,90,6,4,2,8,0,2,2,0,0,2,4,18,34,36,0,96
607,0,0,0,3,0,0,0,0,4,0,2,5,0,5,0,6,0,2,0,5,7,3,0,4,0,2,2,3,0,0,1,3,13,0,12,0,0,0,0,1,0,0,7,4,0,0,11,0,55,20,1,44,0,3,0,0,0,2,5,13,28,0,3,77,106,45,6,151,0,1,0,0,0,3,0,13,2,2,0,107,4,3,2,11,0,4,1,0,0,3,1,15,35,27,0,102
608,0,0,0,2,0,0,0,0,6,0,1,5,0,1,0,8,0,7,0,1,4,0,0,5,0,1,2,9,0,0,0,0,11,0,12,0,0,0,0,2,2,0,6,4,0,0,7,0,49,23,0,56,0,4,0,0,0,6,4,13,20,0,3,75,98,39,9,190,0,3,0,0,0,2,0,12,1,4,0,94,4,4,2,4,0,1,4,0,0,3,2,15,36,22,0,102
609,0,0,0,3,0,0,0,0,7,0,0,4,0,0,1,10,0,2,0,4,2,0,0,0,0,2,0,5,0,0,1,4,10,0,14,0,0,0,0,7,0,0,8,5,0,0,13,0,50,29,2,39,0,4,0,0,0,5,4,22,17,0,4,73,118,44,2,165,0,1,0,0,0,1,0,12,7,1,0,108,3,7,2,5,0,2,4,0,0,4,0,25,25,25,0,88
610,0,0,0,1,0,0,0,0,7,0,1,2,0,4,0,6,0,3,0,3,10,1,0,6,0,3,0,7,0,0,2,3,16,0,8,0,0,0,0,7,0,0,6,2,0,0,7,0,42,25,1,55,0,4,0,0,0,5,4,13,18,0,3,70,118,45,10,152,0,2,0,0,0,3,1,9,1,2,0,102,8,3,3,6,0,1,0,0,0,4,0,15,34,20,0,116
611,0,0,0,3,0,0,0,0,9,0,1,6,0,1,0,8,0,6,0,5,5,1,0,1,0,0,0,11,0,0,0,7,12,0,9,0,0,0,0,2,2,0,3,0,0,0,12,0,53,21,2,42,0,3,0,0,0,8,1,12,23,0,5,49,110,58,6,188,0,2,0,0,0,4,0,11,6,3,0,85,7,8,2,8,0,2,3,0,0,0,3,11,34,26,0,100
612,0,0,0,2,0,0,0,0,8,0,0,5,0,2,2,10,0,2,0,4,5,0,0,1,0,1,0,10,0,0,0,5,14,0,9,0,0,0,0,4,2,0,9,5,0,0,6,0,50,28,0,49,0,0,0,0,0,7,2,14,25,0,9,78,109,35,6,183,0,4,0,0,0,3,1,17,3,2,0,95,9,4,1,5,0,2,2,0,0,1,2,14,33,21,0,80
613,0,0,0,0,0,0,0,0,11,0,1,2,0,0,1,16,0,4,0,4,2,1,0,2,0,2,2,6,0,0,0,2,11,0,15,0,0,0,0,2,0,0,8,1,0,0,11,0,51,16,0,50,0,4,0,0,0,8,0,15,20,0,3,72,113,39,7,167,0,2,0,0,0,2,0,17,6,2,0,104,7,7,1,8,0,2,1,0,0,1,1,18,27,21,0,104
614,0,0,0,1,0,0,0,0,14,0,0,2,0,3,0,6,0,2,0,5,3,0,0,4,0,1,1,9,0,0,0,2,15,0,12,0,0,0,0,4,1,0,8,4,0,0,8,0,48,28,1,45,0,3,0,0,0,10,1,14,17,0,0,73,92,49,6,172,0,2,0,0,0,2,1,12,6,4,0,94,6,4,2,10,0,1,5,0,0,4,5,15,33,18,0,112
615,0,0,0,0,0,0,0,0,7,0,0,4,0,3,1,13,0,5,0,6,3,1,0,1,0,1,0,9,0,0,2,5,5,0,18,0,0,0,0,5,0,0,7,3,0,0,10,0,54,27,0,29,0,2,0,0,0,5,2,18,24,0,5,86,105,50,8,159,0,0,0,0,0,5,0,12,7,3,0,103,7,6,1,7,0,1,1,0,0,1,4,9,32,20,0,98
616,0,0,0,4,0,0,0,0,10,0,0,6,0,0,0,10,0,2,0,4,5,1,0,6,0,1,0,8,0,0,1,4,7,0,12,0,0,0,0,1,1,0,5,2,0,0,5,0,51,24,0,51,0,2,0,0,0,9,2,14,14,0,3,68,108,55,5,179,0,2,0,0,0,4,2,12,3,2,0,101,10,3,2,11,0,2,1,0,0,1,7,11,28,16,0,102
617,0,0,0,1,0,0,0,0,8,0,0,8,0,0,0,9,0,3,0,5,2,3,0,2,0,5,3,6,0,0,1,3,7,0,7,0,0,0,0,6,0,0,9,2,0,0,7,0,45,29,0,54,0,1,0,0,0,3,3,14,16,0,4,81,104,47,8,185,0,2,0,0,0,5,0,17,3,4,0,72,16,4,1,8,0,3,2,0,0,1,1,10,34,17,0,109
618,0,0,0,1,0,0,0,0,9,0,2,3,0,3,3,13,0,4,0,4,5,2,0,3,0,0,0,3,0,0,1,3,13,0,8,0,0,0,0,4,0,0,11,2,0,0,8,0,57,24,0,47,0,0,0,0,0,4,5,11,18,0,4,69,112,48,6,155,0,1,0,0,0,2,0,13,3,0,0,107,7,3,5,9,0,3,1,0,0,1,1,16,44,19,0,100
619,0,0,0,4,0,0,0,0,7,0,0,5,0,4,1,14,0,3,0,6,4,3,0,2,0,1,0,6,0,0,0,3,12,0,15,0,0,0,0,3,0,0,4,3,0,0,11,0,46,31,1,40,0,4,0,0,0,2,2,12,22,0,5,66,117,50,5,161,0,1,0,0,0,7,1,15,5,2,0,93,14,5,2,5,0,0,2,0,0,0,2,12,32,21,0,106
620,0,0,0,5,0,0,0,0,9,0,0,3,0,1,0,11,0,3,0,5,2,3,0,3,0,2,1,5,0,0,0,1,5,0,13,0,0,0,0,2,1,0,4,1,0,0,7,0,45,20,0,38,0,2,0,0,0,2,4,22,28,0,9,81,110,58,3,154,0,2,0,0,0,5,1,17,7,1,0,109,6,2,5,9,0,5,0,0,0,2,2,13,30,24,0,97
621,0,0,0,0,0,0,0,0,6,0,0,3,0,5,0,12,0,4,0,5,12,0,0,0,0,1,0,9,0,0,0,3,9,0,13,0,0,0,0,3,0,0,9,4,0,0,6,0,45,23,0,36,0,7,0,0,0,4,0,17,21,0,4,75,108,50,3,170,0,1,0,0,0,2,0,5,5,1,0,97,6,6,1,10,0,2,3,0,0,3,4,20,34,19,0,114
622,0,0,0,0,0,0,0,0,9,0,0,6,0,1,1,10,0,3,0,1,9,2,0,5,0,0,0,9,0,0,1,2,10,0,11,0,0,0,0,3,1,0,11,8,0,0,12,0,50,17,0,40,0,1,0,0,0,5,3,15,22,0,5,69,100,57,4,151,0,3,0,0,0,1,0,12,3,2,0,109,14,1,1,4,0,1,2,0,0,4,3,17,31,18,0,120
623,0,0,0,2,0,0,0,0,7,0,0,2,0,2,0,8,0,3,0,4,5,1,0,2,0,3,0,6,0,0,1,3,6,0,12,0,0,0,0,1,1,0,10,5,0,0,10,0,61,22,1,46,0,0,0,0,0,0,3,11,21,0,0,78,110,43,4,176,0,1,0,0,0,2,1,14,4,3,0,116,8,4,4,4,0,5,2,0,0,2,1,11,29,14,0,105
624,0,0,0,2,0,0,0,0,5,0,0,2,0,2,2,11,0,4,0,2,9,2,0,1,0,3,0,3,0,0,0,5,8,0,15,0,0,0,0,3,0,0,6,2,0,0,10,0,49,27,0,54,0,9,0,0,0,3,4,15,22,0,5,77,113,55,6,161,0,3,0,0,0,1,0,12,4,1,0,94,6,4,3,10,0,3,4,0,0,2,1,11,30,16,0,98
625,0,0,0,0,0,0,0,0,9,0,0,7,0,1,0,9,0,4,0,3,8,0,0,3,0,1,0,4,0,0,1,7,12,0,15,0,0,0,0,6,1,0,12,0,0,0,5,0,54,20,1,42,0,5,0,0,0,7,2,11,21,0,5,81,108,34,9,182,0,1,0,0,0,5,0,14,3,2,0,87,3,11,4,7,0,3,5,0,0,3,6,12,35,15,0,94
626,0,0,0,2,0,0,0,0,11,0,0,3,0,0,1,8,0,3,0,4,1,2,0,3,0,0,0,6,0,0,0,2,12,0,11,0,0,0,0,2,0,0,12,3,0,0,15,0,41,20,1,43,0,2,0,0,0,5,2,15,20,0,4,76,124,52,7,157,0,1,0,0,0,3,0,13,2,2,0,94,11,8,4,8,0,5,2,0,0,2,4,12,32,22,0,105
627,0,0,0,3,0,0,0,0,7,0,1,2,0,3,0,5,0,9,0,4,4,3,0,2,0,1,0,6,0,0,0,0,11,0,18,0,0,0,0,4,1,0,8,5,0,0,10,0,55,19,0,56,0,5,0,0,0,6,1,19,18,0,5,69,117,53,0,166,0,4,0,0,0,2,1,19,8,4,0,89,8,1,3,7,0,2,1,0,0,3,3,11,29,21,0,88
628,0,0,0,2,0,0,0,0,12,0,2,2,0,4,0,9,0,4,0,2,3,0,0,1,0,2,2,5,0,0,0,6,11,0,10,0,0,0,0,2,1,0,6,3,0,0,9,0,55,23,1,33,0,2,0,0,0,4,2,21,21,0,2,68,120,38,5,172,0,2,0,0,0,1,0,15,4,2,0,103,8,8,2,11,0,1,3,0,0,1,3,11,36,23,0,101
629,0,0,0,4,0,0,0,0,7,0,0,5,0,0,0,5,0,4,0,2,5,2,0,4,0,1,1,8,0,0,1,3,12,0,11,0,0,0,0,4,1,0,10,1,0,0,9,0,51,28,1,33,0,5,0,0,0,6,4,17,16,0,3,74,110,37,6,158,0,1,0,0,0,5,0,20,2,3,0,110,4,4,4,8,0,2,4,0,0,0,3,20,25,15,0,121
630,0,0,0,2,0,0,0,0,5,0,1,3,0,5,0,12,0,5,0,4,5,0,0,3,0,1,0,4,0,0,0,2,14,0,20,0,0,0,0,3,2,0,3,2,0,0,9,0,45,17,0,39,0,2,0,0,0,1,3,14,23,0,3,74,126,56,5,154,0,0,0,0,0,4,1,15,2,7,0,110,6,4,3,10,0,0,3,0,0,1,3,13,30,25,0,96
631,0,0,0,4,0,0,0,0,9,0,1,5,0,5,0,10,0,2,0,2,6,1,0,2,0,2,2,13,0,0,1,0,5,0,25,0,0,0,0,5,0,0,9,4,0,0,17,0,51,21,0,37,0,4,0,0,0,5,3,12,22,0,0,73,113,50,6,165,0,0,0,0,0,3,0,12,7,4,0,96,4,4,2,7,0,2,0,0,0,4,2,12,24,26,0,99
632,0,0,0,5,0,0,0,0,8,0,0,4,0,3,0,16,0,4,0,3,6,1,0,3,0,0,0,8,0,0,0,2,10,0,14,0,0,0,0,11,0,0,2,6,0,0,4,0,46,27,0,45,0,2,0,0,0,1,5,19,28,0,2,68,111,42,8,171,0,4,0,0,0,7,2,10,2,1,0,87,9,7,2,5,0,2,2,0,0,0,3,17,37,16,0,102
633,0,0,0,2,0,0,0,0,5,0,1,4,0,3,0,12,0,3,0,4,5,1,0,1,0,3,0,11,0,0,0,4,9,0,13,0,0,0,0,4,2,0,1,2,0,0,4,0,51,25,0,44,0,7,0,0,0,5,4,12,19,0,3,66,134,38,8,149,0,4,0,0,0,5,0,18,6,2,0,84,6,3,1,10,0,3,4,0,0,1,5,27,28,21,0,113
634,0,0,0,0,0,0,0,0,10,0,0,0,0,2,0,12,0,2,0,1,5,1,0,3,0,3,0,6,0,0,0,6,11,0,15,0,0,0,0,2,0,0,13,2,0,0,9,0,42,17,1,34,0,2,0,0,0,5,3,19,17,0,1,70,122,45,9,156,0,2,0,0,0,3,2,16,4,5,0,111,10,7,2,8,0,1,0,0,0,5,2,10,39,18,0,109
635,0,0,0,2,0,0,0,0,3,0,0,3,0,3,0,11,0,4,0,4,0,0,0,4,0,1,0,10,0,0,0,3,9,0,6,0,0,0,0,7,0,0,4,3,0,0,5,0,54,24,0,41,0,1,0,0,0,4,1,18,18,0,3,77,115,49,5,192,0,1,0,0,0,1,0,15,4,4,0,73,6,3,3,7,0,2,4,0,0,2,4,20,30,21,0,116
636,0,0,0,1,0,0,0,0,11,0,1,6,0,1,0,9,0,2,0,5,4,0,0,1,0,0,0,5,0,0,1,2,9,0,18,0,0,0,0,5,0,0,6,7,0,0,20,0,39,21,2,37,0,5,0,0,0,6,6,13,13,0,6,83,102,54,8,166,0,2,0,0,0,6,0,7,5,1,0,85,9,5,0,9,0,3,2,0,0,0,3,15,29,21,0,123
637,0,0,0,2,0,0,0,0,13,0,1,4,0,2,0,10,0,7,0,3,3,2,0,0,0,1,1,10,0,0,0,4,9,0,14,0,0,0,0,4,0,0,4,3,0,0,6,0,56,22,0,46,0,6,0,0,0,6,5,11,21,0,2,86,117,42,3,147,0,1,0,0,0,1,1,13,6,2,0,123,3,2,1,10,0,3,2,0,0,1,3,9,37,10,0,99
638,0,0,0,2,0,0,0,0,7,0,3,3,0,3,0,9,0,6,0,4,6,2,0,1,0,3,2,7,0,0,0,2,14,0,16,0,0,0,0,7,0,0,6,2,0,0,14,0,49,14,0,39,0,6,0,0,0,9,5,13,18,0,6,76,110,48,4,180,0,0,0,0,0,5,0,14,1,3,0,94,2,8,2,6,0,1,5,0,0,2,6,9,42,13,0,91
639,0,0,0,4,0,0,0,0,9,0,0,5,0,3,2,10,0,10,0,5,4,0,0,3,0,1,2,13,0,0,0,7,11,0,8,0,0,0,0,5,1,0,5,4,0,0,17,0,57,21,1,43,0,3,0,0,0,4,0,15,18,0,4,80,100,37,6,171,0,2,0,0,0,9,1,15,3,5,0,84,5,8,1,5,0,3,2,0,0,4,1,10,32,23,0,98
640,0,0,0,0,0,0,0,0,4,0,1,3,0,3,0,11,0,2,0,4,6,2,0,5,0,3,1,3,0,0,0,4,12,0,12,0,0,0,0,5,2,0,8,6,0,0,9,0,50,18,0,48,0,3,0,0,0,4,3,14,27,0,8,74,107,40,5,183,0,1,0,0,0,5,2,13,3,2,0,100,10,0,1,12,0,1,0,0,0,1,7,11,29,15,0,97
641,0,0,0,2,0,0,0,0,12,0,1,4,0,1,1,11,0,6,0,6,8,1,0,1,0,3,0,15,0,0,1,1,7,0,10,0,0,0,0,3,1,0,9,6,0,0,9,0,51,24,0,45,0,4,0,0,0,5,1,9,28,0,5,69,108,49,0,152,0,2,0,0,0,5,2,9,6,3,0,110,13,5,3,8,0,2,2,0,0,2,3,12,31,22,0,91
642,0,0,0,2,0,0,0,0,11,0,0,8,0,2,2,6,0,2,0,4,2,2,0,4,0,1,0,7,0,0,0,3,12,0,10,0,0,0,0,2,0,0,12,4,0,0,10,0,46,24,0,45,0,8,0,0,0,5,1,12,25,0,2,67,122,43,5,185,0,3,0,0,0,7,1,14,1,0,0,90,10,5,4,9,0,3,1,0,0,2,3,16,24,16,0,95
643,0,0,0,0,0,0,0,0,14,0,2,6,0,1,0,10,0,2,0,2,4,0,0,2,0,1,1,7,0,0,0,5,9,0,13,0,0,0,0,6,0,0,3,6,0,0,10,0,54,29,2,41,0,1,0,0,0,6,4,16,14,0,12,69,107,47,6,178,0,0,0,0,0,1,0,14,3,6,0,103,13,4,3,5,0,2,3,0,0,1,5,10,26,17,0,94
644,0,0,0,1,0,0,0,0,6,0,0,5,0,0,0,8,0,4,0,5,4,1,0,1,0,3,3,7,0,0,0,3,10,0,14,0,0,0,0,2,1,0,1,2,0,0,7,0,37,21,0,43,0,6,0,0,0,8,2,11,25,0,2,84,111,47,5,167,0,0,0,0,0,4,0,18,4,2,0,87,4,3,5,9,0,4,6,0,0,1,2,12,36,18,0,128
645,0,0,0,1,0,0,0,0,12,0,0,2,0,1,0,21,0,4,0,4,4,0,0,5,0,1,1,9,0,0,1,5,8,0,17,0,0,0,0,4,0,0,2,4,0,0,13,0,31,25,1,51,0,3,0,0,0,5,4,7,21,0,2,80,111,34,3,179,0,2,0,0,0,3,0,11,0,1,0,89,11,2,3,5,0,1,6,0,0,4,2,10,39,34,0,101
646,0,0,0,4,0,0,0,0,12,0,1,5,0,3,0,10,0,3,0,4,0,1,0,5,0,1,0,12,0,0,0,5,5,0,16,0,0,0,0,5,1,0,7,4,0,0,8,0,40,25,0,46,0,3,0,0,0,2,2,18,12,0,2,71,123,39,4,189,0,1,0,0,0,4,1,9,3,1,0,91,10,5,0,7,0,1,3,0,0,0,0,15,41,13,0,107
647,0,0,0,0,0,0,0,0,7,0,0,2,0,2,0,5,0,5,0,3,2,0,0,0,0,1,1,4,0,0,0,9,11,0,11,0,0,0,0,3,1,0,6,2,0,0,6,0,64,28,0,48,0,0,0,0,0,3,2,23,25,0,1,77,106,34,5,157,0,2,0,0,0,3,0,22,6,1,0,96,6,6,1,7,0,3,3,0,0,2,3,18,28,30,0,109
648,0,0,0,1,0,0,0,0,4,0,0,3,0,1,2,15,0,2,0,4,3,1,0,3,0,2,1,12,0,0,0,3,8,0,15,0,0,0,0,3,0,0,3,3,0,0,3,0,55,19,1,43,0,2,0,0,0,1,4,22,17,0,3,70,119,46,6,196,0,0,0,0,0,7,1,17,1,2,0,102,9,9,2,2,0,0,0,0,0,1,6,11,31,20,0,83
649,0,0,0,1,0,0,0,0,4,0,1,4,0,3,0,11,0,4,0,3,8,1,0,0,0,2,1,9,0,0,3,4,18,0,15,0,0,0,0,5,2,0,11,7,0,0,10,0,46,18,0,33,0,6,0,0,0,5,4,13,21,0,4,85,114,44,3,161,0,3,0,0,0,2,2,8,3,1,0,91,7,6,3,8,0,5,1,0,0,0,4,16,26,22,0,108
650,0,0,0,1,0,0,0,0,11,0,1,6,0,5,0,10,0,5,0,4,7,2,0,4,0,5,1,4,0,0,2,2,14,0,13,0,0,0,0,6,0,0,4,3,0,0,7,0,45,25,0,42,0,3,0,0,0,6,0,19,22,0,7,73,108,60,8,146,0,3,0,0,0,6,2,17,10,4,0,88,9,7,2,8,0,1,0,0,0,2,4,15,33,18,0,90
651,0,0,0,1,0,0,0,0,10,0,0,4,0,3,0,7,0,0,0,2,3,1,0,4,0,0,0,6,0,0,1,3,13,0,8,0,0,0,0,2,2,0,6,4,0,0,5,0,54,28,1,40,0,5,0,0,0,8,3,13,27,0,3,83,110,41,4,184,0,1,0,0,0,4,1,17,6,1,0,102,10,1,1,8,0,3,0,0,0,1,4,7,28,20,0,96
652,0,0,0,1,0,0,0,0,7,0,0,2,0,1,1,7,0,4,0,5,1,1,0,2,0,1,0,11,0,0,0,3,6,0,11,0,0,0,0,6,0,0,4,5,0,0,7,0,40,27,0,40,0,1,0,0,0,4,3,21,27,0,5,71,114,48,3,151,0,5,0,0,0,1,0,15,4,3,0,105,10,8,1,8,0,2,3,0,0,3,1,18,40,23,0,109
653,0,0,0,4,0,0,0,0,7,0,0,5,0,3,1,13,0,2,0,2,8,1,0,5,0,3,0,6,0,0,0,4,10,0,14,0,0,0,0,1,2,0,9,3,0,0,13,0,39,23,0,42,0,4,0,0,0,5,4,12,16,0,6,74,105,30,9,156,0,2,0,0,0,2,0,12,9,2,0,101,8,4,5,10,0,4,2,0,0,1,3,15,37,20,0,122
654,0,0,0,3,0,0,0,0,13,0,1,6,0,2,0,13,0,4,0,5,5,1,0,7,0,3,1,4,0,0,0,3,13,0,8,0,0,0,0,4,0,0,7,7,0,0,6,0,41,21,0,40,0,3,0,0,0,2,2,14,19,0,4,87,107,50,8,178,0,0,0,0,0,5,1,12,4,0,0,111,7,4,4,5,0,3,1,0,0,3,4,14,37,13,0,80
655,0,0,0,1,0,0,0,0,4,0,0,2,0,3,0,8,0,4,0,5,7,1,0,0,0,5,0,4,0,0,1,6,14,0,20,0,0,0,0,2,1,0,4,1,0,0,11,0,47,22,0,36,0,3,0,0,0,5,3,15,24,0,5,79,108,31,9,154,0,1,0,0,0,3,0,21,5,5,0,105,3,5,3,8,0,1,9,0,0,2,0,14,36,15,0,119
656,0,0,0,3,0,0,0,0,11,0,0,4,0,4,0,15,0,2,0,7,4,1,0,4,0,4,1,9,0,0,0,12,19,0,12,0,0,0,0,3,0,0,4,4,0,0,7,0,32,29,0,47,0,6,0,0,0,3,5,12,20,0,2,72,107,51,8,169,0,2,0,0,0,3,0,11,4,3,0,99,8,2,1,5,0,4,0,0,0,1,2,19,32,21,0,90
657,0,0,0,0,0,0,0,0,13,0,0,4,0,3,0,15,0,7,0,6,1,2,0,5,0,1,1,10,0,0,2,4,12,0,17,0,0,0,0,6,0,0,6,3,0,0,7,0,35,20,0,26,0,3,0,0,0,4,1,14,34,0,8,64,112,51,7,148,0,1,0,0,0,1,1,17,4,2,0,99,15,3,4,5,0,2,3,0,0,2,2,7,39,25,0,116
658,0,0,0,1,0,0,0,0,6,0,0,4,0,1,0,10,0,4,0,4,2,0,0,3,0,1,1,8,0,0,0,5,13,0,6,0,0,0,0,5,0,0,5,6,0,0,11,0,52,31,0,49,0,7,0,0,0,4,1,15,23,0,3,71,106,37,12,175,0,1,0,0,0,1,1,10,1,5,0,92,10,1,1,7,0,4,1,0,0,1,3,16,31,30,0,102
659,0,0,0,1,0,0,0,0,7,0,0,2,0,1,0,10,0,4,0,5,9,0,0,3,0,1,1,6,0,0,0,3,8,0,13,0,0,0,0,2,1,0,8,1,0,0,6,0,53,18,3,34,0,2,0,0,0,5,3,14,24,0,7,77,115,39,2,193,0,1,0,0,0,0,0,13,3,2,0,116,3,4,3,8,0,3,2,0,0,1,5,14,25,17,0,99
660,0,0,0,0,0,0,0,0,3,0,0,4,0,4,0,13,0,4,0,3,3,1,0,7,0,2,0,6,0,0,0,2,12,0,10,0,0,0,0,4,0,0,15,3,0,0,11,0,56,19,2,50,0,5,0,0,0,3,2,12,26,0,0,78,113,46,5,172,0,3,0,0,0,4,2,5,2,2,0,104,10,5,4,9,0,3,2,0,0,3,1,13,38,20,0,74
661,0,0,0,1,0,0,0,0,7,0,1,5,0,4,4,12,0,5,0,5,5,1,0,6,0,1,0,6,0,0,0,1,9,0,9,0,0,0,0,7,1,0,4,3,0,0,13,0,54,26,0,42,0,2,0,0,0,3,1,14,17,0,6,84,116,38,5,190,0,2,0,0,0,5,0,22,6,2,0,89,4,4,3,4,0,0,1,0,0,3,0,14,24,14,0,95
662,0,0,0,1,0,0,0,0,10,0,1,4,0,2,0,8,0,3,0,2,6,0,0,5,0,2,1,8,0,0,1,0,14,0,21,0,0,0,0,6,1,0,6,5,0,0,9,0,53,25,0,49,0,5,0,0,0,4,2,5,21,0,6,74,95,51,3,166,0,1,0,0,0,4,1,11,5,1,0,128,5,3,1,8,0,1,1,0,0,3,3,9,25,20,0,95
663,0,0,0,3,0,0,0,0,6,0,0,3,0,5,0,8,0,5,0,1,4,3,0,1,0,1,2,5,0,0,1,2,22,0,16,0,0,0,0,4,1,0,3,6,0,0,7,0,49,23,1,41,0,5,0,0,0,5,4,14,24,0,4,47,117,48,7,171,0,1,0,0,0,0,1,10,5,4,0,106,13,5,4,7,0,2,2,0,0,3,1,17,31,14,0,105
664,0,0,0,0,0,0,0,0,15,0,0,3,0,0,0,11,0,3,0,5,6,2,0,3,0,3,0,3,0,0,0,0,7,0,11,0,0,0,0,7,0,0,7,2,0,0,4,0,48,18,0,35,0,4,0,0,0,3,6,17,17,0,2,59,128,54,7,201,0,3,0,0,0,1,2,16,3,2,0,92,9,4,5,7,0,2,2,0,0,1,1,15,27,12,0,105
665,0,0,0,2,0,0,0,0,10,0,0,4,0,4,0,10,0,4,0,4,3,1,0,3,0,0,0,2,0,0,0,1,6,0,13,0,0,0,0,2,0,0,7,6,0,0,10,0,57,18,1,44,0,6,0,0,0,8,6,10,28,0,6,82,102,50,4,148,0,0,0,0,0,4,1,10,4,7,0,104,8,6,4,5,0,1,0,0,0,2,2,18,38,20,0,104
666,0,0,0,0,0,0,0,0,6,0,0,5,0,4,0,6,0,4,0,3,8,2,0,3,0,2,2,7,0,0,0,3,12,0,8,0,0,0,0,5,0,0,13,4,0,0,11,0,41,18,1,43,0,0,0,0,0,4,5,11,23,0,5,74,116,48,8,173,0,4,0,0,0,2,2,8,1,2,0,110,8,3,1,10,0,3,1,0,0,1,1,13,36,17,0,99
667,0,0,0,0,0,0,0,0,5,0,0,3,0,2,1,7,0,5,0,4,4,1,0,3,0,0,0,9,0,0,1,5,10,0,10,0,0,0,0,5,1,0,8,6,0,0,9,0,45,18,0,48,0,3,0,0,0,7,5,16,28,0,6,89,114,50,9,169,0,2,0,0,0,5,0,9,5,1,0,81,9,4,3,7,0,4,1,0,0,3,2,9,36,24,0,89
668,0,0,0,0,0,0,0,0,5,0,1,4,0,2,1,10,0,3,0,4,2,1,0,4,0,2,1,7,0,0,1,2,10,0,11,0,0,0,0,6,1,0,6,5,0,0,11,0,49,33,1,40,0,3,0,0,0,4,0,16,15,0,7,92,121,45,12,156,0,1,0,0,0,5,0,10,4,2,0,93,12,8,1,8,0,2,4,0,0,2,1,10,32,18,0,93
669,0,0,0,2,0,0,0,0,8,0,0,2,0,1,3,8,0,2,0,4,8,1,0,4,0,4,0,8,0,0,0,7,9,0,17,0,0,0,0,3,1,0,5,4,0,0,14,0,41,24,1,36,0,1,0,0,0,6,5,14,32,0,4,72,102,44,10,173,0,2,0,0,0,2,0,9,3,2,0,98,10,8,1,11,0,5,4,0,0,1,3,11,29,24,0,97
670,0,0,0,0,0,0,0,0,13,0,1,8,0,4,0,9,0,2,0,7,6,2,0,3,0,1,0,4,0,0,0,7,10,0,12,0,0,0,0,1,1,0,8,3,0,0,8,0,43,17,1,42,0,2,0,0,0,9,2,14,24,0,6,72,122,49,7,175,0,2,0,0,0,1,1,17,2,2,0,93,6,5,2,10,0,2,2,0,0,1,2,14,21,31,0,91
671,0,0,0,2,0,0,0,0,9,0,1,3,0,5,0,7,0,3,0,3,6,2,0,3,0,2,1,5,0,0,1,3,14,0,9,0,0,0,0,3,0,0,3,5,0,0,7,0,45,20,0,52,0,2,0,0,0,5,3,14,25,0,2,78,127,41,10,152,0,2,0,0,0,2,1,11,2,3,0,119,8,3,3,7,0,1,3,0,0,4,2,11,28,24,0,93
672,0,0,0,2,0,0,0,0,8,0,0,2,0,3,1,8,0,3,0,3,4,1,0,3,0,2,0,4,0,0,0,5,17,0,18,0,0,0,0,2,0,0,7,2,0,0,13,0,42,21,0,39,0,3,0,0,0,8,5,16,25,0,6,75,106,36,4,180,0,2,0,0,0,5,0,11,4,3,0,95,8,5,3,5,0,2,1,0,0,2,2,10,37,22,0,109
673,0,0,0,1,0,0,0,0,11,0,0,3,0,1,2,11,0,2,0,6,2,0,0,4,0,1,0,10,0,0,1,6,10,0,13,0,0,0,0,4,0,0,8,5,0,0,9,0,45,20,0,44,0,1,0,0,0,11,3,16,22,0,5,60,118,40,9,166,0,1,0,0,0,4,0,10,1,0,0,101,8,7,4,6,0,2,3,0,0,4,4,11,35,19,0,110
674,0,0,0,4,0,0,0,0,7,0,0,2,0,4,0,11,0,5,0,3,3,2,0,4,0,4,2,3,0,0,0,4,12,0,13,0,0,0,0,8,0,0,4,4,0,0,9,0,45,28,0,36,0,3,0,0,0,11,1,11,21,0,6,84,100,62,6,163,0,5,0,0,0,2,0,17,4,2,0,101,8,4,1,6,0,1,4,0,0,2,2,8,24,20,0,104
675,0,0,0,0,0,0,0,0,9,0,0,4,0,3,1,14,0,3,0,3,2,3,0,3,0,1,1,10,0,0,0,4,15,0,11,0,0,0,0,3,0,0,3,6,0,0,12,0,38,24,1,46,0,7,0,0,0,5,0,20,20,0,3,82,103,56,4,140,0,2,0,0,0,1,1,20,6,0,0,99,7,7,5,9,0,2,2,0,0,1,4,11,34,25,0,104
676,0,0,0,1,0,0,0,0,2,0,0,5,0,1,1,13,0,3,0,4,6,2,0,2,0,2,0,8,0,0,0,6,11,0,16,0,0,0,0,6,0,0,4,4,0,0,12,0,41,22,0,47,0,3,0,0,0,5,1,17,25,0,3,83,118,40,9,150,0,1,0,0,0,8,1,15,7,4,0,101,7,4,2,9,0,3,1,0,0,1,1,16,24,17,0,105
677,0,0,0,4,0,0,0,0,10,0,1,4,0,0,1,18,0,5,0,5,5,1,0,6,0,2,0,7,0,0,0,1,8,0,17,0,0,0,0,4,0,0,4,3,0,0,10,0,55,18,0,48,0,3,0,0,0,6,5,15,19,0,6,67,110,39,5,162,0,1,0,0,0,8,2,16,2,3,0,87,8,7,0,11,0,3,2,0,0,4,0,16,31,15,0,110
678,0,0,0,0,0,0,0,0,5,0,0,2,0,3,0,9,0,4,0,5,4,0,0,5,0,3,1,3,0,0,1,4,11,0,14,0,0,0,0,2,1,0,1,3,0,0,9,0,58,26,1,50,0,2,0,0,0,4,2,11,18,0,4,63,112,47,9,154,0,6,0,0,0,8,1,12,1,1,0,104,4,6,2,6,0,3,5,0,0,1,3,12,38,19,0,117
679,0,0,0,4,0,0,0,0,7,0,0,5,0,1,1,12,0,4,0,2,2,2,0,3,0,6,1,11,0,0,2,2,8,0,12,0,0,0,0,5,0,0,5,3,0,0,7,0,50,20,1,52,0,4,0,0,0,9,0,10,33,0,3,96,117,44,7,146,0,4,0,0,0,4,1,16,6,4,0,90,9,7,2,11,0,0,3,0,0,1,1,13,29,16,0,86
680,0,0,0,2,0,0,0,0,12,0,0,1,0,1,2,7,0,4,0,5,2,3,0,6,0,1,2,11,0,0,1,5,10,0,9,0,0,0,0,9,1,0,6,3,0,0,7,0,47,31,2,43,0,1,0,0,0,6,4,14,18,0,2,78,98,40,8,159,0,3,0,0,0,1,1,15,1,3,0,110,5,1,2,13,0,4,3,0,0,1,5,16,33,23,0,99
681,0,0,0,2,0,0,0,0,9,0,1,5,0,5,1,13,0,3,0,4,6,2,0,4,0,3,2,7,0,0,1,3,8,0,12,0,0,0,0,4,1,0,4,4,0,0,7,0,52,36,0,50,0,4,0,0,0,1,3,14,19,0,4,69,111,41,5,168,0,3,0,0,0,5,0,14,2,2,0,108,8,2,4,9,0,1,0,0,0,1,4,11,23,12,0,103
682,0,0,0,1,0,0,0,0,9,0,0,3,0,1,1,13,0,8,0,2,7,1,0,3,0,0,0,5,0,0,0,6,2,0,12,0,0,0,0,2,1,0,8,4,0,0,11,0,60,26,1,36,0,2,0,0,0,4,2,9,17,0,3,76,128,50,11,153,0,1,0,0,0,2,1,9,2,1,0,99,15,2,3,12,0,6,4,0,0,1,2,15,34,23,0,90
683,0,0,0,1,0,0,0,0,4,0,2,5,0,2,0,9,0,3,0,9,3,1,0,8,0,4,1,4,0,0,1,3,9,0,15,0,0,0,0,5,1,0,12,5,0,0,11,0,60,32,1,43,0,1,0,0,0,4,2,17,16,0,6,84,89,35,6,186,0,1,0,0,0,0,2,15,2,1,0,93,11,3,2,4,0,4,0,0,0,3,2,14,29,16,0,98
684,0,0,0,0,0,0,0,0,7,0,1,4,0,0,1,14,0,4,0,6,2,3,0,1,0,3,1,7,0,0,0,8,15,0,16,0,0,0,0,1,1,0,3,2,0,0,11,0,40,26,0,42,0,3,0,0,0,6,2,13,21,0,5,80,112,49,4,167,0,1,0,0,0,3,2,9,5,2,0,85,4,6,3,7,0,6,0,0,0,2,2,17,44,16,0,105
685,0,0,0,3,0,0,0,0,9,0,0,2,0,3,0,9,0,2,0,8,9,2,0,2,0,0,0,7,0,0,2,2,7,0,16,0,0,0,0,6,0,0,6,2,0,0,10,0,47,25,0,42,0,8,0,0,0,6,2,13,28,0,2,81,110,47,16,169,0,3,0,0,0,3,0,9,11,2,0,94,6,8,2,4,0,0,2,0,0,2,4,15,24,23,0,85
686,0,0,0,2,0,0,0,0,7,0,1,4,0,2,0,13,0,2,0,6,3,1,0,3,0,4,2,6,0,0,0,1,10,0,12,0,0,0,0,7,0,0,4,2,0,0,8,0,46,19,1,54,0,1,0,0,0,4,2,17,16,0,4,92,116,53,4,163,0,0,0,0,0,2,0,12,1,6,0,93,12,5,1,6,0,1,1,0,0,0,3,13,33,21,0,98
687,0,0,0,0,0,0,0,0,7,0,0,2,0,3,1,11,0,5,0,5,8,0,0,4,0,0,0,4,0,0,0,6,15,0,6,0,0,0,0,7,2,0,3,4,0,0,5,0,40,20,0,51,0,2,0,0,0,6,1,17,17,0,2,80,113,50,5,182,0,2,0,0,0,1,0,9,5,3,0,100,6,3,1,4,0,0,2,0,0,0,4,14,35,27,0,100
688,0,0,0,1,0,0,0,0,10,0,0,5,0,4,0,8,0,3,0,7,2,1,0,2,0,1,0,1,0,0,0,4,4,0,17,0,0,0,0,7,2,0,6,1,0,0,14,0,47,18,0,45,0,3,0,0,0,7,2,15,20,0,3,71,110,50,3,150,0,1,0,0,0,5,1,13,5,1,0,122,7,2,1,9,0,0,4,0,0,2,4,10,35,18,0,116
689,0,0,0,1,0,0,0,0,10,0,0,7,0,2,0,10,0,1,0,5,3,1,0,5,0,2,0,5,0,0,0,2,8,0,14,0,0,0,0,1,0,0,7,8,0,0,5,0,50,24,0,37,0,3,0,0,0,6,1,13,16,0,2,69,120,40,7,174,0,0,0,0,0,5,1,13,5,6,0,110,9,9,1,4,0,4,0,0,0,1,1,18,37,19,0,98
690,0,0,0,1,0,0,0,0,11,0,1,2,0,2,0,12,0,6,0,8,5,0,0,3,0,3,0,5,0,0,0,3,8,0,9,0,0,0,0,4,1,0,9,3,0,0,12,0,37,18,0,38,0,0,0,0,0,4,6,12,24,0,3,79,127,47,8,166,0,0,0,0,0,3,0,18,5,5,0,85,8,3,4,9,0,5,0,0,0,0,3,16,35,17,0,107
691,0,0,0,0,0,0,0,0,11,0,0,1,0,4,0,11,0,3,0,5,5,2,0,1,0,1,2,9,0,0,0,3,10,0,11,0,0,0,0,11,0,0,3,2,0,0,7,0,53,29,2,39,0,3,0,0,0,3,1,14,20,0,5,86,111,40,8,169,0,1,0,0,0,3,1,16,7,2,0,96,6,4,2,5,0,2,0,0,0,1,2,13,38,22,0,94
692,0,0,0,1,0,0,0,0,5,0,2,5,0,1,0,8,0,3,0,4,4,1,0,0,0,3,0,9,0,0,1,2,8,0,18,0,0,0,0,5,0,0,9,4,0,0,12,0,38,29,0,36,0,4,0,0,0,6,2,15,31,0,2,63,111,55,6,173,0,0,0,0,0,2,0,15,4,2,0,102,9,3,1,12,0,1,1,0,0,1,0,10,25,19,0,117
693,0,0,0,1,0,0,0,0,9,0,1,4,0,2,2,8,0,4,0,7,5,1,0,1,0,3,1,8,0,0,0,4,12,0,15,0,0,0,0,3,1,0,2,6,0,0,9,0,45,16,1,34,0,4,0,0,0,7,4,12,13,0,2,66,103,50,9,179,0,2,0,0,0,2,0,12,4,3,0,114,4,6,0,3,0,3,5,0,0,1,2,12,38,15,0,120
694,0,0,0,4,0,0,0,0,11,0,0,2,0,4,0,10,0,4,0,2,5,1,0,4,0,1,1,12,0,0,0,2,9,0,14,0,0,0,0,8,0,0,5,4,0,0,15,0,47,23,0,36,0,6,0,0,0,5,4,22,21,0,2,60,112,51,3,161,0,1,0,0,0,7,1,13,1,3,0,99,9,4,1,5,0,3,3,0,0,1,5,19,34,22,0,98
695,0,0,0,3,0,0,0,0,10,0,2,1,0,2,0,11,0,5,0,5,5,0,0,6,0,2,0,9,0,0,0,6,8,0,11,0,0,0,0,5,0,0,6,3,0,0,13,0,57,29,2,46,0,5,0,0,0,5,3,11,17,0,4,82,101,54,6,173,0,0,0,0,0,4,1,9,2,0,0,107,7,3,4,6,0,0,1,0,0,2,1,10,26,18,0,91
696,0,0,0,3,0,0,0,0,8,0,0,4,0,2,0,7,0,4,0,4,1,0,0,2,0,0,0,5,0,0,1,3,12,0,8,0,0,0,0,5,3,0,2,2,0,0,12,0,49,18,0,44,0,2,0,0,0,10,4,12,23,0,1,59,123,44,8,175,0,4,0,0,0,2,0,11,5,1,0,99,14,3,1,3,0,2,1,0,0,1,2,12,31,22,0,126
697,0,0,0,2,0,0,0,0,10,0,0,4,0,3,1,16,0,3,0,4,3,3,0,3,0,4,0,13,0,0,0,5,9,0,11,0,0,0,0,9,1,0,6,1,0,0,8,0,39,16,0,59,0,3,0,0,0,4,4,14,20,0,8,82,99,51,3,154,0,0,0,0,0,8,0,13,4,3,0,93,7,4,1,5,0,1,1,0,0,2,1,19,31,23,0,109
698,0,0,0,2,0,0,0,0,9,0,0,3,0,1,0,9,0,6,0,7,2,0,0,3,0,2,0,5,0,0,1,6,12,0,11,0,0,0,0,3,0,0,6,2,0,0,6,0,51,17,0,49,0,4,0,0,0,5,3,16,18,0,6,63,114,45,4,166,0,1,0,0,0,9,0,11,5,3,0,113,11,4,3,10,0,4,2,0,0,1,2,14,23,21,0,106
699,0,0,0,2,0,0,0,0,7,0,1,1,0,2,0,12,0,4,0,4,3,1,0,1,0,1,0,11,0,0,1,3,14,0,6,0,0,0,0,11,2,0,12,2,0,0,7,0,40,24,1,37,0,7,0,0,0,5,1,19,23,0,2,75,110,46,12,177,0,2,0,0,0,5,1,12,1,0,0,97,7,5,1,8,0,2,2,0,0,0,0,12,23,19,0,116
700,0,0,0,0,0,0,0,0,4,0,0,2,0,2,0,8,0,6,0,6,4,1,0,1,0,4,0,9,0,0,2,4,9,0,15,0,0,0,0,5,0,0,3,2,0,0,16,0,60,18,1,41,0,0,0,0,0,3,2,16,22,0,2,67,107,50,10,188,0,1,0,0,0,2,0,10,0,1,0,114,9,5,2,7,0,1,7,0,0,2,1,11,31,13,0,93
701,0,0,0,2,0,0,0,0,12,0,0,2,0,1,0,10,0,5,0,3,6,1,0,3,0,0,0,2,0,0,1,2,12,0,9,0,0,0,0,6,2,0,6,0,0,0,3,0,44,30,0,53,0,2,0,0,0,4,6,19,25,0,6,71,109,40,4,162,0,1,0,0,0,0,1,19,6,0,0,118,7,1,2,11,0,2,1,0,0,1,3,9,29,12,0,114
702,0,0,0,1,0,0,0,0,5,0,1,3,0,3,0,7,0,6,0,3,7,0,0,2,0,2,0,6,0,0,2,1,14,0,10,0,0,0,0,3,0,0,6,4,0,0,10,0,39,18,0,49,0,6,0,0,0,4,4,21,16,0,7,83,112,50,7,169,0,2,0,0,0,6,0,16,3,1,0,91,8,3,1,4,0,1,4,0,0,3,3,12,30,20,0,111
703,0,0,0,2,0,0,0,0,8,0,0,3,0,0,1,8,0,1,0,5,4,1,0,4,0,1,1,10,0,0,1,7,13,0,9,0,0,0,0,5,1,0,3,5,0,0,9,0,47,13,0,44,0,9,0,0,0,6,5,11,16,0,7,58,125,34,5,185,0,1,0,0,0,2,0,16,6,1,0,110,9,5,0,8,0,2,0,0,0,1,5,11,31,24,0,101
704,0,0,0,0,0,0,0,0,5,0,0,0,0,2,0,13,0,6,0,3,6,1,0,3,0,0,0,9,0,0,1,4,20,0,11,0,0,0,0,7,0,0,7,4,0,0,3,0,41,21,1,46,0,1,0,0,0,6,3,21,27,0,5,56,114,44,8,181,0,2,0,0,0,4,0,14,2,3,0,101,10,5,1,10,0,1,2,0,0,1,5,8,29,23,0,99
705,0,0,0,3,0,0,0,0,8,0,0,3,0,0,0,10,0,2,0,6,6,1,0,3,0,1,0,6,0,0,0,8,18,0,13,0,0,0,0,4,0,0,9,3,0,0,3,0,54,26,0,37,0,4,0,0,0,7,3,23,12,0,3,74,98,45,6,164,0,0,0,0,0,1,0,13,6,3,0,98,2,4,3,10,0,1,2,0,0,1,2,14,42,22,0,113
706,0,0,0,0,0,0,0,0,7,0,0,3,0,3,0,7,0,5,0,1,5,1,0,4,0,1,0,10,0,0,2,4,12,0,11,0,0,0,0,5,0,0,4,0,0,0,6,0,45,26,0,36,0,2,0,0,0,7,5,9,32,0,5,72,119,43,7,170,0,3,0,0,0,5,0,11,4,3,0,91,10,5,1,7,0,1,0,0,0,4,3,11,33,21,0,118
707,0,0,0,1,0,0,0,0,8,0,1,2,0,1,0,15,0,5,0,2,5,1,0,3,0,1,0,8,0,0,0,6,8,0,14,0,0,0,0,5,0,0,6,3,0,0,14,0,54,30,0,34,0,5,0,0,0,3,6,15,33,0,4,70,97,49,3,149,0,2,0,0,0,5,0,14,5,3,0,88,10,7,2,11,0,3,1,0,0,2,3,15,38,12,0,118
708,0,0,0,2,0,0,0,0,7,0,3,3,0,3,1,7,0,5,0,4,1,0,0,3,0,0,1,5,0,0,0,2,7,0,20,0,0,0,0,1,0,0,6,3,0,0,11,0,40,29,0,44,0,3,0,0,0,5,3,14,22,0,3,79,127,37,5,171,0,2,0,0,0,4,1,21,4,2,0,87,7,7,0,6,0,3,1,0,0,0,4,21,33,26,0,94
709,0,0,0,2,0,0,0,0,14,0,0,3,0,2,2,10,0,7,0,1,4,1,0,1,0,5,0,9,0,0,1,8,4,0,16,0,0,0,0,8,0,0,7,3,0,0,9,0,46,24,0,45,0,3,0,0,0,7,5,16,15,0,6,69,111,39,6,164,0,4,0,0,0,1,2,14,7,3,0,101,6,3,2,11,0,3,1,0,0,1,3,13,34,22,0,96
710,0,0,0,0,0,0,0,0,14,0,2,5,0,1,0,8,0,3,0,1,10,0,0,4,0,0,1,5,0,0,1,2,10,0,15,0,0,0,0,4,0,0,8,4,0,0,8,0,48,21,0,48,0,1,0,0,0,5,2,17,25,0,5,86,113,61,4,159,0,0,0,0,0,2,0,14,4,2,0,92,5,3,3,9,0,2,3,0,0,1,4,13,33,17,0,92
711,0,0,0,3,0,0,0,0,7,0,0,4,0,4,0,10,0,3,0,8,3,2,0,2,0,3,1,5,0,0,1,5,13,0,10,0,0,0,0,6,2,0,5,4,0,0,16,0,49,20,0,47,0,3,0,0,0,3,2,16,17,0,5,79,106,38,7,163,0,1,0,0,0,2,0,9,9,3,0,110,10,7,1,9,0,1,0,0,0,4,6,12,33,20,0,91
712,0,0,0,1,0,0,0,0,4,0,2,4,0,2,1,11,0,4,0,2,9,0,0,3,0,1,0,5,0,0,0,5,10,0,14,0,0,0,0,4,3,0,5,1,0,0,9,0,55,28,0,44,0,5,0,0,0,5,2,12,24,0,4,89,106,48,9,154,0,0,0,0,0,5,2,17,3,1,0,89,14,1,1,9,0,2,0,0,0,1,2,10,35,22,0,101
713,0,0,0,4,0,0,0,0,13,0,0,3,0,3,0,13,0,7,0,5,9,1,0,3,0,0,1,5,0,0,1,2,12,0,6,0,0,0,0,3,0,0,8,4,0,0,6,0,48,29,1,38,0,8,0,0,0,5,7,16,14,0,2,79,97,65,9,149,0,3,0,0,0,4,0,13,5,3,0,95,9,6,2,12,0,2,2,0,0,0,2,16,24,16,0,110
714,0,0,0,2,0,0,0,0,14,0,1,1,0,1,1,11,0,4,0,2,6,4,0,2,0,3,1,6,0,0,0,7,5,0,8,0,0,0,0,5,0,0,7,5,0,0,11,0,44,22,1,50,0,2,0,0,0,3,7,9,32,0,2,73,105,51,8,143,0,3,0,0,0,7,0,10,3,3,0,97,8,7,1,6,0,0,1,0,0,1,4,19,38,19,0,114
715,0,0,0,2,0,0,0,0,9,0,1,3,0,7,1,3,0,4,0,1,4,2,0,8,0,3,0,5,0,0,0,2,7,0,12,0,0,0,0,3,1,0,11,6,0,0,5,0,41,30,0,52,0,2,0,0,0,3,3,15,22,0,5,75,105,57,4,166,0,0,0,0,0,7,0,14,3,2,0,88,9,5,2,5,0,1,2,0,0,4,0,19,38,14,0,107
716,0,0,0,1,0,0,0,0,7,0,0,6,0,0,0,12,0,6,0,6,5,1,0,3,0,1,0,9,0,0,0,6,12,0,15,0,0,0,0,5,0,0,7,3,0,0,15,0,53,31,0,40,0,2,0,0,0,8,4,12,21,0,8,62,99,39,8,177,0,2,0,0,0,5,1,7,2,0,0,110,6,2,4,7,0,4,0,0,0,2,0,17,29,22,0,96
717,0,0,0,0,0,0,0,0,9,0,0,8,0,0,0,8,0,1,0,6,8,1,0,3,0,1,2,6,0,0,1,3,8,0,8,0,0,0,0,5,0,0,6,6,0,0,8,0,52,24,1,40,0,2,0,0,0,3,2,13,21,0,1,74,118,38,1,193,0,2,0,0,0,1,0,8,6,1,0,93,7,7,1,17,0,2,2,0,0,6,1,12,26,14,0,113
718,0,0,0,0,0,0,0,0,7,0,0,4,0,4,0,15,0,8,0,6,3,2,0,4,0,1,1,7,0,0,0,6,15,0,16,0,0,0,0,6,0,0,6,2,0,0,12,0,35,16,1,58,0,5,0,0,0,4,4,18,22,0,2,70,109,49,4,167,0,0,0,0,0,1,1,6,3,1,0,98,8,8,3,14,0,0,3,0,0,4,1,14,28,20,0,98
719,0,0,0,0,0,0,0,0,6,0,0,4,0,4,1,12,0,6,0,8,6,1,0,5,0,2,0,14,0,0,0,1,8,0,10,0,0,0,0,6,0,0,4,3,0,0,9,0,47,26,1,48,0,2,0,0,0,2,3,16,16,0,5,77,108,44,7,161,0,0,0,0,0,4,0,14,3,2,0,89,5,6,2,17,0,2,3,0,0,0,3,17,31,28,0,101
720,0,0,0,3,0,0,0,0,11,0,0,5,0,1,0,11,0,4,0,5,2,2,0,4,0,2,0,5,0,0,0,4,7,0,15,0,0,0,0,5,0,0,1,2,0,0,12,0,48,26,1,45,0,4,0,0,0,2,0,12,24,0,5,71,116,50,6,171,0,3,0,0,0,2,0,14,2,2,0,101,5,10,1,7,0,1,1,0,0,3,5,14,29,23,0,95
721,0,0,0,0,0,0,0,0,6,0,1,2,0,7,0,6,0,2,0,1,3,0,0,3,0,2,1,11,0,0,3,4,14,0,13,0,0,0,0,1,0,0,4,7,0,0,7,0,54,16,2,34,0,2,0,0,0,7,4,18,19,0,8,84,113,45,3,177,0,3,0,0,0,2,1,8,5,3,0,82,4,1,4,5,0,2,1,0,0,2,3,20,27,20,0,123
722,0,0,0,0,0,0,0,0,7,0,2,3,0,3,0,8,0,3,0,4,7,0,0,3,0,2,2,3,0,0,1,5,9,0,15,0,0,0,0,10,1,0,5,4,0,0,3,0,54,26,2,43,0,8,0,0,0,2,2,11,12,0,3,64,131,50,3,167,0,1,0,0,0,2,2,22,3,0,0,101,9,6,0,5,0,2,4,0,0,0,5,13,37,19,0,91
723,0,0,0,3,0,0,0,0,5,0,0,4,0,1,2,5,0,7,0,3,7,2,0,3,0,1,0,3,0,0,0,4,12,0,13,0,0,0,0,2,0,0,6,1,0,0,10,0,46,20,1,50,0,2,0,0,0,9,2,16,19,0,4,79,112,44,9,176,0,3,0,0,0,3,2,14,8,2,0,78,6,7,2,7,0,4,1,0,0,0,2,17,32,14,0,115
724,0,0,0,3,0,0,0,0,10,0,2,7,0,2,0,16,0,1,0,7,5,3,0,1,0,2,2,7,0,0,0,4,7,0,9,0,0,0,0,0,0,0,8,2,0,0,14,0,50,14,0,47,0,1,0,0,0,7,5,19,20,0,4,90,106,31,8,162,0,2,0,0,0,4,0,17,3,1,0,80,10,6,2,7,0,4,4,0,0,1,5,12,28,15,0,123
725,0,0,0,1,0,0,0,0,11,0,0,6,0,1,0,16,0,6,0,3,2,0,0,5,0,2,1,4,0,0,1,8,13,0,9,0,0,0,0,1,1,0,6,4,0,0,10,0,48,28,2,52,0,2,0,0,0,4,3,15,12,0,3,74,101,50,6,168,0,0,0,0,0,4,0,16,2,4,0,96,7,4,2,5,0,3,3,0,0,4,2,12,30,24,0,103
726,0,0,0,3,0,0,0,0,6,0,1,2,0,3,1,8,0,2,0,7,7,0,0,2,0,3,1,4,0,0,0,2,10,0,10,0,0,0,0,6,1,0,4,1,0,0,11,0,45,18,0,43,0,1,0,0,0,5,0,15,25,0,4,74,118,55,5,153,0,3,0,0,0,2,1,19,6,2,0,96,4,2,2,9,0,3,1,0,0,2,3,23,34,18,0,114
727,0,0,0,3,0,0,0,0,8,0,1,2,0,4,2,5,0,3,0,4,9,0,0,4,0,1,0,11,0,0,0,4,11,0,11,0,0,0,0,4,1,0,6,2,0,0,9,0,39,23,0,45,0,6,0,0,0,3,2,13,22,0,9,74,101,54,10,179,0,1,0,0,0,4,0,14,6,1,0,99,10,3,5,4,0,4,1,0,0,1,2,16,22,16,0,106
728,0,0,0,2,0,0,0,0,8,0,0,6,0,2,1,10,0,3,0,6,3,0,0,1,0,2,1,6,0,0,0,4,9,0,15,0,0,0,0,4,0,0,5,5,0,0,6,0,44,16,0,44,0,3,0,0,0,9,7,23,21,0,2,68,109,44,7,171,0,1,0,0,0,2,0,12,10,1,0,91,6,5,2,8,0,2,4,0,0,2,5,11,33,27,0,111
729,0,0,0,0,0,0,0,0,4,0,1,5,0,3,0,13,0,6,0,1,8,1,0,2,0,6,0,4,0,0,0,4,7,0,11,0,0,0,0,2,0,0,5,5,0,0,13,0,49,22,0,44,0,4,0,0,0,3,3,8,14,0,1,84,111,43,8,172,0,1,0,0,0,2,0,11,5,1,0,101,5,7,4,12,0,4,0,0,0,1,1,23,29,19,0,107
730,0,0,0,2,0,0,0,0,4,0,0,3,0,2,1,8,0,9,0,9,5,1,0,0,0,4,0,15,0,0,0,5,13,0,11,0,0,0,0,5,1,0,5,4,0,0,14,0,61,23,0,44,0,3,0,0,0,10,4,17,20,0,1,56,101,53,7,145,0,0,0,0,0,1,1,15,6,4,0,109,10,3,1,6,0,6,7,0,0,3,3,10,29,24,0,96
731,0,0,0,0,0,0,0,0,7,0,1,7,0,3,1,4,0,8,0,4,5,1,0,1,0,1,2,12,0,0,1,3,11,0,18,0,0,0,0,5,0,0,8,4,0,0,9,0,46,26,0,37,0,5,0,0,0,6,7,19,20,0,5,78,110,49,9,153,0,2,0,0,0,9,0,19,4,1,0,101,2,1,2,9,0,6,5,0,0,1,3,18,25,16,0,90
732,0,0,0,5,0,0,0,0,7,0,0,2,0,2,0,9,0,1,0,3,0,0,0,5,0,2,0,8,0,0,0,2,9,0,13,0,0,0,0,3,2,0,6,3,0,0,11,0,57,18,0,41,0,1,0,0,0,3,3,17,21,0,5,72,118,40,4,175,0,0,0,0,0,2,0,16,6,2,0,107,3,6,2,6,0,3,2,0,0,0,3,12,37,22,0,103
733,0,0,0,2,0,0,0,0,8,0,0,2,0,0,0,10,0,7,0,5,5,1,0,1,0,1,0,5,0,0,0,5,8,0,11,0,0,0,0,7,1,0,5,3,0,0,8,0,51,30,1,44,0,1,0,0,0,4,2,10,33,0,7,81,99,49,3,155,0,2,0,0,0,5,0,10,5,6,0,101,8,6,2,12,0,2,2,0,0,1,5,11,34,14,0,109
734,0,0,0,0,0,0,0,0,10,0,0,7,0,3,0,13,0,1,0,6,6,2,0,5,0,1,0,2,0,0,1,2,17,0,7,0,0,0,0,4,1,0,3,1,0,0,8,0,42,24,0,50,0,2,0,0,0,6,3,16,20,0,5,92,111,43,10,155,0,2,0,0,0,2,1,11,6,2,0,85,10,7,5,13,0,3,6,0,0,0,5,8,27,23,0,105
735,0,0,0,1,0,0,0,0,11,0,0,1,0,1,0,13,0,2,0,1,1,1,0,4,0,1,0,11,0,0,0,3,13,0,19,0,0,0,0,1,0,0,5,3,0,0,8,0,45,22,1,48,0,2,0,0,0,5,5,11,15,0,3,85,119,50,10,164,0,0,0,0,0,3,1,17,3,2,0,101,7,7,1,4,0,4,3,0,0,1,1,12,35,26,0,87
736,0,0,0,1,0,0,0,0,7,0,0,2,0,0,0,8,0,6,0,5,3,2,0,5,0,4,1,9,0,0,0,4,12,0,8,0,0,0,0,5,0,0,7,4,0,0,6,0,42,20,1,54,0,5,0,0,0,3,2,19,23,0,3,88,111,48,7,170,0,5,0,0,0,3,0,12,5,3,0,88,8,6,3,4,0,2,2,0,0,0,3,11,28,23,0,99
737,0,0,0,2,0,0,0,0,14,0,1,5,0,3,1,13,0,6,0,9,0,2,0,2,0,2,0,9,0,0,1,4,10,0,15,0,0,0,0,2,0,0,1,4,0,0,8,0,40,23,0,43,0,1,0,0,0,1,3,17,20,0,4,74,105,58,5,188,0,0,0,0,0,1,1,8,4,4,0,88,7,4,4,9,0,1,1,0,0,1,0,14,38,22,0,97
738,0,0,0,1,0,0,0,0,2,0,1,1,0,2,0,12,0,6,0,4,5,1,0,3,0,1,0,5,0,0,0,3,8,0,9,0,0,0,0,6,0,0,11,1,0,0,14,0,50,26,0,43,0,0,0,0,0,5,2,15,16,0,4,68,112,42,15,162,0,1,0,0,0,2,2,12,2,0,0,118,9,6,4,8,0,3,0,0,0,1,1,15,31,24,0,105
739,0,0,0,5,0,0,0,0,10,0,1,2,0,2,1,8,0,3,0,5,10,3,0,2,0,4,0,3,0,0,1,6,11,0,18,0,0,0,0,3,3,0,8,3,0,0,12,0,48,21,1,40,0,2,0,0,0,3,2,12,27,0,3,71,91,48,4,169,0,1,0,0,0,1,0,9,1,3,0,106,7,9,0,11,0,1,3,0,0,4,1,17,35,19,0,106
740,0,0,0,2,0,0,0,0,10,0,1,4,0,1,0,10,0,3,0,0,3,1,0,3,0,2,0,11,0,0,1,4,5,0,13,0,0,0,0,1,1,0,9,4,0,0,5,0,61,21,0,45,0,4,0,0,0,6,3,10,31,0,0,71,114,43,4,142,0,2,0,0,0,6,1,23,5,4,0,91,14,12,2,12,0,2,2,0,0,1,3,12,26,23,0,110
741,0,0,0,3,0,0,0,0,16,0,2,3,0,1,0,6,0,4,0,5,5,0,0,3,0,3,0,6,0,0,0,3,10,0,19,0,0,0,0,6,2,0,4,5,0,0,8,0,56,26,0,37,0,1,0,0,0,8,2,15,24,0,3,77,116,44,3,153,0,2,0,0,0,5,0,12,6,7,0,90,13,4,2,9,0,5,1,0,0,1,2,12,31,25,0,94
742,0,0,0,1,0,0,0,0,9,0,0,4,0,0,0,13,0,2,0,3,2,1,0,3,0,3,1,8,0,0,1,4,12,0,18,0,0,0,0,6,0,0,7,0,0,0,13,0,48,31,0,49,0,4,0,0,0,3,5,15,25,0,3,65,110,41,7,168,0,0,0,0,0,7,0,13,4,3,0,95,11,3,4,5,0,0,1,0,0,2,3,14,34,23,0,93
743,0,0,0,5,0,0,0,0,14,0,3,6,0,2,0,8,0,5,0,1,3,3,0,1,0,4,0,4,0,0,1,0,7,0,11,0,0,0,0,3,1,0,3,1,0,0,8,0,39,26,0,52,0,5,0,0,0,2,3,20,23,0,4,65,110,41,6,170,0,3,0,0,0,2,0,17,4,0,0,100,7,7,2,9,0,2,3,0,0,0,2,16,36,16,0,114
744,0,0,0,4,0,0,0,0,4,0,1,3,0,2,0,13,0,6,0,1,9,2,0,0,0,1,2,6,0,0,1,7,16,0,3,0,0,0,0,3,0,0,9,3,0,0,4,0,50,29,1,51,0,0,0,0,0,3,2,12,21,0,4,76,100,43,9,182,0,1,0,0,0,3,0,16,7,4,0,90,7,4,1,5,0,2,0,0,0,0,2,16,30,28,0,101
745,0,0,0,1,0,0,0,0,9,0,1,1,0,1,1,5,0,5,0,6,8,1,0,5,0,5,1,10,0,0,3,4,12,0,14,0,0,0,0,3,1,0,8,3,0,0,10,0,42,26,0,47,0,4,0,0,0,8,1,13,22,0,7,82,114,44,2,158,0,1,0,0,0,2,0,15,4,0,0,82,6,7,4,6,0,4,3,0,0,2,4,19,36,19,0,98
746,0,0,0,4,0,0,0,0,14,0,1,3,0,0,0,13,0,6,0,5,7,1,0,2,0,1,0,6,0,0,0,2,13,0,14,0,0,0,0,7,0,0,7,5,0,0,11,0,38,19,0,47,0,6,0,0,0,4,0,15,27,0,2,73,113,40,5,161,0,2,0,0,0,7,1,15,5,0,0,108,7,10,1,6,0,1,1,0,0,2,2,10,39,25,0,86
747,0,0,0,2,0,0,0,0,6,0,0,1,0,2,0,8,0,3,0,5,2,2,0,3,0,2,1,2,0,0,0,3,8,0,14,0,0,0,0,4,0,0,5,3,0,0,9,0,51,16,1,39,0,6,0,0,0,4,2,17,19,0,5,73,117,45,6,165,0,1,0,0,0,4,1,13,1,3,0,101,9,4,3,6,0,3,2,0,0,1,2,12,41,33,0,109
748,0,0,0,2,0,0,0,0,9,0,0,1,0,8,1,10,0,3,0,7,8,1,0,4,0,0,0,9,0,0,0,7,6,0,8,0,0,0,0,5,0,0,4,4,0,0,13,0,44,19,4,40,0,5,0,0,0,6,2,12,22,0,0,81,127,43,7,158,0,2,0,0,0,3,1,6,6,4,0,93,4,7,1,9,0,5,2,0,0,2,2,10,36,18,0,109
749,0,0,0,0,0,0,0,0,7,0,0,2,0,1,2,15,0,3,0,5,3,1,0,6,0,0,0,9,0,0,0,6,10,0,9,0,0,0,0,1,0,0,6,3,0,0,7,0,59,29,0,44,0,3,0,0,0,2,1,14,22,0,3,75,105,51,2,175,0,4,0,0,0,3,1,10,6,4,0,95,6,1,1,9,0,0,1,0,0,1,4,15,40,22,0,96
750,0,0,0,2,0,0,0,0,13,0,0,4,0,2,1,12,0,2,0,4,3,0,0,0,0,2,1,7,0,0,0,3,5,0,16,0,0,0,0,5,0,0,7,8,0,0,8,0,55,15,2,52,0,6,0,0,0,1,1,13,18,0,5,79,124,52,5,159,0,0,0,0,0,0,1,9,1,1,0,102,12,5,0,9,0,3,1,0,0,1,3,15,33,22,0,90
751,0,0,0,0,0,0,0,0,12,0,0,5,0,6,1,11,0,3,0,7,2,2,0,1,0,2,0,8,0,0,1,3,7,0,16,0,0,0,0,4,0,0,4,1,0,0,4,0,46,26,1,43,0,2,0,0,0,1,4,11,16,0,3,67,117,38,9,167,0,1,0,0,0,2,0,20,5,5,0,110,9,10,1,14,0,3,0,0,0,4,5,22,36,17,0,85
752,0,0,0,2,0,0,0,0,7,0,1,1,0,2,0,10,0,3,0,3,8,0,0,4,0,5,0,6,0,0,2,0,13,0,19,0,0,0,0,3,1,0,5,3,0,0,11,0,48,22,0,46,0,5,0,0,0,3,2,14,23,0,3,78,109,46,5,172,0,1,0,0,0,7,3,12,5,2,0,98,8,6,3,10,0,2,2,0,0,3,4,8,31,22,0,88
753,0,0,0,0,0,0,0,0,6,0,1,3,0,1,1,10,0,3,0,4,4,1,0,4,0,2,0,9,0,0,0,4,9,0,20,0,0,0,0,4,0,0,6,3,0,0,10,0,45,32,0,49,0,5,0,0,0,6,1,16,21,0,0,72,120,50,5,164,0,1,0,0,0,1,1,13,6,2,0,104,15,4,1,5,0,1,1,0,0,2,1,11,29,24,0,87
754,0,0,0,0,0,0,0,0,16,0,0,3,0,3,0,5,0,5,0,4,4,1,0,1,0,2,0,8,0,0,0,2,16,0,14,0,0,0,0,3,0,0,3,1,0,0,8,0,44,23,0,39,0,2,0,0,0,6,2,18,16,0,2,87,103,37,9,182,0,2,0,0,0,4,1,14,6,3,0,109,8,10,4,4,0,4,6,0,0,2,0,15,29,17,0,93
755,0,0,0,1,0,0,0,0,8,0,0,3,0,1,0,8,0,2,0,8,2,2,0,9,0,4,1,5,0,0,3,2,9,0,11,0,0,0,0,4,0,0,8,4,0,0,5,0,45,14,1,44,0,0,0,0,0,2,1,16,19,0,5,81,112,60,5,171,0,0,0,0,0,8,0,11,2,2,0,99,7,9,2,12,0,6,4,0,0,3,1,18,29,18,0,93
756,0,0,0,4,0,0,0,0,6,0,0,4,0,4,0,14,0,5,0,2,7,1,0,4,0,3,0,8,0,0,1,7,16,0,15,0,0,0,0,2,1,0,11,3,0,0,8,0,42,22,0,39,0,2,0,0,0,5,6,14,23,0,5,76,106,45,4,179,0,2,0,0,0,1,0,11,2,1,0,90,10,10,1,8,0,2,1,0,0,3,3,16,36,17,0,92
757,0,0,0,0,0,0,0,0,6,0,1,5,0,1,0,8,0,3,0,3,6,1,0,2,0,4,1,7,0,0,1,9,13,0,16,0,0,0,0,1,1,0,9,3,0,0,7,0,45,21,1,39,0,2,0,0,0,7,2,18,16,0,7,76,115,44,10,157,0,2,0,0,0,6,1,21,3,2,0,105,6,2,3,15,0,1,1,0,0,2,2,13,26,18,0,103
758,0,0,0,0,0,0,0,0,12,0,0,2,0,1,0,6,0,5,0,4,6,0,0,4,0,1,0,8,0,0,0,3,13,0,12,0,0,0,0,3,2,0,10,2,0,0,12,0,47,20,2,41,0,6,0,0,0,4,0,11,25,0,3,71,106,40,5,177,0,1,0,0,0,3,1,12,5,3,0,102,9,9,1,14,0,0,1,0,0,2,4,14,34,20,0,101
759,0,0,0,0,0,0,0,0,9,0,1,5,0,3,0,7,0,5,0,1,4,1,0,3,0,4,2,5,0,0,0,2,9,0,13,0,0,0,0,5,0,0,4,1,0,0,10,0,55,24,0,40,0,1,0,0,0,4,8,24,22,0,6,72,101,59,4,175,0,0,0,0,0,1,0,23,3,3,0,87,11,8,1,12,0,3,0,0,0,0,3,15,20,23,0,98
760,0,0,0,0,0,0,0,0,9,0,0,5,0,1,0,10,0,3,0,3,1,1,0,3,0,1,1,9,0,0,0,3,8,0,15,0,0,0,0,4,0,0,6,3,0,0,10,0,50,23,3,46,0,4,0,0,0,4,4,11,19,0,3,75,124,45,3,170,0,1,0,0,0,4,3,15,1,2,0,90,10,3,1,6,0,2,0,0,0,0,3,13,30,29,0,107
761,0,0,0,1,0,0,0,0,10,0,0,5,0,3,1,12,0,2,0,9,5,1,0,3,0,2,1,6,0,0,0,6,14,0,15,0,0,0,0,4,2,0,7,4,0,0,9,0,41,31,0,50,0,7,0,0,0,5,2,10,19,0,3,79,110,45,5,173,0,2,0,0,0,2,0,14,3,4,0,79,7,4,4,4,0,2,2,0,0,1,2,3,26,22,0,117
762,0,0,0,3,0,0,0,0,5,0,1,4,0,1,0,15,0,6,0,4,6,1,0,3,0,1,0,11,0,0,0,3,8,0,14,0,0,0,0,7,2,0,0,3,0,0,9,0,48,22,0,43,0,5,0,0,0,11,1,14,26,0,2,66,105,47,6,197,0,1,0,0,0,2,0,14,3,2,0,85,4,3,3,9,0,1,2,0,0,1,3,12,24,14,0,117
763,0,0,0,1,0,0,0,0,8,0,3,4,0,3,1,7,0,5,0,5,3,0,0,3,0,2,0,10,0,0,0,2,6,0,13,0,0,0,0,5,0,0,6,8,0,0,6,0,47,30,0,51,0,3,0,0,0,8,3,18,17,0,5,78,109,50,6,153,0,0,0,0,0,2,1,13,8,3,0,91,10,5,0,8,0,3,5,0,0,1,1,13,24,25,0,108
764,0,0,0,2,0,0,0,0,11,0,0,3,0,3,0,8,0,2,0,4,6,0,0,5,0,3,2,9,0,0,0,1,9,0,9,0,0,0,0,5,2,0,3,7,0,0,12,0,45,15,0,37,0,4,0,0,0,3,3,12,15,0,7,77,125,54,4,177,0,3,0,0,0,6,2,12,5,2,0,106,12,1,1,4,0,1,0,0,0,2,7,17,22,23,0,90
765,0,0,0,1,0,0,0,0,11,0,1,6,0,3,1,10,0,2,0,10,4,0,0,0,0,2,0,7,0,0,0,6,7,0,12,0,0,0,0,1,0,0,6,2,0,0,7,0,56,34,1,34,0,4,0,0,0,7,2,9,37,0,6,71,99,55,5,168,0,4,0,0,0,5,0,16,4,1,0,91,10,4,4,7,0,2,2,0,0,1,2,13,29,22,0,96
766,0,0,0,1,0,0,0,0,7,0,0,1,0,1,0,10,0,1,0,3,4,0,0,1,0,2,0,8,0,0,0,4,6,0,15,0,0,0,0,5,0,0,10,5,0,0,11,0,54,27,0,45,0,3,0,0,0,7,3,21,14,0,7,64,114,43,4,182,0,2,0,0,0,2,3,15,2,3,0,95,5,5,1,9,0,1,5,0,0,2,1,10,34,20,0,102
767,0,0,0,1,0,0,0,0,12,0,0,8,0,3,0,7,0,5,0,1,3,0,0,2,0,0,0,10,0,0,0,0,8,0,8,0,0,0,0,0,2,0,10,4,0,0,10,0,50,29,2,49,0,2,0,0,0,4,1,20,21,0,3,75,100,42,6,159,0,2,0,0,0,1,1,18,10,2,0,101,13,6,2,8,0,1,1,0,0,3,1,14,28,20,0,111
768,0,0,0,2,0,0,0,0,10,0,0,3,0,2,0,18,0,1,0,6,3,1,0,0,0,2,0,10,0,0,3,6,12,0,14,0,0,0,0,5,0,0,7,4,0,0,10,0,48,18,0,53,0,2,0,0,0,9,2,10,19,0,3,56,127,49,2,162,0,0,0,0,0,3,1,17,3,0,0,96,9,5,4,5,0,3,5,0,0,1,4,17,37,23,0,88
769,0,0,0,4,0,0,0,0,7,0,4,3,0,5,0,13,0,5,0,4,6,3,0,3,0,1,0,8,0,0,0,5,11,0,13,0,0,0,0,5,1,0,7,2,0,0,9,0,40,18,1,44,0,4,0,0,0,6,1,11,32,0,1,65,101,44,5,175,0,1,0,0,0,3,1,12,5,3,0,102,10,4,3,5,0,2,1,0,0,2,3,19,32,20,0,105
770,0,0,0,2,0,0,0,0,8,0,1,3,0,1,1,9,0,4,0,5,6,0,0,1,0,0,1,5,0,0,1,3,12,0,16,0,0,0,0,2,1,0,8,6,0,0,11,0,53,28,1,39,0,2,0,0,0,5,3,17,22,0,2,66,132,39,9,169,0,0,0,0,0,3,0,9,3,1,0,86,6,4,1,12,0,1,0,0,0,2,1,15,32,17,0,113
771,0,0,0,2,0,0,0,0,10,0,0,5,0,1,1,10,0,0,0,7,5,1,0,2,0,0,1,8,0,0,0,3,19,0,8,0,0,0,0,2,1,0,9,1,0,0,9,0,49,23,2,39,0,3,0,0,0,4,4,14,20,0,3,80,128,44,7,184,0,1,0,0,0,1,2,15,5,4,0,89,9,6,2,5,0,0,2,0,0,2,4,8,29,16,0,91
772,0,0,0,3,0,0,0,0,11,0,0,2,0,1,0,12,0,4,0,3,5,0,0,3,0,3,0,6,0,0,1,7,16,0,8,0,0,0,0,4,0,0,3,1,0,0,7,0,40,35,2,58,0,5,0,0,0,3,2,15,22,0,2,86,105,44,7,170,0,2,0,0,0,2,0,16,3,2,0,86,5,4,0,6,0,6,0,0,0,1,3,14,24,23,0,107
773,0,0,0,5,0,0,0,0,9,0,0,2,0,4,0,14,0,6,0,4,2,2,0,0,0,1,0,5,0,0,1,4,6,0,12,0,0,0,0,4,0,0,6,2,0,0,16,0,45,19,0,30,0,3,0,0,0,5,3,25,22,0,5,83,111,51,4,154,0,1,0,0,0,4,1,13,2,1,0,112,7,3,3,8,0,1,0,0,0,2,0,14,25,25,0,113
774,0,0,0,0,0,0,0,0,5,0,0,3,0,0,0,17,0,0,0,3,9,1,0,3,0,1,1,5,0,0,1,3,10,0,11,0,0,0,0,2,0,0,5,4,0,0,9,0,44,26,0,40,0,2,0,0,0,1,1,15,25,0,3,74,118,35,8,191,0,1,0,0,0,3,1,11,1,4,0,100,5,7,2,9,0,2,1,0,0,1,4,9,29,23,0,111
775,0,0,0,2,0,0,0,0,9,0,1,8,0,1,0,15,0,3,0,2,5,1,0,4,0,1,3,6,0,0,1,2,14,0,9,0,0,0,0,8,2,0,5,3,0,0,9,0,42,20,0,47,0,7,0,0,0,7,2,14,12,0,4,80,108,45,4,168,0,4,0,0,0,1,1,14,5,2,0,92,7,5,1,8,0,1,4,0,0,0,2,8,29,27,0,115
776,0,0,0,0,0,0,0,0,7,0,1,3,0,6,0,10,0,2,0,2,8,0,0,3,0,7,0,4,0,0,0,5,11,0,17,0,0,0,0,3,0,0,4,4,0,0,6,0,58,22,0,44,0,3,0,0,0,4,2,14,27,0,5,74,107,45,5,154,0,3,0,0,0,6,1,16,2,2,0,100,9,3,4,9,0,1,3,0,0,1,3,14,36,21,0,99
777,0,0,0,2,0,0,0,0,5,0,0,2,0,5,1,2,0,5,0,4,5,0,0,5,0,2,0,6,0,0,0,5,12,0,12,0,0,0,0,4,0,0,10,2,0,0,17,0,41,30,1,36,0,4,0,0,0,9,1,16,15,0,2,74,113,52,6,172,0,1,0,0,0,5,1,13,4,2,0,102,11,6,3,6,0,5,0,0,0,2,1,10,31,23,0,96
778,0,0,0,1,0,0,0,0,10,0,2,4,0,4,0,16,0,5,0,3,7,1,0,2,0,1,1,7,0,0,1,3,9,0,13,0,0,0,0,6,0,0,4,2,0,0,9,0,36,27,1,53,0,4,0,0,0,4,3,21,21,0,5,73,99,44,10,185,0,3,0,0,0,0,0,17,3,3,0,95,11,5,2,7,0,1,3,0,0,2,3,15,24,24,0,85
779,0,0,0,2,0,0,0,0,12,0,0,3,0,2,0,16,0,4,0,4,0,0,0,3,0,5,1,6,0,0,0,3,11,0,14,0,0,0,0,5,0,0,4,1,0,0,10,0,51,18,0,49,0,2,0,0,0,4,1,13,21,0,9,79,107,42,2,182,0,0,0,0,0,3,0,16,9,3,0,88,9,9,1,5,0,2,2,0,0,0,4,18,29,20,0,96
780,0,0,0,1,0,0,0,0,8,0,0,7,0,1,0,12,0,3,0,4,7,2,0,2,0,0,0,9,0,0,1,5,5,0,19,0,0,0,0,7,1,0,2,3,0,0,7,0,44,22,2,51,0,0,0,0,0,6,1,13,19,0,1,85,120,43,5,169,0,2,0,0,0,3,1,11,5,2,0,106,3,3,1,6,0,2,1,0,0,1,3,15,20,18,0,110
781,0,0,0,3,0,0,0,0,14,0,0,2,0,2,1,14,0,4,0,3,7,0,0,2,0,2,0,6,0,0,0,5,13,0,16,0,0,0,0,4,1,0,8,4,0,0,7,0,49,27,0,49,0,1,0,0,0,6,1,10,16,0,7,67,116,51,2,170,0,3,0,0,0,2,1,13,3,3,0,94,9,3,2,9,0,1,2,0,0,2,2,14,29,21,0,97
782,0,0,0,3,0,0,0,0,8,0,0,5,0,2,0,13,0,6,0,3,5,0,0,2,0,1,1,5,0,0,0,4,10,0,15,0,0,0,0,6,1,0,5,5,0,0,9,0,42,27,0,52,0,2,0,0,0,4,1,10,27,0,3,67,103,48,8,162,0,3,0,0,0,1,0,14,7,2,0,93,6,2,3,8,0,2,2,0,0,1,4,12,40,21,0,114
783,0,0,0,5,0,0,0,0,5,0,0,2,0,2,0,8,0,5,0,2,9,0,0,1,0,4,0,8,0,0,0,6,14,0,8,0,0,0,0,4,1,0,4,1,0,0,9,0,56,26,0,49,0,2,0,0,0,4,7,14,22,0,2,63,100,45,6,178,0,1,0,0,0,3,2,13,4,5,0,100,6,6,3,8,0,1,2,0,0,1,4,13,27,13,0,116
784,0,0,0,2,0,0,0,0,14,0,1,3,0,3,0,10,0,5,0,5,4,1,0,2,0,1,0,3,0,0,1,3,15,0,7,0,0,0,0,5,0,0,1,4,0,0,14,0,45,30,0,44,0,3,0,0,0,7,8,19,11,0,3,68,109,50,2,187,0,1,0,0,0,3,1,16,7,1,0,93,10,3,2,6,0,3,4,0,0,2,1,16,26,12,0,103
785,0,0,0,1,0,0,0,0,11,0,0,4,0,2,1,6,0,5,0,3,5,1,0,1,0,3,1,8,0,0,1,5,10,0,18,0,0,0,0,2,1,0,8,5,0,0,11,0,57,16,0,43,0,4,0,0,0,6,5,14,21,0,2,65,115,50,5,165,0,0,0,0,0,0,1,10,3,2,0,102,3,4,0,9,0,5,1,0,0,1,3,11,26,20,0,118
786,0,0,0,2,0,0,0,0,9,0,2,5,0,0,0,8,0,2,0,4,6,2,0,1,0,1,1,2,0,0,0,10,18,0,16,0,0,0,0,3,0,0,3,2,0,0,13,0,47,21,0,41,0,7,0,0,0,3,2,20,22,0,3,72,106,49,5,154,0,3,0,0,0,7,0,14,5,5,0,108,14,7,3,11,0,2,0,0,0,1,2,12,31,21,0,92
787,0,0,0,1,0,0,0,0,6,0,1,4,0,2,0,13,0,6,0,3,8,2,0,2,0,1,1,9,0,0,0,3,8,0,7,0,0,0,0,6,1,0,10,3,0,0,10,0,48,25,1,45,0,3,0,0,0,8,2,11,19,0,2,75,112,50,8,175,0,1,0,0,0,2,1,15,1,1,0,89,7,7,3,7,0,3,3,0,0,3,2,13,32,23,0,96
788,0,0,0,1,0,0,0,0,10,0,0,3,0,3,1,12,0,10,0,5,9,2,0,4,0,2,0,3,0,0,0,4,6,0,9,0,0,0,0,4,1,0,3,0,0,0,7,0,55,20,1,45,0,3,0,0,0,8,7,13,18,0,9,64,100,43,10,159,0,1,0,0,0,3,1,15,3,4,0,117,8,8,0,7,0,3,1,0,0,1,3,11,25,22,0,113
789,0,0,0,1,0,0,0,0,13,0,1,3,0,2,0,9,0,0,0,5,4,1,0,1,0,1,1,3,0,0,2,5,10,0,9,0,0,0,0,4,0,0,6,7,0,0,15,0,45,22,1,52,0,4,0,0,0,3,2,14,22,0,0,67,119,50,2,169,0,2,0,0,0,3,1,10,4,2,0,121,10,5,0,9,0,3,6,0,0,2,2,5,28,20,0,92
790,0,0,0,5,0,0,0,0,6,0,0,4,0,3,1,6,0,3,0,5,3,0,0,3,0,1,2,4,0,0,0,4,11,0,13,0,0,0,0,6,0,0,7,2,0,0,5,0,48,15,1,53,0,2,0,0,0,6,2,20,29,0,3,87,120,38,5,176,0,0,0,0,0,5,0,9,3,2,0,100,5,0,3,3,0,2,3,0,0,1,2,11,34,18,0,100
791,0,0,0,1,0,0,0,0,8,0,0,3,0,5,0,16,0,3,0,2,4,0,0,5,0,2,1,8,0,0,0,3,12,0,11,0,0,0,0,3,0,0,5,3,0,0,5,0,46,22,2,49,0,4,0,0,0,7,1,15,27,0,6,71,105,46,5,173,0,1,0,0,0,3,0,14,3,4,0,86,4,6,3,14,0,4,2,0,0,2,5,13,32,21,0,104
792,0,0,0,0,0,0,0,0,10,0,0,4,0,3,0,10,0,1,0,2,3,1,0,5,0,4,0,5,0,0,0,6,9,0,9,0,0,0,0,0,1,0,4,6,0,0,6,0,43,20,0,44,0,1,0,0,0,4,3,17,28,0,5,71,101,58,8,168,0,2,0,0,0,6,1,17,6,3,0,94,3,5,7,11,0,6,4,0,0,4,3,9,30,21,0,108
793,0,0,0,2,0,0,0,0,6,0,0,4,0,5,1,7,0,6,0,12,2,3,0,1,0,1,1,2,0,0,0,8,9,0,10,0,0,0,0,6,1,0,5,6,0,0,14,0,57,19,0,43,0,2,0,0,0,11,4,14,17,0,3,76,110,39,6,168,0,4,0,0,0,3,2,18,6,2,0,110,14,8,3,7,0,1,2,0,0,2,4,11,33,8,0,81
794,0,0,0,1,0,0,0,0,5,0,1,2,0,3,0,12,0,7,0,4,3,2,0,2,0,3,0,5,0,0,0,6,9,0,9,0,0,0,0,4,0,0,6,2,0,0,9,0,54,24,0,48,0,4,0,0,0,3,2,13,18,0,4,57,109,58,5,165,0,4,0,0,0,6,0,15,4,2,0,99,10,7,1,8,0,1,3,0,0,1,7,16,31,21,0,105
795,0,0,0,2,0,0,0,0,11,0,1,4,0,6,2,13,0,7,0,4,2,0,0,2,0,1,3,7,0,0,1,0,17,0,8,0,0,0,0,4,2,0,6,4,0,0,14,0,44,20,1,36,0,4,0,0,0,5,4,10,13,0,5,77,105,45,7,179,0,1,0,0,0,4,1,15,6,2,0,121,12,4,2,7,0,0,4,0,0,2,4,9,27,19,0,84
796,0,0,0,1,0,0,0,0,13,0,0,3,0,2,0,14,0,1,0,5,4,1,0,7,0,0,1,11,0,0,1,3,14,0,15,0,0,0,0,4,0,0,6,5,0,0,12,0,44,26,0,35,0,2,0,0,0,5,4,12,21,0,0,82,106,55,5,162,0,1,0,0,0,3,0,14,5,3,0,112,7,10,4,9,0,1,3,0,0,0,4,5,23,25,0,89
797,0,0,0,4,0,0,0,0,4,0,1,1,0,1,1,8,0,6,0,3,3,2,0,3,0,2,0,8,0,0,1,3,10,0,10,0,0,0,0,3,0,0,3,3,0,0,11,0,55,27,0,40,0,1,0,0,0,4,3,7,16,0,5,86,123,58,5,149,0,1,0,0,0,3,0,12,6,4,0,108,4,8,4,5,0,2,6,0,0,3,2,12,24,33,0,93
798,0,0,0,1,0,0,0,0,8,0,1,4,0,2,1,5,0,5,0,4,2,0,0,4,0,3,0,4,0,0,0,4,8,0,13,0,0,0,0,4,0,0,11,1,0,0,8,0,57,20,0,45,0,2,0,0,0,5,2,9,18,0,4,75,120,47,5,185,0,1,0,0,0,4,0,8,5,4,0,99,7,6,5,9,0,4,1,0,0,3,3,9,23,27,0,95
799,0,0,0,2,0,0,0,0,4,0,0,2,0,1,1,11,0,1,0,4,5,2,0,2,0,4,0,5,0,0,0,5,18,0,15,0,0,0,0,4,0,0,6,4,0,0,6,0,35,20,0,45,0,3,0,0,0,6,2,26,23,0,3,73,113,46,3,174,0,2,0,0,0,3,0,14,2,3,0,111,8,6,4,3,0,3,1,0,0,4,8,13,27,21,0,93
800,0,0,0,0,0,0,0,0,7,0,0,1,0,1,1,11,0,4,0,4,6,1,0,3,0,1,3,11,0,0,1,5,11,0,13,0,0,0,0,5,0,0,4,3,0,0,9,0,55,24,2,67,0,3,0,0,0,9,0,8,18,0,5,72,92,43,3,164,0,1,0,0,0,2,1,14,6,2,0,102,3,7,1,7,0,3,1,0,0,1,2,27,38,20,0,92
801,0,0,0,2,0,0,0,0,7,0,2,4,0,3,0,7,0,4,0,3,3,1,0,2,0,2,1,8,0,0,1,4,9,0,8,0,0,0,0,3,0,0,5,5,0,0,11,0,63,18,0,50,0,3,0,0,0,2,2,14,14,0,3,63,111,44,8,174,0,1,0,0,0,3,1,11,5,7,0,109,13,2,3,7,0,2,2,0,0,1,3,12,27,15,0,112
802,0,0,0,2,0,0,0,0,4,0,0,4,0,2,0,6,0,6,0,5,1,0,0,2,0,3,3,11,0,0,0,4,14,0,15,0,0,0,0,0,1,0,6,2,0,0,10,0,48,22,0,50,0,2,0,0,0,4,3,18,16,0,0,77,118,43,6,171,0,2,0,0,0,6,0,13,3,3,0,99,11,6,2,3,0,2,2,0,0,1,3,9,24,21,0,111
803,0,0,0,2,0,0,0,0,7,0,0,4,0,0,0,17,0,5,0,5,1,1,0,4,0,1,1,5,0,0,0,4,8,0,10,0,0,0,0,6,0,0,6,2,0,0,9,0,47,23,3,38,0,6,0,0,0,2,4,16,24,0,5,70,126,40,5,179,0,4,0,0,0,1,1,13,3,1,0,77,11,8,2,13,0,3,0,0,0,2,5,14,24,25,0,107
804,0,0,0,2,0,0,0,0,7,0,0,7,0,2,1,6,0,2,0,6,2,4,0,3,0,3,1,7,0,0,0,3,6,0,11,0,0,0,0,2,1,0,5,1,0,0,6,0,50,27,2,33,0,7,0,0,0,6,2,21,15,0,11,78,101,50,10,170,0,0,0,0,0,2,1,16,3,2,0,97,7,7,2,12,0,3,2,0,0,2,3,14,27,20,0,109
805,0,0,0,1,0,0,0,0,8,0,0,3,0,2,0,10,0,5,0,5,4,0,0,6,0,4,0,5,0,0,0,2,16,0,12,0,0,0,0,3,1,0,5,2,0,0,4,0,35,20,1,48,0,6,0,0,0,6,3,11,28,0,2,71,115,45,4,162,0,2,0,0,0,2,0,11,3,3,0,107,7,6,3,7,0,0,2,0,0,3,1,23,24,21,0,120
806,0,0,0,2,0,0,0,0,8,0,2,4,0,3,2,6,0,3,0,2,6,2,0,1,0,2,1,10,0,0,0,3,7,0,12,0,0,0,0,5,1,0,8,3,0,0,9,0,51,18,1,38,0,3,0,0,0,7,3,13,21,0,3,75,133,53,4,164,0,1,0,0,0,1,0,12,5,3,0,87,16,7,3,3,0,1,2,0,0,1,2,11,23,31,0,102
807,0,0,0,0,0,0,0,0,14,0,0,3,0,3,0,9,0,6,0,4,4,2,0,3,0,1,1,8,0,0,0,7,12,0,11,0,0,0,0,6,1,0,7,3,0,0,7,0,59,23,1,59,0,1,0,0,0,5,2,17,20,0,1,67,103,47,4,177,0,3,0,0,0,2,0,12,4,4,0,88,3,1,4,8,0,5,1,0,0,0,0,21,39,21,0,86
808,0,0,0,4,0,0,0,0,6,0,1,2,0,2,1,15,0,6,0,5,3,1,0,0,0,5,0,4,0,0,2,9,10,0,17,0,0,0,0,4,1,0,8,5,0,0,10,0,43,28,0,35,0,4,0,0,0,1,4,11,19,0,3,85,119,43,6,160,0,1,0,0,0,5,2,10,2,3,0,100,8,3,2,6,0,3,3,0,0,1,5,15,25,32,0,92
809,0,0,0,2,0,0,0,0,8,0,2,2,0,1,1,16,0,4,0,1,5,3,0,3,0,0,0,4,0,0,0,7,10,0,14,0,0,0,0,7,1,0,2,2,0,0,9,0,46,30,1,38,0,1,0,0,0,9,1,12,17,0,1,82,114,50,8,176,0,0,0,0,0,3,2,12,5,2,0,91,1,2,3,9,0,4,2,0,0,3,2,10,35,15,0,109
810,0,0,0,0,0,0,0,0,7,0,0,1,0,0,0,17,0,1,0,5,5,0,0,1,0,2,1,5,0,0,0,4,11,0,5,0,0,0,0,3,0,0,4,7,0,0,8,0,44,28,0,47,0,5,0,0,0,3,3,11,20,0,4,69,131,55,5,180,0,0,0,0,0,3,0,17,7,3,0,86,8,9,1,9,0,2,4,0,0,1,2,12,29,19,0,96
811,0,0,0,3,0,0,0,0,9,0,0,1,0,3,1,14,0,3,0,5,4,0,0,1,0,3,0,11,0,0,1,2,9,0,12,0,0,0,0,2,1,0,7,0,0,0,7,0,43,33,0,43,0,4,0,0,0,6,1,14,28,0,2,73,122,35,7,180,0,2,0,0,0,0,2,8,5,2,0,94,8,2,2,10,0,3,3,0,0,1,2,9,34,20,0,103
812,0,0,0,2,0,0,0,0,7,0,1,6,0,1,0,8,0,7,0,5,5,0,0,4,0,2,0,4,0,0,1,6,6,0,13,0,0,0,0,3,1,0,6,3,0,0,15,0,59,25,0,39,0,0,0,0,0,7,5,10,29,0,5,66,108,46,5,172,0,1,0,0,0,5,0,3,2,1,0,108,6,6,1,9,0,1,3,0,0,2,3,14,27,31,0,95
813,0,0,0,1,0,0,0,0,8,0,0,2,0,1,0,18,0,0,0,5,4,1,0,1,0,0,0,7,0,0,1,3,11,0,14,0,0,0,0,3,0,0,8,3,0,0,8,0,56,20,2,41,0,8,0,0,0,6,1,17,20,0,2,73,106,50,11,168,0,2,0,0,0,3,0,18,4,7,0,91,9,2,4,7,0,4,1,0,0,5,2,11,22,19,0,109
814,0,0,0,0,0,0,0,0,12,0,0,2,0,2,1,11,0,4,0,3,3,1,0,5,0,1,1,6,0,0,1,3,6,0,12,0,0,0,0,5,0,0,5,5,0,0,11,0,47,27,0,55,0,5,0,0,0,10,0,12,29,0,2,79,93,54,8,189,0,1,0,0,0,3,1,7,5,1,0,73,8,4,3,10,0,3,2,0,0,3,2,13,36,18,0,97
815,0,0,0,3,0,0,0,0,9,0,1,1,0,3,0,15,0,2,0,4,7,0,0,7,0,2,1,10,0,0,1,5,10,0,14,0,0,0,0,0,0,0,7,5,0,0,14,0,43,21,0,54,0,3,0,0,0,1,0,16,15,0,3,75,101,33,8,180,0,0,0,0,0,6,0,14,3,0,0,74,13,4,6,9,0,3,4,0,0,1,4,17,28,17,0,123
816,0,0,0,2,0,0,0,0,8,0,0,3,0,4,1,15,0,7,0,7,3,1,0,4,0,2,0,6,0,0,0,1,9,0,14,0,0,0,0,5,0,0,4,6,0,0,7,0,43,25,0,37,0,5,0,0,0,4,2,14,21,0,5,76,110,52,2,150,0,1,0,0,0,3,0,20,6,3,0,104,7,7,2,9,0,4,4,0,0,1,4,13,32,27,0,98
817,0,0,0,0,0,0,0,0,16,0,0,4,0,1,1,13,0,5,0,3,4,0,0,3,0,0,1,6,0,0,0,6,13,0,10,0,0,0,0,4,1,0,3,9,0,0,9,0,42,26,0,45,0,3,0,0,0,6,1,16,21,0,5,73,130,32,9,171,0,5,0,0,0,1,0,13,2,2,0,96,7,3,0,11,0,1,1,0,0,1,3,17,27,26,0,92
818,0,0,0,0,0,0,0,0,8,0,0,3,0,1,0,5,0,10,0,2,5,1,0,5,0,1,1,6,0,0,0,5,9,0,12,0,0,0,0,4,0,0,8,3,0,0,5,0,55,26,0,41,0,1,0,0,0,4,2,14,22,0,1,75,114,49,6,177,0,2,0,0,0,3,0,12,4,6,0,90,7,9,2,11,0,1,2,0,0,2,2,14,32,21,0,99
819,0,0,0,0,0,0,0,0,9,0,0,4,0,4,0,8,0,5,0,4,5,3,0,6,0,2,0,11,0,0,1,5,14,0,10,0,0,0,0,2,1,0,8,5,0,0,7,0,46,33,0,46,0,6,0,0,0,5,3,22,14,0,3,66,95,55,5,176,0,0,0,0,0,2,1,9,3,2,0,92,4,6,2,9,0,1,2,0,0,3,2,13,30,21,0,109
820,0,0,0,2,0,0,0,0,7,0,1,4,0,1,1,13,0,5,0,2,5,1,0,4,0,2,0,5,0,0,1,1,12,0,17,0,0,0,0,3,0,0,8,3,0,0,4,0,47,29,0,37,0,3,0,0,0,4,4,14,26,0,6,77,96,58,8,163,0,0,0,0,0,2,1,13,5,2,0,95,7,7,5,6,0,3,2,0,0,1,5,11,27,27,0,107
821,0,0,0,0,0,0,0,0,10,0,0,2,0,2,1,10,0,3,0,4,4,1,0,1,0,1,1,3,0,0,1,1,11,0,11,0,0,0,0,4,0,0,12,2,0,0,14,0,40,16,0,41,0,2,0,0,0,6,5,22,17,0,7,63,144,48,4,149,0,3,0,0,0,7,1,15,2,5,0,97,22,6,3,4,0,1,4,0,0,2,1,11,29,24,0,100
822,0,0,0,1,0,0,0,0,9,0,0,4,0,0,0,8,0,5,0,11,7,1,0,6,0,3,0,3,0,0,0,6,15,0,13,0,0,0,0,4,0,0,6,4,0,0,10,0,55,26,0,36,0,4,0,0,0,6,2,13,22,0,4,79,100,44,10,161,0,0,0,0,0,6,0,18,4,4,0,83,11,6,3,8,0,1,5,0,0,2,1,17,35,15,0,103
823,0,0,0,3,0,0,0,0,16,0,0,3,0,4,0,15,0,5,0,2,6,1,0,6,0,1,1,8,0,0,0,0,14,0,8,0,0,0,0,3,1,0,13,2,0,0,9,0,51,28,0,36,0,5,0,0,0,5,4,10,15,0,9,75,98,48,7,177,0,0,0,0,0,3,1,15,6,2,0,98,11,5,3,12,0,2,0,0,0,1,3,13,22,20,0,94
824,0,0,0,3,0,0,0,0,7,0,1,1,0,1,1,10,0,6,0,3,3,2,0,2,0,1,1,6,0,0,0,4,10,0,7,0,0,0,0,5,0,0,10,3,0,0,11,0,44,17,1,61,0,2,0,0,0,5,3,23,11,0,2,74,111,47,6,182,0,6,0,0,0,1,0,20,5,3,0,93,8,4,3,7,0,1,2,0,0,3,5,10,25,20,0,97
825,0,0,0,3,0,0,0,0,11,0,1,3,0,3,0,9,0,2,0,7,5,2,0,4,0,3,1,6,0,0,1,3,12,0,13,0,0,0,0,1,1,0,3,0,0,0,6,0,55,18,0,41,0,2,0,0,0,6,2,16,15,0,5,61,118,50,3,185,0,3,0,0,0,0,0,15,8,3,0,103,8,7,2,5,0,3,2,0,0,0,2,8,24,17,0,113
826,0,0,0,1,0,0,0,0,11,0,0,3,0,3,0,12,0,3,0,1,5,1,0,5,0,2,0,6,0,0,0,3,14,0,9,0,0,0,0,3,2,0,9,2,0,0,6,0,45,26,0,44,0,2,0,0,0,6,7,15,24,0,3,72,119,50,6,173,0,2,0,0,0,5,0,11,2,1,0,96,9,4,2,7,0,1,1,0,0,1,4,13,29,26,0,93
827,0,0,0,4,0,0,0,0,10,0,1,5,0,1,2,8,0,2,0,3,7,0,0,1,0,2,1,6,0,0,1,1,11,0,13,0,0,0,0,3,1,0,5,4,0,0,9,0,58,31,0,59,0,6,0,0,0,7,3,14,17,0,1,73,99,44,6,172,0,2,0,0,0,8,2,15,2,0,0,90,13,6,1,10,0,3,1,0,0,0,1,11,25,22,0,97
828,0,0,0,1,0,0,0,0,12,0,0,5,0,1,0,12,0,4,0,2,4,2,0,2,0,3,0,10,0,0,1,4,18,0,17,0,0,0,0,1,0,0,7,2,0,0,7,0,45,18,1,48,0,1,0,0,0,5,7,13,18,0,5,75,108,53,5,161,0,3,0,0,0,4,0,14,8,3,0,85,10,8,3,6,0,3,1,0,0,1,2,20,24,15,0,112
829,0,0,0,1,0,0,0,0,8,0,2,5,0,5,0,9,0,4,0,1,3,2,0,3,0,1,1,11,0,0,1,5,12,0,10,0,0,0,0,4,0,0,9,5,0,0,12,0,46,21,0,45,0,1,0,0,0,7,4,17,23,0,1,85,107,49,4,172,0,3,0,0,0,6,0,10,5,3,0,109,8,2,1,8,0,1,2,0,0,0,3,13,35,15,0,80
830,0,0,0,3,0,0,0,0,9,0,0,2,0,2,0,8,0,5,0,3,5,1,0,0,0,1,0,8,0,0,1,3,5,0,9,0,0,0,0,2,0,0,3,5,0,0,0,0,56,27,2,38,0,5,0,0,0,2,4,21,20,0,2,70,110,39,3,184,0,2,0,0,0,4,0,14,1,3,0,103,4,7,1,1,0,3,2,0,0,2,2,16,35,32,0,110
831,0,0,0,5,0,0,0,0,12,0,0,3,0,0,0,13,0,2,0,2,4,1,0,5,0,4,1,6,0,0,2,2,6,0,11,0,0,0,0,1,0,0,7,5,0,0,8,0,42,26,1,43,0,1,0,0,0,5,4,11,25,0,3,81,117,39,2,164,0,0,0,0,0,2,2,20,3,2,0,100,13,8,2,2,0,2,5,0,0,6,3,17,25,20,0,104
832,0,0,0,4,0,0,0,0,11,0,1,6,0,6,2,12,0,2,0,3,1,1,0,2,0,2,0,6,0,0,0,5,8,0,9,0,0,0,0,7,0,0,3,2,0,0,16,0,35,26,0,47,0,3,0,0,0,5,7,20,22,0,2,66,121,55,6,154,0,1,0,0,0,4,0,15,5,4,0,88,6,3,6,16,0,2,2,0,0,0,2,18,30,15,0,105
833,0,0,0,1,0,0,0,0,5,0,1,2,0,0,1,10,0,6,0,2,7,0,0,4,0,0,1,3,0,0,0,1,11,0,14,0,0,0,0,5,0,0,6,3,0,0,4,0,53,23,1,34,0,3,0,0,0,2,3,15,33,0,4,81,100,50,6,180,0,2,0,0,0,7,0,17,3,0,0,96,8,6,0,9,0,0,2,0,0,2,0,12,35,25,0,101
834,0,0,0,2,0,0,0,0,8,0,3,6,0,1,2,10,0,3,0,7,1,1,0,5,0,0,1,3,0,0,1,4,13,0,6,0,0,0,0,1,1,0,7,3,0,0,9,0,56,15,0,49,0,3,0,0,0,7,3,6,17,0,2,82,119,49,4,167,0,3,0,0,0,4,0,10,4,1,0,88,9,1,3,5,0,2,3,0,0,1,2,14,36,21,0,116
835,0,0,0,1,0,0,0,0,12,0,0,3,0,2,0,13,0,1,0,4,3,0,0,0,0,2,0,9,0,0,0,4,10,0,15,0,0,0,0,2,0,0,11,5,0,0,14,0,47,23,2,49,0,1,0,0,0,4,2,18,23,0,4,69,118,37,5,173,0,4,0,0,0,4,1,20,1,3,0,105,7,2,2,8,0,2,4,0,0,2,4,9,32,17,0,87
836,0,0,0,2,0,0,0,0,7,0,2,6,0,1,1,12,0,6,0,4,7,0,0,2,0,2,1,10,0,0,0,3,19,0,12,0,0,0,0,1,1,0,5,2,0,0,7,0,52,22,0,34,0,4,0,0,0,6,1,13,25,0,3,71,106,57,8,162,0,3,0,0,0,4,0,11,3,3,0,94,12,6,3,6,0,3,0,0,0,0,1,17,41,19,0,97
837,0,0,0,2,0,0,0,0,8,0,0,2,0,2,0,9,0,7,0,5,5,0,0,3,0,3,0,5,0,0,2,6,12,0,11,0,0,0,0,4,0,0,6,2,0,0,10,0,54,34,0,53,0,4,0,0,0,10,4,12,22,0,3,85,96,43,5,166,0,2,0,0,0,5,0,17,4,0,0,92,11,6,0,4,0,2,2,0,0,2,0,8,27,21,0,102
838,0,0,0,1,0,0,0,0,5,0,0,6,0,1,0,9,0,6,0,3,3,1,0,4,0,2,1,8,0,0,0,3,9,0,17,0,0,0,0,7,0,0,6,0,0,0,9,0,40,29,0,55,0,3,0,0,0,5,1,14,24,0,6,71,116,39,9,148,0,4,0,0,0,1,0,13,6,4,0,98,7,8,3,5,0,5,3,0,0,2,7,20,30,16,0,107
839,0,0,0,2,0,0,0,0,7,0,0,2,0,7,1,10,0,3,0,1,8,2,0,6,0,0,0,6,0,0,1,1,8,0,22,0,0,0,0,2,0,0,5,7,0,0,12,0,45,26,1,44,0,6,0,0,0,4,3,15,28,0,1,69,90,41,6,174,0,1,0,0,0,1,1,7,3,1,0,103,13,5,3,4,0,3,0,0,0,2,4,10,26,28,0,119
840,0,0,0,0,0,0,0,0,16,0,0,5,0,3,0,9,0,5,0,3,4,2,0,4,0,0,0,9,0,0,1,2,10,0,10,0,0,0,0,3,1,0,6,5,0,0,6,0,51,25,1,55,0,2,0,0,0,6,2,13,13,0,1,79,105,49,5,180,0,2,0,0,0,4,0,13,4,4,0,103,10,3,1,6,0,3,5,0,0,0,2,12,14,14,0,109
841,0,0,0,0,0,0,0,0,7,0,0,4,0,5,2,14,0,0,0,4,5,1,0,2,0,2,0,5,0,0,2,6,11,0,13,0,0,0,0,4,0,0,10,7,0,0,7,0,57,27,1,41,0,3,0,0,0,4,0,17,25,0,2,78,112,47,2,155,0,4,0,0,0,4,0,10,4,1,0,92,10,3,3,6,0,4,6,0,0,2,3,11,35,20,0,100
842,0,0,0,2,0,0,0,0,5,0,1,4,0,2,0,7,0,3,0,5,4,2,0,4,0,1,2,1,0,0,0,6,19,0,14,0,0,0,0,6,3,0,6,6,0,0,10,0,44,23,0,40,0,2,0,0,0,6,3,18,25,0,6,76,115,36,6,163,0,2,0,0,0,2,0,15,3,3,0,106,13,8,1,10,0,2,1,0,0,2,4,8,36,19,0,89
843,0,0,0,1,0,0,0,0,9,0,1,4,0,1,1,6,0,4,0,4,4,2,0,1,0,3,1,9,0,0,0,2,6,0,13,0,0,0,0,5,0,0,7,5,0,0,14,0,49,17,1,44,0,5,0,0,0,3,5,18,12,0,1,71,120,53,4,169,0,3,0,0,0,2,1,10,2,5,0,87,8,8,5,8,0,1,3,0,0,1,2,14,38,24,0,103
844,0,0,0,1,0,0,0,0,14,0,1,2,0,2,1,15,0,5,0,7,6,3,0,3,0,2,0,9,0,0,0,6,4,0,10,0,0,0,0,4,0,0,5,3,0,0,3,0,48,21,0,43,0,4,0,0,0,5,2,14,22,0,2,66,115,59,5,169,0,1,0,0,0,3,0,12,3,2,0,107,6,3,2,7,0,2,1,0,0,1,4,7,39,23,0,96
845,0,0,0,1,0,0,0,0,7,0,2,4,0,1,0,11,0,4,0,5,6,2,0,2,0,1,2,10,0,0,0,3,9,0,14,0,0,0,0,3,0,0,6,3,0,0,3,0,44,22,1,36,0,3,0,0,0,10,8,22,24,0,2,84,101,34,6,166,0,4,0,0,0,0,0,10,2,3,0,98,7,6,5,9,0,5,1,0,0,1,2,13,36,34,0,102
846,0,0,0,1,0,0,0,0,5,0,1,5,0,2,0,10,0,2,0,4,4,1,0,4,0,2,0,10,0,0,2,3,9,0,9,0,0,0,0,1,0,0,3,3,0,0,12,0,39,33,0,49,0,2,0,0,0,9,1,18,20,0,3,72,125,40,5,167,0,1,0,0,0,2,1,15,5,3,0,102,3,9,1,8,0,2,2,0,0,5,4,14,33,24,0,90
847,0,0,0,2,0,0,0,0,8,0,1,2,0,1,0,9,0,1,0,6,4,2,0,2,0,2,0,9,0,0,0,4,13,0,10,0,0,0,0,4,0,0,6,5,0,0,6,0,47,25,1,38,0,4,0,0,0,6,1,19,18,0,3,83,109,48,10,182,0,0,0,0,0,3,1,16,8,4,0,93,6,1,5,4,0,4,5,0,0,0,5,10,27,29,0,88
848,0,0,0,1,0,0,0,0,9,0,1,4,0,3,1,4,0,2,0,5,4,1,0,5,0,0,1,10,0,0,1,1,12,0,9,0,0,0,0,3,0,0,7,4,0,0,6,0,39,25,0,50,0,3,0,0,0,5,3,16,25,0,6,84,99,52,9,180,0,6,0,0,0,3,1,10,5,2,0,106,5,5,2,8,0,3,1,0,0,0,5,12,28,20,0,88
849,0,0,0,1,0,0,0,0,10,0,1,2,0,1,0,8,0,2,0,3,4,0,0,2,0,1,1,7,0,0,0,6,12,0,10,0,0,0,0,4,0,0,8,4,0,0,10,0,53,23,0,45,0,4,0,0,0,1,3,16,23,0,4,87,121,42,7,165,0,0,0,0,0,5,1,17,3,2,0,85,11,6,5,9,0,1,2,0,0,2,5,13,34,18,0,90
850,0,0,0,5,0,0,0,0,11,0,0,3,0,3,0,23,0,6,0,4,4,1,0,4,0,1,1,8,0,0,0,1,8,0,10,0,0,0,0,5,0,0,4,4,0,0,10,0,42,17,1,38,0,5,0,0,0,6,3,13,26,0,6,71,114,47,5,173,0,1,0,0,0,4,0,6,2,2,0,87,7,1,2,12,0,6,2,0,0,4,4,17,27,21,0,112
851,0,0,0,1,0,0,0,0,5,0,0,2,0,4,0,10,0,6,0,4,7,0,0,1,0,2,2,8,0,0,1,5,12,0,16,0,0,0,0,5,0,0,8,4,0,0,9,0,54,24,0,34,0,4,0,0,0,6,2,16,29,0,4,66,122,46,8,177,0,0,0,0,0,1,0,14,4,2,0,95,7,4,1,6,0,3,6,0,0,2,0,13,26,23,0,89
852,0,0,0,1,0,0,0,0,14,0,0,7,0,3,1,15,0,3,0,3,4,0,0,1,0,1,0,6,0,0,1,4,6,0,9,0,0,0,0,5,0,0,9,1,0,0,8,0,44,19,1,39,0,3,0,0,0,3,5,20,24,0,7,71,112,38,5,170,0,1,0,0,0,3,1,10,5,0,0,107,8,5,3,13,0,1,0,0,0,1,2,15,36,20,0,106
853,0,0,0,5,0,0,0,0,9,0,0,5,0,5,1,9,0,3,0,7,7,1,0,1,0,3,0,7,0,0,0,9,9,0,14,0,0,0,0,3,0,0,2,6,0,0,8,0,48,18,0,41,0,8,0,0,0,7,4,16,23,0,3,73,114,45,4,169,0,0,0,0,0,2,0,20,2,2,0,106,2,7,2,8,0,2,0,0,0,0,0,10,31,16,0,103
854,0,0,0,1,0,0,0,0,14,0,0,2,0,3,1,6,0,3,0,7,8,2,0,4,0,0,0,7,0,0,0,1,7,0,15,0,0,0,0,3,0,0,9,3,0,0,12,0,48,19,1,41,0,6,0,0,0,6,2,10,20,0,1,68,104,52,5,171,0,1,0,0,0,4,0,8,3,0,0,103,9,7,1,12,0,2,0,0,0,3,8,7,38,15,0,117
855,0,0,0,1,0,0,0,0,8,0,1,5,0,4,1,8,0,2,0,5,7,1,0,3,0,1,1,8,0,0,0,5,10,0,14,0,0,0,0,3,2,0,7,2,0,0,9,0,46,27,2,47,0,8,0,0,0,6,6,16,22,0,4,75,106,44,9,169,0,2,0,0,0,4,0,15,2,2,0,89,9,6,3,16,0,2,0,0,0,1,6,12,19,18,0,99
856,0,0,0,1,0,0,0,0,4,0,0,2,0,2,0,3,0,3,0,3,8,2,0,2,0,2,1,5,0,0,1,5,11,0,13,0,0,0,0,10,0,0,5,1,0,0,13,0,50,20,2,44,0,6,0,0,0,5,5,19,19,0,9,73,117,47,7,149,0,1,0,0,0,5,1,10,2,6,0,102,4,9,2,5,0,3,1,0,0,3,2,11,31,25,0,108
857,0,0,0,2,0,0,0,0,7,0,0,5,0,1,0,7,0,5,0,4,1,2,0,3,0,3,1,9,0,0,0,7,8,0,11,0,0,0,0,3,0,0,6,2,0,0,10,0,63,25,0,44,0,2,0,0,0,9,5,9,26,0,5,78,110,41,4,161,0,1,0,0,0,3,1,14,7,0,0,99,5,4,3,6,0,1,4,0,0,1,3,11,36,23,0,99
858,0,0,0,2,0,0,0,0,8,0,0,3,0,3,0,14,0,4,0,5,1,1,0,4,0,1,0,11,0,0,0,1,6,0,18,0,0,0,0,4,0,0,8,2,0,0,9,0,53,31,0,43,0,3,0,0,0,3,4,8,26,0,3,71,115,57,2,150,0,3,0,0,0,2,0,21,4,1,0,92,5,3,3,11,0,2,2,0,0,2,4,12,28,24,0,107
859,0,0,0,2,0,0,0,0,4,0,2,2,0,0,1,4,0,6,0,5,1,1,0,0,0,3,1,10,0,0,0,9,11,0,12,0,0,0,0,3,1,0,4,3,0,0,7,0,55,24,1,49,0,1,0,0,0,2,2,15,31,0,3,87,107,51,8,160,0,4,0,0,0,7,1,12,1,1,0,91,6,5,1,11,0,2,0,0,0,2,4,9,36,17,0,102
860,0,0,0,1,0,0,0,0,6,0,0,1,0,2,1,8,0,6,0,1,6,2,0,4,0,4,0,7,0,0,0,3,14,0,11,0,0,0,0,2,0,0,7,5,0,0,14,0,40,27,1,45,0,7,0,0,0,8,3,17,17,0,2,64,150,38,7,176,0,4,0,0,0,2,0,15,4,2,0,98,6,4,3,4,0,1,3,0,0,2,5,19,21,16,0,84
861,0,0,0,2,0,0,0,0,10,0,0,6,0,0,0,16,0,3,0,6,4,1,0,3,0,1,1,7,0,0,1,3,10,0,18,0,0,0,0,1,0,0,7,4,0,0,11,0,40,24,1,43,0,6,0,0,0,6,3,13,26,0,5,58,113,42,8,176,0,0,0,0,0,6,0,16,6,3,0,94,7,5,1,8,0,5,1,0,0,2,3,11,26,25,0,102
862,0,0,0,1,0,0,0,0,4,0,0,3,0,1,0,9,0,2,0,4,2,0,0,4,0,5,1,8,0,0,1,3,7,0,12,0,0,0,0,4,0,0,5,9,0,0,9,0,43,23,0,45,0,4,0,0,0,6,3,15,32,0,2,81,112,29,4,179,0,2,0,0,0,3,0,8,3,1,0,91,7,5,1,11,0,1,3,0,0,0,4,14,37,25,0,112
863,0,0,0,0,0,0,0,0,12,0,3,3,0,3,0,9,0,0,0,2,4,1,0,6,0,4,0,4,0,0,2,3,10,0,14,0,0,0,0,4,3,0,3,1,0,0,10,0,53,26,0,43,0,4,0,0,0,4,8,13,26,0,4,68,111,48,7,165,0,1,0,0,0,3,0,10,3,2,0,96,4,6,1,9,0,1,2,0,0,3,0,11,30,24,0,113
864,0,0,0,0,0,0,0,0,10,0,0,6,0,2,0,8,0,6,0,3,2,1,0,2,0,3,0,7,0,0,1,3,6,0,12,0,0,0,0,4,0,0,4,4,0,0,9,0,48,22,1,39,0,5,0,0,0,3,1,10,28,0,6,70,133,43,10,178,0,0,0,0,0,1,0,12,5,7,0,87,10,2,4,9,0,1,5,0,0,0,4,15,29,19,0,100
865,0,0,0,1,0,0,0,0,10,0,0,4,0,3,0,4,0,8,0,3,3,1,0,2,0,1,0,5,0,0,0,5,13,0,12,0,0,0,0,1,0,0,8,1,0,0,10,0,49,22,1,42,0,2,0,0,0,3,3,20,18,0,3,66,121,56,7,183,0,2,0,0,0,4,1,10,3,1,0,94,12,4,1,9,0,3,0,0,0,3,3,17,23,25,0,94
866,0,0,0,1,0,0,0,0,9,0,1,2,0,2,0,8,0,3,0,4,4,1,0,5,0,1,1,9,0,0,0,2,12,0,14,0,0,0,0,2,0,0,7,1,0,0,4,0,61,18,1,36,0,11,0,0,0,4,0,14,17,0,7,73,108,44,4,180,0,2,0,0,0,3,2,13,2,4,0,94,8,6,3,5,0,3,2,0,0,2,5,10,34,20,0,111
867,0,0,0,0,0,0,0,0,5,0,1,5,0,3,1,10,0,6,0,2,3,0,0,2,0,1,0,14,0,0,0,3,9,0,13,0,0,0,0,3,0,0,7,2,0,0,10,0,45,21,0,41,0,3,0,0,0,6,3,13,16,0,3,72,123,44,5,173,0,2,0,0,0,4,1,14,8,3,0,108,4,7,1,8,0,3,3,0,0,2,5,13,26,20,0,100
868,0,0,0,0,0,0,0,0,10,0,1,5,0,2,2,10,0,4,0,7,2,2,0,2,0,2,0,5,0,0,1,4,8,0,13,0,0,0,0,7,2,0,10,5,0,0,6,0,43,27,2,36,0,1,0,0,0,8,1,16,12,0,3,82,96,54,8,182,0,3,0,0,0,3,1,14,3,3,0,86,5,7,2,6,0,1,1,0,0,1,2,12,30,27,0,112
869,0,0,0,0,0,0,0,0,10,0,0,2,0,5,0,10,0,3,0,4,5,0,0,5,0,3,1,5,0,0,0,4,7,0,10,0,0,0,0,3,0,0,4,5,0,0,6,0,42,33,1,46,0,3,0,0,0,14,3,14,24,0,1,78,97,47,8,170,0,1,0,0,0,8,0,21,7,2,0,91,8,8,2,6,0,2,4,0,0,2,4,10,40,16,0,95
870,0,0,0,2,0,0,0,0,10,0,1,5,0,1,1,12,0,2,0,4,7,3,0,1,0,1,0,5,0,0,2,0,11,0,10,0,0,0,0,2,3,0,8,5,0,0,6,0,60,30,1,43,0,5,0,0,0,8,3,16,12,0,1,75,117,44,7,183,0,1,0,0,0,4,0,12,3,0,0,85,11,7,0,9,0,0,3,0,0,0,2,18,32,18,0,88
871,0,0,0,1,0,0,0,0,10,0,0,6,0,2,1,9,0,6,0,1,7,1,0,2,0,0,1,3,0,0,0,4,9,0,13,0,0,0,0,7,1,0,4,3,0,0,8,0,61,27,0,34,0,6,0,0,0,10,3,27,23,0,3,75,107,42,8,144,0,2,0,0,0,1,0,13,4,4,0,101,5,3,2,9,0,1,1,0,0,5,4,20,33,16,0,107
872,0,0,0,1,0,0,0,0,5,0,0,4,0,1,1,14,0,4,0,1,6,1,0,2,0,1,2,9,0,0,1,1,10,0,13,0,0,0,0,10,1,0,9,0,0,0,11,0,50,22,2,48,0,3,0,0,0,9,2,9,21,0,2,77,111,42,8,154,0,2,0,0,0,4,1,12,4,0,0,111,5,10,4,7,0,2,2,0,0,0,5,11,21,24,0,107
873,0,0,0,0,0,0,0,0,7,0,0,3,0,2,1,10,0,3,0,4,9,2,0,1,0,3,0,6,0,0,0,4,6,0,7,0,0,0,0,3,0,0,12,5,0,0,5,0,54,17,0,38,0,2,0,0,0,5,4,24,24,0,3,82,111,37,7,183,0,1,0,0,0,4,1,8,2,3,0,92,10,1,3,7,0,3,5,0,0,3,3,10,31,27,0,102
874,0,0,0,2,0,0,0,0,9,0,1,1,0,4,0,9,0,2,0,6,4,0,0,4,0,1,1,8,0,0,0,5,9,0,15,0,0,0,0,2,1,0,9,4,0,0,11,0,55,22,0,45,0,4,0,0,0,1,1,12,29,0,1,74,125,46,6,186,0,1,0,0,0,1,1,12,7,3,0,83,7,2,0,4,0,2,0,0,0,0,1,10,34,21,0,96
875,0,0,0,0,0,0,0,0,10,0,1,1,0,2,1,11,0,6,0,6,6,1,0,5,0,1,0,8,0,0,0,4,5,0,14,0,0,0,0,4,0,0,4,3,0,0,9,0,51,23,0,46,0,9,0,0,0,6,1,6,18,0,4,59,125,50,6,182,0,0,0,0,0,5,1,7,5,4,0,92,10,3,2,6,0,2,4,0,0,0,3,15,29,29,0,95
876,0,0,0,5,0,0,0,0,6,0,0,5,0,0,0,8,0,5,0,6,4,1,0,3,0,0,0,9,0,0,0,4,16,0,20,0,0,0,0,7,0,0,3,6,0,0,8,0,51,27,2,42,0,7,0,0,0,12,5,12,13,0,4,75,111,54,9,156,0,0,0,0,0,5,1,11,3,3,0,86,12,8,2,9,0,2,3,0,0,0,3,15,25,21,0,95
877,0,0,0,2,0,0,0,0,7,0,0,4,0,2,1,12,0,6,0,2,9,1,0,5,0,1,1,5,0,0,0,3,14,0,7,0,0,0,0,4,0,0,7,2,0,0,8,0,42,25,3,51,0,5,0,0,0,6,9,14,20,0,4,73,106,39,7,157,0,1,0,0,0,3,2,11,8,2,0,91,12,7,0,8,0,1,3,0,0,5,4,15,27,21,0,115
878,0,0,0,1,0,0,0,0,10,0,1,2,0,2,0,13,0,2,0,8,3,1,0,4,0,0,1,10,0,0,1,2,5,0,7,0,0,0,0,7,0,0,7,5,0,0,15,0,46,24,0,27,0,5,0,0,0,5,4,22,25,0,2,63,98,48,4,172,0,2,0,0,0,2,1,18,6,2,0,92,12,9,5,5,0,2,2,0,0,2,4,17,32,24,0,111
879,0,0,0,1,0,0,0,0,13,0,1,3,0,3,0,17,0,9,0,5,7,1,0,1,0,2,0,5,0,0,1,3,11,0,8,0,0,0,0,3,1,0,5,4,0,0,11,0,36,21,1,44,0,5,0,0,0,7,5,12,17,0,2,67,109,45,2,169,0,3,0,0,0,5,1,22,4,3,0,103,11,3,1,12,0,0,3,0,0,0,4,18,28,27,0,95
880,0,0,0,1,0,0,0,0,13,0,0,4,0,2,0,12,0,2,0,4,6,1,0,1,0,4,0,6,0,0,0,5,16,0,14,0,0,0,0,6,1,0,10,4,0,0,11,0,42,18,1,43,0,5,0,0,0,6,1,16,15,0,4,73,113,40,11,147,0,0,0,0,0,4,1,10,8,3,0,105,12,5,4,10,0,8,2,0,0,2,5,9,33,15,0,106
881,0,0,0,1,0,0,0,0,8,0,2,1,0,3,0,16,0,2,0,8,6,1,0,5,0,3,0,8,0,0,1,5,17,0,10,0,0,0,0,3,1,0,7,4,0,0,7,0,51,15,0,45,0,8,0,0,0,8,2,11,30,0,4,85,92,47,6,180,0,1,0,0,0,5,1,10,5,1,0,89,9,4,3,10,0,4,1,0,0,3,4,16,27,15,0,89
882,0,0,0,1,0,0,0,0,10,0,0,6,0,1,0,12,0,4,0,7,2,2,0,2,0,3,0,5,0,0,0,6,10,0,13,0,0,0,0,4,1,0,1,0,0,0,5,0,50,20,0,50,0,3,0,0,0,3,1,13,21,0,6,89,112,44,6,189,0,0,0,0,0,0,2,13,5,4,0,90,8,3,1,8,0,2,2,0,0,2,3,16,30,14,0,95
883,0,0,0,1,0,0,0,0,7,0,0,3,0,0,0,13,0,5,0,3,5,3,0,2,0,1,0,9,0,0,1,3,11,0,15,0,0,0,0,5,1,0,7,8,0,0,8,0,53,24,0,43,0,2,0,0,0,5,4,12,22,0,4,77,94,38,7,160,0,2,0,0,0,2,0,12,6,4,0,105,6,1,3,5,0,4,3,0,0,1,2,16,30,20,0,122
884,0,0,0,2,0,0,0,0,16,0,2,3,0,3,0,12,0,4,0,7,3,1,0,6,0,3,0,6,0,0,0,8,12,0,12,0,0,0,0,2,1,0,7,3,0,0,6,0,42,20,0,35,0,4,0,0,0,3,2,17,19,0,6,69,106,46,7,186,0,1,0,0,0,5,2,13,6,6,0,92,11,2,3,6,0,2,2,0,0,1,0,15,19,22,0,111
885,0,0,0,2,0,0,0,0,12,0,0,5,0,4,0,19,0,6,0,4,8,1,0,3,0,2,0,9,0,0,0,1,10,0,11,0,0,0,0,2,0,0,9,5,0,0,11,0,50,14,2,37,0,4,0,0,0,3,3,15,21,0,2,74,112,48,7,180,0,2,0,0,0,4,0,8,3,2,0,88,9,7,2,7,0,2,2,0,0,1,3,16,35,24,0,89
886,0,0,0,0,0,0,0,0,14,0,0,3,0,3,0,10,0,7,0,6,3,2,0,1,0,2,0,6,0,0,0,3,5,0,12,0,0,0,0,4,1,0,3,3,0,0,6,0,44,26,0,52,0,3,0,0,0,10,3,9,21,0,5,88,112,34,7,163,0,1,0,0,0,1,0,15,3,4,0,107,10,7,0,7,0,2,7,0,0,3,2,14,29,16,0,101
887,0,0,0,2,0,0,0,0,15,0,1,7,0,3,1,8,0,6,0,7,7,2,0,1,0,1,0,10,0,0,1,2,4,0,10,0,0,0,0,5,1,0,8,2,0,0,8,0,42,20,1,52,0,3,0,0,0,5,1,19,27,0,3,67,83,44,9,174,0,2,0,0,0,3,1,14,7,4,0,94,6,10,2,12,0,2,1,0,0,1,1,10,38,24,0,106
888,0,0,0,2,0,0,0,0,9,0,1,5,0,3,0,10,0,6,0,3,6,0,0,1,0,4,1,5,0,0,0,2,11,0,14,0,0,0,0,5,1,0,4,5,0,0,10,0,61,20,0,41,0,6,0,0,0,4,5,20,16,0,2,85,122,26,8,161,0,0,0,0,0,2,2,9,4,2,0,102,7,6,2,9,0,3,2,0,0,4,3,17,25,25,0,91
889,0,0,0,4,0,0,0,0,10,0,1,4,0,1,1,7,0,4,0,6,2,0,0,2,0,2,0,6,0,0,1,2,5,0,13,0,0,0,0,1,0,0,9,3,0,0,6,0,47,18,1,46,0,8,0,0,0,7,3,11,24,0,4,66,124,54,3,186,0,3,0,0,0,2,1,14,9,4,0,97,3,5,4,8,0,3,2,0,0,2,2,17,22,21,0,89
890,0,0,0,3,0,0,0,0,10,0,0,4,0,1,0,8,0,7,0,4,5,1,0,4,0,1,0,10,0,0,1,5,17,0,14,0,0,0,0,5,0,0,7,3,0,0,6,0,38,19,2,46,0,3,0,0,0,3,4,21,27,0,1,86,98,54,6,174,0,3,0,0,0,3,1,11,4,1,0,72,10,11,2,8,0,2,0,0,0,2,3,11,41,20,0,97
891,0,0,0,3,0,0,0,0,10,0,1,2,0,1,0,8,0,5,0,2,4,2,0,1,0,1,0,5,0,0,0,3,6,0,12,0,0,0,0,5,0,0,3,6,0,0,10,0,52,25,0,59,0,1,0,0,0,3,3,15,21,0,4,77,117,36,3,174,0,2,0,0,0,1,1,17,7,5,0,105,8,7,1,9,0,0,2,0,0,2,3,14,24,21,0,91
892,0,0,0,3,0,0,0,0,14,0,1,4,0,3,4,11,0,2,0,4,5,2,0,2,0,0,1,4,0,0,1,4,10,0,5,0,0,0,0,6,0,0,4,2,0,0,5,0,35,25,0,47,0,4,0,0,0,6,7,17,19,0,6,67,121,48,7,160,0,3,0,0,0,2,1,14,5,1,0,100,3,5,2,9,0,2,2,0,0,0,2,14,29,25,0,115
893,0,0,0,0,0,0,0,0,5,0,0,3,0,1,0,7,0,6,0,4,3,2,0,1,0,0,0,7,0,0,1,3,12,0,14,0,0,0,0,1,0,0,10,6,0,0,14,0,57,25,3,45,0,1,0,0,0,4,1,17,26,0,10,60,115,39,10,168,0,3,0,0,0,5,0,8,6,3,0,101,11,5,1,7,0,1,2,0,0,1,0,11,36,17,0,101
894,0,0,0,1,0,0,0,0,6,0,0,5,0,4,0,6,0,4,0,2,7,2,0,4,0,1,0,11,0,0,2,6,12,0,10,0,0,0,0,3,1,0,3,6,0,0,6,0,37,17,2,27,0,5,0,0,0,6,4,20,31,0,4,86,120,39,3,179,0,3,0,0,0,2,1,15,2,0,0,101,7,5,1,5,0,3,4,0,0,1,4,10,23,23,0,108
895,0,0,0,1,0,0,0,0,10,0,0,7,0,3,0,13,0,7,0,5,1,0,0,4,0,1,0,8,0,0,0,5,14,0,15,0,0,0,0,4,0,0,6,6,0,0,9,0,40,27,3,46,0,2,0,0,0,3,1,27,19,0,5,74,102,41,5,167,0,1,0,0,0,3,0,13,7,4,0,93,7,9,2,10,0,2,3,0,0,5,3,7,33,19,0,98
896,0,0,0,1,0,0,0,0,11,0,0,3,0,2,2,11,0,2,0,6,6,1,0,0,0,1,0,7,0,0,0,5,10,0,11,0,0,0,0,4,1,0,11,4,0,0,8,0,45,16,0,33,0,4,0,0,0,5,2,17,21,0,1,70,114,53,9,159,0,2,0,0,0,6,0,17,3,5,0,102,4,8,2,5,0,1,3,0,0,5,6,13,33,28,0,101
897,0,0,0,1,0,0,0,0,11,0,1,7,0,3,0,15,0,6,0,4,6,0,0,0,0,0,0,8,0,0,0,2,8,0,12,0,0,0,0,4,1,0,4,3,0,0,12,0,47,26,0,42,0,4,0,0,0,11,1,14,21,0,4,77,105,43,4,170,0,1,0,0,0,3,0,6,5,5,0,111,13,8,1,8,0,2,3,0,0,0,2,15,28,21,0,91
898,0,0,0,1,0,0,0,0,10,0,1,7,0,4,0,14,0,7,0,8,2,2,0,3,0,1,1,7,0,0,0,6,14,0,13,0,0,0,0,2,0,0,4,2,0,0,9,0,49,16,0,37,0,1,0,0,0,4,5,12,27,0,3,66,104,46,8,161,0,1,0,0,0,2,1,13,4,0,0,84,10,2,5,8,0,3,1,0,0,3,3,16,28,20,0,139
899,0,0,0,1,0,0,0,0,5,0,1,1,0,4,1,10,0,7,0,3,3,1,0,5,0,3,1,7,0,0,1,5,8,0,15,0,0,0,0,0,0,0,7,5,0,0,9,0,35,21,1,54,0,3,0,0,0,3,5,12,27,0,5,69,107,49,6,179,0,7,0,0,0,3,0,16,2,3,0,89,8,3,4,14,0,4,2,0,0,0,3,16,36,13,0,98
900,0,0,0,0,0,0,0,0,11,0,0,3,0,3,0,8,0,6,0,4,4,2,0,2,0,4,0,8,0,0,0,5,9,0,11,0,0,0,0,3,0,0,3,3,0,0,5,0,44,34,0,48,0,3,0,0,0,1,1,21,18,0,2,64,125,51,6,174,0,2,0,0,0,3,0,12,3,0,0,91,7,6,2,6,0,3,2,0,0,1,3,14,28,25,0,106
901,0,0,0,2,0,0,0,0,10,0,2,2,0,2,1,20,0,3,0,2,6,1,0,3,0,1,1,9,0,0,0,3,12,0,10,0,0,0,0,7,0,0,4,5,0,0,6,0,60,27,1,38,0,2,0,0,0,4,1,9,18,0,3,83,102,41,9,152,0,1,0,0,0,2,1,11,5,1,0,101,4,5,0,7,0,3,1,0,0,4,6,18,28,25,0,115
902,0,0,0,0,0,0,0,0,6,0,0,2,0,3,2,9,0,5,0,4,3,4,0,1,0,1,0,7,0,0,0,4,12,0,13,0,0,0,0,1,1,0,5,3,0,0,9,0,50,34,0,39,0,5,0,0,0,6,1,16,26,0,2,79,97,45,7,185,0,1,0,0,0,1,1,10,1,0,0,109,8,5,2,13,0,2,2,0,0,0,2,9,24,20,0,103
903,0,0,0,2,0,0,0,0,7,0,1,4,0,2,1,14,0,4,0,2,5,1,0,4,0,2,0,11,0,0,2,2,8,0,11,0,0,0,0,5,0,0,11,5,0,0,5,0,51,26,1,38,0,6,0,0,0,6,4,22,17,0,1,63,124,51,2,164,0,1,0,0,0,5,0,9,4,2,0,93,5,6,4,5,0,5,4,0,0,2,2,11,31,16,0,110
904,0,0,0,0,0,0,0,0,10,0,1,2,0,1,1,10,0,0,0,4,6,2,0,2,0,1,1,9,0,0,1,4,8,0,14,0,0,0,0,5,0,0,10,4,0,0,16,0,50,22,1,37,0,5,0,0,0,6,1,19,23,0,3,81,98,43,5,163,0,1,0,0,0,3,0,16,4,1,0,99,5,5,3,11,0,2,1,0,0,3,3,17,25,22,0,110
905,0,0,0,0,0,0,0,0,10,0,1,4,0,1,0,12,0,6,0,3,5,0,0,4,0,2,1,5,0,0,0,2,5,0,10,0,0,0,0,5,1,0,9,5,0,0,10,0,44,21,2,46,0,2,0,0,0,8,3,14,24,0,6,72,116,57,6,146,0,5,0,0,0,4,0,22,4,5,0,107,8,5,4,8,0,2,3,0,0,0,0,12,24,20,0,99
906,0,0,0,4,0,0,0,0,7,0,1,8,0,4,0,4,0,4,0,3,5,2,0,3,0,1,0,2,0,0,2,3,9,0,12,0,0,0,0,3,0,0,8,1,0,0,9,0,46,24,0,43,0,5,0,0,0,7,2,11,22,0,4,77,104,42,6,161,0,2,0,0,0,3,0,12,4,3,0,110,7,6,3,9,0,6,3,0,0,1,2,10,50,22,0,98
907,0,0,0,3,0,0,0,0,13,0,0,5,0,3,0,9,0,7,0,3,2,2,0,2,0,2,1,5,0,0,1,8,7,0,13,0,0,0,0,3,0,0,6,5,0,0,9,0,50,26,0,56,0,8,0,0,0,9,3,12,20,0,2,68,96,54,8,150,0,1,0,0,0,2,0,12,2,1,0,107,8,3,3,13,0,1,3,0,0,3,2,18,32,24,0,94
908,0,0,0,0,0,0,0,0,9,0,1,1,0,3,0,7,0,5,0,5,6,0,0,2,0,1,1,2,0,0,0,5,9,0,9,0,0,0,0,6,0,0,4,5,0,0,12,0,43,26,0,37,0,6,0,0,0,4,2,27,20,0,3,69,92,37,6,185,0,4,0,0,0,4,2,15,1,2,0,118,12,8,4,5,0,6,3,0,0,1,1,15,28,24,0,97
909,0,0,0,0,0,0,0,0,6,0,0,0,0,1,1,10,0,3,0,7,4,2,0,3,0,3,1,3,0,0,0,7,13,0,16,0,0,0,0,2,1,0,9,1,0,0,4,0,47,26,0,37,0,1,0,0,0,4,4,14,23,0,2,74,115,42,5,163,0,3,0,0,0,4,1,16,2,5,0,97,6,4,0,7,0,3,2,0,0,1,4,14,39,27,0,111
910,0,0,0,1,0,0,0,0,7,0,0,0,0,4,0,3,0,7,0,5,5,2,0,1,0,2,1,3,0,0,1,7,13,0,8,0,0,0,0,2,1,0,3,9,0,0,6,0,49,23,0,43,0,3,0,0,0,5,4,14,16,0,3,69,131,53,7,171,0,4,0,0,0,5,1,14,5,4,0,76,7,7,2,8,0,0,2,0,0,5,1,12,37,26,0,102
911,0,0,0,1,0,0,0,0,10,0,0,2,0,1,0,10,0,6,0,4,5,1,0,1,0,1,3,9,0,0,0,6,11,0,10,0,0,0,0,4,0,0,3,5,0,0,5,0,47,33,0,44,0,4,0,0,0,10,1,11,15,0,2,63,118,54,10,171,0,0,0,0,0,5,0,6,3,8,0,96,11,9,4,6,0,1,0,0,0,3,2,19,35,16,0,95
912,0,0,0,3,0,0,0,0,6,0,0,0,0,2,0,11,0,2,0,3,3,3,0,4,0,4,1,6,0,0,0,1,8,0,18,0,0,0,0,5,1,0,8,3,0,0,9,0,53,22,0,42,0,4,0,0,0,5,0,14,31,0,6,80,129,44,5,169,0,4,0,0,0,4,0,9,2,2,0,86,2,4,0,4,0,3,1,0,0,1,5,17,29,15,0,107
913,0,0,0,3,0,0,0,0,8,0,0,6,0,4,1,7,0,5,0,4,6,1,0,2,0,3,0,7,0,0,0,6,11,0,14,0,0,0,0,4,0,0,13,4,0,0,6,0,53,22,1,44,0,1,0,0,0,5,1,14,13,0,1,79,127,35,3,163,0,0,0,0,0,4,2,10,0,1,0,109,7,4,2,9,0,5,2,0,0,0,1,20,29,16,0,102
914,0,0,0,2,0,0,0,0,8,0,0,6,0,4,1,6,0,3,0,6,5,1,0,5,0,5,0,5,0,0,0,8,14,0,12,0,0,0,0,7,1,0,12,4,0,0,7,0,54,18,1,59,0,3,0,0,0,1,2,17,23,0,1,70,107,40,2,161,0,8,0,0,0,2,2,10,4,1,0,98,8,8,1,8,0,1,2,0,0,0,3,12,36,10,0,105
915,0,0,0,3,0,0,0,0,6,0,1,1,0,2,0,9,0,6,0,8,6,1,0,0,0,2,0,9,0,0,0,3,10,0,16,0,0,0,0,3,1,0,4,8,0,0,6,0,62,15,0,36,0,4,0,0,0,6,0,20,17,0,5,72,103,46,7,162,0,3,0,0,0,1,1,17,2,2,0,98,9,5,4,9,0,2,0,0,0,1,3,19,37,26,0,101
916,0,0,0,2,0,0,0,0,9,0,0,2,0,3,2,13,0,2,0,4,6,1,0,0,0,3,0,5,0,0,1,6,8,0,13,0,0,0,0,5,0,0,5,2,0,0,16,0,49,14,0,45,0,4,0,0,0,7,3,16,21,0,3,62,108,59,4,184,0,0,0,0,0,2,0,7,3,2,0,108,5,5,4,8,0,0,5,0,0,0,0,15,31,20,0,98
917,0,0,0,1,0,0,0,0,7,0,1,2,0,4,2,14,0,2,0,1,0,2,0,4,0,2,2,3,0,0,0,3,26,0,16,0,0,0,0,4,0,0,7,2,0,0,8,0,52,25,1,41,0,1,0,0,0,4,2,17,21,0,2,69,116,42,3,159,0,1,0,0,0,5,0,7,2,3,0,101,9,5,6,12,0,2,1,0,0,2,0,16,28,16,0,116
918,0,0,0,1,0,0,0,0,8,0,0,3,0,3,0,10,0,3,0,7,6,2,0,2,0,2,0,7,0,0,1,7,4,0,11,0,0,0,0,4,2,0,3,2,0,0,7,0,65,26,1,33,0,4,0,0,0,5,6,13,18,0,4,60,109,45,5,168,0,3,0,0,0,2,0,13,4,1,0,96,3,2,1,6,0,4,5,0,0,3,2,14,43,24,0,117
919,0,0,0,0,0,0,0,0,11,0,0,4,0,4,0,14,0,3,0,2,4,1,0,1,0,0,0,8,0,0,1,1,8,0,15,0,0,0,0,5,0,0,5,4,0,0,10,0,54,26,0,44,0,2,0,0,0,4,1,14,24,0,4,85,103,58,5,161,0,1,0,0,0,1,0,10,2,0,0,98,5,5,5,8,0,2,2,0,0,4,2,19,24,16,0,110
920,0,0,0,2,0,0,0,0,12,0,0,2,0,3,1,15,0,3,0,5,4,0,0,2,0,4,0,8,0,0,2,2,7,0,18,0,0,0,0,6,1,0,7,3,0,0,10,0,50,25,0,43,0,3,0,0,0,3,2,23,23,0,3,79,115,43,6,139,0,0,0,0,0,3,1,17,4,2,0,89,5,6,3,8,0,1,4,0,0,2,4,13,27,23,0,114
921,0,0,0,0,0,0,0,0,9,0,0,3,0,2,0,18,0,6,0,4,1,3,0,4,0,0,0,2,0,0,1,5,9,0,15,0,0,0,0,6,0,0,3,5,0,0,7,0,46,23,2,36,0,2,0,0,0,11,2,11,29,0,6,81,134,41,6,142,0,3,0,0,0,2,1,18,4,0,0,105,5,5,1,7,0,3,0,0,0,1,1,18,27,9,0,115
922,0,0,0,1,0,0,0,0,7,0,1,1,0,5,0,9,0,3,0,5,6,4,0,6,0,2,1,7,0,0,1,3,7,0,12,0,0,0,0,3,2,0,6,3,0,0,6,0,53,28,0,49,0,3,0,0,0,6,3,10,26,0,6,83,105,52,5,159,0,1,0,0,0,10,0,10,1,2,0,90,9,1,3,2,0,2,4,0,0,3,1,14,28,14,0,116
923,0,0,0,1,0,0,0,0,8,0,0,4,0,1,0,13,0,1,0,3,4,1,0,3,0,1,1,6,0,0,1,3,13,0,12,0,0,0,0,5,2,0,7,5,0,0,13,0,58,31,0,28,0,3,0,0,0,2,2,11,20,0,2,73,136,45,6,152,0,1,0,0,0,1,0,15,3,4,0,96,12,6,4,6,0,2,2,0,0,0,0,8,31,26,0,106
924,0,0,0,1,0,0,0,0,12,0,0,4,0,1,0,10,0,5,0,0,2,0,0,4,0,2,1,6,0,0,0,5,7,0,15,0,0,0,0,5,0,0,6,4,0,0,2,0,35,26,0,51,0,4,0,0,0,7,3,19,20,0,3,76,122,49,3,149,0,3,0,0,0,3,1,11,2,3,0,106,6,5,5,9,0,0,2,0,0,2,1,13,34,22,0,113
925,0,0,0,0,0,0,0,0,14,0,1,1,0,2,0,8,0,7,0,2,4,2,0,1,0,1,0,8,0,0,0,3,10,0,4,0,0,0,0,5,0,0,6,4,0,0,7,0,49,23,0,42,0,2,0,0,0,4,1,14,25,0,5,67,117,41,6,152,0,2,0,0,0,1,0,13,3,2,0,114,9,9,0,12,0,2,1,0,0,4,4,7,38,28,0,113
926,0,0,0,3,0,0,0,0,5,0,0,4,0,3,0,11,0,1,0,2,4,0,0,3,0,3,0,6,0,0,0,4,4,0,15,0,0,0,0,3,0,0,6,4,0,0,15,0,53,32,1,46,0,1,0,0,0,3,3,15,29,0,3,62,114,45,6,175,0,3,0,0,0,4,1,10,2,0,0,94,5,11,2,5,0,3,1,0,0,5,4,13,36,19,0,98
927,0,0,0,1,0,0,0,0,8,0,1,2,0,3,1,12,0,8,0,4,3,1,0,1,0,2,0,6,0,0,1,1,11,0,9,0,0,0,0,6,1,0,5,7,0,0,9,0,42,27,1,42,0,5,0,0,0,7,5,16,25,0,1,71,101,48,8,154,0,1,0,0,0,5,2,19,6,1,0,100,8,6,3,9,0,3,3,0,0,3,1,10,24,25,0,115
928,0,0,0,0,0,0,0,0,4,0,0,3,0,3,0,19,0,2,0,2,7,1,0,2,0,4,0,4,0,0,3,3,9,0,11,0,0,0,0,6,0,0,7,2,0,0,9,0,40,29,0,39,0,7,0,0,0,4,2,22,23,0,7,81,110,42,7,173,0,3,0,0,0,1,1,11,2,1,0,85,13,3,2,7,0,1,3,0,0,2,3,7,37,24,0,107
929,0,0,0,1,0,0,0,0,9,0,1,1,0,3,0,7,0,4,0,5,6,0,0,1,0,1,2,8,0,0,2,7,7,0,13,0,0,0,0,1,2,0,7,3,0,0,13,0,39,26,1,40,0,2,0,0,0,6,2,11,24,0,8,73,114,47,7,172,0,2,0,0,0,1,0,12,4,5,0,95,8,7,0,12,0,2,3,0,0,5,2,10,30,22,0,104
930,0,0,0,1,0,0,0,0,10,0,1,4,0,4,0,8,0,3,0,6,4,0,0,5,0,3,0,6,0,0,0,5,10,0,15,0,0,0,0,5,0,0,11,5,0,0,8,0,51,27,0,44,0,1,0,0,0,2,1,17,27,0,6,79,109,40,5,162,0,7,0,0,0,1,0,14,3,1,0,104,11,3,3,9,0,0,2,0,0,0,2,14,33,14,0,94
931,0,0,0,1,0,0,0,0,7,0,1,6,0,7,2,7,0,5,0,3,8,2,0,2,0,2,0,8,0,0,0,1,8,0,13,0,0,0,0,1,0,0,8,6,0,0,9,0,51,27,0,36,0,1,0,0,0,5,3,22,21,0,2,76,110,45,5,169,0,0,0,0,0,4,1,8,4,1,0,81,7,5,6,9,0,5,4,0,0,5,5,10,34,16,0,115
932,0,0,0,1,0,0,0,0,4,0,2,5,0,2,1,8,0,7,0,10,3,1,0,1,0,1,2,8,0,0,0,8,9,0,10,0,0,0,0,6,1,0,5,3,0,0,13,0,52,19,0,37,0,5,0,0,0,8,1,15,34,0,2,68,106,50,8,163,0,1,0,0,0,4,0,13,3,2,0,89,6,9,4,9,0,7,2,0,0,3,2,12,23,25,0,107
933,0,0,0,0,0,0,0,0,6,0,0,3,0,1,0,15,0,2,0,3,5,2,0,2,0,1,0,7,0,0,0,9,10,0,15,0,0,0,0,6,1,0,6,2,0,0,8,0,50,23,0,47,0,6,0,0,0,4,1,17,21,0,3,89,118,48,9,176,0,1,0,0,0,4,0,13,5,3,0,95,4,2,2,6,0,1,1,0,0,1,3,13,32,11,0,87
934,0,0,0,5,0,0,0,0,6,0,0,3,0,7,2,10,0,10,0,6,4,1,0,3,0,2,0,10,0,0,1,4,9,0,13,0,0,0,0,5,0,0,3,3,0,0,8,0,44,18,0,50,0,2,0,0,0,3,2,16,22,0,7,67,124,42,7,168,0,1,0,0,0,2,0,11,3,3,0,97,4,5,2,7,0,4,1,0,0,1,2,18,31,18,0,103
935,0,0,0,4,0,0,0,0,4,0,0,3,0,0,1,9,0,2,0,2,4,2,0,9,0,1,1,8,0,0,1,8,10,0,14,0,0,0,0,2,0,0,4,4,0,0,5,0,55,26,2,54,0,7,0,0,0,6,3,14,14,0,2,68,116,48,10,188,0,1,0,0,0,1,1,13,4,4,0,80,5,2,4,10,0,4,3,0,0,3,4,14,30,17,0,89
936,0,0,0,1,0,0,0,0,12,0,0,4,0,2,1,12,0,9,0,3,0,0,0,3,0,1,0,5,0,0,1,3,13,0,19,0,0,0,0,4,0,0,8,6,0,0,9,0,44,26,0,39,0,2,0,0,0,4,4,18,24,0,3,92,118,42,7,143,0,1,0,0,0,6,0,8,1,4,0,92,8,4,1,7,0,2,0,0,0,2,4,11,33,24,0,110
937,0,0,0,1,0,0,0,0,5,0,0,4,0,3,0,7,0,6,0,5,6,0,0,1,0,2,0,4,0,0,0,4,9,0,15,0,0,0,0,7,1,0,2,5,0,0,7,0,28,28,1,53,0,3,0,0,0,8,5,21,21,0,5,83,102,58,4,170,0,3,0,0,0,2,0,8,3,0,0,93,11,2,1,2,0,0,0,0,0,1,2,16,41,21,0,110
938,0,0,0,2,0,0,0,0,14,0,3,1,0,4,1,18,0,3,0,4,4,4,0,4,0,3,1,5,0,0,0,3,10,0,14,0,0,0,0,2,0,0,10,2,0,0,5,0,44,31,2,48,0,5,0,0,0,5,2,13,31,0,1,69,114,44,6,141,0,1,0,0,0,3,0,10,1,1,0,91,8,6,4,12,0,2,3,0,0,1,6,8,29,20,0,121
939,0,0,0,1,0,0,0,0,12,0,0,4,0,1,0,10,0,3,0,8,6,1,0,4,0,1,0,6,0,0,0,4,9,0,12,0,0,0,0,6,1,0,8,3,0,0,12,0,43,23,1,41,0,1,0,0,0,1,5,16,18,0,0,69,117,54,8,175,0,4,0,0,0,1,0,13,5,3,0,88,13,7,6,5,0,1,4,0,0,3,0,11,27,23,0,102
940,0,0,0,2,0,0,0,0,9,0,0,3,0,3,2,14,0,1,0,1,9,0,0,2,0,1,0,3,0,0,0,2,16,0,16,0,0,0,0,1,0,0,6,2,0,0,6,0,46,23,1,51,0,6,0,0,0,6,3,22,24,0,4,66,100,49,4,171,0,2,0,0,0,6,1,14,4,3,0,80,7,3,6,7,0,3,3,0,0,2,2,17,31,24,0,110
941,0,0,0,4,0,0,0,0,5,0,1,0,0,1,1,15,0,4,0,3,7,0,0,2,0,3,2,13,0,0,0,4,10,0,16,0,0,0,0,4,0,0,7,3,0,0,10,0,46,24,0,51,0,3,0,0,0,3,1,6,32,0,2,77,111,49,9,166,0,2,0,0,0,3,1,11,4,0,0,107,8,3,1,9,0,0,3,0,0,0,3,11,40,19,0,80
942,0,0,0,2,0,0,0,0,8,0,0,2,0,2,0,9,0,4,0,5,4,0,0,5,0,7,1,6,0,0,0,1,10,0,20,0,0,0,0,1,0,0,7,3,0,0,10,0,56,16,2,39,0,5,0,0,0,5,1,14,15,0,4,82,109,35,5,165,0,2,0,0,0,3,1,19,2,2,0,100,9,6,3,8,0,5,4,0,0,3,1,13,24,24,0,111
943,0,0,0,4,0,0,0,0,3,0,0,2,0,1,1,14,0,2,0,4,5,1,0,3,0,2,0,7,0,0,2,6,9,0,9,0,0,0,0,6,0,0,5,2,0,0,7,0,48,22,0,41,0,5,0,0,0,4,1,14,25,0,3,61,119,56,7,192,0,1,0,0,0,3,2,8,3,2,0,95,9,7,3,8,0,4,7,0,0,1,2,14,21,17,0,100
944,0,0,0,1,0,0,0,0,6,0,0,2,0,1,1,8,0,2,0,4,7,0,0,3,0,1,0,5,0,0,2,5,9,0,9,0,0,0,0,3,1,0,5,3,0,0,11,0,60,21,1,35,0,3,0,0,0,8,2,13,22,0,0,88,122,49,8,171,0,0,0,0,0,4,0,11,5,1,0,84,4,6,2,6,0,3,3,0,0,1,1,17,32,21,0,107
945,0,0,0,1,0,0,0,0,12,0,1,3,0,1,0,11,0,3,0,3,3,2,0,0,0,1,0,9,0,0,0,2,9,0,14,0,0,0,0,3,1,0,4,4,0,0,11,0,55,21,0,47,0,4,0,0,0,3,2,19,29,0,3,67,89,61,9,185,0,3,0,0,0,5,0,10,4,1,0,83,7,12,2,10,0,0,4,0,0,3,2,18,32,19,0,93
946,0,0,0,1,0,0,0,0,9,0,2,5,0,2,1,8,0,4,0,1,3,1,0,4,0,1,0,9,0,0,0,5,10,0,16,0,0,0,0,6,0,0,9,7,0,0,12,0,47,30,0,47,0,6,0,0,0,5,4,15,21,0,5,65,122,41,8,173,0,0,0,0,0,5,0,11,3,3,0,89,4,7,3,9,0,2,2,0,0,1,2,14,30,20,0,90
947,0,0,0,3,0,0,0,0,4,0,2,5,0,1,0,13,0,4,0,4,6,1,0,3,0,3,3,9,0,0,0,3,10,0,15,0,0,0,0,3,0,0,7,2,0,0,9,0,49,33,1,36,0,2,0,0,0,2,5,19,15,0,3,71,118,42,6,168,0,1,0,0,0,5,1,16,6,3,0,81,8,7,1,11,0,2,5,0,0,2,3,11,45,20,0,92
948,0,0,0,2,0,0,0,0,7,0,1,6,0,2,0,14,0,8,0,3,11,0,0,5,0,3,0,6,0,0,1,1,12,0,12,0,0,0,0,9,1,0,2,5,0,0,5,0,43,32,1,41,0,2,0,0,0,7,2,11,30,0,2,72,100,54,7,171,0,0,0,0,0,2,0,18,4,1,0,88,7,5,6,4,0,2,2,0,0,3,5,14,27,19,0,102
949,0,0,0,0,0,0,0,0,10,0,0,1,0,0,0,15,0,4,0,5,7,3,0,1,0,2,0,6,0,0,1,6,10,0,12,0,0,0,0,8,0,0,5,4,0,0,14,0,51,17,1,43,0,3,0,0,0,9,3,7,22,0,3,79,106,53,8,175,0,1,0,0,0,5,0,12,3,6,0,98,10,5,3,4,0,4,2,0,0,3,6,4,30,16,0,94
950,0,0,0,3,0,0,0,0,12,0,0,3,0,2,0,12,0,6,0,4,6,2,0,5,0,5,1,7,0,0,0,6,12,0,8,0,0,0,0,5,0,0,3,4,0,0,5,0,55,18,0,57,0,4,0,0,0,8,1,25,14,0,3,67,121,59,2,161,0,0,0,0,0,1,1,15,6,6,0,95,6,6,2,4,0,2,0,0,0,1,0,15,29,22,0,83
951,0,0,0,0,0,0,0,0,9,0,0,2,0,2,0,10,0,1,0,2,2,1,0,4,0,2,0,3,0,0,1,6,12,0,12,0,0,0,0,2,0,0,11,7,0,0,13,0,38,22,1,42,0,0,0,0,0,10,3,15,23,0,4,78,111,48,6,168,0,2,0,0,0,8,2,10,5,3,0,98,12,6,5,4,0,1,1,0,0,3,3,14,35,23,0,94
952,0,0,0,1,0,0,0,0,7,0,0,5,0,1,2,7,0,0,0,5,7,3,0,5,0,0,0,5,0,0,0,6,8,0,12,0,0,0,0,4,2,0,3,3,0,0,13,0,36,32,0,35,0,3,0,0,0,4,2,16,27,0,1,72,110,47,4,181,0,2,0,0,0,2,1,22,5,7,0,99,8,5,2,8,0,0,3,0,0,3,4,9,32,23,0,96
953,0,0,0,2,0,0,0,0,10,0,1,3,0,0,1,6,0,5,0,1,4,0,0,2,0,0,0,8,0,0,0,5,11,0,16,0,0,0,0,2,0,0,5,4,0,0,6,0,51,21,2,37,0,2,0,0,0,4,3,19,18,0,0,88,119,42,6,189,0,3,0,0,0,1,0,15,3,1,0,97,8,8,4,4,0,0,2,0,0,2,4,19,33,20,0,83
954,0,0,0,0,0,0,0,0,12,0,0,3,0,0,0,12,0,4,0,10,4,2,0,2,0,0,1,5,0,0,0,3,8,0,14,0,0,0,0,4,0,0,8,2,0,0,7,0,52,25,2,42,0,1,0,0,0,2,1,22,17,0,5,79,112,53,6,186,0,2,0,0,0,3,0,11,2,3,0,72,7,8,3,9,0,10,6,0,0,1,4,10,27,13,0,103
955,0,0,0,1,0,0,0,0,10,0,1,1,0,1,1,7,0,7,0,2,4,0,0,2,0,3,0,5,0,0,0,5,11,0,15,0,0,0,0,3,1,0,5,6,0,0,7,0,56,28,0,42,0,3,0,0,0,4,1,15,22,0,3,68,112,34,4,173,0,5,0,0,0,2,0,11,7,4,0,109,6,6,3,3,0,2,0,0,0,1,1,10,42,16,0,109
956,0,0,0,1,0,0,0,0,11,0,0,4,0,5,0,14,0,4,0,3,3,0,0,3,0,1,0,9,0,0,0,6,6,0,15,0,0,0,0,6,0,0,8,2,0,0,7,0,47,27,2,41,0,3,0,0,0,8,2,17,17,0,4,66,129,38,3,180,0,3,0,0,0,2,0,19,5,1,0,75,11,3,3,9,0,1,3,0,0,2,4,9,35,23,0,100
957,0,0,0,2,0,0,0,0,9,0,1,3,0,1,1,12,0,5,0,7,1,3,0,2,0,2,0,7,0,0,1,2,11,0,20,0,0,0,0,5,2,0,6,3,0,0,9,0,63,25,1,43,0,7,0,0,0,2,2,15,22,0,2,74,120,42,12,153,0,2,0,0,0,4,0,8,6,1,0,83,4,5,2,5,0,2,2,0,0,0,6,10,26,20,0,116
958,0,0,0,2,0,0,0,0,7,0,1,5,0,1,0,11,0,6,0,5,4,1,0,2,0,0,0,6,0,0,1,4,11,0,14,0,0,0,0,4,1,0,5,6,0,0,4,0,52,22,0,33,0,3,0,0,0,7,6,7,17,0,4,73,129,53,6,173,0,1,0,0,0,3,1,10,5,3,0,100,6,3,4,5,0,5,0,0,0,1,0,14,27,27,0,99
959,0,0,0,1,0,0,0,0,8,0,0,4,0,0,0,8,0,4,0,3,2,2,0,3,0,2,0,10,0,0,0,4,4,0,15,0,0,0,0,3,0,0,2,3,0,0,12,0,52,26,1,50,0,7,0,0,0,4,2,21,15,0,6,77,79,47,6,158,0,2,0,0,0,4,1,10,5,2,0,98,9,5,4,8,0,4,3,0,0,3,4,16,34,21,0,126
960,0,0,0,1,0,0,0,0,11,0,2,4,0,2,0,7,0,3,0,2,4,2,0,5,0,0,0,4,0,0,0,1,15,0,18,0,0,0,0,2,0,0,6,1,0,0,16,0,45,18,0,52,0,4,0,0,0,2,4,11,21,0,4,63,138,36,4,174,0,2,0,0,0,5,0,14,9,1,0,104,13,4,1,6,0,3,1,0,0,4,5,17,16,20,0,93
961,0,0,0,1,0,0,0,0,16,0,0,1,0,2,2,21,0,3,0,3,1,3,0,1,0,2,0,6,0,0,0,4,7,0,12,0,0,0,0,8,0,0,10,5,0,0,11,0,41,26,1,42,0,5,0,0,0,5,7,11,14,0,0,69,100,48,4,172,0,3,0,0,0,6,0,17,8,1,0,100,7,6,4,7,0,2,1,0,0,3,3,12,26,26,0,104
962,0,0,0,0,0,0,0,0,4,0,0,4,0,2,0,11,0,2,0,3,5,0,0,1,0,5,0,5,0,0,0,8,16,0,17,0,0,0,0,3,0,0,5,4,0,0,8,0,56,32,1,34,0,5,0,0,0,8,4,11,12,0,5,72,118,66,10,175,0,3,0,0,0,5,1,9,6,1,0,94,5,4,1,5,0,3,3,0,0,0,3,9,30,16,0,90
963,0,0,0,1,0,0,0,0,8,0,0,9,0,1,0,13,0,6,0,3,7,1,0,1,0,1,1,7,0,0,1,4,11,0,14,0,0,0,0,6,1,0,8,4,0,0,15,0,37,20,1,40,0,3,0,0,0,5,5,12,31,0,7,80,111,30,8,175,0,1,0,0,0,2,0,11,5,2,0,93,8,10,2,11,0,2,1,0,0,1,1,12,31,21,0,98
964,0,0,0,2,0,0,0,0,13,0,1,4,0,1,1,6,0,4,0,4,7,1,0,4,0,2,1,4,0,0,0,4,7,0,18,0,0,0,0,5,0,0,4,3,0,0,11,0,54,25,0,39,0,2,0,0,0,11,4,15,29,0,3,83,100,40,5,158,0,0,0,0,0,4,0,17,6,1,0,93,14,4,3,8,0,1,1,0,0,2,1,12,35,20,0,103
965,0,0,0,0,0,0,0,0,9,0,1,6,0,4,0,8,0,4,0,9,6,2,0,5,0,0,0,5,0,0,1,5,16,0,15,0,0,0,0,2,0,0,6,3,0,0,13,0,48,24,1,44,0,1,0,0,0,4,2,18,15,0,6,65,106,53,3,162,0,3,0,0,0,6,0,9,4,2,0,93,7,6,3,4,0,2,2,0,0,2,3,17,34,20,0,111
966,0,0,0,1,0,0,0,0,7,0,0,8,0,7,1,5,0,1,0,3,3,1,0,2,0,1,1,5,0,0,0,4,12,0,11,0,0,0,0,2,0,0,6,4,0,0,4,0,48,26,0,47,0,4,0,0,0,6,2,9,19,0,1,86,108,40,4,186,0,2,0,0,0,1,0,20,4,4,0,94,6,5,2,6,0,0,2,0,0,1,3,11,39,18,0,107
967,0,0,0,2,0,0,0,0,9,0,1,2,0,2,0,5,0,3,0,5,6,2,0,4,0,2,0,7,0,0,0,6,10,0,17,0,0,0,0,4,2,0,4,2,0,0,6,0,49,25,0,48,0,2,0,0,0,1,4,14,21,0,4,66,122,52,6,164,0,1,0,0,0,3,1,8,2,3,0,100,8,6,3,8,0,2,1,0,0,0,1,19,31,18,0,106
968,0,0,0,3,0,0,0,0,12,0,0,3,0,5,1,4,0,3,0,4,11,1,0,4,0,2,1,7,0,0,0,3,8,0,15,0,0,0,0,6,1,0,3,1,0,0,5,0,50,25,2,53,0,2,0,0,0,5,9,14,19,0,1,97,124,37,6,152,0,1,0,0,0,6,1,17,1,5,0,87,5,6,6,10,0,3,0,0,0,1,0,13,33,19,0,87
969,0,0,0,4,0,0,0,0,9,0,0,5,0,3,0,11,0,6,0,4,4,1,0,3,0,1,0,8,0,0,0,1,8,0,12,0,0,0,0,2,0,0,1,6,0,0,9,0,50,26,0,36,0,3,0,0,0,5,0,18,24,0,5,67,119,50,6,160,0,2,0,0,0,2,1,7,9,5,0,100,7,7,1,12,0,2,1,0,0,1,4,11,32,19,0,110
970,0,0,0,3,0,0,0,0,11,0,1,0,0,4,0,7,0,8,0,6,2,1,0,2,0,2,0,7,0,0,1,3,13,0,8,0,0,0,0,3,0,0,11,3,0,0,7,0,38,30,1,44,0,4,0,0,0,8,2,12,11,0,5,83,125,43,1,177,0,1,0,0,0,5,0,14,1,0,0,97,9,7,0,11,0,1,3,0,0,0,4,16,34,16,0,94
971,0,0,0,3,0,0,0,0,7,0,0,9,0,1,1,12,0,2,0,1,6,0,0,4,0,0,1,5,0,0,1,3,11,0,10,0,0,0,0,2,2,0,2,5,0,0,9,0,50,20,0,50,0,6,0,0,0,1,1,12,22,0,6,73,114,45,4,177,0,1,0,0,0,3,1,13,1,3,0,109,12,6,1,9,0,1,1,0,0,1,4,18,42,20,0,76
972,0,0,0,1,0,0,0,0,7,0,1,5,0,1,1,6,0,5,0,6,7,3,0,5,0,2,0,12,0,0,0,2,11,0,11,0,0,0,0,2,1,0,6,1,0,0,8,0,56,17,1,40,0,5,0,0,0,3,2,14,26,0,3,61,120,40,5,182,0,2,0,0,0,4,1,15,4,1,0,80,12,7,3,8,0,5,3,0,0,3,2,4,40,25,0,102
973,0,0,0,3,0,0,0,0,8,0,1,1,0,5,0,11,0,9,0,6,0,1,0,4,0,2,0,10,0,0,1,9,15,0,16,0,0,0,0,3,0,0,8,5,0,0,9,0,42,17,1,41,0,3,0,0,0,4,5,11,23,0,6,64,116,52,5,167,0,2,0,0,0,4,1,19,5,3,0,102,10,3,2,9,0,1,4,0,0,0,0,15,34,16,0,86
974,0,0,0,2,0,0,0,0,13,0,0,4,0,2,0,8,0,7,0,3,12,0,0,4,0,3,1,7,0,0,1,4,10,0,8,0,0,0,0,3,1,0,6,5,0,0,18,0,37,26,0,52,0,4,0,0,0,2,2,13,20,0,6,88,108,52,4,158,0,2,0,0,0,2,0,15,4,0,0,101,7,3,1,8,0,4,3,0,0,2,2,16,33,14,0,89
975,0,0,0,0,0,0,0,0,7,0,0,4,0,1,0,16,0,5,0,5,3,4,0,2,0,2,0,6,0,0,0,5,11,0,9,0,0,0,0,3,1,0,8,4,0,0,15,0,41,24,1,44,0,3,0,0,0,7,3,20,17,0,9,72,99,43,8,186,0,2,0,0,0,0,0,17,5,2,0,94,7,9,2,6,0,3,4,0,0,1,1,16,32,30,0,81
976,0,0,0,2,0,0,0,0,9,0,0,4,0,2,1,15,0,4,0,3,8,0,0,4,0,3,1,14,0,0,1,3,14,0,12,0,0,0,0,5,1,0,7,7,0,0,11,0,35,26,0,37,0,4,0,0,0,2,3,21,18,0,6,70,104,39,8,186,0,1,0,0,0,3,0,13,6,2,0,87,14,4,1,7,0,2,1,0,0,1,6,17,30,15,0,100
977,0,0,0,2,0,0,0,0,14,0,0,3,0,2,0,14,0,4,0,3,4,1,0,5,0,1,1,7,0,0,0,5,7,0,14,0,0,0,0,7,1,0,2,5,0,0,14,0,40,27,1,33,0,3,0,0,0,3,2,14,14,0,1,79,107,41,10,207,0,2,0,0,0,4,0,11,6,5,0,86,11,1,2,9,0,0,4,0,0,3,3,12,36,20,0,87
978,0,0,0,3,0,0,0,0,13,0,0,3,0,2,2,14,0,8,0,4,3,0,0,1,0,3,1,4,0,0,0,5,11,0,12,0,0,0,0,8,1,0,4,1,0,0,4,0,61,16,2,32,0,3,0,0,0,4,2,20,24,0,8,76,112,43,7,149,0,0,0,0,0,3,0,17,4,7,0,96,9,6,4,10,0,1,1,0,0,2,2,8,32,20,0,112
979,0,0,0,2,0,0,0,0,8,0,1,5,0,2,1,8,0,2,0,4,4,1,0,4,0,1,2,5,0,0,1,6,16,0,14,0,0,0,0,4,0,0,3,3,0,0,6,0,51,17,3,40,0,5,0,0,0,4,1,14,22,0,3,76,108,35,5,163,0,0,0,0,0,1,3,12,2,1,0,117,14,5,4,7,0,2,2,0,0,2,4,5,32,17,0,120
980,0,0,0,1,0,0,0,0,5,0,0,7,0,2,0,7,0,2,0,3,4,0,0,6,0,2,0,4,0,0,1,8,10,0,13,0,0,0,0,8,1,0,5,7,0,0,9,0,42,16,0,45,0,4,0,0,0,4,2,17,24,0,4,90,107,35,6,178,0,2,0,0,0,4,1,7,4,6,0,93,7,3,2,11,0,3,5,0,0,4,3,11,29,20,0,106
981,0,0,0,0,0,0,0,0,6,0,0,5,0,1,0,14,0,5,0,7,3,2,0,3,0,5,0,8,0,0,1,1,8,0,16,0,0,0,0,2,1,0,4,1,0,0,5,0,51,25,1,46,0,2,0,0,0,0,3,13,23,0,1,84,95,47,4,170,0,2,0,0,0,3,0,15,5,3,0,100,12,5,4,9,0,3,3,0,0,1,1,17,35,30,0,89
982,0,0,0,1,0,0,0,0,9,0,2,1,0,5,1,7,0,1,0,6,1,2,0,2,0,0,3,3,0,0,0,4,13,0,10,0,0,0,0,5,0,0,8,3,0,0,7,0,39,20,1,48,0,5,0,0,0,4,4,21,28,0,2,79,101,59,8,164,0,4,0,0,0,4,0,11,5,4,0,83,6,7,5,8,0,3,2,0,0,2,2,9,38,20,0,110
983,0,0,0,0,0,0,0,0,10,0,1,6,0,0,1,9,0,3,0,3,4,2,0,4,0,1,1,3,0,0,1,4,9,0,16,0,0,0,0,3,1,0,6,5,0,0,12,0,42,33,0,45,0,4,0,0,0,8,1,18,27,0,4,70,117,31,8,164,0,2,0,0,0,4,1,17,2,2,0,94,11,5,3,9,0,0,2,0,0,1,3,15,34,18,0,100
984,0,0,0,0,0,0,0,0,6,0,0,1,0,2,1,10,0,0,0,7,5,1,0,1,0,0,0,4,0,0,0,3,12,0,12,0,0,0,0,7,0,0,3,8,0,0,9,0,38,24,0,47,0,2,0,0,0,8,5,15,22,0,4,94,109,56,6,174,0,1,0,0,0,3,0,8,2,3,0,83,8,5,1,13,0,2,3,0,0,1,2,13,32,21,0,103
985,0,0,0,4,0,0,0,0,10,0,1,5,0,4,0,8,0,2,0,3,3,0,0,3,0,3,0,4,0,0,1,6,9,0,7,0,0,0,0,2,2,0,6,2,0,0,10,0,36,22,0,44,0,1,0,0,0,5,6,21,24,0,7,76,96,39,9,179,0,3,0,0,0,2,2,16,7,3,0,100,5,4,5,11,0,4,2,0,0,2,1,15,33,30,0,95
986,0,0,0,1,0,0,0,0,6,0,0,3,0,1,0,12,0,3,0,2,3,2,0,3,0,0,1,10,0,0,0,3,15,0,16,0,0,0,0,7,0,0,8,4,0,0,12,0,56,34,1,43,0,4,0,0,0,4,4,21,17,0,1,73,108,39,7,170,0,1,0,0,0,5,0,21,7,1,0,102,9,5,0,10,0,3,1,0,0,2,3,10,31,22,0,73
987,0,0,0,2,0,0,0,0,8,0,3,2,0,3,1,10,0,6,0,3,7,2,0,2,0,2,0,6,0,0,0,4,15,0,12,0,0,0,0,1,1,0,5,5,0,0,6,0,44,26,0,43,0,2,0,0,0,4,4,15,20,0,5,89,101,47,7,158,0,2,0,0,0,1,0,10,7,5,0,99,12,10,3,7,0,2,1,0,0,2,3,19,26,11,0,109
988,0,0,0,2,0,0,0,0,8,0,0,1,0,3,1,7,0,0,0,5,3,0,0,2,0,1,0,7,0,0,0,4,11,0,16,0,0,0,0,5,1,0,6,8,0,0,13,0,45,27,0,41,0,3,0,0,0,2,2,15,24,0,6,63,125,47,4,170,0,1,0,0,0,3,2,15,6,3,0,80,14,7,4,3,0,4,3,0,0,1,2,9,39,23,0,103
989,0,0,0,2,0,0,0,0,10,0,1,5,0,2,1,8,0,3,0,3,5,0,0,2,0,0,0,9,0,0,0,4,10,0,17,0,0,0,0,7,0,0,2,3,0,0,9,0,42,23,1,37,0,3,0,0,0,3,2,19,15,0,4,94,114,43,8,180,0,1,0,0,0,4,0,12,3,0,0,85,7,7,1,6,0,2,3,0,0,3,6,11,29,19,0,110
990,0,0,0,0,0,0,0,0,7,0,0,7,0,4,0,9,0,6,0,1,0,2,0,3,0,2,0,4,0,0,0,3,13,0,15,0,0,0,0,4,0,0,4,4,0,0,9,0,58,19,0,42,0,4,0,0,0,4,1,19,13,0,2,67,107,44,6,193,0,1,0,0,0,4,2,12,7,1,0,98,9,1,2,9,0,3,1,0,0,1,6,12,38,16,0,101
991,0,0,0,1,0,0,0,0,7,0,0,6,0,1,0,12,0,3,0,1,4,2,0,3,0,2,1,6,0,0,2,2,12,0,10,0,0,0,0,3,0,0,14,4,0,0,8,0,52,25,1,44,0,5,0,0,0,4,3,21,18,0,1,59,122,44,9,155,0,0,0,0,0,4,2,20,3,5,0,104,6,7,3,7,0,1,5,0,0,2,0,15,26,20,0,103
992,0,0,0,2,0,0,0,0,11,0,1,5,0,3,0,16,0,2,0,4,2,2,0,3,0,2,1,3,0,0,0,5,10,0,14,0,0,0,0,2,0,0,6,2,0,0,8,0,51,19,1,61,0,0,0,0,0,5,4,15,23,0,4,76,112,37,4,170,0,5,0,0,0,5,1,9,6,4,0,95,9,5,1,10,0,2,4,0,0,3,4,11,26,18,0,96
993,0,0,0,0,0,0,0,0,3,0,0,5,0,1,0,14,0,5,0,5,3,2,0,2,0,2,2,8,0,0,0,6,13,0,9,0,0,0,0,5,0,0,5,4,0,0,11,0,49,31,0,40,0,3,0,0,0,3,0,16,28,0,6,86,110,36,7,182,0,1,0,0,0,6,1,3,1,1,0,93,7,4,3,8,0,2,3,0,0,1,4,11,27,15,0,107
994,0,0,0,0,0,0,0,0,6,0,1,2,0,3,2,4,0,5,0,2,6,3,0,1,0,1,1,6,0,0,0,3,10,0,14,0,0,0,0,2,0,0,4,7,0,0,9,0,41,20,0,50,0,3,0,0,0,8,1,16,22,0,6,81,123,61,11,165,0,3,0,0,0,2,0,14,3,2,0,72,7,4,4,5,0,2,3,0,0,1,0,10,37,20,0,111
995,0,0,0,2,0,0,0,0,8,0,1,3,0,1,2,17,0,5,0,3,5,0,0,4,0,0,1,10,0,0,1,2,9,0,17,0,0,0,0,2,1,0,4,5,0,0,8,0,44,12,2,40,0,6,0,0,0,10,4,17,19,0,4,69,131,49,10,172,0,3,0,0,0,0,0,12,4,2,0,88,4,4,0,8,0,0,4,0,0,4,1,17,34,27,0,88
996,0,0,0,3,0,0,0,0,11,0,0,3,0,2,0,11,0,0,0,4,5,1,0,7,0,5,0,6,0,0,1,11,9,0,12,0,0,0,0,3,0,0,5,2,0,0,12,0,45,26,0,56,0,10,0,0,0,4,3,22,19,0,4,73,101,52,8,158,0,1,0,0,0,5,1,14,6,2,0,95,5,6,2,6,0,4,2,0,0,5,3,20,24,13,0,92
997,0,0,0,1,0,0,0,0,12,0,1,2,0,2,0,6,0,4,0,4,2,1,0,3,0,1,0,5,0,0,0,6,16,0,14,0,0,0,0,3,1,0,5,5,0,0,12,0,45,29,1,41,0,4,0,0,0,4,1,13,15,0,2,78,102,48,10,176,0,1,0,0,0,5,1,12,2,1,0,101,9,9,2,7,0,5,2,0,0,1,2,15,28,27,0,95
998,0,0,0,1,0,0,0,0,8,0,0,2,0,4,0,10,0,7,0,4,5,1,0,3,0,0,0,9,0,0,0,2,10,0,20,0,0,0,0,6,0,0,5,2,0,0,5,0,46,15,0,44,0,5,0,0,0,5,3,12,23,0,5,77,117,35,10,175,0,1,0,0,0,4,0,14,5,1,0,102,11,5,3,11,0,1,3,0,0,1,0,15,28,20,0,99
999,0,0,0,3,0,0,0,0,7,0,1,4,0,3,0,8,0,3,0,6,5,1,0,2,0,2,0,8,0,0,0,5,8,0,11,0,0,0,0,4,0,0,8,4,0,0,8,0,49,22,0,51,0,3,0,0,0,3,4,17,29,0,2,72,114,45,7,154,0,1,0,0,0,4,0,17,4,2,0,83,7,8,2,10,0,4,1,0,0,2,3,13,28,21,0,117
