,A[C>A]A,A[C>A]C,A[C>A]G,A[C>A]T,C[C>A]A,C[C>A]C,C[C>A]G,C[C>A]T,G[C>A]A,G[C>A]C,G[C>A]G,G[C>A]T,T[C>A]A,T[C>A]C,T[C>A]G,T[C>A]T,A[C>G]A,A[C>G]C,A[C>G]G,A[C>G]T,C[C>G]A,C[C>G]C,C[C>G]G,C[C>G]T,G[C>G]A,G[C>G]C,G[C>G]G,G[C>G]T,T[C>G]A,T[C>G]C,T[C>G]G,T[C>G]T,A[C>T]A,A[C>T]C,A[C>T]G,A[C>T]T,C[C>T]A,C[C>T]C,C[C>T]G,C[C>T]T,G[C>T]A,G[C>T]C,G[C>T]G,G[C>T]T,T[C>T]A,T[C>T]C,T[C>T]G,T[C>T]T,A[T>A]A,A[T>A]C,A[T>A]G,A[T>A]T,C[T>A]A,C[T>A]C,C[T>A]G,C[T>A]T,G[T>A]A,G[T>A]C,G[T>A]G,G[T>A]T,T[T>A]A,T[T>A]C,T[T>A]G,T[T>A]T,A[T>C]A,A[T>C]C,A[T>C]G,A[T>C]T,C[T>C]A,C[T>C]C,C[T>C]G,C[T>C]T,G[T>C]A,G[T>C]C,G[T>C]G,G[T>C]T,T[T>C]A,T[T>C]C,T[T>C]G,T[T>C]T,A[T>G]A,A[T>G]C,A[T>G]G,A[T>G]T,C[T>G]A,C[T>G]C,C[T>G]G,C[T>G]T,G[T>G]A,G[T>G]C,G[T>G]G,G[T>G]T,T[T>G]A,T[T>G]C,T[T>G]G,T[T>G]T
0,10,6,1,4,13,4,1,3,16,5,2,12,11,7,1,18,2,7,0,1,5,0,3,3,0,0,3,8,1,3,0,3,14,10,86,8,4,6,42,8,6,2,57,10,5,3,36,6,22,14,3,19,0,2,2,0,0,2,4,6,14,0,6,39,68,28,11,94,3,3,4,1,1,0,3,10,2,3,4,46,10,5,2,1,0,0,3,3,0,1,3,13,16,16,2,55
1,3,1,0,6,8,4,4,5,20,4,3,12,4,4,3,16,1,2,0,1,3,3,2,1,2,3,0,3,1,3,0,5,18,7,78,6,5,10,56,14,6,8,57,7,3,6,34,5,23,19,4,24,2,2,2,1,1,4,1,10,15,2,4,40,64,22,10,92,0,5,1,5,0,4,4,5,9,3,0,59,10,2,5,4,1,0,1,0,0,0,2,8,12,11,3,57
2,6,5,1,6,5,1,3,4,25,2,1,8,6,9,1,19,3,4,1,5,5,3,3,2,0,4,1,4,1,0,1,1,13,3,101,7,2,4,54,3,7,6,53,4,5,5,29,13,27,21,2,25,1,3,1,2,1,8,4,12,17,0,1,33,54,22,15,91,1,5,4,2,3,5,6,7,8,7,0,50,3,0,4,4,0,2,2,3,2,3,1,8,18,8,1,54
3,11,4,1,6,3,4,1,5,18,5,0,5,11,9,3,16,2,3,1,4,4,4,0,2,2,2,0,5,2,1,0,0,18,7,84,6,7,3,42,9,6,5,48,4,8,8,29,1,36,15,2,29,0,2,2,2,2,2,3,6,13,2,3,36,65,33,14,93,2,3,5,3,1,8,2,8,8,7,1,39,3,4,2,4,0,2,3,5,0,1,4,6,13,13,1,73
4,7,5,1,2,16,2,1,3,14,3,2,2,5,7,4,13,1,7,1,3,6,3,0,4,0,2,0,1,1,4,1,5,19,8,74,10,3,4,47,5,5,1,60,10,3,9,27,4,28,16,0,30,0,2,1,1,0,9,1,7,13,0,3,34,72,30,10,90,4,2,4,2,4,5,4,6,4,3,2,61,5,4,7,8,0,2,1,2,1,2,4,9,24,17,0,51
5,8,2,1,8,4,4,1,2,23,3,1,6,9,11,3,22,2,2,2,6,2,3,0,4,2,2,0,2,1,5,0,3,15,5,92,7,4,6,44,8,2,3,42,7,3,2,26,2,32,13,5,25,1,2,0,0,2,2,3,11,13,1,2,30,72,27,10,90,2,5,5,3,5,5,5,10,9,1,3,54,5,5,4,8,0,3,5,0,1,0,4,7,25,15,0,58
6,9,3,1,1,7,6,1,9,21,2,3,17,8,10,3,24,3,2,0,4,5,5,1,3,1,2,0,8,1,3,0,4,23,7,74,10,5,8,41,11,6,5,49,4,6,9,30,3,23,13,1,26,2,2,1,0,0,5,2,9,15,1,3,40,69,28,12,69,3,4,6,2,3,5,2,11,3,3,4,56,5,3,2,4,1,3,1,0,0,1,4,5,19,11,3,57
7,8,5,2,4,8,2,4,5,25,1,1,8,11,6,4,17,2,4,0,2,5,1,1,4,1,2,0,4,3,1,1,4,18,4,69,7,3,4,34,6,7,6,54,12,6,2,36,5,23,13,3,22,2,3,1,3,0,3,1,8,12,1,5,53,76,18,15,92,1,2,4,1,4,5,7,7,6,3,0,50,3,2,7,5,0,3,4,3,0,2,7,5,18,9,1,68
8,11,3,1,10,16,4,3,4,25,2,3,9,8,5,1,20,2,7,2,8,3,4,0,2,0,0,1,5,3,1,2,5,10,7,91,2,2,4,48,9,2,7,56,5,4,2,39,0,17,15,2,25,1,1,2,0,0,5,3,10,10,0,2,33,67,31,12,100,4,1,6,2,1,4,3,8,10,5,3,57,1,6,0,7,1,2,0,1,0,0,2,4,15,14,3,46
9,6,2,0,11,8,5,1,6,22,2,2,11,10,6,3,20,2,3,0,6,3,5,0,1,1,5,0,4,0,0,0,5,17,2,86,9,4,5,41,9,5,4,51,5,5,5,31,1,28,17,0,20,1,1,0,1,3,1,2,13,15,0,3,48,64,21,12,95,4,7,7,3,2,3,4,10,10,9,2,50,5,1,3,3,0,1,0,3,2,1,2,8,15,12,3,55
10,3,4,0,1,6,3,1,5,12,1,2,7,11,8,3,18,4,1,0,5,3,4,2,2,0,1,1,4,1,4,1,5,19,10,86,8,5,6,44,7,6,2,56,5,3,4,27,7,25,13,4,20,0,6,1,1,0,4,3,11,14,1,3,39,59,35,18,112,1,4,5,4,3,5,1,8,3,6,3,50,6,3,6,3,2,1,4,4,0,1,2,10,16,12,3,47
11,9,5,0,3,7,7,1,3,16,6,3,8,9,13,3,21,2,8,0,5,4,0,0,5,2,1,0,1,1,3,1,1,18,8,74,8,7,3,54,2,5,7,45,2,5,6,26,6,22,19,0,31,1,7,1,4,0,2,4,8,16,3,3,39,66,22,14,94,4,3,3,10,2,2,4,10,10,1,1,50,9,3,3,6,1,1,2,2,0,1,4,4,21,10,0,53
12,5,6,1,0,7,7,1,3,22,4,1,12,11,5,1,19,0,6,0,1,7,4,1,2,0,3,1,7,0,2,2,3,24,1,74,7,2,4,51,5,4,8,56,4,9,2,31,3,15,11,3,22,0,5,2,2,0,5,2,9,14,0,2,52,77,22,16,86,2,5,1,5,5,5,2,15,6,4,3,46,4,1,3,7,1,6,3,1,1,1,2,15,17,14,1,50
13,8,3,0,6,7,2,1,6,18,3,1,10,10,6,2,14,6,4,0,5,3,1,1,4,0,4,0,6,3,0,3,10,25,4,71,5,5,4,45,5,8,8,50,7,5,8,34,7,27,20,1,20,0,3,2,1,0,0,1,9,15,1,2,50,82,22,10,86,0,5,5,3,3,7,5,17,5,4,1,50,3,2,4,3,1,1,4,5,0,1,6,5,23,8,1,38
14,11,6,0,2,5,3,0,5,17,1,2,14,12,9,0,15,1,3,0,3,5,5,2,2,3,4,1,4,2,0,0,1,6,2,74,12,8,6,42,8,7,11,52,6,9,3,30,6,32,13,1,26,0,4,2,2,1,4,4,12,18,1,3,44,65,22,13,90,0,9,2,3,5,0,5,11,4,3,3,55,6,4,4,10,0,2,1,1,1,1,4,7,15,15,1,51
15,4,1,0,2,13,2,1,3,18,5,1,15,6,9,2,20,1,1,1,2,6,0,0,3,0,3,1,7,1,1,1,5,20,8,80,4,5,3,38,10,5,5,64,8,5,9,29,3,20,17,0,23,1,4,0,0,1,3,1,9,18,2,5,31,60,25,12,119,1,6,7,1,5,3,4,10,5,5,4,51,7,1,2,9,1,3,2,2,0,2,1,11,18,10,0,47
16,4,6,0,10,8,6,2,8,17,4,1,7,10,13,2,30,5,3,0,4,4,6,1,3,3,1,0,4,2,2,1,4,13,4,85,7,5,5,40,8,3,1,38,5,7,2,26,4,31,17,1,22,0,2,0,3,0,3,1,2,15,2,1,41,77,31,13,90,2,7,8,2,3,2,4,12,6,3,3,57,2,1,4,3,1,5,1,3,0,2,3,11,7,12,2,58
17,8,7,4,5,12,5,0,4,13,5,1,14,6,5,1,22,3,9,0,5,4,2,3,3,0,2,1,4,3,4,1,4,14,4,78,3,8,2,44,11,7,8,57,2,5,7,21,5,20,18,2,20,0,3,2,0,0,3,5,6,14,1,1,48,56,27,15,98,2,3,3,2,0,7,4,9,5,7,3,52,2,5,6,5,0,2,3,1,1,3,4,7,21,10,1,57
18,7,2,1,3,9,4,1,5,15,2,1,7,13,5,3,22,5,4,0,3,1,3,0,8,0,0,0,8,1,0,1,4,20,4,85,10,9,5,51,3,3,4,48,5,6,5,28,10,28,12,2,19,0,3,3,0,0,4,0,7,18,1,5,39,69,35,18,89,4,2,5,3,2,4,3,11,5,7,7,48,8,2,2,7,1,5,5,3,0,1,4,4,15,9,3,44
19,11,5,3,2,13,3,1,6,14,5,1,7,10,4,1,18,3,2,1,3,2,3,2,5,1,1,0,5,0,1,2,1,24,9,84,9,8,9,39,5,7,4,52,6,6,7,32,5,23,8,2,17,0,0,1,1,1,4,1,7,20,1,3,34,71,29,6,90,4,1,2,2,4,7,4,7,6,4,3,78,10,0,3,4,1,1,2,2,4,1,2,7,18,13,1,48
20,9,6,2,0,14,5,4,5,18,0,4,11,8,11,1,21,3,2,1,3,4,1,0,4,1,1,0,6,2,2,0,5,22,6,83,11,10,7,50,2,2,5,54,5,8,10,28,4,20,14,4,26,1,2,1,0,0,1,3,9,13,1,4,38,72,24,12,106,1,3,5,3,4,8,2,5,3,1,1,51,4,3,3,4,1,3,0,1,1,3,2,4,14,7,2,49
21,8,3,0,3,9,2,1,3,19,8,4,11,12,6,3,13,1,5,1,3,8,1,1,6,3,2,1,3,0,4,0,4,13,8,83,5,2,2,48,5,2,6,51,6,4,8,26,6,22,10,1,29,0,3,3,0,1,3,5,6,13,0,4,44,73,23,5,92,1,5,3,4,0,8,4,13,10,7,2,65,6,3,2,5,1,1,3,1,1,0,3,4,19,7,2,60
22,7,8,1,4,12,4,2,1,16,3,2,8,5,8,2,22,3,3,0,6,7,1,1,1,1,3,1,7,2,2,0,3,15,4,87,5,9,6,52,6,6,8,50,4,9,6,32,11,20,21,2,31,0,2,1,1,1,3,5,12,13,0,3,30,52,22,11,93,4,3,5,3,1,4,7,7,6,3,4,59,2,3,3,3,0,2,5,1,1,3,7,8,24,6,1,46
23,6,10,1,4,8,4,1,6,22,3,1,16,6,10,3,17,2,4,0,9,3,6,1,0,1,1,0,5,2,0,1,3,17,3,84,4,6,1,44,8,7,3,61,5,4,4,29,5,26,7,5,27,1,2,1,3,0,1,1,13,18,2,4,34,66,28,9,91,2,6,4,5,2,1,2,11,8,4,3,52,7,0,1,5,0,3,2,6,0,0,6,8,9,12,4,57
24,4,4,0,8,7,2,3,5,13,5,1,9,13,10,1,15,1,1,0,1,2,5,2,6,2,1,2,4,2,1,1,4,15,6,86,7,3,6,31,11,6,2,60,7,5,4,34,2,22,18,3,21,2,5,2,3,0,3,4,8,13,1,3,38,65,23,15,93,0,5,2,5,7,2,4,6,7,4,2,68,3,2,2,6,0,3,1,2,1,0,4,6,22,15,1,58
25,9,5,0,6,5,2,2,2,13,1,3,7,18,9,3,18,3,2,1,4,2,0,1,6,1,1,1,5,1,1,1,8,15,5,85,7,1,7,44,9,8,9,59,3,4,10,23,4,25,20,3,24,0,4,2,2,0,4,1,14,13,3,4,39,69,30,14,86,3,4,2,3,2,4,5,6,5,5,3,43,0,2,5,4,1,3,5,0,0,1,2,7,17,11,2,64
26,8,5,0,5,6,1,0,4,14,4,1,12,5,5,2,30,2,2,0,5,5,1,0,2,3,5,0,3,5,2,0,3,15,5,92,6,4,1,33,12,5,6,50,6,9,10,30,2,18,23,5,20,0,3,1,2,0,2,2,6,16,0,3,41,65,33,14,93,1,3,3,6,2,2,7,7,8,7,2,48,4,6,1,5,2,1,1,3,0,1,2,4,18,13,5,65
27,7,9,0,4,7,2,0,5,22,2,1,15,9,12,3,17,1,4,1,3,2,3,1,1,1,1,4,7,3,1,0,5,20,2,83,5,5,3,46,10,8,3,61,5,2,7,32,3,26,13,5,23,0,5,2,1,1,6,3,7,18,2,3,42,64,29,14,80,2,1,8,1,2,4,2,11,6,5,2,66,3,0,3,2,1,1,0,3,0,0,1,10,15,13,2,44
28,7,3,0,7,6,4,2,8,25,5,0,5,11,4,2,15,1,7,0,7,3,4,1,3,0,0,0,6,2,0,1,2,17,2,76,10,4,3,46,9,3,9,59,4,4,6,40,7,32,12,5,26,0,6,2,3,1,4,2,8,14,1,5,45,64,31,12,101,3,4,5,3,3,8,3,8,5,1,2,45,3,1,6,2,0,4,0,4,0,3,2,7,7,10,1,46
29,5,1,1,11,8,5,1,8,26,1,0,8,7,11,1,22,2,4,1,6,5,2,0,4,1,2,1,4,2,3,1,7,19,4,68,7,4,8,41,5,8,5,41,4,8,4,27,5,25,15,1,32,1,1,2,2,3,4,0,5,12,1,8,48,66,36,14,94,5,5,3,4,3,3,7,11,7,4,2,47,4,7,2,4,0,4,2,4,0,1,3,5,15,11,4,44
30,6,2,0,3,8,5,2,5,19,6,1,6,7,10,3,26,2,1,1,3,2,0,0,5,2,1,1,7,1,1,4,5,15,3,72,5,4,6,40,12,4,7,55,9,6,4,25,4,29,11,2,27,2,0,2,1,0,5,1,6,16,2,4,44,77,29,11,101,2,6,7,5,0,8,4,9,3,3,1,48,8,7,1,8,0,1,4,0,2,3,1,9,14,12,0,48
31,5,3,1,2,8,6,1,7,21,4,3,10,17,8,4,20,1,3,1,3,3,3,1,1,2,1,0,3,2,1,1,3,12,7,82,7,2,6,40,7,5,5,60,6,9,8,38,5,18,16,5,23,1,3,2,1,1,3,2,6,18,2,4,42,59,15,8,99,1,4,3,6,3,4,2,5,4,0,2,55,6,5,0,5,1,2,1,2,0,1,5,10,18,12,1,66
32,3,1,2,4,5,5,4,2,20,9,0,12,5,15,1,17,2,9,1,4,2,3,1,4,2,4,3,6,1,1,3,1,14,4,91,7,2,4,47,7,3,4,54,11,4,4,28,3,22,20,3,29,2,5,2,1,3,2,2,7,15,1,0,51,57,24,11,84,1,3,2,2,5,5,6,6,5,7,3,55,2,4,4,4,0,2,3,0,1,1,5,6,19,11,1,57
33,3,3,0,6,8,3,2,2,23,2,1,6,17,6,3,17,4,4,2,0,3,3,0,4,1,2,0,4,1,0,1,9,21,3,80,6,5,4,43,6,7,4,54,8,6,6,29,1,31,14,2,20,4,1,1,2,0,1,0,7,16,1,3,49,77,24,10,98,1,6,7,1,3,2,6,9,5,5,2,44,3,0,3,6,2,5,3,1,0,2,3,7,20,11,2,57
34,10,3,0,4,8,4,1,3,19,2,2,11,6,9,2,25,3,4,0,6,6,3,0,4,3,1,0,6,1,3,0,5,16,1,73,8,2,2,38,10,9,3,53,9,5,5,35,4,30,14,1,25,2,3,1,1,1,4,2,14,15,0,3,39,71,22,8,101,4,3,2,1,5,3,2,12,8,5,3,69,7,5,3,4,0,0,3,1,2,0,3,7,9,10,2,43
35,12,4,0,4,9,6,2,4,14,6,4,7,13,11,1,16,3,1,1,5,3,3,0,6,2,2,1,3,2,1,0,5,14,3,80,4,4,4,44,11,4,4,55,5,8,9,28,2,37,15,0,23,2,2,2,1,0,3,2,5,13,1,5,43,75,26,16,82,7,4,6,6,3,8,2,7,2,4,2,51,6,0,1,3,0,1,2,0,3,1,2,6,26,14,0,50
36,9,2,0,5,9,3,2,4,14,3,1,17,7,6,3,20,3,3,1,4,6,5,0,3,1,1,0,6,3,1,2,5,15,8,85,3,6,3,53,7,7,4,46,4,9,6,32,8,25,16,1,27,1,5,0,0,0,3,1,6,13,1,4,36,63,27,9,95,2,3,5,1,2,4,4,11,5,4,2,59,2,5,4,3,0,2,1,3,0,1,4,11,17,11,3,53
37,7,4,1,1,14,1,0,5,20,2,2,10,11,7,3,17,1,1,0,5,3,1,2,1,0,1,1,3,1,0,2,8,18,11,74,9,8,6,57,9,5,8,52,4,3,6,26,7,25,13,4,13,0,6,1,2,0,2,2,4,19,1,2,39,67,28,9,88,2,5,4,4,4,1,5,11,2,5,2,56,4,2,4,3,0,4,0,2,0,3,1,7,24,17,4,61
38,6,6,0,2,8,13,1,3,19,1,2,9,12,4,3,20,1,5,0,7,0,3,0,3,1,1,0,3,3,2,0,5,17,7,90,8,6,4,42,12,2,3,44,5,4,5,37,4,32,9,2,15,0,3,3,0,0,3,0,13,19,1,2,41,67,27,13,87,5,1,4,2,0,2,6,13,4,3,4,61,5,2,3,3,1,2,2,3,1,4,2,3,18,14,1,61
39,6,6,1,1,8,1,4,3,16,1,0,8,9,10,4,26,3,4,2,7,2,2,0,7,1,2,1,6,3,3,2,1,18,1,73,4,4,11,44,10,4,3,54,7,5,4,17,10,33,16,0,26,1,3,1,0,0,4,4,8,15,3,4,39,60,25,9,100,6,4,1,2,9,7,5,7,3,6,5,67,4,4,4,7,0,2,4,1,0,0,1,8,12,5,1,55
40,4,7,0,7,5,8,3,4,12,0,2,10,13,5,2,20,3,3,1,2,3,3,1,4,2,2,0,5,2,2,1,2,26,6,79,8,7,2,48,6,7,5,57,3,8,6,28,5,18,19,3,22,0,5,1,1,0,3,2,9,13,0,3,30,48,27,16,106,4,8,5,6,2,4,2,10,4,5,1,55,3,4,5,2,1,1,7,3,1,2,6,10,15,12,0,57
41,9,3,0,1,9,4,3,5,18,1,3,9,9,9,4,20,2,3,0,2,7,1,0,3,1,0,0,3,1,2,0,4,19,4,92,6,2,2,47,8,5,4,49,8,6,7,30,7,30,14,3,22,1,6,2,0,0,6,4,9,15,3,3,31,64,25,13,86,2,5,9,3,4,6,2,10,3,8,2,52,9,3,3,3,0,2,1,2,1,1,4,9,15,11,1,60
42,6,8,0,4,7,3,2,6,19,6,1,14,15,13,1,17,8,3,0,5,2,3,0,5,0,4,0,4,2,2,0,3,18,3,86,7,3,3,42,3,5,4,40,13,8,2,36,3,29,17,2,18,3,5,1,2,1,3,1,8,20,2,2,36,71,21,14,91,6,1,10,2,4,6,2,17,6,6,1,38,4,2,2,5,0,1,3,3,2,0,6,8,20,10,4,45
43,9,3,1,4,6,3,3,5,19,5,3,12,9,7,7,24,2,7,0,8,3,4,0,4,1,2,2,3,1,1,1,5,26,5,92,7,8,1,48,8,6,5,45,8,4,6,15,7,23,11,2,21,1,2,2,3,2,3,4,8,14,0,2,37,66,23,16,101,4,3,3,5,1,5,4,9,4,4,1,48,6,2,1,4,0,2,6,3,0,0,2,6,17,11,1,52
44,5,2,0,9,13,4,2,3,16,7,2,8,9,9,2,16,3,4,0,5,6,2,2,5,0,2,1,9,1,0,1,6,10,7,81,6,5,4,53,8,5,4,49,7,6,5,38,10,27,10,2,11,1,3,1,1,3,5,0,14,11,2,2,38,70,24,13,97,4,1,3,3,3,4,3,8,6,7,4,52,4,5,5,4,0,5,4,1,2,3,1,6,19,14,0,42
45,7,4,1,15,9,2,3,6,21,4,4,8,10,11,1,15,1,0,1,5,2,0,2,4,0,0,0,5,2,4,0,8,18,3,68,7,5,1,50,12,7,7,47,7,7,6,32,4,15,14,3,21,0,4,0,2,2,5,4,9,18,2,2,39,71,24,15,96,2,3,3,2,2,3,4,6,5,4,7,52,8,2,4,3,0,1,7,1,0,1,2,12,16,14,1,53
46,8,3,1,5,10,2,3,2,17,5,2,13,13,10,3,19,4,2,2,3,1,3,4,2,0,2,0,6,1,4,0,3,18,5,81,3,2,4,39,6,1,7,49,5,11,7,32,5,32,15,0,16,1,4,1,1,2,3,1,6,12,3,4,44,74,21,9,102,2,2,10,3,5,2,5,14,5,1,5,63,4,3,4,4,0,1,2,3,1,1,1,8,15,11,3,43
47,5,3,1,7,8,5,0,4,22,1,2,17,5,7,2,20,2,5,2,6,5,3,2,4,1,5,0,6,1,4,0,5,22,5,81,7,5,3,44,9,5,5,44,8,3,4,27,5,23,19,4,24,0,2,0,0,3,10,1,3,17,0,6,50,82,25,10,81,2,4,2,2,3,4,4,8,4,2,0,59,4,3,4,2,1,8,0,2,2,0,3,5,18,12,2,43
48,7,4,1,6,18,4,2,5,22,1,1,8,10,8,0,13,3,5,0,10,4,2,1,6,1,0,0,5,0,1,0,6,12,6,85,7,5,4,43,8,6,7,48,6,5,5,25,6,30,17,0,24,2,2,1,0,0,4,2,12,18,1,6,40,63,28,9,88,4,3,6,2,4,2,4,10,6,8,2,56,3,4,4,8,1,2,3,1,0,1,1,5,21,9,1,50
49,11,1,0,6,15,1,3,4,11,4,0,8,9,4,0,19,1,0,1,5,4,5,2,5,1,5,0,7,1,3,0,1,15,3,91,5,5,5,50,9,5,4,64,5,6,6,42,2,31,22,4,19,0,9,3,0,0,9,1,5,16,2,1,38,58,18,7,102,3,3,2,4,4,4,2,5,6,6,4,46,4,3,2,5,0,1,4,2,1,2,2,3,16,10,0,57
50,12,2,0,3,14,1,2,5,15,6,0,14,6,4,4,19,1,3,1,7,5,4,2,4,1,2,0,3,3,3,2,5,12,6,74,9,5,9,56,14,3,5,56,2,4,9,32,4,14,16,2,22,0,3,0,3,1,1,2,7,16,1,5,37,73,22,5,102,3,3,8,1,3,8,1,5,5,4,1,45,6,3,5,4,0,2,1,4,2,2,4,10,20,9,2,54
51,9,5,1,3,11,5,1,5,13,2,1,6,11,10,2,23,4,1,0,3,5,0,1,0,0,2,1,4,0,2,2,7,27,8,78,8,7,3,44,8,5,4,48,5,3,3,23,1,32,10,3,22,1,2,2,0,0,6,6,9,20,0,2,35,71,34,15,95,2,3,4,2,2,4,8,6,10,3,3,63,5,6,1,6,2,2,3,2,0,2,1,7,13,10,2,48
52,11,4,0,5,9,2,1,5,15,2,4,18,7,8,2,16,2,3,0,4,2,2,2,4,0,2,0,1,0,4,0,4,16,8,68,13,7,6,55,3,4,8,56,3,8,5,25,5,28,14,2,24,0,5,2,0,0,2,1,8,16,0,5,43,70,33,8,83,3,2,2,4,4,5,3,11,8,8,2,58,5,1,2,3,0,3,1,1,0,0,3,3,22,15,1,57
53,12,5,2,8,10,5,1,3,13,7,2,10,8,7,1,17,4,7,3,6,0,1,1,3,0,4,0,8,2,2,3,4,15,7,81,4,4,8,42,8,6,2,49,11,4,8,26,1,28,16,2,31,0,3,0,1,0,4,1,10,15,2,4,48,60,20,8,100,0,9,4,4,2,3,4,7,4,3,6,43,5,4,4,7,1,1,3,1,1,0,3,9,14,11,3,56
54,8,3,1,3,8,3,3,5,14,4,0,13,14,5,0,25,4,3,1,3,4,2,0,3,2,2,0,5,4,2,1,9,17,5,105,8,3,1,30,11,7,3,52,6,3,6,32,5,31,14,2,17,1,2,4,3,1,5,2,8,12,0,1,39,66,25,10,109,2,3,6,2,2,7,0,15,5,5,3,50,3,3,2,8,1,0,1,1,0,0,3,3,17,14,2,42
55,9,5,0,3,8,5,1,5,21,3,1,12,8,2,1,8,4,4,0,6,6,6,0,0,0,2,0,5,3,3,0,4,13,2,86,10,8,3,50,8,2,3,55,4,6,5,33,6,22,15,4,29,0,0,0,1,1,8,9,12,13,3,4,33,73,29,6,78,3,2,7,2,3,6,4,15,8,5,2,57,4,4,3,3,0,4,4,2,1,0,2,7,16,15,0,52
56,4,4,1,5,9,2,0,9,17,6,2,7,11,10,2,15,4,8,2,7,4,3,0,2,0,1,0,4,6,2,0,5,20,3,72,11,2,8,44,9,5,3,51,11,5,10,32,2,28,9,6,30,1,4,1,0,2,3,1,13,13,0,2,34,67,23,9,92,3,6,4,2,4,1,6,8,1,5,0,60,8,6,1,3,0,1,0,2,1,0,2,7,15,10,2,64
57,13,3,0,3,9,3,1,4,15,2,1,10,9,5,2,20,6,4,1,6,6,5,1,4,2,2,1,6,1,4,1,9,10,4,85,3,6,5,40,7,8,3,61,7,7,4,29,2,32,14,1,21,1,2,1,1,0,3,2,6,13,0,2,52,55,34,18,82,0,8,8,5,9,4,4,5,2,5,4,67,2,2,2,4,0,1,2,5,0,1,3,12,14,14,0,37
58,8,5,1,5,10,4,1,7,19,4,0,16,7,8,0,16,1,6,0,1,1,4,2,0,1,3,1,4,3,1,0,4,17,5,94,10,3,5,36,7,2,3,52,5,7,9,34,3,23,13,4,29,1,4,0,1,0,0,2,6,16,1,0,38,46,23,15,96,6,5,4,4,3,4,4,8,5,4,7,48,5,3,6,3,3,6,1,3,0,2,2,6,19,13,0,73
59,8,2,1,3,8,4,2,2,20,6,0,10,10,12,1,16,2,4,1,3,3,1,1,6,1,2,2,9,0,0,1,9,19,4,76,5,4,7,59,6,6,4,52,3,5,4,33,2,21,17,1,21,1,1,1,1,1,3,3,11,12,4,3,42,60,26,13,84,4,4,2,3,4,4,6,9,9,5,3,60,3,4,2,10,0,2,3,0,1,2,4,9,13,11,1,57
60,5,4,1,6,9,5,4,7,9,6,2,12,12,7,0,16,2,8,0,4,5,4,2,3,1,1,1,2,0,2,0,3,14,7,82,8,4,5,41,3,3,2,51,6,5,2,32,4,27,13,5,18,1,8,0,3,0,5,1,7,24,2,5,40,73,20,7,96,2,2,2,2,5,3,3,14,1,6,2,57,5,3,3,9,1,5,3,0,0,1,3,10,15,14,1,61
61,9,3,0,8,5,3,1,5,19,3,0,11,15,9,5,21,3,6,0,3,3,1,0,4,1,2,1,5,4,3,0,5,22,7,79,7,3,3,41,9,10,1,48,5,9,4,24,5,34,14,1,25,1,5,2,1,1,3,3,12,23,0,3,43,69,29,13,90,1,4,4,5,3,1,3,7,2,5,2,48,5,2,6,5,0,0,4,2,0,1,0,2,15,12,2,52
62,5,4,1,5,10,4,1,7,14,2,1,12,9,6,1,28,3,3,0,7,1,0,2,1,1,2,2,4,0,2,1,4,12,7,77,1,5,3,52,13,11,5,47,6,7,7,27,10,29,17,4,23,2,3,1,1,1,6,2,13,24,1,4,37,68,21,15,74,2,5,7,4,1,3,5,7,6,7,2,69,1,1,4,8,0,1,4,0,0,3,0,9,12,7,1,52
63,7,5,1,4,11,5,1,9,14,4,1,7,12,9,2,27,3,4,1,5,4,4,1,2,0,0,1,3,1,2,0,5,16,7,89,8,3,4,36,7,10,6,54,3,11,8,22,3,32,21,3,16,2,4,2,2,1,3,3,6,15,3,4,40,58,29,17,88,3,6,5,3,1,3,6,13,13,4,1,57,5,2,0,2,0,1,1,1,1,2,1,6,15,14,1,42
64,8,3,0,4,3,3,0,4,14,2,3,8,14,10,4,24,1,6,1,4,3,1,1,2,0,2,1,5,2,4,0,3,18,5,83,7,4,4,51,6,5,5,46,3,4,5,31,4,30,18,3,22,2,2,1,0,0,7,4,10,16,1,1,32,56,29,13,114,3,6,1,6,4,8,1,8,5,0,4,49,5,3,3,5,0,4,4,2,2,1,2,7,24,11,1,49
65,10,3,0,3,6,2,2,9,21,3,2,5,6,8,1,26,1,3,2,4,1,3,1,1,2,2,0,4,2,4,0,6,15,5,77,6,6,8,47,10,7,7,54,3,6,3,37,7,25,10,3,22,0,1,2,2,0,7,5,7,14,0,0,42,74,25,12,86,6,2,3,5,3,3,3,6,2,4,1,57,4,4,2,4,0,3,5,0,0,2,4,8,14,15,0,62
66,7,2,0,2,5,2,3,6,16,3,4,11,11,8,2,15,3,3,0,4,5,1,1,2,1,0,2,9,3,1,0,9,15,5,79,13,3,3,42,7,3,6,57,4,7,8,29,4,31,16,3,15,0,3,0,2,0,4,1,6,26,0,2,37,60,28,6,97,2,3,6,2,3,3,6,11,6,1,2,54,6,4,5,5,0,4,3,2,0,0,3,8,21,10,2,65
67,11,5,1,5,9,3,2,2,11,6,1,12,7,9,1,17,1,7,1,4,4,5,2,9,3,3,1,4,1,2,1,0,22,10,86,7,2,4,46,8,3,9,47,8,4,5,29,6,23,10,1,27,1,1,0,0,2,3,1,10,19,1,5,47,66,28,12,77,3,6,2,5,1,1,5,9,5,4,5,58,6,3,5,5,0,3,3,3,1,0,1,8,18,16,1,43
68,5,4,0,6,8,3,1,2,12,1,1,11,8,6,1,20,4,1,2,6,2,2,2,2,1,2,0,10,0,2,0,7,27,1,90,3,7,3,55,7,2,5,56,13,9,7,30,8,24,17,1,18,1,3,1,1,1,0,1,8,16,2,3,43,57,31,15,93,1,2,0,1,2,2,5,7,6,4,2,49,7,2,1,6,1,4,3,2,0,2,4,4,15,12,1,64
69,8,1,1,4,9,3,3,13,17,6,1,14,10,10,1,27,2,5,0,6,2,3,2,6,1,1,0,4,2,4,0,3,14,11,71,8,5,3,52,6,9,5,58,8,3,11,25,2,22,11,5,28,0,4,1,0,1,6,1,6,16,0,2,31,60,34,9,81,7,7,3,5,0,5,3,11,6,4,2,48,6,1,5,4,0,3,2,3,0,0,4,11,12,13,0,57
70,8,6,0,0,10,1,2,6,25,3,3,10,10,8,3,17,4,1,0,3,4,5,2,7,1,4,0,1,3,5,1,5,22,3,84,12,4,1,41,10,8,7,50,5,8,7,27,6,23,11,2,23,1,4,0,1,1,3,3,9,25,1,4,36,77,25,15,75,2,5,3,2,5,4,2,9,6,7,5,46,10,2,1,8,0,0,2,5,0,0,2,10,16,6,1,49
71,2,10,1,4,12,3,4,4,12,6,1,10,9,10,3,11,2,4,2,2,5,4,2,1,1,1,0,5,0,4,0,7,12,7,71,2,4,1,46,2,3,8,57,9,9,4,38,5,16,17,5,33,1,3,0,2,0,3,4,10,16,1,3,31,75,28,12,91,1,2,6,4,2,3,4,10,6,4,2,55,4,4,1,4,0,3,1,2,0,0,3,6,21,14,2,65
72,6,2,0,3,10,4,2,8,17,4,3,12,5,5,2,20,3,6,1,9,4,1,2,7,1,1,0,6,3,1,2,7,12,6,76,8,3,5,44,8,8,1,59,9,5,4,26,4,24,19,2,24,1,1,2,1,0,0,1,10,12,1,0,29,74,33,14,84,3,3,5,3,2,3,3,16,3,8,2,66,3,4,0,6,0,3,4,1,0,2,2,9,20,7,1,54
73,9,7,0,3,14,6,0,4,12,1,2,7,7,7,0,20,5,1,0,2,2,1,1,5,0,2,3,7,2,1,1,6,20,7,91,10,4,7,53,5,2,2,46,4,6,3,26,1,26,6,4,26,1,2,1,0,0,3,4,12,16,2,1,37,66,25,12,94,2,3,10,3,1,3,8,11,3,3,3,58,5,1,5,2,1,3,5,3,1,2,2,12,19,11,2,55
74,9,2,0,6,7,7,1,5,19,2,3,8,11,6,1,21,4,4,0,8,4,2,1,2,0,2,1,6,2,1,0,8,14,5,74,3,7,3,49,10,7,4,45,10,5,3,39,4,18,20,3,20,1,5,0,1,0,3,1,5,17,2,2,36,74,23,6,104,4,5,3,6,4,5,3,10,2,7,1,54,11,2,3,6,1,1,4,2,1,0,3,6,16,12,0,52
75,10,5,1,2,11,6,2,4,18,2,0,11,5,7,2,25,1,1,0,3,5,1,1,5,2,1,0,4,0,7,2,7,19,7,74,9,4,3,61,6,7,4,60,4,10,5,29,3,19,14,5,18,0,3,2,2,0,4,1,7,12,1,4,33,70,25,8,91,1,3,3,2,3,4,3,8,5,6,4,54,8,2,3,5,0,3,7,3,0,0,4,7,12,19,2,54
76,16,2,0,7,8,7,3,0,10,4,2,13,12,9,3,25,1,3,0,3,3,2,2,2,0,2,2,7,3,2,1,11,12,7,68,9,1,3,42,8,9,5,36,8,8,3,28,2,28,15,0,27,1,3,1,4,0,2,4,8,18,0,2,43,59,24,10,106,2,6,1,6,2,7,8,13,9,7,8,58,10,4,4,5,0,5,1,2,1,1,2,2,11,12,0,44
77,10,0,0,3,14,4,1,3,20,6,1,7,10,9,3,25,3,4,0,6,2,5,1,2,2,3,0,2,4,1,0,7,19,5,80,9,3,5,40,12,5,9,44,2,2,4,32,6,31,13,1,19,1,1,1,1,1,2,2,11,13,2,2,49,54,30,9,107,3,4,3,7,2,5,3,8,3,8,1,47,3,4,2,6,0,6,1,3,0,2,7,11,11,12,3,50
78,8,1,0,3,9,3,2,5,23,7,2,9,13,13,1,21,2,10,0,6,2,2,1,3,0,3,1,2,1,2,1,4,17,8,94,4,5,0,47,4,7,5,50,10,5,8,30,2,23,8,1,26,1,5,1,1,1,4,3,10,18,2,3,52,52,29,12,82,3,4,5,1,2,6,7,5,5,6,1,53,4,1,3,4,1,5,4,0,0,0,6,6,11,10,1,56
79,7,3,2,6,12,3,1,2,19,4,0,11,13,7,4,18,2,1,0,5,2,5,0,0,0,3,1,6,3,2,0,8,17,1,90,5,2,3,48,7,8,3,56,7,7,6,37,8,22,15,4,25,1,0,2,3,1,2,3,10,7,0,4,40,58,35,6,112,2,1,4,3,3,2,5,4,5,5,0,57,1,2,2,3,0,1,4,0,0,0,4,5,17,13,1,51
80,4,5,0,5,11,4,3,3,18,3,3,9,7,6,1,21,1,4,0,5,4,3,1,4,0,0,1,3,1,1,1,6,21,2,73,7,12,4,52,9,4,10,65,11,8,5,36,5,27,18,1,16,1,3,2,1,1,1,2,10,9,2,5,40,64,28,8,76,3,4,4,2,4,3,7,16,4,5,1,63,2,7,2,3,0,0,2,4,2,2,2,9,9,10,4,49
81,6,3,2,5,5,8,0,2,12,1,1,9,11,6,0,25,1,5,1,1,3,5,1,4,1,5,0,8,4,4,0,3,13,5,83,11,5,7,43,4,7,7,48,3,6,6,34,4,33,18,3,20,1,1,3,1,2,3,1,6,14,1,7,26,73,22,7,88,1,7,6,5,6,4,5,20,7,5,0,58,6,2,2,4,0,0,2,3,0,2,1,11,13,11,1,60
82,12,7,0,5,5,7,4,10,15,2,0,5,14,7,4,12,1,1,0,3,4,3,2,7,0,3,0,10,4,1,0,6,21,6,73,7,9,5,48,8,3,4,52,4,8,4,17,9,15,14,3,29,0,3,4,0,0,5,3,12,11,0,3,40,59,27,13,96,6,5,3,1,3,4,5,12,12,6,5,52,2,3,3,4,1,0,4,2,0,0,5,8,14,13,2,56
83,4,8,2,8,14,2,2,3,14,2,1,4,9,7,2,24,1,3,1,9,6,3,0,4,0,3,0,1,3,2,3,4,14,4,72,11,9,3,33,6,11,3,50,2,4,5,33,3,27,17,3,22,0,4,2,0,1,5,4,8,10,1,6,47,78,20,8,99,5,5,9,1,1,8,5,11,6,6,2,49,9,2,2,6,0,1,3,1,2,0,3,8,21,6,1,53
84,11,4,1,3,12,5,0,7,12,3,2,10,10,6,4,16,3,1,0,3,3,2,0,3,4,4,3,6,6,0,1,6,16,5,85,3,9,4,35,6,5,6,49,5,3,3,25,5,21,12,8,18,0,3,0,2,2,4,1,9,14,0,6,46,76,28,16,100,3,1,4,5,2,4,7,8,5,7,2,44,7,7,5,6,0,2,1,3,0,1,3,5,10,14,1,62
85,6,6,0,4,11,3,3,5,16,3,1,8,3,10,1,20,1,4,1,3,4,2,2,5,0,2,2,4,4,0,0,1,18,6,96,9,2,3,43,5,5,6,47,8,10,9,31,7,24,10,3,18,2,3,0,1,0,3,2,15,16,0,2,37,51,20,12,104,6,4,0,4,2,2,3,8,8,7,1,57,6,7,2,6,0,5,2,4,0,2,1,7,17,16,2,58
86,8,1,1,7,15,1,1,3,14,7,1,3,8,10,1,24,2,3,1,3,2,3,1,2,3,2,0,5,1,0,1,8,9,7,75,8,6,6,43,5,5,6,57,5,6,3,30,6,31,13,3,17,3,1,1,1,1,6,2,13,13,0,4,54,67,25,6,102,4,4,2,2,0,4,3,6,14,3,2,49,3,3,5,6,0,5,2,2,2,3,2,5,11,9,0,67
87,5,6,2,8,12,7,4,6,14,4,1,15,6,5,2,19,2,4,1,2,3,0,1,2,1,2,0,4,0,2,2,3,18,6,78,2,0,3,52,4,7,4,51,8,3,7,30,9,24,13,6,14,1,2,1,1,1,2,3,10,18,0,2,35,62,25,13,104,1,3,1,4,3,3,2,15,3,5,1,66,7,3,2,4,0,4,3,2,1,0,7,10,15,8,2,61
88,8,3,1,9,10,3,4,4,15,3,1,11,9,2,2,26,4,2,2,8,5,2,0,4,1,2,0,2,4,1,2,5,31,4,92,5,6,10,53,7,5,9,37,8,4,9,23,1,20,7,3,21,0,3,1,2,0,3,1,10,8,1,3,47,76,26,15,74,1,6,4,5,1,2,4,6,4,2,3,52,4,2,1,5,0,3,3,1,1,1,4,5,21,13,2,64
89,8,5,0,6,6,0,3,5,15,5,1,9,9,9,1,17,2,2,2,3,5,4,1,1,2,1,0,7,2,2,2,5,20,3,78,8,4,5,49,10,7,6,51,5,5,5,31,5,25,8,4,22,0,3,5,1,2,3,2,5,15,2,5,52,67,30,12,103,2,5,3,2,1,8,4,9,3,6,1,52,3,3,3,4,0,1,2,1,0,0,2,4,10,13,2,58
90,8,3,0,5,13,5,0,5,15,2,2,7,13,16,4,24,1,6,1,9,4,4,0,1,1,4,0,4,3,2,3,6,19,4,66,9,6,6,52,4,9,4,43,5,2,4,28,3,24,17,0,30,2,2,1,0,0,4,3,10,11,0,4,57,66,27,9,85,0,5,7,5,3,5,3,11,3,6,3,45,5,4,5,2,0,2,1,2,3,1,2,5,12,18,3,52
91,9,2,0,5,7,3,0,2,14,5,2,10,8,7,2,16,2,3,1,6,5,0,2,5,3,5,1,6,2,1,0,5,15,3,83,7,7,6,50,5,5,4,42,3,5,9,30,5,26,16,2,18,1,4,2,1,0,3,7,10,20,0,7,30,72,14,10,119,2,6,3,0,3,7,3,10,4,4,3,57,8,1,6,6,1,1,2,1,1,1,4,9,18,7,1,51
92,11,4,1,4,7,4,2,4,19,3,2,6,5,12,1,18,3,6,0,2,4,1,1,4,0,2,0,7,1,2,0,6,17,7,91,8,5,3,55,5,9,4,52,12,4,8,30,6,23,20,1,25,0,4,2,0,1,4,3,7,10,1,3,43,54,21,8,94,4,5,6,3,4,3,6,6,4,3,1,52,3,3,3,3,0,1,2,0,0,0,3,9,21,17,1,55
93,6,4,0,4,6,7,3,9,31,2,0,7,9,6,2,24,1,5,1,0,2,2,0,2,1,1,1,9,1,1,0,0,17,5,84,9,6,3,46,7,8,4,52,11,7,3,27,7,34,13,0,20,1,3,0,3,3,9,3,7,18,2,1,53,62,19,15,81,1,1,3,4,7,3,4,10,4,5,2,50,3,3,4,8,0,1,1,2,0,3,0,7,12,9,1,62
94,5,5,0,8,12,4,2,6,12,4,2,2,13,10,1,22,0,8,0,5,4,4,3,0,0,4,2,4,1,3,1,3,20,4,86,8,5,6,41,4,6,12,45,5,7,6,33,4,33,17,1,27,0,2,3,0,1,1,4,12,15,1,4,38,66,28,8,80,3,3,8,4,3,3,5,6,7,4,1,39,7,3,8,5,0,2,2,1,0,1,1,10,20,15,3,53
95,11,6,0,3,9,5,4,4,19,2,0,10,7,9,0,11,0,1,0,4,3,1,2,8,1,2,1,3,2,1,0,6,20,3,72,9,6,4,50,8,9,3,50,9,4,4,32,6,35,16,0,35,0,3,0,2,2,2,2,7,14,0,3,41,68,25,15,97,1,5,3,4,3,7,3,16,10,1,1,43,3,3,4,5,2,2,6,1,0,3,5,7,11,13,2,45
96,5,4,0,4,10,6,3,9,15,1,1,8,11,13,2,16,2,6,0,4,6,3,0,4,3,2,1,8,3,2,0,6,14,3,84,4,5,4,58,9,6,10,45,7,14,6,28,7,23,10,1,22,0,1,0,1,1,6,1,7,11,1,2,39,67,23,19,93,4,2,7,5,2,1,3,11,4,4,7,57,3,0,1,10,0,2,4,0,0,0,2,5,20,9,3,44
97,5,1,0,5,8,6,4,5,18,4,2,19,5,9,2,20,1,5,0,3,7,3,1,4,1,2,0,1,2,3,2,10,18,5,88,4,4,2,32,10,3,7,49,9,6,10,21,9,24,12,0,26,0,1,0,1,2,5,0,10,13,1,6,34,64,26,13,107,0,2,4,2,5,3,1,10,2,5,0,64,6,4,2,5,0,3,1,1,3,2,1,8,18,17,0,51
98,14,2,0,6,10,2,3,6,13,1,3,4,6,6,1,26,0,5,3,3,3,4,3,4,4,1,1,4,1,4,0,7,17,5,94,6,6,2,28,7,5,1,60,3,5,3,34,3,33,13,2,29,1,3,0,0,0,1,2,8,15,0,5,43,65,26,13,106,1,3,6,3,2,1,6,10,5,7,1,43,7,2,4,6,1,4,4,0,1,1,2,5,20,11,1,49
99,5,2,2,6,12,2,1,7,9,5,1,7,8,1,2,26,1,3,1,8,6,2,0,2,1,3,3,5,6,2,1,7,18,5,86,10,1,6,56,11,5,5,48,5,5,4,25,7,27,15,0,20,0,5,1,1,1,4,3,9,18,0,5,33,62,29,8,104,3,5,4,4,2,5,2,12,5,4,5,34,3,3,4,9,0,2,3,4,0,1,4,3,19,11,1,59
100,6,5,0,2,8,2,3,4,16,3,0,9,7,11,1,25,5,4,0,5,4,1,1,3,1,4,0,7,0,3,0,4,23,9,84,6,1,3,52,4,4,3,55,7,6,6,33,2,23,13,2,22,0,3,3,1,0,2,2,12,13,0,2,46,54,28,15,92,3,1,3,1,6,6,8,13,6,4,1,58,2,0,2,3,0,1,1,2,1,3,3,6,14,10,1,66
101,11,5,0,9,10,3,1,7,22,1,0,10,5,10,0,28,2,4,0,5,2,2,1,0,1,2,1,5,2,3,1,5,14,5,80,4,7,4,39,9,7,3,48,4,4,6,28,2,36,16,1,25,0,4,1,1,0,4,1,6,13,0,7,38,55,26,16,81,3,2,5,1,4,2,5,8,3,3,5,62,6,3,7,6,1,1,2,0,0,3,3,6,17,11,1,77
102,3,5,2,4,16,2,1,6,17,2,4,7,13,15,1,15,4,0,3,5,3,2,1,2,1,3,1,6,2,2,0,3,15,6,79,5,5,6,39,11,8,5,59,5,5,11,28,1,19,11,2,28,2,3,2,2,0,5,2,7,16,2,2,32,68,31,9,87,5,2,7,2,1,6,7,12,3,6,4,54,1,3,4,5,1,4,5,3,0,1,4,6,11,9,1,64
103,7,4,1,7,7,5,1,3,19,5,1,10,14,11,1,20,0,4,1,4,5,4,0,4,0,2,0,6,1,0,1,2,21,8,86,8,5,9,41,7,9,3,45,6,6,7,32,1,21,12,3,18,1,1,1,0,1,3,2,7,13,1,3,54,62,28,12,96,1,5,5,4,4,2,2,14,6,4,4,50,1,2,2,7,0,2,1,0,1,2,0,4,16,14,3,61
104,12,3,0,5,7,4,6,9,20,2,1,9,11,4,4,17,2,5,0,3,4,3,2,9,0,4,0,2,2,1,3,5,18,6,75,7,2,7,51,5,6,3,42,8,8,5,34,7,21,17,5,22,0,3,0,0,1,4,3,10,16,1,5,36,76,29,13,76,4,5,9,3,6,3,7,12,4,9,1,58,0,1,4,6,2,1,5,1,1,2,5,10,18,11,1,30
105,7,6,0,10,7,3,2,8,14,3,1,14,11,8,1,20,2,3,1,1,3,1,1,4,1,3,0,7,3,2,3,8,17,6,98,4,4,3,43,8,4,4,44,6,9,6,30,6,24,15,4,23,2,5,0,2,1,2,3,3,14,3,2,36,70,23,16,84,1,0,3,3,1,3,3,13,4,10,0,56,3,4,5,4,0,0,9,1,0,3,4,8,15,12,3,50
106,5,3,1,6,12,2,5,3,17,6,2,11,13,9,0,26,3,1,0,2,6,1,1,3,3,1,0,9,2,2,0,4,26,4,87,9,3,2,46,5,5,7,55,12,3,9,31,3,18,17,5,23,0,6,2,2,1,1,4,3,13,1,3,35,62,24,13,82,3,1,5,3,2,2,4,8,11,3,1,60,3,1,8,9,0,5,4,2,0,3,2,3,14,8,0,54
107,5,0,1,3,12,5,1,4,18,2,3,8,7,7,0,18,3,7,0,9,1,3,1,3,1,3,1,8,3,2,0,6,15,4,80,7,4,4,50,9,6,6,45,6,5,6,23,6,22,15,2,20,1,2,0,0,1,1,3,11,16,1,3,48,71,33,9,83,3,4,4,3,7,5,4,14,7,6,3,43,5,4,2,3,2,3,4,0,1,1,6,6,26,16,0,55
108,5,6,1,5,10,4,2,7,13,2,4,10,8,5,3,18,2,4,0,5,3,4,0,7,1,1,1,7,2,1,0,5,13,6,87,9,6,2,53,11,4,6,51,9,7,4,26,7,23,11,2,21,2,6,2,3,0,3,0,10,14,1,4,42,71,34,10,89,6,4,4,5,2,1,1,9,3,2,1,44,1,2,2,6,2,2,3,4,1,1,3,4,30,9,1,52
109,9,5,1,5,9,7,1,4,23,4,4,10,11,6,3,18,2,3,2,4,2,1,0,5,4,2,2,3,2,0,1,1,11,5,78,6,7,6,42,7,5,4,56,4,7,8,32,5,22,18,1,18,1,2,2,1,0,2,0,7,7,0,5,46,75,32,13,84,5,6,5,4,1,2,6,8,4,4,2,65,6,3,1,6,1,1,4,1,1,2,5,8,13,13,1,49
110,10,7,2,8,5,5,1,5,25,3,0,8,15,8,5,16,4,7,0,5,3,4,1,4,0,6,1,4,3,1,0,5,18,4,82,7,5,1,43,7,3,6,57,4,6,6,34,4,30,19,0,24,2,4,1,0,1,5,1,3,14,1,0,44,60,21,8,80,2,5,7,2,2,0,5,17,5,4,3,41,4,6,5,10,0,1,4,7,0,0,4,10,14,9,1,56
111,5,5,0,8,12,1,1,2,15,0,1,6,6,11,1,15,4,4,0,6,1,2,0,3,2,2,1,9,3,3,3,7,25,10,78,6,2,5,52,7,5,9,52,7,8,5,18,5,22,13,4,23,0,1,1,1,1,6,5,12,20,1,4,46,64,20,12,84,3,7,2,3,2,5,5,7,10,9,3,38,5,5,6,5,2,2,2,2,1,0,5,11,18,15,3,51
112,9,5,1,5,11,5,3,2,26,3,0,4,9,10,2,15,1,1,1,4,3,4,2,7,1,0,2,7,0,4,2,7,15,4,71,6,6,11,42,9,4,4,47,9,5,10,29,4,18,12,3,22,1,7,4,2,1,5,3,10,13,0,3,34,74,20,17,91,2,4,3,3,6,2,5,14,6,9,2,46,1,6,1,7,0,3,4,3,0,3,3,9,17,14,2,53
113,7,10,2,5,8,6,3,5,15,5,3,8,8,11,1,23,2,1,0,4,3,3,1,3,0,1,0,10,1,1,1,3,14,8,73,6,3,5,38,6,5,3,43,9,7,7,34,7,27,14,3,20,0,4,1,0,3,7,0,11,10,0,4,46,60,27,12,89,2,1,4,5,3,3,2,11,6,6,5,52,3,8,3,0,0,2,3,0,0,2,3,9,24,16,2,65
114,7,2,1,7,4,4,1,10,12,5,1,8,8,9,2,23,4,2,1,3,4,0,1,1,1,1,0,6,2,1,1,3,19,5,75,7,4,4,38,6,7,4,61,6,2,5,29,4,24,13,5,20,2,1,1,3,0,3,1,9,14,2,3,43,62,22,21,103,4,5,4,1,3,6,3,14,6,6,3,51,8,4,3,4,0,0,5,1,0,1,3,11,22,12,1,56
115,10,5,1,4,9,5,2,4,23,5,1,10,8,8,2,22,5,5,0,1,4,2,1,7,0,5,0,4,1,2,0,4,16,6,74,5,7,8,31,12,6,7,66,9,9,1,25,3,26,10,1,18,0,2,2,1,0,8,2,3,9,3,4,38,58,27,8,112,2,5,6,3,4,2,3,14,4,5,1,46,9,5,2,4,2,0,7,1,1,0,3,9,19,9,0,57
116,6,4,1,2,11,2,1,4,17,5,3,10,9,4,0,21,6,3,0,5,7,3,1,4,2,5,0,6,5,1,0,6,20,6,92,7,3,6,43,10,8,7,49,9,4,7,36,8,28,13,4,19,0,1,3,2,1,2,3,5,17,1,6,42,67,37,10,84,3,2,3,3,3,4,5,6,4,8,4,47,3,2,3,4,0,0,1,5,1,1,2,6,19,10,2,35
117,7,2,2,9,11,5,3,8,12,5,4,9,8,10,0,23,1,5,0,2,1,3,3,7,0,0,1,11,1,1,1,6,16,5,89,4,2,4,53,6,6,8,43,5,5,6,27,2,22,9,0,22,0,1,0,0,2,3,1,5,17,2,3,32,76,30,6,99,2,9,4,5,3,8,4,10,9,5,4,51,2,4,5,3,1,3,1,1,0,3,3,12,20,11,2,43
118,5,1,1,5,9,2,3,3,25,5,1,11,6,6,3,17,1,3,1,7,5,3,0,5,1,6,1,5,1,4,2,3,27,4,68,3,8,4,61,16,5,7,45,3,7,5,22,4,21,15,2,27,0,1,3,2,1,3,3,5,14,0,2,46,70,20,8,89,4,3,4,5,2,3,4,9,3,4,1,60,7,1,5,4,0,1,3,2,1,2,3,11,14,15,2,55
119,8,5,0,4,6,4,2,8,18,0,2,15,10,7,3,25,4,2,1,2,4,3,0,4,0,1,0,8,0,4,1,6,23,3,89,5,5,4,62,7,3,3,59,7,5,1,27,7,30,13,1,17,1,3,2,0,2,3,2,7,8,1,3,39,60,30,6,97,0,3,4,8,4,0,1,11,4,5,1,43,5,2,6,6,0,1,3,0,0,1,3,9,20,13,1,54
120,7,3,0,3,12,2,2,8,20,3,2,13,12,8,2,21,2,4,0,2,5,2,1,3,1,0,1,1,1,1,0,5,18,6,86,4,4,4,34,7,4,4,58,7,5,7,26,4,30,9,2,22,0,0,0,2,2,3,1,10,19,1,9,49,80,28,7,93,6,1,6,3,6,3,3,10,8,7,7,50,3,6,2,5,0,4,1,1,2,1,4,4,10,13,0,42
121,3,4,1,6,7,1,2,9,13,4,0,12,6,15,2,26,4,3,0,4,3,4,0,2,2,3,0,4,1,1,0,7,17,3,77,6,7,4,45,7,8,6,54,5,5,8,35,2,29,18,2,29,0,3,1,0,2,1,3,12,13,1,7,30,55,35,8,99,1,6,9,5,2,3,3,12,0,3,2,44,4,1,2,4,2,6,4,4,1,0,5,5,14,13,1,58
122,7,5,0,3,8,2,0,6,19,3,3,10,11,12,3,16,2,5,1,5,0,4,1,3,1,1,1,3,2,2,0,6,19,7,63,4,5,7,40,9,7,4,48,4,8,6,29,3,26,14,2,25,2,2,2,4,3,1,2,9,14,1,2,46,57,23,9,105,1,3,3,5,5,4,3,6,9,4,5,56,3,6,2,5,2,4,9,2,0,0,4,3,18,12,2,67
123,6,5,2,2,6,3,2,5,19,6,2,5,13,7,1,19,3,3,0,7,1,0,2,4,2,0,0,7,4,1,1,6,13,5,87,12,5,4,33,8,3,9,61,6,8,8,41,5,22,10,2,25,0,8,0,0,2,3,2,12,15,0,3,33,50,29,11,99,5,3,3,2,3,4,3,11,7,5,2,49,4,4,3,9,0,1,2,2,1,1,3,5,10,18,3,59
124,9,2,0,4,8,5,1,5,16,4,0,9,9,2,0,22,4,3,1,9,1,3,2,2,1,1,0,6,1,4,0,2,17,3,85,2,5,6,46,9,8,4,63,5,3,4,34,2,22,12,2,25,2,3,1,2,2,3,2,11,18,0,1,46,74,23,5,80,0,2,7,6,1,5,4,16,8,2,7,60,5,2,3,6,0,7,2,1,0,1,6,10,22,8,0,43
125,7,5,1,13,8,2,0,4,8,5,1,13,13,3,1,25,3,6,1,6,3,3,1,3,0,1,1,4,3,1,2,4,15,8,76,8,8,4,63,2,5,3,55,7,4,9,28,4,19,8,1,18,1,5,3,1,0,3,2,12,18,1,5,30,73,33,8,82,2,8,3,4,5,4,3,9,7,4,8,49,6,4,3,8,1,3,2,3,0,1,3,11,11,9,3,53
126,4,8,0,5,9,9,1,1,24,4,3,13,11,10,1,24,3,6,1,4,1,6,0,4,3,2,0,9,1,1,0,1,15,9,91,4,3,1,52,8,5,0,57,2,5,3,25,4,25,11,2,27,0,2,0,1,1,5,7,9,11,2,3,37,67,23,13,96,1,5,3,3,5,5,3,7,6,6,5,50,3,0,4,6,0,1,0,0,0,0,4,3,17,15,1,52
127,9,2,0,6,12,4,1,4,15,5,5,9,12,4,3,14,4,3,0,4,5,0,1,3,3,4,2,1,1,3,0,7,21,14,89,5,5,2,31,12,8,5,61,6,4,3,30,4,20,14,4,15,0,4,1,0,1,6,3,10,14,3,7,48,65,29,8,94,1,3,4,3,7,1,6,14,4,5,1,65,5,3,1,6,0,0,2,0,0,1,3,4,16,19,1,33
128,5,3,0,8,5,5,2,4,14,5,1,7,14,11,2,27,1,3,0,3,1,7,2,2,1,0,1,9,1,2,0,6,18,6,75,5,11,4,48,11,4,8,53,5,3,4,17,8,30,21,3,25,1,2,2,1,0,4,4,5,19,3,6,35,68,15,18,91,2,5,3,4,4,4,6,8,13,3,3,49,5,3,3,3,1,2,2,1,0,2,2,5,14,6,1,61
129,7,8,1,4,10,4,3,7,13,3,2,12,6,6,1,22,0,5,0,4,3,2,1,1,2,2,0,7,1,1,0,12,19,6,80,3,12,4,53,3,3,4,55,9,8,5,30,4,25,21,1,20,2,4,2,2,0,3,4,9,18,0,2,36,58,28,13,75,3,4,3,2,4,8,4,7,6,7,5,59,2,1,1,2,0,1,4,3,2,1,0,4,15,11,1,69
130,5,1,0,7,14,2,2,5,21,6,0,9,12,10,2,25,1,3,0,3,6,3,1,2,0,3,1,5,1,1,1,4,16,7,89,6,4,6,49,7,1,1,57,6,2,3,27,2,27,20,0,25,1,4,0,4,1,2,0,6,12,0,4,51,55,23,5,85,2,1,4,1,4,4,7,10,7,3,4,67,3,1,3,5,1,3,1,3,0,2,3,11,14,9,5,58
131,8,8,2,4,7,6,1,5,12,4,0,15,8,10,2,17,3,6,0,3,5,3,4,2,0,2,0,3,2,2,2,3,15,5,88,6,4,3,39,8,6,6,47,9,5,9,28,2,26,13,4,22,0,1,1,1,0,4,3,8,19,1,1,41,67,21,6,89,2,3,4,4,1,1,4,12,6,5,3,69,6,1,2,7,2,0,1,3,2,1,2,6,14,19,2,61
132,7,2,0,3,8,1,4,6,18,3,0,7,10,9,1,17,2,7,0,3,7,4,0,6,0,2,1,2,1,5,1,5,15,4,70,8,10,3,43,6,6,7,44,4,3,6,27,4,31,12,1,22,0,2,1,0,1,3,4,7,14,0,5,38,57,37,12,109,2,5,10,6,2,5,4,14,7,4,0,62,7,1,1,2,0,5,2,1,3,0,2,4,19,15,4,55
133,5,4,2,5,3,6,3,3,21,7,1,11,13,9,0,18,2,3,1,2,2,1,0,8,1,0,1,7,2,2,1,2,16,7,94,11,5,4,39,6,7,4,50,4,5,4,27,4,27,18,4,25,2,3,0,0,2,3,3,4,18,0,3,36,63,26,10,92,3,2,7,2,2,4,2,8,6,8,5,66,3,4,5,4,0,3,4,1,0,1,5,10,18,7,1,47
134,7,2,1,9,8,3,1,4,9,1,1,9,15,4,3,20,2,3,1,3,5,5,1,2,0,2,1,5,1,2,1,5,16,5,75,7,7,1,50,11,8,4,50,5,4,6,26,8,27,18,2,29,1,5,4,2,2,3,2,8,16,1,6,34,75,27,7,89,2,1,3,4,0,5,3,11,9,9,1,65,7,1,4,4,1,3,6,0,1,0,3,6,17,10,1,46
135,6,3,0,5,11,2,2,5,17,4,1,7,6,7,2,16,3,2,0,7,3,3,1,2,1,1,0,3,3,2,0,3,17,7,93,7,8,4,42,8,8,6,48,5,7,2,29,7,21,17,9,27,4,4,0,1,1,2,6,13,20,2,1,39,71,24,8,89,4,2,2,3,3,4,3,10,4,2,3,57,3,3,0,5,1,3,6,0,1,0,1,11,15,8,1,60
136,17,2,1,7,10,4,1,4,21,4,1,6,7,5,0,19,3,7,1,5,5,3,0,4,2,3,0,8,4,3,0,4,17,11,97,5,1,5,70,6,6,3,47,6,7,4,20,6,28,11,2,24,1,3,0,1,1,4,1,8,11,1,0,36,67,27,10,91,4,9,2,2,1,4,0,9,6,7,2,48,4,2,6,7,2,4,0,2,0,1,5,8,18,9,0,39
137,7,7,0,2,6,5,4,9,16,4,0,6,5,5,0,14,1,2,0,6,1,2,0,1,0,1,0,5,3,3,0,2,24,3,71,11,3,5,38,10,10,11,39,12,3,6,29,4,32,7,6,26,1,0,1,1,0,1,3,8,17,1,6,42,77,28,16,108,3,5,5,2,3,3,3,11,2,3,4,57,6,1,2,4,2,4,0,0,0,2,2,11,20,18,1,49
138,6,4,1,3,12,2,2,4,12,3,1,4,10,11,1,12,1,1,3,4,5,4,0,2,1,1,1,1,0,2,1,11,18,5,89,3,8,7,51,4,5,5,66,3,7,1,27,2,22,15,1,14,1,3,1,1,1,2,2,14,10,0,1,39,55,32,9,101,3,4,6,7,1,1,3,12,8,6,5,51,7,3,8,4,1,0,0,4,0,1,9,7,26,13,3,56
139,12,2,0,1,9,3,1,4,16,3,0,11,14,8,4,21,2,6,2,5,5,1,0,3,0,1,1,6,1,3,0,9,10,6,83,8,7,3,49,5,6,4,51,9,6,4,26,6,22,16,3,23,0,2,2,0,0,1,4,8,14,1,1,41,69,23,11,82,3,2,10,2,7,6,4,7,8,8,3,55,6,7,5,3,1,0,2,2,0,1,2,11,13,8,2,62
140,12,7,1,2,10,4,4,5,20,0,1,13,14,5,3,24,3,5,0,5,5,4,1,1,0,2,1,6,1,2,0,5,13,3,71,6,6,7,35,6,6,6,53,6,5,5,30,4,32,12,3,29,0,0,1,0,0,2,2,10,13,0,3,44,68,32,10,99,3,3,4,3,3,5,6,8,8,4,4,49,6,6,3,5,0,1,2,2,1,0,4,6,15,23,0,38
141,8,2,1,7,7,3,1,4,16,5,0,11,6,6,1,20,1,3,0,3,6,5,0,4,1,1,1,3,0,3,0,9,21,6,96,0,3,2,41,7,7,6,45,6,3,3,41,7,38,14,2,22,0,2,4,1,2,2,1,10,13,2,3,41,60,31,6,96,3,1,4,3,4,1,7,12,8,7,3,54,5,3,4,5,1,2,2,3,0,0,3,7,20,16,0,40
142,5,2,1,5,5,7,0,7,15,5,1,7,9,11,2,18,1,5,1,6,2,4,3,4,3,1,4,10,3,2,0,6,20,7,86,7,4,4,48,10,7,6,65,3,5,3,24,4,21,12,1,27,0,2,1,0,1,1,1,5,11,1,3,40,63,25,13,101,1,2,4,2,1,2,7,8,7,3,4,44,7,5,5,3,3,4,3,0,3,2,4,9,18,10,2,50
143,6,2,1,3,5,1,3,3,14,1,2,15,10,11,2,24,3,3,0,3,3,3,1,3,1,1,0,4,2,0,1,7,16,4,88,6,2,6,47,8,3,6,51,7,8,4,32,7,16,16,0,25,2,3,2,1,3,6,5,10,20,1,3,34,52,25,12,109,2,4,3,3,4,5,3,11,4,4,4,54,4,5,5,4,0,2,4,3,1,0,2,4,20,12,4,51
144,3,2,0,2,10,5,3,3,15,4,3,6,6,9,0,23,2,3,0,0,4,3,2,1,1,3,3,2,2,2,1,1,17,9,90,10,3,4,48,8,5,6,58,9,5,6,28,6,28,8,5,18,0,2,0,1,0,4,3,11,13,0,3,46,64,18,12,94,2,5,3,4,2,3,2,9,6,5,4,68,4,4,2,2,1,3,1,3,0,2,5,4,16,13,2,59
145,5,4,1,7,8,3,2,6,19,3,2,10,12,11,2,17,5,5,0,1,2,2,0,6,2,1,1,1,1,3,1,5,18,10,90,7,5,9,49,16,6,2,42,10,5,1,29,1,26,15,5,25,1,3,3,1,5,3,2,5,11,0,5,34,83,18,8,96,1,3,8,4,4,4,3,11,5,2,4,50,1,5,1,3,0,3,2,0,1,1,3,6,17,12,2,47
146,13,6,1,4,15,2,1,0,22,0,0,13,7,6,1,28,4,2,0,0,3,1,0,4,0,2,1,6,1,1,0,6,18,4,64,4,5,3,55,8,9,6,48,7,1,11,30,5,23,15,1,21,1,4,1,0,3,4,2,14,20,1,0,43,59,20,11,99,1,5,1,6,3,1,7,14,9,7,4,54,10,3,3,7,1,0,1,0,0,2,2,6,15,10,1,57
147,8,4,3,4,7,5,2,7,17,1,1,9,10,7,4,27,2,5,0,8,6,2,1,8,1,6,0,6,3,5,0,7,26,6,77,7,3,3,40,7,3,5,56,2,7,4,32,6,24,8,2,23,1,4,0,0,1,0,3,4,13,0,5,40,74,18,11,91,0,4,2,2,3,4,6,14,5,5,1,47,3,3,4,8,0,5,5,3,0,0,3,6,11,14,1,59
148,10,3,1,8,11,8,4,6,17,3,2,12,10,7,3,28,3,3,0,0,7,3,0,5,4,2,0,5,2,2,1,5,14,7,74,6,4,2,34,4,10,2,43,3,4,4,34,3,26,14,4,27,0,3,0,2,0,3,2,9,15,0,4,38,59,24,14,96,4,9,2,3,5,2,4,13,4,3,1,58,2,4,3,6,0,5,1,2,0,1,0,7,15,14,4,65
149,15,6,1,4,11,1,2,5,17,2,0,7,10,8,4,19,4,5,1,3,4,3,0,4,0,2,1,5,2,0,0,3,22,8,85,1,8,4,45,9,13,6,50,7,4,7,30,2,20,10,2,26,0,3,3,2,1,4,2,12,12,1,3,36,71,26,9,109,3,3,5,2,2,3,5,6,3,2,4,45,7,2,2,5,1,6,5,2,0,1,2,7,11,14,0,50
150,10,3,0,2,6,2,3,5,11,1,1,11,8,10,3,17,0,3,1,8,4,2,0,4,3,1,0,5,1,2,2,7,14,11,95,6,1,3,44,8,8,3,61,6,3,7,33,1,25,11,1,26,1,2,1,1,0,2,5,11,11,1,6,36,55,26,12,91,2,4,4,3,3,5,8,13,10,1,2,55,6,2,5,4,0,4,3,1,0,1,3,2,15,17,3,60
151,4,3,0,2,9,2,4,6,21,2,4,6,10,2,6,14,2,3,0,8,4,2,0,3,0,3,1,4,2,1,2,7,14,5,78,5,8,3,52,8,8,7,47,7,6,4,35,9,25,20,0,20,0,3,1,1,1,2,1,6,14,0,2,38,75,25,13,87,0,2,2,5,4,5,0,9,7,6,4,60,5,8,4,7,2,1,4,2,0,0,5,6,15,5,1,64
152,6,3,0,4,13,3,4,6,21,2,0,8,10,14,4,11,4,3,0,0,1,5,1,3,0,3,0,9,1,1,0,4,22,6,95,5,4,9,42,7,6,5,63,9,11,4,25,6,21,17,3,20,0,5,1,0,0,2,3,10,10,2,5,43,69,21,13,82,2,4,6,3,2,4,3,6,7,10,3,52,5,1,3,6,1,1,3,2,1,1,1,6,12,8,3,54
153,8,5,3,3,9,1,3,3,17,2,1,10,9,8,3,23,0,2,1,2,5,4,0,6,0,4,0,6,2,2,0,4,21,4,91,5,9,7,46,8,8,4,53,4,7,9,23,4,19,15,2,21,0,3,0,1,1,2,4,10,19,0,1,35,54,27,9,110,5,6,4,1,7,2,6,5,6,6,7,47,2,2,1,6,0,5,2,2,0,0,2,8,24,6,2,54
154,8,3,1,3,10,5,2,4,16,6,0,12,5,6,2,13,4,4,1,3,6,5,0,7,1,3,1,7,2,3,0,3,13,2,78,6,8,7,42,5,7,7,67,9,6,8,41,3,26,9,4,26,0,5,2,1,0,3,0,6,18,1,4,25,54,30,12,93,1,5,3,7,4,5,2,14,10,2,2,46,6,3,0,4,0,3,3,2,2,1,3,9,20,12,1,56
155,10,9,0,2,10,1,3,6,23,3,2,9,9,12,0,19,3,3,0,4,5,1,1,4,1,0,1,6,0,2,0,2,13,3,89,12,2,6,50,10,8,3,52,8,6,5,29,4,24,8,1,23,3,3,0,1,0,5,2,5,16,2,2,49,55,22,9,84,3,5,4,1,7,1,1,7,6,7,4,55,8,4,4,7,0,3,3,2,3,2,3,15,15,7,3,55
156,5,4,0,3,6,0,0,6,11,2,1,6,11,11,3,18,2,4,1,1,2,3,1,5,0,2,1,4,1,1,2,2,12,3,82,10,10,3,44,7,5,4,56,4,4,6,33,3,24,18,2,21,0,3,2,1,2,3,2,10,15,2,5,32,63,31,13,112,4,4,7,4,3,7,7,8,6,4,3,57,4,2,2,4,0,4,6,1,0,2,3,5,17,11,0,59
157,8,6,1,1,9,4,3,3,22,2,1,10,13,9,3,26,3,4,0,8,4,1,1,3,3,3,1,5,3,3,0,7,21,1,104,7,2,1,47,6,6,3,48,4,5,5,26,1,36,13,4,15,1,3,2,2,1,3,2,7,11,2,4,35,71,21,8,91,2,6,6,2,2,5,2,8,3,3,5,54,4,3,5,2,1,1,5,2,0,2,0,9,12,11,4,52
158,3,2,0,3,11,2,0,3,10,4,3,16,6,10,0,21,1,6,1,7,5,1,2,1,2,1,1,5,3,2,0,6,23,9,85,5,4,3,39,6,5,3,43,2,4,12,28,5,34,15,3,24,1,6,2,1,2,2,0,9,15,0,2,49,58,26,21,105,2,1,4,4,6,2,3,9,4,6,1,53,5,3,5,3,1,3,6,3,0,1,4,3,13,11,1,54
159,7,2,1,11,6,4,3,7,16,2,2,7,12,13,2,21,0,0,2,1,10,0,1,3,0,1,0,8,1,4,1,4,16,3,93,5,6,6,43,4,4,4,50,2,6,8,30,5,31,14,1,19,0,5,1,3,2,6,2,9,16,2,5,33,58,34,15,93,2,3,5,5,1,3,3,10,4,7,4,40,7,3,3,6,1,2,4,4,2,1,2,9,15,9,3,56
160,9,2,0,1,8,2,6,6,19,5,2,9,6,13,4,21,2,5,1,4,4,3,0,6,0,0,2,6,3,0,0,4,20,4,80,5,3,5,48,7,7,7,57,5,7,1,36,5,30,9,4,28,2,0,1,0,0,5,1,9,19,0,0,37,61,30,14,97,4,2,3,1,3,3,3,12,4,4,3,55,4,3,6,4,1,3,4,2,1,3,1,9,14,15,1,35
161,12,3,1,4,7,2,0,2,14,4,2,9,10,6,0,14,6,5,1,2,6,1,1,4,0,2,1,4,0,2,0,6,18,8,90,4,7,6,42,8,5,3,49,5,4,8,43,5,31,17,4,24,0,0,0,1,0,3,2,4,14,1,2,29,71,26,9,99,1,2,8,4,3,6,1,16,6,5,1,56,6,3,2,5,0,6,2,1,1,2,4,6,20,13,2,45
162,11,5,2,4,11,7,1,4,15,2,1,9,9,4,3,16,0,1,2,5,9,3,1,4,0,1,1,6,0,0,0,4,19,6,82,8,6,4,43,8,9,3,49,6,8,7,31,4,20,11,0,32,1,2,4,1,1,3,3,5,11,1,3,35,73,27,12,92,0,1,3,8,1,2,6,6,10,6,6,67,7,2,2,10,0,1,5,0,0,2,3,7,16,4,2,52
163,8,3,0,2,12,2,3,4,19,3,2,14,8,6,5,16,1,3,0,5,5,2,0,3,2,0,0,7,1,2,0,2,14,8,65,6,5,2,38,9,4,2,70,7,5,10,33,4,23,17,3,22,0,0,3,2,1,4,2,13,7,3,4,49,69,32,4,85,3,2,3,2,7,3,6,3,5,5,7,67,6,4,5,2,0,1,2,4,1,1,1,12,17,11,3,52
164,9,8,1,4,6,2,4,8,12,4,1,9,9,6,3,22,3,3,2,7,2,2,2,3,0,3,1,4,2,2,0,4,19,3,87,9,10,4,32,2,6,4,58,9,5,3,33,2,27,15,5,24,0,4,0,0,1,1,3,9,15,1,1,37,63,25,14,96,3,5,6,0,0,3,3,10,8,2,6,67,2,1,9,5,1,1,1,2,0,3,1,5,16,9,2,54
165,3,8,1,2,8,3,4,4,15,4,1,9,11,10,7,19,1,3,0,8,4,7,2,5,0,0,2,7,2,0,0,4,24,4,85,11,5,6,37,8,11,6,37,4,5,2,35,1,25,15,4,21,1,3,0,2,2,3,4,6,19,1,1,31,74,25,6,75,1,6,7,1,3,2,5,8,9,6,5,63,3,5,3,7,0,3,4,0,0,1,6,6,24,10,1,58
166,8,5,1,3,4,1,3,7,12,3,0,15,7,11,5,23,5,5,1,4,4,2,1,4,3,2,0,6,3,4,0,6,16,2,87,6,2,4,41,8,8,4,53,4,4,6,26,2,22,17,1,21,0,3,1,2,0,7,8,9,21,2,4,51,62,21,7,101,5,2,6,3,2,5,3,4,6,6,3,53,1,1,5,8,1,4,3,3,0,0,0,6,19,7,2,51
167,6,2,2,6,8,5,0,5,12,10,1,10,7,9,1,15,1,5,0,3,5,4,0,0,3,0,0,6,1,1,1,5,16,1,80,8,8,5,39,8,9,5,41,5,4,6,35,3,26,15,4,20,2,2,1,2,1,2,5,10,22,0,4,47,52,35,8,106,2,5,6,1,3,5,3,10,5,4,2,58,8,5,0,9,0,0,3,1,0,1,3,7,14,9,1,64
168,5,6,0,7,6,7,4,4,18,1,1,12,14,5,2,23,2,5,0,2,2,5,0,8,0,0,1,2,0,1,2,7,21,3,80,8,7,3,41,6,6,7,50,6,7,0,25,6,31,15,1,26,1,8,0,0,0,3,1,12,10,2,3,34,58,26,13,99,5,5,4,1,3,2,2,4,5,7,2,54,4,5,4,13,1,1,5,2,0,3,6,5,13,15,1,57
169,11,2,0,3,11,5,3,5,20,3,1,6,7,4,3,20,2,4,1,4,3,4,2,8,0,1,2,5,2,2,1,2,16,5,61,4,6,2,47,10,4,6,51,3,9,7,30,5,20,10,0,16,0,2,1,2,1,5,4,16,19,1,2,50,71,33,11,79,1,3,4,1,4,7,5,5,5,3,8,55,10,4,4,10,1,2,3,0,0,1,5,7,25,12,0,59
170,9,1,1,2,11,6,1,6,18,4,3,10,11,6,1,11,1,7,0,6,0,7,1,4,1,0,1,6,0,1,2,5,15,5,85,10,5,7,43,11,1,4,48,5,8,8,21,8,31,15,1,17,1,3,0,0,2,5,1,8,9,1,0,38,71,16,16,101,2,4,3,4,3,7,5,7,6,3,2,56,5,2,6,2,2,2,8,2,1,1,3,10,16,9,1,65
171,2,2,2,5,9,3,1,3,17,4,2,9,10,9,1,15,3,3,1,5,2,4,0,2,0,3,2,1,1,2,0,7,15,5,90,13,7,3,49,8,4,3,55,4,3,7,34,3,22,17,3,24,1,5,2,1,3,2,3,7,13,3,3,41,56,25,15,101,1,3,5,4,4,3,2,11,5,3,6,55,3,4,3,5,0,3,2,2,0,1,6,6,9,16,3,55
172,6,6,0,6,9,1,2,3,15,0,1,9,12,7,4,23,0,1,0,3,3,1,0,5,0,2,0,3,1,2,1,8,16,9,75,5,4,5,43,9,5,4,58,2,2,8,34,5,33,14,3,22,2,1,0,0,2,5,2,11,12,0,2,60,67,25,8,91,0,6,2,4,2,5,4,13,6,7,1,61,5,3,3,7,1,0,2,1,0,0,2,5,18,11,1,52
173,4,3,1,11,4,4,4,6,19,4,5,8,11,11,0,25,3,5,0,4,6,3,1,4,1,2,0,6,2,2,2,3,11,4,84,3,6,6,33,7,5,2,53,5,4,4,24,6,21,17,5,24,1,6,0,0,0,0,5,9,14,4,2,48,66,31,8,106,2,1,4,2,2,5,4,8,5,6,3,46,9,3,8,2,0,1,1,0,1,2,5,6,12,14,3,57
174,6,5,0,5,9,4,1,6,17,3,2,8,9,15,0,31,3,6,1,4,4,2,2,2,0,4,0,5,1,1,0,5,15,4,68,4,3,0,50,6,6,11,48,6,7,5,23,5,23,14,0,28,0,0,2,2,1,5,3,8,11,1,4,33,72,33,16,94,4,4,3,3,3,5,10,10,4,6,2,61,5,1,5,6,0,0,3,0,1,3,2,11,13,11,2,50
175,3,5,3,5,9,2,2,4,15,3,3,8,13,10,1,19,1,5,1,3,4,3,0,2,0,2,2,4,2,4,0,6,9,3,92,6,3,3,44,9,7,3,55,7,5,6,32,3,32,14,4,21,0,0,0,1,1,2,3,8,19,3,3,46,55,19,19,96,0,1,4,3,1,5,4,13,5,5,4,50,7,5,3,6,0,3,6,1,0,2,3,3,19,8,2,60
176,6,7,1,5,10,5,2,1,25,2,0,9,10,3,1,19,2,1,2,6,3,2,2,3,1,1,1,5,3,1,2,4,20,9,87,8,6,9,45,4,7,1,46,7,4,5,33,6,24,13,5,22,0,2,1,1,1,5,3,8,16,2,5,40,63,21,16,95,2,1,4,3,6,3,3,10,1,4,4,48,6,3,7,0,0,4,0,5,0,1,4,7,16,7,5,61
177,9,1,0,6,13,5,0,0,16,2,4,10,15,14,4,16,4,4,2,4,2,1,0,4,1,3,4,7,3,1,1,5,13,4,89,3,7,1,37,7,11,6,39,7,6,6,26,5,34,12,1,25,2,0,1,4,0,5,2,10,21,2,4,39,55,35,11,102,2,8,4,6,5,5,3,11,4,4,0,55,5,1,3,2,0,2,1,0,0,1,1,5,15,10,1,53
178,6,5,0,6,6,4,1,8,21,5,1,11,10,10,3,20,1,6,0,3,4,2,1,4,0,1,1,7,2,2,1,6,19,6,94,5,5,4,53,5,0,4,55,8,7,4,31,1,24,12,6,13,1,4,1,1,3,4,5,9,16,1,5,43,47,33,8,108,2,5,8,5,5,1,6,7,4,2,4,47,1,2,3,4,0,1,5,1,0,1,3,6,15,11,1,47
179,8,6,1,2,5,2,1,6,21,2,0,13,8,10,3,16,2,3,1,4,4,1,0,4,3,1,0,2,4,0,2,3,16,5,83,10,7,2,37,8,8,3,49,7,7,10,29,3,22,22,0,37,1,1,0,1,0,6,3,10,11,3,5,48,70,28,12,87,2,1,2,3,3,2,3,9,8,4,2,52,4,2,1,8,0,5,8,1,0,2,2,9,11,9,2,56
180,12,4,0,6,7,2,4,6,16,2,0,9,9,4,2,21,5,4,0,4,2,2,2,4,2,0,1,9,3,1,1,8,13,3,96,5,4,5,36,7,4,1,68,10,7,4,32,5,26,14,2,21,2,3,1,1,0,7,5,5,21,1,0,36,60,18,12,88,1,6,1,3,4,4,5,9,8,10,5,53,8,2,2,2,1,5,0,2,0,2,3,6,19,11,2,51
181,8,4,3,5,9,5,2,2,17,4,2,11,8,4,1,19,4,5,0,3,7,3,0,4,4,1,2,7,1,5,2,12,15,4,97,10,3,4,52,4,4,4,65,4,2,4,22,6,22,10,3,25,1,3,0,0,0,0,4,6,21,0,3,37,64,22,10,89,2,7,2,2,3,4,3,10,10,6,2,46,5,3,2,6,0,2,3,2,1,2,6,5,19,11,0,52
182,7,8,0,8,8,3,1,3,15,3,2,9,6,7,0,19,5,10,2,4,3,0,2,2,0,0,3,7,4,2,0,3,24,5,94,5,5,5,42,7,7,3,55,6,5,5,36,3,22,10,4,23,0,3,1,0,0,3,1,6,12,0,5,46,65,26,11,94,2,4,1,2,1,2,6,17,8,3,2,52,4,3,1,5,1,2,1,2,1,3,5,7,18,9,1,52
183,8,6,2,4,8,1,1,4,14,4,1,9,5,6,1,15,2,0,0,6,3,3,2,5,1,3,4,3,3,1,1,8,29,7,72,7,13,8,44,7,5,5,54,7,7,4,32,6,29,18,2,18,0,7,0,1,3,3,2,7,15,1,1,42,59,20,12,88,0,3,1,2,4,4,2,8,9,5,3,52,10,6,5,3,0,4,3,2,1,1,4,6,20,14,3,56
184,9,7,0,5,9,2,0,5,18,3,0,11,5,4,0,29,1,2,0,8,4,2,0,4,1,1,0,3,0,1,0,6,22,7,79,9,3,3,40,8,7,5,51,3,2,3,34,6,30,9,0,15,1,4,2,2,2,4,5,9,16,3,6,45,73,23,15,95,3,4,7,3,2,5,7,12,5,4,3,53,1,1,5,3,0,1,2,4,1,3,1,7,17,6,2,57
185,5,3,0,4,9,4,5,7,11,8,0,10,6,4,3,22,0,2,2,4,10,6,0,2,0,1,2,3,1,6,1,5,12,11,82,6,8,3,47,4,8,0,50,1,6,10,36,3,23,11,6,21,0,5,1,2,1,5,0,8,18,2,2,45,64,25,12,100,2,8,3,3,2,3,4,10,6,8,3,48,3,5,3,2,1,3,0,2,0,2,6,8,15,9,0,57
186,4,4,1,3,7,1,3,5,13,6,2,6,5,6,2,27,1,4,0,3,5,1,1,4,0,2,0,5,2,3,2,2,14,6,101,4,3,7,37,4,4,2,58,5,9,4,32,3,25,11,3,18,2,4,2,3,1,6,2,10,14,1,5,44,63,23,12,108,1,0,6,4,2,2,3,14,2,2,0,55,4,4,4,5,0,2,2,1,1,0,4,7,19,18,3,55
187,11,3,0,9,10,5,3,2,18,2,1,5,4,9,2,21,3,4,0,6,4,5,1,3,2,0,0,6,1,5,2,6,19,5,74,9,9,7,51,7,3,6,56,5,9,2,33,5,21,12,4,18,0,6,0,3,3,4,0,8,11,0,4,48,61,42,4,86,4,6,5,3,3,2,3,11,5,2,1,48,3,2,3,4,1,5,2,4,0,3,3,5,8,12,2,62
188,6,2,0,3,12,3,1,4,18,3,3,6,11,12,3,31,3,2,0,4,4,3,1,5,1,1,0,5,0,1,0,3,18,7,72,9,5,4,53,8,4,4,38,5,5,6,17,3,24,20,4,25,0,1,2,0,1,2,3,8,21,0,4,42,63,31,13,100,4,2,5,6,4,5,7,10,5,1,2,55,6,3,5,7,0,2,3,3,2,1,3,8,13,14,2,49
189,12,2,1,5,12,3,2,4,16,2,4,9,6,6,4,21,2,6,1,1,2,3,0,4,5,5,1,6,2,1,0,4,10,2,102,5,5,4,47,8,6,1,56,2,9,3,33,4,26,13,3,33,0,2,0,1,1,4,2,14,16,0,2,34,50,28,9,95,2,3,7,3,3,3,4,8,8,2,1,62,4,5,0,5,1,1,2,2,0,0,2,8,18,11,3,50
190,12,3,1,5,6,1,2,5,20,3,2,12,9,6,1,20,4,6,0,5,4,7,2,5,0,1,0,5,5,2,0,3,19,7,89,5,6,7,45,7,5,8,43,4,4,8,34,6,29,12,5,24,1,2,1,2,0,2,3,6,11,2,3,45,72,21,9,101,3,7,4,4,5,2,4,15,6,7,5,32,5,0,3,7,1,3,4,2,0,1,2,3,9,9,2,50
191,3,4,0,3,8,2,2,4,20,2,1,6,6,11,2,19,1,3,0,4,3,3,1,4,1,3,2,2,1,1,2,5,18,8,100,3,10,5,33,9,6,4,45,10,6,3,21,6,16,19,2,21,1,3,6,0,0,3,2,8,19,0,4,36,59,26,8,109,5,5,6,4,2,8,3,10,7,3,0,56,5,2,4,5,1,2,1,3,0,0,5,6,18,14,1,66
192,9,5,1,4,6,3,0,7,14,4,2,10,8,4,2,14,2,8,0,7,1,1,1,4,0,3,0,5,0,1,2,7,22,2,97,7,2,1,62,5,9,3,53,2,5,10,33,5,19,14,2,19,1,4,5,2,1,4,2,10,9,1,0,35,62,29,10,95,1,3,4,3,2,2,6,16,6,2,5,51,5,4,2,1,0,1,2,0,1,0,0,4,17,22,1,62
193,11,1,1,9,8,4,2,4,18,4,2,15,10,6,4,21,5,5,0,8,7,3,2,3,1,1,0,5,3,2,0,2,15,4,84,7,4,2,39,7,7,7,55,2,5,6,38,4,23,9,1,25,0,3,1,0,3,3,5,3,17,1,3,26,62,27,9,105,3,4,4,2,2,4,5,9,5,6,1,42,7,4,4,5,1,1,6,0,0,1,2,10,20,12,2,59
194,9,5,0,5,8,4,3,4,18,7,0,11,7,5,3,15,3,5,1,4,3,2,1,3,0,1,0,3,4,1,0,7,21,9,94,13,7,5,51,8,4,4,47,7,4,5,40,3,22,12,2,22,1,1,0,1,0,3,1,7,19,0,2,46,59,22,7,93,2,5,4,4,4,4,4,10,8,4,2,56,7,8,1,5,0,1,1,1,2,1,7,8,17,5,2,43
195,4,6,0,3,14,5,2,3,16,3,0,8,7,3,1,20,2,6,2,5,3,4,3,4,0,1,0,7,2,2,1,4,12,8,85,7,8,7,46,8,13,3,52,9,7,4,29,7,30,9,3,25,0,2,4,4,1,6,2,6,15,2,1,34,60,27,13,95,1,2,4,5,4,6,3,8,3,6,0,55,4,3,2,2,1,1,4,4,0,2,4,4,20,10,3,54
196,13,5,0,2,14,2,4,3,17,4,2,11,9,5,3,24,0,1,0,4,3,2,0,3,1,1,0,6,2,0,0,7,19,6,78,5,9,5,52,6,9,6,48,6,4,5,28,5,32,15,4,28,1,3,0,0,0,2,2,11,14,2,3,32,70,20,12,107,1,4,1,6,4,3,4,6,4,2,3,50,8,2,2,4,1,1,3,3,0,0,3,3,16,16,2,51
197,6,2,1,8,10,2,1,4,17,1,1,5,11,5,6,25,1,4,0,5,2,5,0,2,1,2,0,3,5,2,1,6,20,5,83,8,5,2,59,6,9,4,52,4,2,8,34,2,34,16,2,25,0,4,0,1,1,1,3,6,13,1,3,34,64,26,8,90,3,5,3,6,6,2,5,9,4,3,2,55,4,3,5,4,1,1,2,0,0,1,1,5,21,10,2,58
198,6,2,0,4,13,2,2,4,21,4,3,11,9,9,2,21,1,5,0,7,4,1,2,1,1,0,1,4,2,1,0,5,16,2,79,5,7,4,38,8,7,4,38,5,2,4,31,7,26,11,2,22,1,3,1,2,0,6,2,9,23,1,8,52,61,17,9,89,2,5,7,6,4,6,9,5,7,6,3,50,8,0,3,8,1,2,2,2,1,0,4,9,18,12,0,70
199,6,0,0,7,7,6,2,5,16,2,1,12,9,11,2,15,0,10,0,2,4,1,1,2,1,2,1,5,3,1,0,7,11,7,72,8,9,4,47,5,10,7,54,6,4,5,36,8,32,16,3,19,1,3,5,4,1,5,4,4,17,3,0,48,69,23,12,80,2,4,2,4,3,4,4,7,3,2,2,61,5,3,4,3,0,1,3,4,0,1,4,6,20,13,0,52
200,10,2,2,5,6,3,1,1,18,2,2,10,9,8,1,18,2,4,1,4,3,3,2,0,2,8,0,9,0,6,1,5,23,7,78,5,10,3,37,8,5,3,56,5,6,8,31,2,18,9,3,31,0,3,0,0,0,2,4,7,13,2,3,36,65,25,17,93,1,3,5,3,1,6,4,14,6,4,8,61,3,3,3,2,0,4,4,3,1,1,2,7,16,8,2,59
201,5,5,0,3,8,2,2,6,23,4,2,10,13,8,0,22,2,3,0,4,3,2,1,5,2,1,0,5,3,1,0,3,16,6,90,8,4,4,48,10,12,2,47,8,6,2,37,6,23,21,2,24,2,5,3,1,0,2,3,7,15,1,1,32,79,25,8,86,2,3,0,2,1,2,6,11,3,6,3,55,5,4,2,9,0,0,3,2,0,2,4,7,18,12,2,42
202,6,7,1,9,13,4,1,7,18,2,1,12,8,9,2,28,3,6,1,6,6,4,0,5,2,1,0,10,3,4,2,9,15,2,106,4,6,2,38,2,6,6,50,8,7,8,28,2,27,7,2,26,0,2,2,0,0,4,1,7,16,0,3,44,71,21,9,93,2,1,3,5,1,1,0,6,4,2,6,36,3,2,2,4,0,3,0,2,0,1,3,4,16,12,0,66
203,5,4,1,9,6,0,2,5,20,5,0,14,12,13,4,17,2,6,1,9,3,1,0,2,1,0,1,7,2,0,2,2,21,10,77,8,4,8,41,8,6,6,36,3,8,5,28,3,20,11,2,20,1,2,2,0,4,2,5,13,21,1,3,37,56,31,14,98,3,7,6,3,4,5,11,10,5,4,3,47,6,1,5,6,0,0,1,1,0,2,4,6,12,13,2,62
204,9,3,0,6,9,2,0,7,18,5,0,10,10,8,5,26,2,2,0,9,4,1,2,7,1,0,0,7,1,4,0,8,23,2,85,6,3,4,49,18,5,7,59,4,5,2,26,4,16,14,1,28,0,3,3,1,1,3,5,4,16,1,5,44,48,21,9,99,2,4,7,1,4,4,3,7,6,7,2,46,4,5,4,4,1,1,3,3,4,1,2,6,13,14,0,52
205,6,5,0,4,10,2,3,8,12,3,2,11,10,12,2,18,3,3,0,2,2,5,2,1,1,1,1,4,0,1,1,5,28,5,90,4,7,8,46,8,3,3,58,6,4,8,41,1,32,14,1,24,0,3,0,1,1,4,7,10,15,2,1,35,67,23,13,71,3,1,6,5,3,3,2,5,7,3,1,58,4,3,2,8,0,2,3,2,0,0,2,6,23,14,2,48
206,9,5,0,7,9,3,5,5,16,4,2,9,10,4,1,18,1,2,1,5,4,3,0,8,1,3,1,8,4,1,1,2,17,4,98,8,6,3,34,3,4,7,50,6,10,4,27,10,35,9,3,17,1,4,0,1,1,4,3,5,11,1,4,50,58,31,13,79,3,5,5,2,2,3,2,6,5,1,6,50,8,3,4,5,0,1,3,1,1,2,3,13,23,7,5,58
207,6,9,1,5,12,5,2,2,22,0,2,12,6,9,0,25,5,1,3,1,4,3,1,9,1,2,0,0,2,5,1,8,19,8,76,7,4,6,48,7,8,8,48,7,7,4,32,5,21,11,7,25,2,3,0,1,2,2,2,10,16,0,1,32,58,21,9,104,2,0,4,6,1,2,6,11,3,1,3,57,6,1,1,3,0,3,2,3,0,1,1,4,20,21,2,51
208,4,6,1,5,6,1,4,3,13,4,1,11,12,7,1,23,2,1,0,3,3,0,2,0,0,4,1,7,3,0,0,11,20,0,93,7,8,4,54,16,3,2,47,9,2,2,35,5,24,7,5,22,0,0,1,2,0,4,2,8,11,2,3,34,81,23,11,91,2,7,3,3,3,0,1,14,5,5,4,53,3,1,3,6,0,4,4,2,0,2,5,10,18,9,2,54
209,16,1,2,8,12,2,0,4,23,7,4,8,9,8,2,16,2,2,1,6,6,2,0,7,2,1,1,7,3,2,1,3,13,6,86,11,3,5,38,4,14,4,50,6,6,5,24,2,38,13,2,24,0,0,2,0,1,6,1,5,15,0,0,34,57,22,8,76,2,1,4,2,5,5,9,13,6,3,8,58,5,3,1,7,1,1,4,1,1,1,3,9,23,13,1,61
210,7,2,1,7,15,4,2,5,17,3,6,6,11,9,1,18,4,1,0,4,2,4,0,10,1,4,0,7,1,2,0,1,13,2,71,9,8,3,50,12,6,6,56,5,6,9,21,5,39,16,4,23,1,3,2,1,0,3,2,9,10,1,1,32,57,36,10,110,3,4,5,3,6,4,3,7,3,6,1,51,1,3,2,3,0,2,0,2,0,1,2,13,13,16,2,47
211,5,5,1,2,7,3,0,4,25,1,1,5,8,9,2,18,1,3,1,3,3,2,0,5,2,1,0,5,2,2,2,8,15,8,92,10,6,9,42,7,3,7,51,5,4,8,39,8,27,15,5,21,3,2,1,1,0,0,4,2,10,3,2,29,67,29,9,103,3,1,6,2,4,2,4,9,7,2,5,48,6,3,3,6,0,3,1,5,0,3,1,4,12,12,1,64
212,7,4,0,4,16,5,2,7,22,1,4,9,6,7,1,16,3,5,1,7,1,0,1,3,1,3,0,6,1,1,1,4,21,9,104,7,2,5,52,11,6,3,47,9,3,5,25,3,23,18,5,26,2,1,0,2,1,5,3,12,11,0,2,33,61,22,8,89,2,6,1,5,3,6,2,9,6,3,5,61,8,0,3,7,0,2,5,1,1,2,3,5,16,9,1,43
213,8,6,0,3,4,4,5,5,19,1,1,8,12,8,0,19,4,5,2,4,6,3,0,7,2,3,0,8,2,3,2,9,24,3,78,7,3,4,44,7,6,10,46,3,4,4,24,3,30,12,3,35,2,3,2,0,0,4,2,10,22,1,1,33,54,23,11,89,3,4,4,3,4,3,6,11,5,4,4,56,5,4,4,4,1,1,3,1,2,0,3,8,19,11,2,55
214,9,2,0,4,14,0,1,8,18,4,1,8,8,11,2,31,1,6,0,3,1,6,2,2,0,1,0,5,1,2,0,5,17,5,82,12,4,4,41,6,6,8,38,4,7,8,29,2,20,15,6,21,1,3,3,1,0,4,5,6,16,2,1,35,73,23,15,102,3,5,4,3,6,2,1,4,6,7,1,61,1,4,1,7,0,4,2,3,1,1,5,4,14,13,2,54
215,4,5,0,4,14,3,0,6,17,2,2,5,12,12,1,23,4,5,0,5,4,1,0,4,1,2,1,6,1,4,0,5,18,5,85,6,4,2,36,9,7,3,46,3,5,6,30,5,31,8,6,17,3,3,2,2,2,4,2,11,9,1,3,36,68,30,14,88,2,4,5,4,2,2,2,7,6,4,3,62,6,5,2,4,2,1,3,2,1,1,2,10,23,13,1,58
216,15,1,2,4,14,1,2,6,19,6,2,7,7,7,5,24,1,4,0,1,2,4,1,3,2,1,0,3,1,1,3,5,27,7,72,12,8,7,33,5,5,10,54,3,5,2,37,7,22,13,0,19,2,2,1,0,0,6,3,10,11,1,3,37,61,27,5,94,0,3,7,1,4,5,5,8,11,12,4,51,7,4,0,3,1,1,3,1,0,2,4,10,14,15,1,58
217,5,3,1,4,7,5,0,3,12,2,2,8,17,7,1,26,2,3,0,2,2,3,2,5,2,4,0,3,2,3,0,8,14,4,79,6,6,2,48,5,5,9,51,4,10,3,28,5,28,14,5,22,0,1,2,1,2,6,2,9,9,0,6,43,73,19,12,88,3,5,6,3,6,1,5,12,3,6,4,51,8,8,5,5,0,1,2,2,0,1,2,7,16,17,1,55
218,8,4,1,5,7,3,1,7,16,5,3,12,1,8,3,15,1,5,3,6,5,7,0,4,1,3,1,3,1,2,0,5,18,4,68,9,8,6,40,6,6,7,54,7,6,9,42,4,17,6,4,28,3,5,0,1,1,2,1,3,16,2,1,46,68,30,7,92,4,1,3,3,2,5,1,7,7,5,4,63,5,2,2,4,0,3,3,2,0,0,3,5,23,11,0,59
219,5,2,1,7,10,4,1,7,23,2,5,8,5,4,2,21,2,2,0,3,3,1,1,4,0,2,0,5,1,3,0,3,24,3,77,6,3,6,45,12,3,6,50,9,4,7,25,3,17,16,1,26,0,2,0,2,0,4,1,15,13,2,3,44,63,31,12,91,2,3,6,2,4,6,5,10,1,3,0,64,2,1,5,1,1,2,5,2,1,1,1,6,16,18,1,68
220,8,4,2,1,4,3,1,3,25,3,2,11,3,15,3,15,2,5,0,5,7,3,4,1,1,1,1,6,5,4,2,3,20,2,93,8,4,3,42,5,12,4,51,9,5,5,22,6,34,8,2,23,1,3,0,0,0,6,3,8,16,0,3,34,70,26,11,91,4,1,6,3,3,5,3,12,3,1,3,59,2,3,2,2,0,2,3,3,1,3,4,7,14,15,1,52
221,6,2,0,5,9,5,3,8,18,4,2,11,7,9,2,23,4,3,1,3,4,3,4,4,2,0,1,2,2,1,0,9,19,8,78,9,3,4,55,8,3,7,52,7,7,11,34,4,27,10,4,16,0,3,1,1,0,0,2,7,14,3,2,31,52,22,9,103,4,5,3,3,2,5,8,6,5,5,11,50,5,4,7,3,1,2,1,2,1,1,8,6,12,8,2,57
222,7,4,2,2,9,1,3,5,22,6,0,16,6,10,4,22,0,4,0,7,3,3,2,3,2,1,5,2,2,1,0,5,19,4,83,9,6,9,52,8,2,5,49,7,5,6,38,8,27,9,1,22,3,7,0,0,0,4,1,5,15,1,1,33,65,28,7,88,6,4,9,3,3,5,2,10,4,4,0,40,5,5,1,5,3,1,3,1,1,0,1,4,14,15,2,63
223,11,5,0,3,14,1,3,4,14,3,3,7,6,9,2,12,2,7,1,5,4,3,0,1,2,1,1,4,6,0,1,5,18,2,90,5,3,9,51,6,2,3,66,6,9,5,25,3,27,19,5,27,2,4,1,0,0,7,1,12,10,1,6,32,57,32,11,87,2,2,2,4,3,6,5,11,6,3,3,48,5,2,1,6,1,2,1,1,0,1,3,6,18,14,0,60
224,11,2,0,2,7,1,2,7,22,2,2,11,6,11,1,23,2,6,0,1,3,1,3,6,1,1,0,5,1,0,2,8,14,5,93,5,4,8,47,6,4,7,56,6,4,2,32,5,20,20,2,27,1,2,2,0,0,4,1,15,6,0,1,43,57,32,13,103,1,5,0,3,4,4,3,13,11,4,4,57,7,3,2,3,0,1,2,2,1,3,5,4,13,12,1,35
225,6,5,0,7,16,2,3,5,19,1,2,6,7,7,3,18,1,4,0,4,7,2,1,6,1,0,0,5,0,3,1,5,15,7,87,7,3,4,36,2,6,5,43,5,6,6,36,6,31,16,2,21,0,3,1,0,0,3,4,13,17,1,6,42,69,25,18,80,1,9,7,4,5,4,5,13,5,7,1,49,5,5,4,5,1,2,1,2,0,0,3,4,10,14,2,59
226,6,3,0,6,9,7,0,1,15,4,1,19,8,5,3,22,7,4,0,3,7,4,4,2,1,2,1,4,0,0,2,3,18,8,67,4,8,6,49,7,9,4,44,11,5,10,37,6,27,9,1,17,1,4,1,2,0,2,0,9,15,0,3,49,56,28,6,94,4,4,4,2,5,2,6,16,9,7,2,50,5,3,2,2,0,1,4,1,0,2,5,3,18,14,0,59
227,6,4,0,7,10,7,0,4,19,6,0,7,9,3,0,22,0,12,1,7,1,0,0,1,1,1,1,4,3,1,1,8,21,6,59,11,8,4,36,10,7,3,49,3,8,6,34,5,19,18,4,19,0,1,4,0,1,4,3,8,16,1,2,41,59,24,10,112,4,3,2,1,4,6,2,8,10,6,3,61,6,5,2,2,0,5,4,5,0,1,0,5,20,11,1,61
228,11,3,0,8,6,3,1,6,13,3,1,11,5,7,1,19,3,5,1,7,3,2,2,6,2,3,2,5,4,2,1,9,11,5,92,5,6,3,47,6,6,5,46,5,10,3,27,4,26,21,4,17,0,5,3,1,3,2,3,9,9,1,4,53,68,28,12,98,1,0,1,3,1,5,3,8,4,4,2,56,4,1,2,7,0,3,1,1,0,1,5,8,16,5,1,54
229,7,2,0,1,10,8,2,12,19,3,0,9,9,9,4,6,2,7,0,6,1,5,1,4,1,1,1,5,3,1,1,6,16,7,73,2,5,10,44,7,8,7,49,3,5,7,28,5,20,17,1,32,1,3,0,1,0,4,3,5,16,1,1,46,58,29,7,107,3,2,3,5,4,9,6,5,4,4,3,55,5,1,1,3,1,5,1,6,2,0,1,8,13,15,0,61
230,11,0,1,3,5,4,4,3,15,3,1,11,1,7,1,16,7,7,0,3,5,1,0,5,1,4,1,5,2,4,1,7,14,4,83,2,9,4,41,10,6,4,61,7,5,10,31,3,33,16,5,22,0,2,2,0,0,1,3,12,15,1,2,48,63,16,4,90,4,5,7,2,3,2,3,13,6,5,1,46,10,4,1,4,0,4,3,4,0,1,5,9,17,13,2,58
231,6,5,0,5,4,2,1,7,17,2,0,8,10,8,1,22,5,2,1,4,1,2,3,2,1,3,2,4,0,2,1,3,17,5,68,10,4,4,41,10,2,6,53,7,7,4,25,6,20,13,1,24,0,0,0,3,1,4,3,6,9,2,5,40,71,27,14,114,3,2,4,7,1,1,5,10,5,3,5,69,4,3,2,3,1,0,2,5,0,3,2,5,18,11,5,61
232,6,4,1,8,11,4,2,6,19,3,1,8,12,10,0,15,2,3,0,7,6,9,1,3,2,4,1,3,3,2,0,4,20,4,66,12,5,2,34,12,12,3,43,2,8,6,26,2,19,10,3,32,2,3,0,0,0,0,2,5,13,1,5,54,62,33,15,85,1,3,6,5,2,6,5,9,5,5,3,59,7,4,1,5,3,4,4,2,3,2,4,4,12,8,2,65
233,8,5,1,3,12,7,2,5,19,1,1,5,11,4,1,16,3,4,1,6,4,2,1,5,0,4,0,4,3,2,3,5,25,3,83,7,5,7,43,7,5,6,50,7,6,4,25,4,26,20,2,23,1,0,0,0,1,6,1,9,20,0,2,40,50,42,7,98,3,5,6,2,3,6,3,15,4,7,4,42,4,3,5,7,0,4,0,1,1,1,3,10,14,14,1,49
234,8,2,2,3,12,9,2,4,25,5,0,11,8,12,1,22,0,1,0,7,2,6,1,5,0,2,1,5,3,2,0,0,18,3,76,10,4,2,42,9,7,1,56,4,2,5,32,1,28,16,2,27,0,2,3,0,0,6,1,8,23,0,1,34,66,34,11,93,2,4,7,2,1,4,2,6,4,4,3,54,3,4,4,6,0,0,1,1,0,1,8,5,27,14,1,44
235,16,2,1,6,8,4,3,3,23,1,2,8,9,7,2,19,2,1,0,9,8,2,0,3,1,1,1,4,2,3,1,8,18,2,82,11,6,5,42,7,3,6,51,9,8,8,26,4,22,13,1,14,1,3,1,1,1,2,1,11,17,1,8,41,61,20,15,97,0,7,6,5,3,2,2,9,11,3,5,45,7,3,3,3,1,2,5,4,0,3,5,6,11,13,1,56
236,7,3,0,3,9,5,0,5,23,7,1,14,9,9,0,18,1,2,1,3,2,2,0,3,2,2,2,5,1,0,2,5,18,4,85,5,6,5,33,11,9,3,42,8,2,9,35,1,17,16,4,28,1,3,0,1,0,3,3,10,10,1,2,54,80,25,5,99,3,0,6,4,2,9,3,10,6,3,2,57,2,3,7,3,0,1,2,4,2,2,1,12,11,8,2,51
237,9,8,0,1,12,4,3,4,14,3,3,5,10,9,1,17,4,6,0,5,4,2,2,3,0,0,0,5,3,2,0,2,30,2,98,11,6,4,35,7,4,5,34,3,5,7,30,0,27,19,3,34,1,1,0,2,0,6,1,8,11,1,1,38,64,24,12,106,4,4,5,3,4,5,4,6,8,7,2,47,4,1,3,5,0,1,1,2,0,1,3,9,20,12,3,55
238,11,4,1,8,6,4,1,5,11,6,2,8,8,9,3,22,3,4,2,7,4,1,0,4,4,3,2,7,3,3,2,9,13,8,82,9,1,4,31,3,9,5,42,4,10,7,31,1,24,20,3,15,1,7,0,3,1,4,2,6,15,2,5,37,52,23,11,109,2,7,5,1,4,4,5,16,3,6,1,53,2,2,2,3,0,3,4,3,0,0,2,10,14,15,1,65
239,5,5,1,7,10,2,3,5,18,5,2,12,5,10,2,35,2,3,0,8,3,2,0,2,0,2,0,1,2,3,0,5,16,4,65,7,5,2,52,11,8,4,41,10,7,6,28,5,27,11,2,20,1,6,1,0,0,3,2,9,13,2,3,41,75,23,7,98,6,1,6,4,2,6,5,10,4,2,3,52,0,1,3,6,0,5,6,1,1,1,3,6,14,11,1,65
240,3,6,1,6,15,8,1,2,19,4,3,13,11,12,1,22,1,0,0,6,1,2,3,3,2,2,1,1,2,1,0,4,15,5,83,7,1,7,39,5,9,3,52,5,5,8,26,4,29,13,6,17,0,4,1,2,3,4,2,7,12,2,1,37,78,15,11,97,5,1,5,5,4,8,0,5,5,1,5,66,2,1,3,7,1,1,4,0,1,2,4,6,14,12,3,58
241,6,6,0,3,8,2,0,5,16,5,4,6,11,9,6,15,2,5,0,3,2,4,0,4,2,1,2,8,3,2,2,5,24,2,82,9,7,6,39,7,2,2,58,8,4,8,30,6,25,14,5,28,2,2,2,1,2,4,3,7,9,3,4,39,81,24,10,77,4,2,0,3,1,3,3,13,9,8,4,53,4,3,3,4,1,4,4,2,0,1,2,5,10,14,0,57
242,7,3,0,1,8,4,1,9,25,3,1,10,6,10,3,18,1,5,0,3,4,4,0,1,2,1,1,3,1,3,0,3,19,3,91,6,5,3,48,5,7,5,55,11,9,6,25,7,32,18,3,22,2,3,1,0,2,1,2,6,16,1,4,45,68,28,13,82,1,4,6,2,3,5,3,7,6,3,2,47,9,4,4,4,0,3,1,4,1,0,3,8,20,6,1,48
243,8,2,1,6,9,4,3,3,15,4,2,8,6,5,1,17,5,7,2,6,2,0,1,3,0,1,1,4,0,1,1,5,26,4,77,9,8,5,44,11,4,4,45,5,4,8,14,7,28,12,2,17,1,1,0,2,1,4,1,5,18,1,4,34,65,30,13,115,4,5,4,2,2,4,4,8,5,3,7,53,6,2,3,4,2,4,3,6,3,3,2,7,17,14,4,57
244,5,7,0,1,11,2,1,5,15,2,5,12,8,7,4,20,3,3,1,5,5,0,0,2,1,3,0,4,2,8,0,6,17,5,90,6,3,2,43,10,6,3,48,4,8,6,31,5,24,12,2,23,0,7,2,1,0,5,2,8,15,1,1,36,62,23,12,103,1,5,3,1,3,5,4,5,8,4,3,53,8,5,1,2,0,3,4,5,0,3,4,9,19,13,5,50
245,5,7,1,4,10,8,2,6,16,3,1,3,8,7,1,22,4,4,1,5,7,2,0,1,0,3,1,3,1,4,0,5,17,5,81,10,6,6,47,12,4,4,50,6,3,6,33,5,27,8,4,23,1,5,3,1,0,5,1,10,11,0,5,42,57,31,8,96,2,2,3,7,1,1,7,11,5,6,4,50,7,0,2,5,0,3,2,2,2,0,4,8,8,15,3,62
246,8,9,1,1,12,1,3,6,21,4,3,14,9,9,2,14,1,3,1,6,1,3,1,4,1,3,0,3,1,3,0,6,22,5,91,9,7,4,36,7,2,1,54,6,4,7,32,6,26,11,4,29,0,5,0,2,0,3,3,3,14,0,5,45,55,30,8,93,4,5,1,4,2,5,3,16,7,7,2,42,8,3,2,5,0,3,3,4,1,1,5,13,10,7,0,54
247,5,4,1,3,10,1,1,4,16,4,2,4,3,6,4,17,5,2,0,6,2,2,1,3,0,2,1,8,3,0,1,9,19,4,95,4,5,9,50,8,6,4,55,5,2,7,31,2,30,18,5,19,1,4,0,2,5,6,3,11,11,1,1,38,72,26,10,85,4,1,6,3,5,3,5,7,9,3,4,53,4,3,3,5,0,2,1,1,0,0,3,5,21,10,1,54
248,19,2,1,8,4,2,2,2,20,4,2,13,13,5,3,17,0,2,0,2,2,3,0,3,1,1,1,7,2,2,0,6,15,10,82,11,8,6,37,8,7,5,58,1,5,6,30,5,28,13,0,23,3,7,1,0,0,3,6,9,11,0,2,40,66,30,11,96,2,3,7,3,4,5,4,11,6,4,2,48,4,3,5,4,0,3,1,2,0,2,3,8,13,8,1,52
249,7,4,0,3,9,3,3,8,15,2,0,8,7,11,0,23,1,9,0,3,5,2,2,4,2,5,0,5,1,5,0,3,12,6,71,9,1,5,50,9,2,3,49,8,4,4,25,1,35,11,2,25,0,6,0,1,0,1,3,6,12,4,1,48,78,22,7,102,0,8,10,5,3,8,1,8,7,6,2,54,3,4,1,4,2,4,1,3,0,1,3,5,17,12,1,54
250,5,3,0,2,9,5,3,4,18,3,0,6,12,8,1,31,2,5,0,5,6,6,2,5,0,1,0,3,2,3,0,3,11,5,74,10,4,3,42,11,5,7,56,3,4,4,18,5,28,16,2,43,0,2,1,2,1,3,4,10,10,0,1,37,60,32,11,104,0,1,5,6,3,5,5,9,7,4,3,46,9,4,1,8,2,2,2,1,0,1,4,12,16,11,0,51
251,4,1,1,4,9,5,1,5,17,4,2,11,8,9,2,23,2,5,1,5,4,2,0,6,1,1,1,4,3,3,0,9,27,8,71,12,3,2,43,8,3,5,50,5,8,6,25,3,24,18,2,20,1,3,3,0,2,0,1,12,15,1,1,40,49,31,16,109,1,3,6,5,3,2,1,17,10,5,5,38,8,4,3,9,2,2,6,2,2,1,4,9,15,6,1,50
252,7,2,0,2,8,4,3,5,20,5,4,7,8,8,1,22,1,3,0,6,4,5,0,2,2,2,1,6,1,1,2,5,25,6,75,6,6,8,49,15,7,6,49,8,5,7,28,8,42,15,2,14,0,2,0,1,0,6,4,11,16,0,3,35,61,21,13,77,1,1,4,5,3,3,3,19,4,5,1,49,5,3,2,5,0,5,3,1,0,1,4,8,16,11,4,56
253,8,6,2,2,7,5,0,8,15,2,4,4,10,15,1,15,4,6,0,3,4,3,1,4,1,1,1,5,0,4,0,5,23,8,85,6,7,6,39,9,7,7,43,12,6,8,28,5,24,6,3,23,0,4,0,1,2,2,5,8,16,2,2,45,79,26,9,88,3,3,6,6,2,5,6,9,5,2,1,55,3,1,1,3,2,3,3,1,0,1,3,5,16,10,2,53
254,6,3,1,6,13,4,2,5,19,4,4,10,7,9,3,17,5,1,3,8,2,3,0,8,0,1,0,6,3,3,1,4,8,4,80,2,6,4,47,8,2,5,43,9,7,11,32,4,16,10,6,33,0,3,4,1,0,3,1,9,15,1,0,32,68,21,14,90,1,4,5,2,2,5,5,8,4,5,3,58,4,2,3,3,2,5,4,2,0,3,5,8,18,14,1,64
255,9,4,0,8,1,6,2,5,20,1,1,14,4,7,1,22,2,4,1,8,2,1,1,7,1,3,2,8,1,1,3,6,12,4,77,6,5,6,37,7,4,6,55,6,10,2,32,3,27,13,6,20,0,4,2,1,2,3,3,12,15,0,3,50,68,27,10,99,2,4,3,7,5,6,4,12,6,8,1,48,2,4,4,5,0,2,2,2,0,0,2,3,12,16,0,47
256,8,4,1,5,8,2,0,4,22,1,1,9,15,8,2,24,2,7,2,3,7,2,0,6,1,1,3,2,0,4,0,5,18,4,75,7,7,3,56,6,4,4,46,8,5,7,29,4,20,11,2,16,0,4,3,1,3,7,3,18,18,1,4,36,46,32,12,101,3,1,5,7,5,3,4,7,5,2,5,50,5,5,2,2,1,2,2,2,0,0,0,6,16,12,4,64
257,13,1,0,6,8,6,4,7,16,5,0,7,10,5,4,21,3,5,0,1,3,5,1,4,0,2,1,3,1,1,0,1,16,5,62,10,5,5,54,5,4,5,53,11,6,8,35,8,24,15,1,31,2,0,2,1,0,2,3,7,12,0,3,42,60,28,12,93,2,4,1,5,1,4,9,15,14,4,6,50,4,5,2,3,0,1,6,0,0,1,1,9,13,13,2,51
258,9,4,0,5,13,2,0,4,18,3,0,9,11,13,2,23,2,3,0,6,4,4,1,3,2,5,0,3,2,1,1,6,11,9,71,13,4,9,41,12,2,1,54,5,8,5,32,2,22,22,1,20,1,4,1,1,0,1,2,10,15,1,3,43,70,24,15,88,1,4,5,2,2,6,5,6,7,2,4,56,3,1,0,1,0,4,0,0,2,1,3,9,14,16,4,60
259,11,6,1,4,7,2,2,3,14,3,2,6,3,3,1,25,2,7,0,4,3,3,1,1,0,0,2,6,2,2,0,6,16,6,98,8,4,5,47,6,5,11,44,3,10,8,39,3,26,16,2,28,0,4,2,1,1,1,3,11,14,3,7,45,54,29,12,98,1,3,2,3,1,6,5,17,8,5,5,42,4,3,4,4,0,2,2,2,2,1,1,5,14,16,0,40
260,10,2,0,4,12,4,1,9,12,2,0,17,8,8,2,15,7,4,0,5,2,0,0,1,2,2,0,5,0,2,0,3,21,2,65,10,4,5,51,4,10,6,57,8,6,6,30,5,26,21,6,24,1,0,0,2,2,0,1,10,19,1,0,45,51,22,8,92,3,2,1,3,5,3,3,15,8,4,5,55,4,3,2,6,0,1,4,2,1,4,2,4,18,13,2,67
261,8,2,1,1,4,4,0,8,17,3,1,14,8,6,0,18,4,4,0,8,6,3,0,4,3,1,3,5,3,3,0,5,15,10,92,7,3,5,45,6,5,5,58,5,3,5,23,3,30,14,3,23,2,3,0,1,1,3,2,8,15,1,2,39,73,19,15,91,4,4,6,3,3,1,1,16,5,5,1,52,3,3,4,5,1,3,2,1,0,0,1,12,18,9,1,54
262,9,6,1,3,13,1,3,6,18,2,0,6,8,5,1,22,1,2,1,8,3,5,0,1,2,3,0,2,4,1,2,4,18,4,59,6,3,5,44,10,5,4,55,11,8,4,33,5,25,16,3,18,1,2,0,2,3,4,5,12,12,0,6,38,65,23,12,113,0,4,3,2,3,7,1,9,7,2,4,58,10,4,5,4,1,5,3,0,1,0,1,12,5,16,1,55
263,7,2,0,3,12,5,3,4,10,2,2,10,11,8,1,26,5,2,2,3,3,3,5,3,0,3,1,3,3,2,0,5,21,3,81,7,4,2,54,5,8,3,55,7,8,6,30,4,23,10,2,16,1,3,0,2,0,6,4,11,14,0,2,38,52,23,11,98,2,4,4,3,3,4,4,11,6,2,2,59,4,3,2,5,1,3,0,1,1,0,8,8,19,12,5,61
264,8,4,0,8,12,3,0,4,16,3,3,10,9,7,4,25,6,1,2,1,2,4,2,2,0,3,1,3,0,5,0,3,25,4,80,5,9,2,46,6,10,6,55,7,3,4,26,3,25,18,1,16,0,3,1,1,0,3,1,9,14,0,6,45,63,21,15,88,2,3,8,3,3,2,5,9,4,7,2,53,9,4,3,10,0,2,1,2,1,1,3,9,17,11,2,52
265,5,1,1,4,9,3,1,5,17,2,0,12,5,7,1,13,1,3,2,6,4,5,1,6,0,3,0,3,2,2,0,6,24,4,78,9,8,8,41,10,7,7,63,7,6,8,32,7,29,12,6,21,1,2,1,2,0,9,0,10,11,0,2,32,57,27,7,88,4,3,0,6,2,3,4,8,8,6,3,59,5,3,5,4,1,4,5,2,1,1,1,9,15,9,1,62
266,9,5,0,7,11,4,1,4,16,1,2,13,7,5,2,21,6,1,1,3,6,2,0,5,1,2,1,5,1,1,1,6,26,5,87,9,4,2,42,5,6,4,53,2,6,2,31,2,19,12,4,20,2,4,4,2,1,2,1,9,12,0,3,40,70,21,9,84,4,2,8,1,4,4,8,15,6,7,2,49,5,1,2,8,0,1,4,1,1,0,4,8,23,10,2,65
267,7,5,1,4,5,6,0,6,15,1,2,5,9,5,2,17,2,2,0,4,1,1,2,1,1,2,1,2,3,2,0,8,16,8,90,4,2,6,43,10,3,4,53,7,7,2,50,3,23,13,4,26,0,4,0,2,1,4,5,12,13,2,4,45,69,24,11,88,2,6,2,1,2,2,6,11,5,4,3,61,4,2,2,6,0,0,3,2,0,0,1,7,17,13,4,54
268,6,3,1,8,11,2,3,4,13,3,2,9,5,7,1,17,5,3,0,6,4,2,0,3,1,1,0,5,3,3,1,2,22,4,78,9,5,4,42,8,9,4,47,11,5,12,30,4,16,17,0,24,1,4,5,0,0,4,1,15,5,0,4,42,65,29,10,95,6,5,3,4,2,5,4,11,4,9,4,50,3,5,7,3,0,2,9,2,0,0,0,5,17,20,2,53
269,10,1,0,3,10,3,1,6,21,1,4,10,6,7,2,20,2,4,0,4,9,3,0,5,1,0,2,5,1,1,0,6,23,11,71,6,2,2,42,11,6,5,55,3,5,7,33,2,22,17,3,21,1,5,3,2,0,1,5,11,18,0,4,48,79,23,5,99,7,6,6,4,10,4,2,12,5,3,4,39,0,3,2,1,0,2,2,3,1,1,1,9,16,9,4,45
270,5,8,1,3,6,3,2,4,14,3,2,3,11,8,0,22,1,4,0,3,0,4,0,3,0,2,3,4,3,3,2,8,21,4,85,5,5,3,46,6,10,6,42,9,6,10,27,2,22,21,2,24,2,4,1,2,0,2,2,7,11,2,2,44,61,22,20,117,1,6,4,4,5,4,5,11,5,4,6,47,6,1,0,5,0,2,7,3,0,1,1,7,19,4,4,48
271,5,3,0,3,13,4,1,5,14,1,0,12,10,12,4,20,2,2,2,8,5,5,1,3,2,4,4,5,4,2,2,3,14,6,75,5,6,6,38,8,7,4,50,10,7,5,32,2,31,12,1,27,0,4,1,1,1,2,5,14,13,1,3,30,55,30,7,93,4,2,5,3,4,7,3,13,5,1,3,66,8,8,0,4,0,2,1,1,0,1,3,6,15,10,2,56
272,7,5,1,10,11,1,0,4,14,1,0,13,11,9,3,29,3,6,0,6,8,2,1,4,2,1,1,6,2,1,3,5,11,5,85,6,7,2,42,4,5,4,61,5,2,7,36,6,26,18,7,15,2,1,1,1,0,8,1,8,15,0,4,48,59,29,14,85,3,5,4,2,6,5,5,9,6,5,4,41,2,1,4,3,0,1,2,0,0,1,4,5,19,12,3,48
273,11,8,1,5,7,4,3,5,17,5,3,11,11,5,0,20,1,5,1,3,3,4,0,5,2,2,0,3,2,2,2,7,20,5,79,6,4,6,35,6,6,5,56,5,8,4,31,7,20,16,4,24,0,1,2,1,4,2,4,9,10,1,2,39,74,30,10,96,3,6,5,5,4,4,5,10,5,7,3,58,2,1,1,4,0,1,1,2,1,3,1,11,6,12,1,48
274,9,3,0,4,5,3,3,6,16,5,1,8,9,7,2,16,3,5,1,6,4,2,1,4,1,1,0,1,2,6,1,8,18,3,71,8,4,5,58,5,3,11,48,8,8,8,24,1,20,15,3,16,2,2,8,3,0,4,2,13,13,1,2,48,66,29,6,95,2,5,5,1,2,5,3,8,9,5,4,43,3,2,4,9,0,2,2,3,0,1,3,4,13,19,0,69
275,9,3,0,5,4,6,1,3,16,3,1,5,9,9,3,24,2,4,0,4,2,1,0,2,1,1,1,4,4,4,1,2,20,4,81,5,2,2,44,7,4,6,53,6,4,4,29,5,25,11,2,26,2,0,2,0,3,3,4,10,19,1,4,38,63,31,10,99,3,8,6,5,4,2,5,8,6,6,6,63,5,2,6,2,2,2,2,4,0,0,2,8,17,10,2,51
276,9,4,3,6,11,2,1,11,12,5,1,7,11,9,2,23,4,3,0,6,2,3,0,4,2,0,0,8,2,1,1,6,16,7,89,5,6,6,45,6,5,6,56,8,8,2,22,4,23,12,2,17,2,5,4,0,2,6,2,13,14,0,5,35,72,25,8,82,4,3,8,7,2,6,1,10,5,5,4,38,6,2,1,6,1,2,5,2,0,0,1,4,20,12,2,64
277,9,5,2,6,11,2,3,4,16,5,2,2,13,6,2,15,4,2,0,6,3,0,0,5,1,3,1,2,0,3,1,6,15,3,79,5,8,6,50,5,6,4,55,12,10,5,36,5,19,8,3,26,1,0,2,0,3,4,3,10,12,1,3,43,80,27,8,89,4,4,7,2,2,1,3,13,5,2,3,47,5,3,1,7,0,3,3,3,1,1,3,4,18,14,3,52
278,5,5,0,4,11,1,3,3,16,3,1,8,8,9,2,20,3,4,0,3,8,2,0,2,0,2,1,6,0,2,0,6,17,3,77,5,4,5,54,9,5,4,54,6,4,4,27,6,25,9,5,33,0,3,0,3,1,5,4,2,15,0,6,36,64,25,13,90,4,5,4,0,2,4,6,9,7,7,2,60,8,5,0,10,1,3,2,1,0,2,3,7,18,17,2,50
279,7,4,0,3,10,5,2,10,16,3,1,7,16,1,4,19,1,2,0,6,2,0,0,9,2,2,1,3,0,2,1,6,15,8,85,8,7,5,51,6,7,10,56,2,6,5,42,6,32,11,1,23,1,2,1,0,2,5,1,10,13,0,5,38,52,25,12,86,4,4,7,5,5,0,8,5,5,4,2,38,3,5,5,5,0,3,6,1,1,0,3,6,8,13,2,68
280,3,3,1,6,7,5,2,5,13,2,0,11,12,5,3,14,0,5,1,5,6,1,0,2,2,1,2,3,0,3,1,7,15,4,89,6,7,4,54,11,7,10,45,6,6,7,32,2,32,11,4,22,1,1,3,2,2,6,2,6,14,2,6,37,66,26,11,94,1,5,6,4,3,7,4,10,5,6,1,55,2,1,1,3,0,0,3,1,0,0,2,11,18,8,2,57
281,8,5,0,7,7,3,1,6,26,2,0,11,10,6,1,29,4,1,0,7,5,3,0,2,4,2,1,6,1,1,0,7,17,7,68,5,10,10,40,7,2,5,47,5,4,5,27,5,17,14,1,26,1,2,1,4,2,3,4,9,8,2,4,38,74,25,15,110,2,3,1,1,6,2,1,12,1,6,6,59,4,8,1,2,2,2,4,2,0,1,3,12,11,10,3,45
282,10,2,0,4,5,4,0,3,18,1,2,7,7,11,4,26,1,3,1,6,3,3,3,3,2,1,0,4,1,4,0,4,14,7,96,6,5,5,44,6,5,6,51,5,5,6,36,5,32,19,2,19,1,4,0,1,0,5,0,7,11,2,4,38,52,37,9,88,4,4,1,2,3,3,7,6,6,6,6,56,6,5,4,2,0,1,1,1,1,0,1,7,23,12,2,54
283,8,5,0,2,7,5,2,6,20,4,2,6,11,8,4,16,2,4,3,4,4,1,1,3,2,4,0,3,2,5,3,5,27,6,71,8,6,5,47,10,9,7,48,5,3,6,35,3,22,11,0,20,1,6,2,1,0,5,1,10,12,2,2,30,75,26,11,96,5,1,5,5,4,8,5,6,5,3,2,52,6,4,0,7,1,2,4,2,0,2,8,6,17,16,1,42
284,8,5,1,7,12,4,2,7,22,3,1,9,6,10,1,15,3,10,0,5,5,1,1,0,0,3,1,7,3,1,0,6,15,8,69,11,6,4,34,5,2,7,58,11,7,7,30,3,22,16,4,26,3,1,4,1,1,3,1,13,15,3,3,45,69,20,8,83,3,4,4,4,3,4,5,15,6,3,1,49,3,2,2,5,1,5,1,2,0,1,2,11,22,12,2,51
285,7,6,0,8,9,2,3,4,18,0,2,7,6,6,0,20,4,3,0,5,5,3,2,3,1,3,0,4,1,3,1,4,25,4,84,6,13,4,41,13,7,3,56,5,3,9,37,7,29,15,1,14,2,0,0,0,0,6,3,14,15,0,3,37,46,26,14,103,2,2,6,6,5,5,3,12,6,9,2,46,6,5,3,4,1,1,3,4,0,2,1,9,12,11,1,48
286,5,2,1,2,10,10,1,2,15,5,3,11,7,6,1,12,1,8,0,1,6,2,2,2,0,0,2,8,1,1,2,9,15,4,89,7,6,3,43,9,3,2,61,6,7,7,26,4,22,17,3,29,0,4,0,0,1,2,0,9,18,2,3,40,59,19,10,110,2,3,2,0,1,3,5,13,6,3,3,49,9,2,4,5,0,2,6,5,0,0,5,5,19,14,2,54
287,6,7,1,7,12,4,0,8,18,2,4,12,9,10,0,21,3,5,0,4,3,2,1,2,0,1,2,4,1,3,3,9,12,5,87,6,9,2,41,8,5,5,51,8,9,5,32,3,25,7,1,24,0,3,1,2,1,6,5,11,16,1,4,29,65,32,14,87,4,6,8,2,1,3,5,8,9,2,4,69,6,2,4,7,0,1,1,0,1,0,2,6,12,15,0,36
288,14,4,0,2,9,5,1,6,24,5,3,13,8,9,1,17,0,5,0,5,0,3,0,6,0,1,2,3,3,0,0,6,19,4,79,9,3,4,51,7,9,6,47,2,4,1,32,4,28,10,3,29,0,4,0,1,0,3,4,17,15,1,6,32,53,25,13,99,3,4,2,2,2,5,2,9,7,1,3,62,6,2,1,3,1,2,4,4,3,1,2,14,9,10,0,57
289,5,3,0,6,14,5,3,5,17,0,2,10,12,6,1,13,2,3,0,2,4,4,1,4,0,1,1,2,6,2,1,3,14,7,74,9,8,3,44,10,4,2,62,6,5,5,29,4,35,11,1,20,0,3,2,2,1,8,4,7,13,2,2,44,80,26,6,92,3,2,5,3,3,6,3,12,2,2,2,53,8,3,7,3,0,2,2,2,1,2,0,6,11,15,0,59
290,4,3,0,5,12,6,1,6,14,5,1,7,7,10,1,25,3,2,1,7,4,3,1,2,2,1,1,4,0,0,0,5,22,4,89,10,5,5,50,10,5,4,53,10,7,7,38,6,21,7,5,17,0,3,0,2,1,4,2,13,19,2,3,32,56,32,14,84,4,7,3,5,0,5,4,12,7,5,2,45,6,1,6,1,0,3,3,2,0,1,4,12,15,10,0,52
291,15,3,0,7,13,3,1,6,24,5,2,8,6,4,2,14,1,3,0,4,4,2,0,2,1,2,0,5,6,4,1,3,21,5,90,6,3,1,39,9,10,7,43,6,3,8,35,5,24,13,2,18,0,4,0,2,0,2,2,11,12,2,6,29,84,30,11,101,1,2,2,3,0,1,4,14,7,4,2,50,7,1,4,2,0,3,2,7,1,1,3,5,11,19,1,48
292,7,3,1,2,8,1,1,1,12,2,2,13,8,8,1,15,0,9,0,5,5,2,1,5,0,1,0,3,5,4,4,4,18,6,81,8,3,6,56,7,11,4,46,7,4,6,34,6,26,9,3,30,2,3,0,0,0,1,3,9,6,0,1,38,68,23,20,95,4,3,3,8,3,5,8,11,12,5,3,42,5,3,3,2,0,6,1,4,1,4,5,9,17,11,1,48
293,8,5,0,6,10,4,1,3,20,2,1,10,6,8,3,22,3,8,0,3,4,1,0,4,2,2,2,3,3,2,1,4,14,7,78,11,2,1,47,10,5,6,52,3,6,7,32,3,25,10,6,25,0,3,3,1,0,4,4,12,13,2,3,38,60,36,12,97,2,5,3,3,0,2,5,9,6,5,3,50,4,3,2,4,0,1,2,1,0,1,3,5,16,11,3,62
294,13,1,1,5,10,2,3,5,11,2,0,5,9,3,5,21,4,6,0,3,3,1,3,4,0,4,2,5,2,1,0,4,18,5,93,8,7,4,50,10,5,10,49,4,9,4,28,6,25,12,4,21,1,2,0,0,1,9,2,6,10,0,2,42,56,26,10,100,3,3,7,4,2,6,5,4,4,2,1,59,6,0,6,6,0,1,4,2,0,0,3,7,19,7,1,61
295,6,4,0,3,11,6,1,3,16,1,0,10,7,7,5,16,5,2,0,5,3,3,2,4,0,1,4,4,1,1,2,9,26,5,78,14,6,3,34,6,6,10,52,4,5,2,32,3,28,12,2,24,0,4,1,2,1,8,3,10,15,2,5,43,66,21,9,85,4,2,2,7,6,4,4,5,6,7,0,65,6,2,3,6,0,1,7,1,0,0,4,10,17,5,1,56
296,5,2,0,3,7,3,2,3,24,4,1,9,11,9,2,16,2,8,4,3,1,6,0,5,0,5,2,4,1,2,0,7,10,5,91,2,6,1,54,13,8,7,51,7,4,6,23,5,25,16,2,23,1,1,1,2,0,4,1,6,16,3,3,43,62,29,12,98,1,2,3,6,5,5,1,4,6,4,3,55,7,2,4,9,1,2,2,2,1,0,2,11,9,9,0,52
297,8,4,1,2,12,7,2,6,18,3,1,10,10,6,1,19,4,5,1,4,6,0,0,4,0,4,1,6,2,1,0,6,15,5,80,3,3,3,40,5,5,8,51,5,8,7,37,3,35,13,2,19,0,4,1,1,1,3,4,5,14,3,1,40,73,27,6,88,2,6,10,2,2,3,8,9,5,4,8,54,7,1,3,5,0,4,1,1,0,1,2,2,21,10,1,56
298,8,7,0,2,5,8,0,2,23,3,2,6,10,2,0,24,4,7,0,5,4,3,1,5,1,7,0,2,3,4,1,4,14,5,87,7,7,9,25,9,3,5,49,7,5,8,28,3,22,13,3,21,0,6,2,3,0,4,2,9,15,1,3,48,72,23,13,118,2,3,2,2,10,4,4,8,5,1,3,44,4,4,4,2,0,3,3,2,0,3,3,8,13,9,1,51
299,2,3,1,3,11,6,0,3,20,2,1,6,10,8,4,19,3,0,0,7,4,4,4,2,0,1,1,4,3,1,0,9,12,5,83,5,4,7,51,6,10,2,37,2,9,7,33,8,36,15,4,34,0,2,0,2,0,2,1,5,21,0,2,33,76,17,10,93,2,4,1,10,4,1,1,14,7,1,0,63,6,3,5,5,0,5,4,1,2,1,2,2,16,14,0,50
300,4,2,1,6,7,5,1,8,21,4,3,7,9,7,1,23,2,1,0,1,3,4,0,5,1,2,1,2,2,1,0,3,25,3,93,9,8,7,40,10,7,9,43,6,4,4,41,5,28,13,2,26,0,4,1,0,1,3,1,6,18,3,1,51,48,32,5,102,4,4,2,1,1,6,4,15,4,4,3,41,7,3,2,4,0,1,3,1,0,2,4,3,15,16,0,54
301,9,7,0,6,16,5,4,3,18,5,2,8,8,13,0,24,2,5,0,5,5,2,2,2,0,2,0,3,0,0,2,2,18,9,83,3,10,4,41,5,4,2,46,9,7,6,28,5,14,18,2,22,1,5,5,2,2,6,4,9,13,4,8,37,54,25,16,96,1,2,4,3,2,1,3,14,7,4,6,46,5,2,4,4,2,1,2,2,0,1,4,12,10,18,2,55
302,6,5,1,0,3,2,0,4,17,2,0,5,10,11,2,29,6,4,0,7,2,5,1,7,1,0,1,2,2,0,2,4,11,1,82,5,4,4,51,13,7,7,44,4,11,4,27,5,26,14,3,26,0,3,1,1,0,6,2,11,10,2,6,39,64,23,15,91,6,5,5,5,4,7,6,7,6,6,6,56,3,8,1,5,0,4,0,3,2,1,1,6,14,15,2,52
303,11,5,0,3,10,3,2,2,23,6,2,4,8,10,3,19,1,4,0,8,2,2,0,5,4,4,0,9,5,3,0,0,19,3,75,7,5,4,55,3,3,3,53,6,11,8,21,2,26,18,1,27,2,3,1,0,0,2,2,8,15,1,2,47,55,21,13,89,3,4,5,6,1,4,4,10,7,7,1,46,4,3,3,7,0,8,3,1,1,2,3,8,12,17,3,58
304,11,4,1,4,7,7,3,5,19,5,0,12,13,15,2,21,5,2,0,4,4,3,0,2,0,2,2,8,2,0,0,2,20,5,63,11,7,3,44,2,5,3,66,10,3,7,31,5,25,13,4,24,2,3,2,0,1,5,3,12,15,0,5,44,52,30,3,89,4,6,4,6,4,5,3,11,5,6,3,47,4,6,1,5,0,0,3,1,0,0,5,7,17,15,1,49
305,8,2,0,4,9,4,2,3,11,3,3,13,13,8,1,19,3,2,1,5,3,1,1,2,0,5,3,0,0,2,0,6,19,4,81,6,6,4,39,10,4,4,60,7,6,4,28,5,27,13,1,23,2,2,3,1,1,2,0,12,16,0,4,43,55,21,14,87,1,7,7,3,2,4,2,14,6,2,2,57,4,4,3,8,1,2,3,3,2,1,3,11,25,15,3,54
306,9,7,0,2,8,1,2,5,22,4,1,6,10,6,0,22,2,3,0,3,1,3,0,3,2,4,2,4,2,1,1,7,26,8,83,5,12,3,52,5,9,6,43,3,7,7,25,5,21,15,1,19,3,1,1,1,3,2,1,7,10,1,0,40,70,27,19,86,0,2,2,5,7,5,2,9,6,2,1,64,4,2,6,9,0,3,5,3,2,0,3,9,20,11,4,44
307,10,10,0,2,11,6,3,3,24,5,0,7,9,10,1,11,0,5,1,2,5,1,1,6,4,2,1,5,2,2,3,6,15,7,86,4,3,3,41,7,12,6,47,7,5,9,34,4,28,19,2,25,0,1,4,2,0,4,0,10,10,2,6,38,67,32,15,81,5,6,6,6,4,3,1,12,6,6,4,37,9,1,1,1,1,1,2,3,1,0,1,6,21,15,2,45
308,8,8,0,4,8,6,2,1,20,1,1,16,16,3,7,17,2,1,0,3,3,2,1,4,0,0,1,2,3,3,4,3,23,6,93,5,5,6,48,7,9,7,52,5,3,3,25,4,25,14,2,23,1,5,4,1,1,3,0,9,17,1,0,42,73,26,7,76,0,2,3,2,1,5,3,10,9,1,8,50,9,5,2,5,2,4,8,1,1,2,3,4,23,7,1,48
309,10,2,0,4,9,8,4,9,12,1,0,6,11,3,2,23,3,5,0,7,1,4,0,5,2,2,1,4,2,0,0,5,19,5,84,14,4,8,36,14,9,2,48,1,6,6,33,2,27,14,4,14,2,5,0,2,0,1,3,11,17,2,4,42,64,27,8,94,1,5,7,5,4,7,4,10,7,6,5,45,2,3,5,6,1,3,5,0,0,2,3,7,17,18,0,45
310,6,8,0,5,14,5,2,5,9,3,2,12,6,4,0,19,2,3,0,5,4,2,1,2,0,4,1,6,1,1,2,7,15,8,74,7,7,6,37,5,10,2,55,9,8,3,28,6,20,13,5,25,1,0,3,0,2,2,2,6,12,2,3,51,76,25,17,94,4,2,3,3,4,2,5,9,7,3,6,68,2,1,2,4,0,4,3,3,0,1,2,8,18,13,1,42
311,7,6,0,4,12,5,0,8,14,3,0,8,14,10,3,17,3,3,1,5,8,0,2,5,1,3,0,8,2,1,0,2,17,2,93,10,8,7,47,10,4,5,43,6,6,6,31,5,25,13,4,20,1,6,1,1,2,3,4,8,14,1,2,35,68,34,17,94,3,2,4,2,5,0,3,7,8,6,1,48,3,3,2,3,0,3,4,0,1,0,2,9,11,13,0,49
312,10,1,1,3,8,1,1,8,15,3,2,8,3,16,2,13,3,4,0,13,4,0,0,5,1,3,3,0,2,0,1,9,18,3,62,5,6,3,43,8,2,5,50,7,2,2,37,8,30,15,3,16,0,5,1,0,2,1,4,7,16,1,5,46,67,35,11,93,5,4,8,1,2,3,5,7,7,5,2,59,4,2,5,8,2,2,2,3,0,0,6,7,18,13,3,55
313,7,12,2,1,6,4,2,7,20,4,1,7,7,10,1,18,0,2,0,10,3,4,2,2,1,3,0,1,3,1,1,6,25,5,78,3,6,3,49,5,7,7,57,5,6,3,34,2,17,9,2,19,0,3,1,0,0,0,4,16,12,0,9,49,71,32,12,94,1,1,3,7,3,3,2,7,9,6,0,57,4,3,4,3,0,5,1,1,0,0,2,2,20,9,0,54
314,8,3,1,5,11,7,1,6,21,3,0,7,9,8,1,26,2,4,0,3,4,3,0,6,3,1,1,6,3,2,2,5,19,7,66,8,6,3,41,6,4,4,56,4,7,4,30,1,19,11,5,27,0,2,3,2,1,1,8,6,8,0,6,57,55,31,15,98,1,3,8,2,2,0,6,10,7,4,0,59,3,2,3,3,1,2,0,0,3,1,4,7,15,11,1,59
315,16,5,0,4,14,4,3,3,25,1,0,7,8,9,3,19,4,2,0,8,1,4,1,5,0,4,0,6,1,3,1,5,22,1,79,7,6,4,55,8,6,3,52,4,6,10,19,4,28,17,2,20,0,4,0,2,1,4,1,11,10,2,0,34,71,32,16,89,2,4,3,2,2,2,1,8,5,2,3,47,3,5,2,7,0,1,1,1,1,0,2,9,19,18,2,52
316,2,5,2,5,10,5,2,4,19,5,2,6,10,7,1,16,3,2,0,11,1,1,0,3,2,4,1,4,1,1,1,4,14,5,71,2,2,5,55,6,2,7,60,7,5,3,27,5,22,10,0,23,1,7,0,0,0,5,4,5,20,3,2,49,64,32,9,112,1,4,6,2,1,6,7,5,8,13,1,48,2,6,5,5,0,5,1,0,0,0,5,8,25,9,1,42
317,7,4,1,2,9,3,0,4,19,2,3,7,8,10,2,20,2,3,0,2,1,4,0,5,1,0,0,5,2,2,0,7,21,5,70,7,6,5,58,15,10,2,57,8,5,5,23,4,24,15,2,18,3,1,1,2,0,2,0,8,16,1,5,49,69,27,11,97,6,5,3,1,4,5,9,15,5,2,2,43,6,5,4,4,1,4,1,0,0,4,1,9,11,14,0,49
318,5,2,0,5,7,1,1,2,22,1,0,7,8,5,3,16,3,5,1,5,5,5,0,2,0,1,0,4,1,2,0,8,23,5,102,10,6,4,46,5,6,2,52,10,9,3,33,2,21,15,2,22,0,7,0,2,0,4,4,8,14,2,3,39,62,34,7,89,1,1,6,7,4,4,4,11,2,4,8,43,3,2,3,10,1,4,1,1,2,2,2,8,13,9,4,60
319,7,7,1,4,13,5,2,2,24,1,1,8,4,12,0,36,4,3,2,6,3,3,1,4,2,3,0,8,3,0,3,6,11,4,86,12,5,5,34,7,3,3,40,4,4,4,37,3,25,16,0,30,1,2,1,2,1,5,2,4,14,0,3,52,72,26,12,103,4,3,4,3,5,0,4,7,7,4,4,47,3,1,3,3,1,1,2,0,0,1,2,6,12,12,4,46
320,8,6,0,3,9,5,0,9,21,3,0,14,5,6,2,21,7,1,0,4,6,7,0,6,1,1,1,9,1,2,0,10,19,4,67,5,7,4,40,8,8,2,41,5,2,4,28,7,32,12,6,26,0,1,0,1,2,2,3,9,12,0,3,35,64,25,11,88,2,2,8,3,3,6,4,13,6,4,3,63,2,5,3,9,2,2,4,2,2,0,6,7,22,10,5,51
321,5,3,2,5,7,4,1,8,18,2,0,15,12,9,1,20,2,6,0,2,5,3,1,3,3,1,0,5,5,3,1,4,27,6,97,10,9,2,42,11,6,6,57,7,5,4,15,2,22,11,4,16,0,4,1,1,0,2,3,13,14,2,5,44,57,26,9,100,0,7,2,0,3,3,7,6,6,5,1,53,7,1,3,2,0,0,1,1,0,2,4,3,19,12,0,56
322,8,2,0,3,12,3,1,3,17,2,1,7,6,12,6,28,1,6,0,7,8,2,2,1,1,5,1,8,0,5,1,2,14,2,89,6,11,3,55,2,6,6,50,5,8,5,29,0,34,16,2,23,1,2,5,0,2,2,2,4,15,1,2,35,72,15,14,84,4,5,1,5,1,5,1,7,3,2,2,54,8,3,5,9,1,3,3,1,0,0,4,5,23,9,2,51
323,8,3,2,4,8,3,1,0,12,4,1,7,5,6,1,18,2,6,1,6,5,3,0,5,2,1,1,9,6,6,1,4,20,8,90,6,4,3,46,6,7,5,45,10,4,8,32,9,29,23,5,18,1,1,2,1,1,2,3,5,9,4,2,32,72,30,11,91,2,3,4,3,5,3,5,15,7,4,1,52,6,0,3,5,2,1,1,2,1,3,3,3,15,14,1,50
324,10,5,0,3,10,4,2,4,13,3,1,17,2,9,1,16,3,5,1,4,5,1,0,2,1,3,0,2,4,1,1,3,23,3,80,8,4,5,47,8,5,4,53,5,9,7,33,6,21,14,0,20,1,4,0,1,0,1,4,4,14,0,4,32,59,28,6,97,3,8,2,4,3,6,2,11,12,8,2,51,9,4,0,4,0,1,2,3,1,1,2,10,28,14,0,63
325,8,7,0,3,4,1,2,12,17,3,0,6,10,6,2,17,4,3,0,6,4,5,0,6,2,1,0,3,1,1,1,7,17,8,95,7,7,8,45,5,10,3,52,5,1,8,30,5,27,17,3,22,0,3,2,0,1,6,4,7,14,1,4,28,59,27,9,95,3,2,1,0,3,6,2,10,6,2,2,65,1,2,2,4,0,1,3,1,0,0,2,10,18,15,3,59
326,8,3,3,3,7,4,4,2,19,1,5,11,5,10,2,30,2,6,1,6,1,4,0,6,0,1,0,2,1,3,1,4,19,3,89,7,8,4,45,7,7,6,56,5,4,6,37,10,29,15,3,19,1,2,2,3,1,5,1,9,16,0,5,31,64,26,11,84,4,3,2,3,4,5,1,9,8,6,0,37,4,1,3,8,0,2,6,1,0,0,2,2,17,16,2,59
327,9,3,1,5,6,8,3,5,11,5,2,7,8,2,3,25,7,1,0,5,5,2,1,2,1,3,1,5,1,3,0,5,16,5,94,8,7,4,49,4,1,11,54,6,3,5,30,5,25,11,1,27,1,1,4,3,0,3,1,11,14,0,1,37,66,31,9,94,2,3,5,1,3,3,6,9,3,3,6,59,9,5,1,3,1,5,8,2,1,0,1,5,12,10,2,45
328,6,5,1,4,11,4,1,5,21,3,3,5,11,11,0,20,3,7,0,7,4,3,1,4,3,1,0,8,2,3,1,5,17,8,82,10,6,5,48,7,2,4,46,6,5,2,25,4,25,11,2,19,1,0,0,1,0,2,2,13,15,0,1,31,72,22,11,112,1,3,2,4,2,4,2,8,8,11,2,43,6,6,3,3,3,7,4,1,0,1,3,10,18,12,1,52
329,8,4,0,5,10,2,3,9,15,3,7,14,8,5,1,20,4,4,0,6,2,5,0,2,0,2,2,3,2,2,0,5,19,7,87,9,3,4,37,5,7,2,48,5,4,7,36,5,24,11,4,24,1,1,2,3,1,3,5,2,14,1,1,53,58,27,12,103,1,5,3,2,2,4,6,7,6,4,4,59,7,0,1,5,0,3,2,2,0,4,2,7,14,8,1,53
330,4,4,2,9,8,3,1,8,15,3,4,16,5,3,2,15,5,5,1,6,1,2,1,2,0,2,1,8,1,4,0,8,18,2,88,7,5,3,56,9,7,3,65,5,7,5,37,2,17,12,3,20,2,1,0,2,2,4,2,6,7,1,4,29,62,31,14,95,4,7,5,4,4,5,5,10,6,3,4,47,4,3,4,7,0,2,3,0,1,2,4,9,15,8,4,48
331,9,1,0,4,8,5,1,1,15,2,2,9,10,4,2,13,1,7,1,6,3,2,3,4,1,1,2,6,1,2,0,5,14,7,76,6,1,4,42,12,5,5,55,2,4,4,32,5,26,20,5,18,0,5,1,1,0,8,4,8,19,0,5,41,58,34,15,86,2,6,9,1,0,8,5,10,6,9,2,66,3,3,2,6,2,0,2,2,0,3,3,6,13,12,2,58
332,8,2,3,3,5,4,3,5,20,1,1,11,9,10,2,24,6,6,0,3,2,2,1,7,2,1,1,1,3,1,1,6,23,6,82,7,5,4,41,9,7,4,66,11,7,8,29,3,24,16,2,29,0,3,2,0,0,2,1,7,8,1,3,35,66,28,8,87,9,3,7,3,3,6,3,11,3,6,4,44,3,6,2,6,0,2,1,1,0,2,1,5,13,15,1,52
333,3,2,2,3,8,4,3,5,22,3,1,13,8,11,2,17,2,4,1,9,2,1,0,1,2,0,0,6,1,3,1,5,19,1,80,10,3,3,42,6,7,5,51,5,7,5,38,3,23,15,2,25,0,5,0,1,1,3,6,8,12,1,3,57,61,27,6,97,1,1,1,7,4,6,5,8,8,4,1,53,4,4,3,3,1,1,1,1,0,0,3,6,17,10,2,62
334,7,6,0,3,10,3,2,6,11,1,1,7,6,4,1,21,2,4,0,4,4,1,0,7,1,5,1,6,2,1,1,4,14,4,75,5,4,9,48,4,5,11,49,4,6,3,26,2,35,14,1,23,0,2,2,1,0,5,5,13,9,1,8,41,64,28,14,107,1,1,3,0,5,0,5,12,4,8,6,61,11,3,2,9,0,1,0,2,1,0,3,4,22,10,0,52
335,10,3,1,5,5,4,5,5,14,4,1,11,9,9,2,21,5,5,0,5,3,1,0,0,2,2,1,6,2,1,0,8,6,5,73,5,9,6,58,7,5,4,50,4,4,5,29,4,25,13,4,20,0,1,1,1,1,4,5,11,15,1,3,34,54,29,10,111,4,0,8,0,1,5,2,10,5,2,3,49,5,1,2,10,0,2,4,2,2,2,4,8,21,10,3,68
336,4,2,0,5,7,3,3,4,15,0,0,9,3,9,1,19,2,3,0,4,4,0,2,7,2,0,1,7,3,4,0,5,25,5,75,14,4,5,34,3,8,8,64,6,6,6,24,4,22,8,4,23,1,7,3,2,3,8,2,9,13,0,7,44,69,27,13,105,3,3,7,2,4,5,8,9,5,2,5,42,5,4,2,3,3,2,1,1,1,1,4,4,17,15,2,51
337,7,4,1,6,7,4,1,6,19,1,0,8,12,11,2,22,0,3,1,4,2,2,1,2,1,5,1,4,2,2,2,8,18,5,79,6,3,3,51,13,9,8,49,6,8,8,38,2,31,9,4,16,3,3,4,2,2,3,4,6,19,0,2,34,64,31,9,97,3,1,2,3,1,1,2,7,6,5,2,53,3,5,5,3,2,5,3,3,0,0,4,4,16,9,0,52
338,5,5,0,4,9,3,1,7,16,2,3,12,15,11,1,27,2,8,1,3,3,2,3,7,0,2,0,4,1,3,2,3,16,7,82,9,6,8,50,5,5,7,64,5,6,4,37,2,13,13,5,29,0,3,4,0,0,0,1,14,12,2,3,32,69,18,10,82,6,2,3,7,4,5,9,7,8,6,3,42,5,2,8,4,0,4,1,0,0,0,7,7,21,11,2,38
339,8,2,0,4,4,3,0,5,18,3,1,10,9,6,5,13,3,2,1,6,5,0,1,7,3,3,1,3,0,2,0,5,13,5,63,13,3,4,50,12,4,5,41,10,6,9,30,4,25,15,0,33,1,4,1,0,1,2,3,6,14,0,3,38,60,32,11,103,3,5,6,2,5,4,3,11,7,4,4,52,6,4,4,6,2,1,4,5,2,3,0,6,16,15,1,62
340,6,3,2,7,12,3,2,5,12,2,2,13,14,3,2,20,2,5,0,7,4,3,1,5,1,0,0,4,2,1,1,3,15,7,94,5,6,5,58,5,4,5,52,5,12,4,31,6,21,14,0,21,1,4,0,1,0,4,4,10,6,0,1,34,61,21,12,93,3,4,4,3,3,3,1,10,7,7,3,53,4,4,5,7,0,2,1,2,2,0,1,7,19,18,1,57
341,5,1,1,6,11,3,2,1,10,4,0,11,13,9,3,19,2,2,1,3,1,5,0,4,1,4,4,7,1,2,1,5,14,8,92,6,4,1,53,6,8,3,49,4,3,8,26,2,30,13,3,35,1,1,2,2,0,5,1,6,13,2,3,37,64,32,11,102,3,6,3,1,2,1,0,13,5,6,1,54,4,4,4,3,0,0,5,4,0,1,2,11,10,10,2,53
342,11,1,0,7,5,2,3,3,18,6,2,9,11,9,3,22,0,5,0,7,4,0,0,4,0,1,2,5,1,0,3,7,24,4,86,11,6,3,38,7,5,3,45,3,7,1,35,4,25,17,4,18,0,6,3,2,2,6,2,10,20,3,1,45,68,19,20,92,3,3,3,4,3,5,2,13,7,5,4,52,8,1,1,9,0,4,3,2,1,0,2,10,8,8,1,42
343,11,1,3,5,7,2,3,5,13,2,4,6,13,3,0,14,6,4,0,3,6,4,3,3,2,2,1,3,2,4,1,6,12,5,91,4,2,3,52,7,6,4,46,7,4,5,35,7,17,15,0,23,2,4,0,0,1,1,3,6,10,2,2,42,74,32,9,110,1,4,4,3,1,5,5,11,5,3,0,57,2,3,3,3,0,6,5,3,0,1,4,7,18,17,2,42
344,13,5,1,3,8,3,1,3,15,7,1,10,16,8,2,23,2,3,1,8,2,1,1,0,0,0,1,5,2,1,2,7,19,5,88,6,5,4,47,3,9,7,49,5,5,7,32,4,30,13,5,20,2,6,2,2,1,5,2,12,14,1,2,32,52,22,14,90,1,5,2,3,4,3,4,8,6,3,4,55,4,2,4,2,0,4,6,3,0,1,4,4,15,17,3,56
345,6,2,0,6,5,2,4,6,17,4,4,9,14,5,2,23,4,0,0,3,6,2,1,8,0,4,1,10,0,0,1,4,16,8,86,10,4,4,42,10,2,4,60,5,6,8,22,9,34,13,3,27,1,1,2,0,0,1,3,7,16,1,5,35,51,35,7,94,2,2,8,2,2,4,8,6,7,4,4,47,5,0,2,6,0,1,3,0,1,0,3,11,26,10,2,49
346,9,0,0,5,3,6,2,2,20,2,3,6,6,5,4,27,3,1,1,5,3,4,1,4,1,2,1,4,3,6,4,9,21,1,97,10,5,3,45,8,6,9,49,7,5,9,37,5,19,17,1,21,0,1,1,2,1,8,3,7,15,1,4,50,69,19,3,79,4,6,2,8,4,4,6,11,4,2,2,51,5,3,1,5,0,3,2,0,1,1,4,9,5,17,1,49
347,11,2,0,7,13,5,1,3,14,1,1,7,6,15,1,15,2,3,0,4,1,2,2,4,0,1,0,3,0,2,0,7,22,4,83,5,5,7,43,9,3,6,44,6,10,4,34,2,26,19,1,25,1,3,0,1,0,2,4,8,14,1,5,57,49,30,10,89,4,3,3,6,3,6,4,5,6,6,4,60,3,4,3,8,0,4,6,1,0,0,6,7,15,6,1,61
348,6,5,1,0,9,2,2,3,17,7,3,10,4,10,3,17,0,2,0,5,7,2,2,2,0,1,0,2,1,3,1,2,19,6,89,9,11,4,43,8,5,6,43,5,7,4,35,6,25,19,4,21,0,5,0,1,0,2,3,6,14,0,4,38,67,26,8,102,4,6,3,2,3,4,6,11,10,4,5,47,9,1,1,3,0,2,3,1,0,3,5,5,16,13,0,59
349,10,2,0,3,9,4,0,5,14,4,0,11,9,8,2,18,3,2,0,5,6,3,0,2,3,1,1,5,0,1,1,5,16,2,80,9,4,5,55,6,4,5,55,8,8,9,30,3,28,7,3,27,0,5,1,3,1,4,3,9,12,1,10,36,65,38,9,93,1,5,5,3,4,4,7,11,4,4,4,45,2,3,2,6,1,2,3,1,1,0,0,5,13,17,1,55
350,7,6,0,1,9,2,2,4,22,2,1,9,11,5,3,19,2,3,1,2,2,8,0,6,0,1,0,3,2,6,2,6,13,4,90,6,6,6,50,7,4,3,42,6,2,4,25,8,19,13,4,15,2,2,1,2,2,4,2,9,13,0,4,42,71,37,11,103,2,2,8,5,1,5,6,3,9,3,2,50,4,1,2,6,1,0,4,0,1,1,0,9,23,12,0,61
351,9,5,1,9,10,5,3,4,24,5,1,5,5,9,2,20,3,4,1,9,2,2,2,2,0,2,0,6,1,4,0,5,26,1,72,9,7,5,41,7,7,13,64,8,3,6,25,6,35,9,2,15,2,1,1,0,2,2,3,4,6,1,3,45,69,24,12,85,2,5,7,9,0,3,4,14,8,2,2,49,5,5,1,11,1,1,4,2,1,1,3,12,8,12,1,46
352,12,4,0,4,7,3,7,2,15,3,4,13,13,10,3,25,2,3,0,2,6,1,0,2,0,2,0,3,4,0,1,3,24,7,77,6,7,7,54,10,6,10,53,3,8,8,32,2,18,19,3,24,1,2,0,2,1,3,1,7,18,2,0,31,55,23,4,106,1,2,4,4,6,4,1,5,5,5,3,54,7,2,3,6,0,5,5,1,0,2,4,14,10,15,0,44
353,7,4,3,3,12,4,0,0,17,3,1,11,13,8,3,18,1,3,0,6,2,2,1,6,1,1,0,4,2,3,0,5,16,6,87,7,4,5,49,6,8,3,48,5,7,6,41,3,31,15,0,22,0,3,3,3,1,6,5,13,17,0,3,37,53,25,12,88,3,3,6,2,5,2,2,13,4,5,2,60,8,1,0,5,1,3,1,2,1,1,1,6,15,7,4,55
354,6,5,2,6,9,4,3,2,12,3,0,11,12,8,0,25,2,1,0,5,4,4,1,5,1,4,0,4,0,0,1,4,22,10,77,8,4,3,50,7,3,7,53,3,5,4,36,5,28,12,1,22,0,5,0,1,2,3,1,8,14,2,4,41,76,24,13,90,4,3,4,3,2,5,7,9,2,2,2,54,5,3,1,4,1,3,3,2,0,1,2,9,16,12,4,49
355,12,1,0,2,4,1,3,4,16,1,2,6,7,7,3,28,2,0,0,2,3,2,0,1,3,3,0,6,1,5,1,8,20,3,84,6,9,1,45,4,6,7,52,4,6,8,25,5,31,8,1,18,0,2,1,1,1,5,5,11,20,0,3,42,73,29,7,104,8,4,3,1,2,2,3,10,7,5,3,45,6,7,2,7,1,1,1,0,0,0,3,5,23,15,0,55
356,6,4,1,4,11,5,0,5,19,5,1,8,12,9,4,23,4,3,0,6,6,3,0,8,1,2,0,4,1,1,0,5,15,6,76,5,4,5,39,4,9,3,54,6,5,4,32,3,22,13,4,26,1,1,1,1,0,0,4,8,15,1,3,45,52,32,11,96,4,2,2,3,6,5,5,13,7,6,2,55,4,2,2,2,0,2,1,4,0,2,3,8,19,13,4,57
357,10,5,0,5,5,4,4,7,14,6,1,12,5,11,2,17,1,3,2,5,3,2,1,4,0,3,0,3,1,2,5,3,17,1,96,4,8,6,49,6,8,6,39,10,6,7,34,4,21,14,5,27,0,5,3,2,1,2,2,7,16,1,2,42,63,30,9,95,2,2,4,1,3,4,4,15,3,6,2,65,6,6,0,4,0,2,2,2,0,2,3,2,14,5,1,46
358,10,6,0,3,9,4,4,7,26,2,0,9,9,12,3,20,2,1,0,4,1,3,1,2,0,1,0,3,1,1,0,2,26,1,85,7,7,1,46,12,5,4,51,6,6,7,31,4,25,20,0,19,1,3,2,3,1,3,1,12,11,4,6,29,68,31,13,94,3,13,2,4,2,4,4,7,6,3,5,52,4,3,3,2,1,2,6,2,0,1,3,10,9,12,3,43
359,6,0,1,7,11,7,0,5,15,3,1,7,12,5,1,12,3,2,0,8,1,2,0,6,1,1,0,2,2,3,0,2,11,8,78,4,3,6,47,9,5,8,54,15,7,7,31,9,32,12,3,23,1,3,0,1,2,5,4,8,10,1,4,44,63,28,12,98,1,1,3,4,6,5,6,6,3,3,1,70,4,3,1,6,0,2,2,2,1,0,3,5,20,15,0,45
360,6,3,1,8,9,2,4,6,19,3,1,12,9,13,2,21,0,5,2,6,4,1,0,1,1,1,2,7,3,3,1,1,12,3,102,2,5,2,41,6,2,3,45,8,6,5,38,4,25,11,0,28,0,1,0,1,0,1,1,2,10,1,0,44,63,29,9,71,5,3,8,5,4,4,5,15,6,5,0,55,4,6,4,4,0,5,2,2,0,0,2,10,23,20,4,61
361,5,5,0,4,12,1,2,6,21,5,1,12,13,5,1,23,2,2,0,5,4,3,1,6,4,3,0,3,2,2,2,3,21,4,75,6,5,5,43,1,7,7,50,7,2,2,26,3,25,15,3,20,1,2,1,0,0,5,3,11,20,1,2,30,70,34,11,110,5,4,7,1,4,6,2,3,5,3,2,58,5,3,3,3,0,3,3,3,0,1,5,5,17,6,1,56
362,9,4,0,4,14,2,2,5,14,3,5,11,5,4,4,22,3,3,4,2,1,1,3,7,1,3,1,6,2,0,2,3,15,6,92,4,4,5,39,11,5,8,55,5,8,6,37,6,19,12,5,21,2,1,3,1,1,3,4,7,21,1,1,32,59,20,12,109,0,4,3,3,1,1,4,9,7,6,3,55,4,3,4,5,0,3,5,2,2,0,3,10,14,10,3,46
363,9,4,0,7,6,2,3,8,13,4,5,8,5,10,0,23,3,6,1,2,5,3,2,1,0,4,3,5,0,0,2,3,18,4,79,4,9,2,32,3,5,3,66,4,3,7,37,3,25,15,1,22,0,2,2,0,0,1,1,6,16,0,2,55,63,31,10,109,1,5,7,4,4,4,6,10,1,4,1,51,7,3,4,1,2,1,1,0,0,4,1,8,13,17,1,52
364,4,5,2,3,7,4,2,7,15,2,2,7,12,6,3,16,2,5,0,10,3,3,1,4,0,3,0,3,1,5,1,6,12,10,94,9,4,5,49,6,7,6,50,12,5,5,33,5,17,12,5,28,0,2,3,0,1,2,3,3,20,0,5,36,64,18,13,99,2,6,5,3,6,5,3,7,10,6,3,46,6,1,2,6,0,1,4,1,0,0,1,4,17,12,3,53
365,15,2,0,8,14,2,3,4,22,5,1,12,5,5,0,19,1,4,1,3,6,2,3,4,0,5,1,7,1,1,1,3,18,6,90,10,1,3,38,10,5,8,49,7,4,1,31,4,26,8,2,28,1,2,3,1,3,3,4,6,9,2,8,30,61,18,6,104,5,2,6,6,4,6,8,7,8,2,3,57,4,3,7,5,1,2,1,2,0,0,4,4,16,12,2,53
366,7,4,0,14,16,4,3,3,15,5,1,5,11,7,2,14,0,4,0,6,2,2,3,1,0,2,1,8,0,2,0,7,12,2,77,3,3,5,45,6,8,2,48,7,3,10,28,3,20,9,2,24,0,4,1,1,1,4,4,5,12,1,1,46,70,36,13,104,3,2,4,3,1,6,5,9,3,3,4,62,4,5,1,5,1,2,1,3,0,1,7,11,16,13,3,53
367,6,2,0,6,9,3,1,2,16,4,4,8,5,11,2,23,0,2,0,10,4,2,0,2,0,1,0,11,5,1,1,5,25,5,84,5,2,3,49,6,4,1,43,2,5,6,28,3,17,17,2,25,0,3,1,3,1,3,2,7,13,2,6,43,58,24,10,103,0,9,7,2,2,6,4,9,4,3,1,62,5,5,1,6,1,4,6,2,1,4,4,2,22,14,2,55
368,8,3,1,6,10,2,3,3,20,5,1,10,9,7,0,17,1,6,0,7,4,4,3,7,1,1,0,6,0,0,0,2,20,9,73,6,6,5,45,9,8,2,56,8,6,7,27,7,36,19,2,23,0,4,1,0,1,9,3,12,13,2,4,32,71,23,12,90,5,3,1,3,5,2,3,9,7,6,2,49,2,3,3,5,1,2,2,2,1,0,3,6,15,7,1,54
369,4,6,0,4,8,4,8,3,27,6,1,5,11,8,3,22,5,5,0,6,4,2,2,8,0,2,2,7,4,0,1,5,12,4,75,5,3,2,52,6,12,4,39,8,6,6,23,4,21,15,2,25,0,4,0,5,1,2,3,6,15,1,0,40,55,23,7,100,1,5,8,2,2,7,2,9,7,8,4,51,5,3,3,7,0,4,3,5,1,3,3,5,18,15,1,59
370,7,3,1,4,9,6,5,4,18,2,2,9,11,9,1,18,2,3,1,4,3,2,3,1,2,0,2,4,4,2,1,2,17,3,76,5,9,4,46,7,9,7,52,8,0,7,39,5,25,5,2,13,1,0,1,1,2,6,2,13,23,3,0,41,63,26,12,94,3,4,3,5,1,5,1,5,7,5,0,63,6,4,3,5,0,2,4,0,1,1,2,8,10,16,2,62
371,9,3,0,7,12,4,2,4,20,3,3,8,8,10,3,17,8,3,1,3,1,1,2,1,3,0,2,7,0,0,1,1,20,4,67,10,3,4,47,6,3,4,41,8,10,5,29,6,38,13,5,24,3,1,1,1,2,1,2,13,13,0,2,35,55,27,7,108,2,2,11,3,12,4,8,3,7,2,0,52,8,5,2,3,0,2,2,3,0,2,4,10,9,16,2,61
372,6,6,1,3,13,5,3,6,17,3,2,16,7,13,2,18,2,6,0,5,3,2,2,6,1,2,0,2,1,1,0,7,17,5,65,5,8,6,41,3,3,3,43,11,5,4,32,5,27,17,2,17,0,1,1,2,1,4,5,9,12,0,4,39,72,31,12,112,1,2,4,2,3,3,4,9,7,6,3,46,5,3,3,5,2,3,5,2,0,3,4,8,24,10,1,47
373,8,1,0,5,12,3,4,4,17,4,3,10,5,5,3,29,3,3,0,4,4,0,2,6,0,4,0,6,4,1,0,6,15,7,84,9,7,5,34,14,5,3,49,7,5,8,33,6,26,13,4,23,1,1,4,4,1,1,4,8,12,1,2,45,59,26,12,87,5,3,3,3,3,7,4,6,9,4,1,47,3,4,2,2,1,0,2,1,0,2,1,5,21,11,4,65
374,12,5,0,3,12,2,1,7,11,6,2,15,7,8,0,20,1,4,0,4,2,3,0,3,2,1,0,7,1,0,1,5,23,9,64,3,7,6,32,9,6,6,49,3,10,8,40,4,25,19,2,19,0,6,3,3,1,1,3,7,13,0,4,39,76,33,10,86,4,5,5,2,6,4,1,8,12,7,3,57,7,2,3,2,0,2,8,0,0,2,5,11,9,14,2,45
375,5,3,1,5,11,6,1,9,17,2,2,9,17,5,2,25,4,1,2,2,3,3,0,5,0,2,0,3,3,4,0,4,17,8,79,5,2,3,47,3,14,5,67,9,3,4,30,4,22,16,2,17,1,2,1,3,0,4,3,9,14,0,1,24,59,20,12,106,2,4,6,1,10,2,5,8,6,3,4,44,2,4,3,2,1,0,1,3,1,2,6,12,17,15,2,62
376,5,5,0,7,10,4,1,9,18,4,3,8,5,11,0,18,5,3,0,8,6,0,1,6,0,1,0,4,2,3,0,6,24,2,70,7,7,6,42,7,7,5,58,9,7,4,32,5,23,19,1,27,1,2,0,1,2,1,4,8,11,2,1,33,68,26,9,96,3,4,4,2,2,3,3,5,4,4,2,45,7,5,0,7,1,3,2,3,0,1,2,6,12,16,3,71
377,6,2,1,5,11,1,2,9,13,4,1,6,10,11,3,18,1,2,1,5,3,3,2,3,1,1,1,3,2,2,0,6,15,7,80,8,9,5,39,9,6,6,43,7,5,15,27,9,26,9,2,18,0,4,3,1,0,1,3,9,13,0,4,47,70,26,11,99,3,3,3,3,2,4,0,11,5,1,2,63,4,5,4,5,0,6,2,2,1,2,6,7,16,13,2,50
378,10,5,1,9,9,6,1,4,17,1,1,19,9,7,3,15,3,7,1,5,5,5,0,3,2,2,0,7,4,2,1,8,13,4,85,6,5,3,49,3,6,5,59,4,5,6,34,5,24,9,2,19,0,4,3,0,1,4,3,6,16,0,3,48,58,28,10,87,1,2,3,0,2,2,1,11,11,4,6,56,2,4,2,6,1,3,2,2,0,2,3,5,14,14,1,51
379,3,2,1,0,5,2,1,5,30,4,0,14,4,10,1,20,2,2,1,3,6,2,1,3,3,2,1,4,1,2,2,3,21,2,76,13,10,4,51,7,8,6,44,3,7,5,35,3,29,16,2,22,0,3,1,1,1,4,2,8,21,3,4,41,57,29,10,92,3,3,5,1,5,2,3,4,5,7,2,41,6,2,4,3,0,1,4,3,0,1,2,15,16,14,2,65
380,7,12,1,5,6,7,2,4,19,7,4,14,6,10,3,13,6,1,0,2,4,3,1,2,2,0,0,2,1,4,0,5,20,3,81,7,6,5,50,7,1,2,53,7,12,2,25,6,21,16,2,28,0,1,0,0,1,3,4,6,13,2,3,45,70,22,11,99,3,4,6,3,3,4,3,11,5,5,4,46,12,4,1,5,0,4,1,3,2,0,3,8,21,7,0,45
381,8,4,1,4,9,7,3,5,21,2,1,13,7,12,7,16,1,2,1,4,1,4,0,8,1,4,1,4,7,6,1,7,23,4,86,5,8,9,37,7,8,9,50,5,3,6,36,3,29,12,3,17,2,3,0,0,0,5,1,8,11,3,2,35,78,19,11,77,1,9,3,1,5,2,7,15,6,6,0,62,4,2,2,5,1,1,2,2,1,1,1,9,16,14,3,32
382,12,7,0,4,9,4,2,2,26,1,3,10,11,8,3,28,3,5,2,3,3,1,0,2,0,2,2,4,1,0,2,10,18,7,87,5,6,5,41,3,3,4,42,8,6,7,32,3,20,15,3,27,1,2,1,0,1,2,3,11,14,1,3,40,46,25,10,85,4,4,3,7,1,6,4,11,4,7,2,55,6,4,3,4,1,0,3,4,1,2,2,9,19,26,2,49
383,5,6,0,4,4,7,2,3,18,1,3,2,11,7,2,19,2,4,2,2,6,2,0,7,0,2,2,6,0,3,0,4,20,7,107,3,2,5,46,4,2,4,61,4,5,5,22,2,27,10,4,19,3,2,2,1,1,6,5,6,11,0,3,46,56,31,11,96,2,6,3,4,1,3,3,14,9,6,2,58,5,1,6,1,0,5,1,3,0,2,4,3,14,15,1,53
384,6,2,1,2,9,4,2,0,17,5,1,7,4,7,0,20,7,2,0,6,3,1,1,4,0,0,1,2,2,0,0,6,18,4,77,7,8,5,54,13,7,9,53,7,8,6,31,3,16,8,3,19,0,1,2,2,0,7,2,11,22,1,2,26,61,31,16,93,3,2,3,4,3,1,9,7,7,5,1,59,10,6,3,5,0,4,2,4,1,4,1,4,22,10,1,64
385,7,2,0,4,8,5,4,5,21,3,0,12,12,10,1,16,3,3,2,4,6,3,0,5,0,3,0,7,1,0,0,5,19,7,75,4,4,2,30,5,4,8,48,7,5,10,38,5,28,15,4,18,0,2,1,3,0,5,1,11,16,1,3,51,73,29,10,88,2,4,3,9,6,3,3,10,2,1,3,57,6,1,0,4,0,2,5,2,0,1,2,9,20,13,0,50
386,7,2,0,3,10,3,2,5,20,4,0,6,6,5,2,16,1,3,0,7,6,2,1,4,0,4,0,1,2,3,0,7,17,7,89,7,6,7,36,9,16,4,40,8,7,10,34,3,20,13,4,19,0,4,1,0,0,2,2,8,11,2,2,38,66,26,16,114,4,4,1,3,4,3,4,14,6,7,3,51,1,6,1,7,1,2,5,3,0,1,3,7,17,9,1,52
387,7,4,0,6,8,7,0,1,23,2,0,6,7,7,2,21,3,1,0,3,4,3,0,7,0,2,0,3,1,0,2,2,23,5,85,15,7,4,39,7,8,9,55,9,7,6,23,8,24,10,3,28,2,1,4,2,0,5,3,7,14,0,3,44,62,25,10,90,2,4,6,5,3,4,4,7,3,9,3,47,4,0,3,6,0,5,3,0,0,0,3,10,16,11,3,60
388,4,6,1,3,9,7,2,6,11,6,2,6,8,3,3,17,5,3,0,8,4,1,2,9,2,2,1,4,1,3,3,2,19,5,79,9,1,4,45,6,7,3,58,3,8,7,34,1,29,12,3,27,1,0,0,1,1,6,2,12,13,3,3,46,78,28,11,87,1,3,6,0,1,1,6,6,3,6,4,54,8,0,3,1,0,2,6,1,1,1,4,7,10,10,3,56
389,10,5,0,3,8,3,2,4,22,3,1,6,9,8,4,25,2,6,0,5,6,2,1,5,0,2,0,7,3,4,1,4,14,3,79,7,5,4,57,2,5,8,48,3,6,5,20,6,21,10,3,23,0,6,4,2,1,5,4,12,14,3,1,41,71,20,15,96,4,1,1,3,0,4,2,13,3,6,2,43,6,2,4,7,2,5,3,0,1,1,3,10,17,13,1,58
390,7,9,0,5,12,3,7,4,19,1,3,7,5,10,2,17,1,4,1,5,5,5,1,3,2,1,1,7,1,2,0,2,23,5,72,6,3,5,40,11,7,5,44,6,5,8,39,1,26,12,1,20,1,1,1,0,0,2,1,9,17,1,3,46,81,30,8,97,1,4,3,3,5,5,5,7,7,7,2,55,3,4,2,5,0,3,3,3,0,2,2,4,17,9,2,48
391,11,3,1,1,10,2,1,4,16,4,1,10,11,6,0,14,4,2,0,3,4,5,1,6,0,4,0,7,2,2,0,4,11,3,91,5,4,8,47,1,3,4,50,5,10,7,20,8,31,17,2,24,1,4,2,2,1,2,1,7,16,1,1,42,85,33,7,87,0,2,8,7,5,3,3,14,8,4,3,54,5,2,6,5,0,3,3,1,0,1,5,5,10,5,0,56
392,7,2,0,9,11,1,2,3,16,3,1,8,11,6,3,26,1,2,0,6,7,4,0,0,0,6,0,7,1,1,1,5,26,3,80,10,4,3,43,9,8,4,51,7,11,4,32,3,20,11,3,20,2,3,0,1,2,7,2,5,13,2,2,43,68,29,10,94,2,0,1,3,3,2,3,12,12,4,5,47,5,5,2,5,0,2,3,4,1,0,2,8,18,10,2,54
393,8,4,3,5,5,6,2,8,15,5,1,7,9,6,3,17,1,3,0,3,4,5,1,4,0,3,2,7,0,2,0,4,15,7,72,10,5,3,55,9,4,4,49,6,5,10,36,4,24,12,2,25,1,3,1,1,1,2,3,7,14,2,5,37,61,26,9,98,2,2,8,4,3,4,4,10,11,5,2,50,5,3,1,3,1,2,4,1,0,1,3,9,19,22,5,45
394,12,4,2,5,6,3,3,2,20,5,0,11,7,9,0,18,3,6,1,3,1,4,3,3,0,0,0,8,2,1,0,3,15,5,75,8,6,4,51,8,10,4,57,8,7,6,36,5,27,14,0,28,0,3,1,1,1,4,1,6,18,0,7,40,62,14,7,101,3,3,4,0,2,5,6,13,3,7,2,54,6,2,4,4,0,2,4,3,0,1,4,9,10,11,3,50
395,3,0,1,8,12,2,1,7,16,0,1,9,12,11,4,23,4,3,0,5,3,7,0,3,2,2,2,4,0,3,0,3,17,8,73,5,6,6,55,8,4,5,50,3,6,11,35,0,24,14,1,25,0,1,1,0,0,2,1,14,18,0,3,41,63,32,15,89,1,0,5,2,2,3,4,12,6,2,2,69,3,2,2,7,0,2,2,0,1,3,0,6,15,15,2,45
396,6,2,0,3,7,5,1,4,18,2,0,9,9,11,2,22,3,3,1,2,5,2,0,0,1,3,0,1,4,2,1,3,15,7,63,12,6,3,53,9,4,6,56,8,6,7,30,7,27,18,4,20,1,3,1,0,1,5,4,9,8,2,5,28,64,26,12,115,1,3,3,3,1,4,6,11,3,5,1,67,3,3,4,7,1,5,1,1,0,0,3,4,9,17,1,56
397,3,2,1,6,8,3,0,5,16,9,1,4,10,9,1,12,5,4,3,5,5,3,0,6,0,2,0,4,3,3,0,10,19,3,76,4,6,4,59,11,7,5,47,7,6,5,39,3,29,17,5,11,1,1,3,2,0,4,3,9,11,2,4,38,57,24,16,94,0,4,7,1,4,6,6,8,8,4,3,56,6,3,4,2,0,1,4,3,0,0,3,8,11,7,2,64
398,5,4,1,5,7,4,0,2,19,2,2,7,5,5,1,21,1,6,1,4,3,3,0,5,0,1,1,5,3,1,2,6,15,3,109,5,4,7,47,9,3,3,60,12,6,4,28,6,16,11,1,13,0,1,0,3,2,2,6,11,9,1,6,37,61,36,15,95,0,1,3,7,3,9,3,7,7,7,0,56,6,2,6,6,0,1,1,0,1,3,5,8,19,9,0,51
399,6,4,1,1,10,3,3,6,12,5,2,9,7,8,5,20,2,2,1,9,2,3,2,1,1,1,1,4,2,4,1,9,20,4,77,3,7,4,45,3,4,10,51,2,10,3,29,6,23,10,2,27,1,5,2,0,0,1,1,14,17,1,6,45,84,26,12,88,2,3,3,3,2,2,4,9,4,5,4,49,2,2,4,6,0,4,5,2,0,2,4,12,15,11,1,50
400,13,5,0,6,6,5,2,8,19,4,1,7,15,3,1,13,3,3,0,4,2,3,0,3,1,3,2,6,2,3,1,5,15,4,90,5,10,1,53,6,6,4,44,2,10,4,26,6,28,15,6,9,1,1,1,1,1,3,4,7,11,0,2,47,56,27,8,97,5,1,2,5,6,4,4,12,4,8,2,64,6,5,4,4,0,2,2,0,1,0,3,5,23,9,1,58
401,10,4,0,4,8,0,2,4,22,2,1,7,10,6,2,22,3,3,1,5,5,4,0,1,1,2,0,2,1,2,0,8,19,5,76,1,6,6,44,5,6,5,52,5,4,3,36,3,24,17,3,29,3,3,1,2,1,4,0,10,8,4,3,38,63,34,8,76,3,5,6,7,3,4,3,11,8,6,3,58,3,1,6,4,0,1,4,2,0,1,1,10,23,10,4,64
402,11,2,3,4,10,5,1,4,15,5,0,11,13,9,3,17,1,0,0,5,4,3,1,4,2,2,1,4,1,2,1,3,20,5,82,10,6,5,56,9,9,5,43,10,8,5,30,1,25,18,0,22,1,3,0,1,0,3,3,8,15,2,3,38,59,24,12,100,4,5,3,3,1,4,2,11,2,2,4,42,6,4,5,10,0,0,4,4,3,0,4,8,17,7,2,55
403,13,6,3,1,8,2,4,3,17,4,2,9,12,7,1,22,4,2,2,2,6,0,0,0,0,2,0,3,2,1,1,3,18,4,103,15,5,5,52,8,8,7,47,4,5,4,29,2,29,20,2,27,1,6,2,1,2,3,1,11,9,0,5,34,62,19,14,76,0,1,6,5,3,5,4,9,4,6,3,51,8,4,4,8,0,7,3,0,0,0,2,5,13,12,0,55
404,8,2,0,5,11,2,2,1,25,3,1,5,3,3,1,26,2,3,0,2,1,6,0,6,0,2,0,3,1,0,0,3,22,3,89,14,8,3,43,8,8,7,53,6,5,6,37,6,26,13,4,21,3,0,2,2,0,2,1,12,13,2,5,40,68,24,14,85,7,5,3,5,3,1,2,9,3,2,5,54,6,4,3,4,3,3,6,1,1,2,1,7,14,9,2,53
405,10,5,0,6,5,3,2,5,7,3,1,12,11,10,2,18,3,4,1,7,3,1,1,4,0,0,0,2,1,3,0,4,21,5,98,6,4,3,47,7,4,6,55,10,4,10,29,4,25,16,4,24,0,1,2,1,1,2,2,5,14,0,2,47,67,30,9,82,4,3,2,3,1,6,5,13,9,5,2,30,8,4,3,3,1,1,3,3,0,4,5,11,16,18,0,56
406,7,8,0,5,7,0,1,5,13,4,3,7,9,11,1,16,1,3,0,4,2,2,1,2,0,2,1,3,1,0,0,8,14,3,75,6,7,7,44,10,8,4,68,5,3,8,33,9,27,15,2,22,1,4,2,1,3,3,3,7,21,1,2,38,63,17,6,103,2,4,5,0,4,4,3,11,8,5,4,55,4,6,0,7,2,2,1,4,0,2,5,7,16,11,1,55
407,9,6,0,2,15,1,2,6,24,2,1,8,9,9,2,26,1,5,0,6,1,3,0,1,2,5,1,2,4,1,1,5,21,4,85,3,6,6,44,8,9,3,48,5,6,7,32,5,20,11,7,18,2,6,3,3,0,3,2,10,13,1,4,29,59,21,9,104,5,1,5,2,3,6,1,9,8,2,0,57,5,5,4,6,0,1,2,1,0,0,4,10,15,6,4,61
408,2,3,1,5,9,5,1,4,18,0,2,6,7,10,0,23,2,3,0,4,2,2,0,6,0,3,2,5,1,7,1,2,22,5,80,6,2,5,45,13,8,3,57,4,3,3,22,4,29,11,3,20,0,3,3,3,1,4,4,6,12,2,1,46,70,25,13,100,5,6,1,4,4,3,2,7,8,12,3,62,8,3,4,3,0,2,5,1,0,0,2,6,19,9,4,43
409,11,6,0,5,8,2,1,8,16,5,2,5,10,8,1,21,1,4,0,6,6,5,3,2,0,1,0,6,4,1,1,3,15,2,82,9,3,2,47,9,6,2,53,6,8,7,30,7,24,11,4,23,0,1,2,2,1,8,3,14,16,0,4,37,61,23,8,94,1,1,4,6,7,3,4,8,5,4,5,58,2,2,3,3,1,2,3,2,0,1,5,5,13,17,1,58
410,6,4,0,4,9,3,4,2,18,2,3,8,6,12,2,23,2,2,0,3,7,2,3,4,4,2,1,3,4,2,0,5,22,3,65,8,7,3,45,7,4,7,49,9,2,7,33,4,27,17,0,29,0,5,1,2,0,3,5,14,25,0,1,33,71,28,14,95,4,2,3,2,3,4,6,9,2,2,5,51,8,3,3,0,0,5,1,2,0,0,2,7,12,13,1,55
411,8,6,0,5,10,7,1,7,17,3,4,6,7,11,3,24,3,5,0,6,6,0,0,2,1,0,1,3,3,1,2,8,15,3,78,8,7,5,53,7,5,10,56,8,5,10,31,7,26,8,2,19,2,7,4,1,0,3,3,6,13,1,1,37,69,29,8,83,3,3,7,4,2,0,3,10,5,5,2,41,4,3,3,5,0,1,1,0,0,2,7,4,16,24,1,54
412,5,8,0,7,12,3,4,2,17,2,3,8,12,7,1,22,2,3,0,5,5,1,1,4,2,1,0,9,4,3,3,3,19,11,76,8,7,5,37,6,1,8,44,6,3,4,25,3,32,9,4,21,0,2,2,1,1,5,1,7,10,1,3,41,57,30,8,99,5,7,7,4,2,2,4,11,8,7,1,48,4,3,0,7,1,4,4,1,0,1,3,7,22,14,1,66
413,10,2,0,3,13,2,4,4,24,3,0,10,9,7,2,16,2,2,0,6,6,1,2,2,0,0,0,2,2,1,0,4,17,7,89,7,9,8,40,4,4,5,48,7,6,5,28,4,23,14,4,35,2,1,0,1,1,6,3,10,14,1,8,33,65,24,11,102,2,8,4,4,6,2,2,10,2,1,1,52,9,7,1,6,1,4,1,3,0,0,2,11,10,9,2,55
414,9,2,0,6,12,2,2,6,10,1,1,10,6,8,3,21,2,7,0,6,2,3,1,6,0,1,0,5,3,2,0,5,10,7,74,9,3,2,31,6,6,9,43,3,1,7,33,3,23,12,2,26,0,3,3,0,0,5,1,6,24,3,6,53,79,37,11,91,4,4,8,4,2,7,1,8,8,3,3,50,3,3,4,6,0,4,1,4,1,2,2,7,10,12,3,62
415,6,4,1,2,9,5,1,6,24,3,0,10,10,10,2,19,0,4,0,2,4,3,1,4,1,2,0,3,3,3,0,5,9,5,82,6,6,2,43,8,6,6,62,6,4,3,25,2,26,14,3,31,0,3,3,0,0,6,3,4,11,0,5,31,67,26,13,109,1,5,8,2,3,4,1,7,3,3,3,71,2,1,1,3,0,3,0,1,2,1,3,3,23,10,0,59
416,4,0,0,1,11,6,1,2,18,4,0,10,6,6,2,25,5,5,3,4,3,10,1,9,1,1,1,4,2,3,0,2,25,4,67,10,4,6,48,9,6,4,46,5,9,6,28,1,24,13,3,31,1,2,0,0,1,2,4,7,9,0,4,37,63,28,10,106,3,2,4,3,5,1,4,10,4,2,3,52,10,3,3,7,1,0,5,2,0,2,4,6,11,14,4,62
417,7,6,0,4,10,5,4,9,13,6,0,8,6,7,3,19,2,4,0,2,3,2,2,1,3,0,2,3,0,2,2,4,21,7,91,7,4,2,47,10,5,2,46,4,5,11,26,8,25,17,4,29,0,3,2,3,1,6,0,6,15,1,2,43,61,29,3,98,0,6,11,5,7,4,4,10,6,4,2,49,6,3,4,7,1,3,4,0,1,0,3,7,19,11,1,39
418,9,5,0,4,9,2,2,4,14,5,1,7,9,6,2,12,2,7,1,4,4,2,1,2,0,2,1,8,3,5,1,5,34,4,71,6,5,5,47,8,6,5,68,9,7,3,33,3,24,12,2,28,1,3,3,0,0,3,3,4,12,2,4,51,73,17,16,93,2,1,5,3,3,0,0,6,4,0,3,56,5,5,2,2,1,2,4,2,0,2,4,10,13,13,1,47
419,8,3,1,6,10,3,1,8,20,2,2,9,8,6,1,24,2,2,0,4,3,2,1,0,0,2,2,4,1,0,0,5,25,3,81,7,10,0,59,7,7,5,53,4,4,4,37,2,20,9,2,27,3,1,2,3,0,1,2,10,17,0,3,38,68,32,17,88,1,5,6,3,2,2,3,7,8,5,0,50,6,4,3,9,1,3,4,3,2,0,3,10,14,11,1,43
420,4,4,2,6,16,2,2,12,23,5,3,11,8,5,0,13,1,3,0,7,3,1,1,2,0,3,0,11,1,0,1,6,23,4,70,5,9,6,40,4,3,9,52,7,5,6,32,4,27,15,2,23,1,2,0,0,2,6,3,9,13,2,5,36,63,27,12,96,3,1,4,2,1,2,4,10,8,7,3,56,4,4,3,11,0,2,2,2,1,1,3,6,21,13,1,46
421,8,3,1,7,20,0,0,5,15,5,3,6,9,16,1,16,3,4,0,6,4,2,0,8,1,1,0,3,3,1,1,5,15,7,76,7,5,3,39,11,5,1,55,4,2,5,32,7,28,10,2,28,1,1,0,2,4,5,2,10,17,1,2,54,63,29,10,91,3,5,1,4,3,6,6,9,6,2,2,49,5,1,0,8,0,1,4,2,0,0,2,6,18,8,0,58
422,8,4,1,7,9,3,4,5,21,3,0,11,7,4,2,21,2,6,0,8,1,1,3,4,1,1,0,5,2,1,3,6,16,10,74,7,2,5,43,8,10,4,59,4,6,7,30,4,28,12,2,29,0,3,1,1,0,4,2,5,14,0,2,39,63,26,9,87,5,4,4,2,5,4,4,13,6,4,3,51,5,4,4,4,1,6,4,0,1,4,1,8,20,9,3,51
423,13,6,1,5,8,6,1,6,14,2,2,13,6,4,3,19,2,1,1,6,4,3,1,3,0,2,0,3,3,0,1,6,20,3,81,10,6,6,60,9,6,2,51,6,0,5,34,4,29,21,4,29,2,5,1,0,2,5,2,6,11,0,3,42,57,24,4,95,6,4,4,2,3,5,4,4,7,3,1,53,4,2,3,4,0,3,3,1,1,1,3,9,9,13,1,57
424,4,2,0,4,12,3,4,5,18,5,5,12,11,6,5,15,4,7,0,4,4,3,1,4,0,2,1,5,0,2,0,4,22,7,97,8,5,4,46,5,3,6,59,8,5,2,31,1,19,13,7,27,0,3,0,3,0,2,3,11,16,1,2,37,52,23,11,78,3,3,2,1,1,3,4,8,10,5,4,67,4,2,0,8,2,3,3,1,0,1,1,8,17,11,4,55
425,9,5,1,5,7,5,0,8,21,4,2,8,10,10,4,26,4,3,0,3,2,2,0,4,1,2,0,4,2,1,0,1,17,6,72,6,9,3,44,10,4,3,44,5,9,6,35,6,31,15,3,28,2,2,1,2,3,2,4,6,15,1,2,34,64,22,10,88,1,4,6,3,3,6,4,13,8,2,2,46,3,5,2,5,0,2,5,2,0,0,5,7,20,16,0,62
426,9,3,1,2,12,5,1,5,16,2,1,12,8,8,3,18,0,3,0,4,2,5,1,2,3,4,0,5,2,3,1,6,20,8,91,7,3,8,46,6,7,4,49,4,4,12,24,6,23,15,1,29,1,3,0,0,1,5,1,15,12,3,4,29,67,25,8,98,4,4,4,3,7,6,4,15,5,8,3,40,4,4,2,1,1,1,4,8,1,0,3,6,21,8,3,44
427,10,7,0,4,7,4,4,4,18,4,0,7,5,2,1,26,1,2,0,5,5,2,0,8,1,0,0,2,0,2,0,2,16,6,87,4,2,9,47,4,5,9,49,8,4,8,35,5,28,15,4,29,0,2,2,1,1,3,2,9,16,1,1,44,78,26,13,82,4,6,4,4,2,0,3,6,7,3,1,47,7,6,4,5,0,4,1,2,0,2,4,6,24,9,0,51
428,9,5,1,2,9,3,2,3,20,7,5,15,10,8,0,19,5,3,0,12,2,0,1,3,2,1,0,6,0,1,1,4,18,3,82,9,3,2,37,8,9,1,53,3,8,4,36,2,33,14,1,24,1,4,3,1,1,7,5,3,12,1,2,46,67,27,6,91,4,3,4,4,5,6,4,17,9,4,5,37,1,3,2,2,0,2,2,2,1,0,2,3,15,15,1,61
429,13,4,0,8,9,0,4,8,20,5,2,5,9,13,1,23,1,4,0,3,4,1,2,2,1,3,0,6,1,2,3,4,15,5,74,5,7,6,38,9,7,5,45,6,5,4,28,6,18,17,5,20,0,4,0,4,0,4,5,6,16,3,6,47,59,22,9,90,5,4,2,5,5,6,7,6,3,10,3,61,6,1,5,4,0,6,7,1,1,1,5,5,17,7,3,53
430,10,8,0,3,8,1,1,4,21,4,1,14,7,8,2,20,1,8,0,4,5,4,1,4,1,6,2,1,0,4,0,4,10,4,87,6,7,3,50,5,2,7,43,9,6,7,33,3,25,23,3,23,2,5,1,1,0,0,2,10,20,0,4,43,62,29,10,95,4,5,2,6,4,5,4,9,5,1,1,45,5,1,4,4,0,4,4,1,0,2,4,5,9,10,1,58
431,8,3,2,9,11,4,2,6,25,3,2,7,8,8,3,22,2,5,0,8,4,4,0,4,2,1,0,7,3,4,1,4,7,5,88,6,6,5,37,7,4,4,52,6,6,5,32,3,28,10,0,18,0,5,5,3,0,1,3,9,14,0,3,33,56,27,10,93,2,1,5,5,2,5,0,9,4,9,4,59,8,5,3,8,1,0,3,0,0,0,6,5,20,20,3,50
432,5,2,0,1,5,5,4,5,16,5,2,10,5,10,2,23,0,4,0,9,4,3,0,2,3,2,1,3,1,2,0,11,17,3,88,5,4,7,38,5,4,3,49,4,3,4,29,5,27,13,4,31,0,1,0,1,1,4,1,7,13,0,7,42,65,25,15,106,4,1,5,4,2,8,5,7,5,4,2,40,7,5,6,6,1,5,2,1,0,0,5,7,12,13,1,66
433,13,4,1,0,10,3,1,7,17,0,2,5,8,11,0,24,3,6,0,6,2,5,2,6,2,4,0,7,1,4,1,5,13,5,93,11,5,2,44,8,6,9,49,10,4,3,33,5,23,14,3,18,1,1,4,1,0,2,2,11,10,1,6,49,70,25,12,81,3,2,4,2,5,2,2,13,5,6,1,43,6,2,2,7,0,2,2,0,0,0,4,3,16,22,0,52
434,5,1,1,3,9,3,3,4,21,5,0,11,15,12,3,18,3,3,1,4,1,2,0,4,1,4,1,6,1,6,2,8,24,10,83,4,7,3,39,6,3,3,47,2,3,4,32,2,29,11,5,27,2,5,1,0,1,7,1,12,12,1,3,52,58,29,8,103,0,3,7,1,6,2,3,11,4,2,6,44,2,2,3,2,2,4,3,3,0,1,5,5,9,13,4,53
435,6,3,0,4,10,2,1,6,17,7,3,9,3,11,1,15,3,8,0,7,6,1,2,5,0,3,1,6,3,2,0,1,25,3,68,10,3,6,44,8,5,6,52,6,8,5,30,3,21,16,3,23,0,5,2,2,1,1,1,13,9,2,2,49,67,30,9,87,1,5,4,5,4,4,2,7,4,8,4,51,4,2,5,6,1,2,1,1,0,2,7,9,21,12,6,51
436,10,8,0,4,12,4,6,6,18,3,1,12,7,7,5,15,1,4,3,8,1,3,1,1,2,3,1,7,0,4,0,2,21,6,67,8,6,4,53,8,6,5,51,5,6,4,34,2,25,9,3,28,2,4,1,1,1,4,1,9,15,0,0,33,53,26,17,117,3,4,4,5,0,2,3,10,6,5,0,57,3,1,2,2,1,1,4,1,1,2,2,7,13,7,0,60
437,8,1,2,4,7,2,0,6,18,0,3,10,10,9,0,15,2,7,0,5,7,5,3,2,0,2,0,4,2,6,1,5,11,6,74,12,3,3,42,9,7,4,43,7,1,4,37,3,32,11,1,28,1,4,0,2,0,3,2,10,15,1,2,47,66,27,11,102,2,2,8,2,1,1,3,10,6,1,4,54,7,2,2,4,0,2,2,4,0,2,3,12,12,13,2,62
438,12,5,1,3,12,6,1,3,14,3,3,6,11,9,1,23,3,4,0,2,5,3,0,5,2,4,1,6,2,4,0,7,10,6,90,3,4,4,44,8,8,6,65,4,2,8,30,4,24,6,3,20,1,3,2,2,2,2,0,17,18,0,3,33,66,23,8,106,2,6,3,4,5,2,4,6,4,4,3,55,5,2,4,7,0,0,2,3,0,0,0,8,15,13,3,44
439,6,2,1,1,8,3,1,4,25,5,1,11,13,7,4,22,2,2,0,6,2,1,0,2,0,2,1,7,1,3,2,7,13,5,85,3,6,5,44,8,6,6,70,6,5,7,22,4,25,12,3,15,0,2,1,3,2,1,5,9,10,0,3,46,62,22,15,95,3,4,8,3,3,7,3,8,7,4,5,47,5,1,4,2,0,2,1,2,1,3,3,6,15,12,3,60
440,9,5,0,8,7,4,1,7,20,3,0,14,6,11,1,28,3,4,0,7,9,3,2,5,3,2,2,4,1,1,1,4,17,5,91,5,5,6,37,12,5,2,48,4,5,3,23,8,23,15,1,21,0,6,6,1,0,3,2,6,15,1,2,43,76,29,14,90,0,4,2,3,4,2,1,8,3,4,4,43,4,0,3,4,0,1,10,4,0,0,1,10,16,10,1,53
441,12,4,1,6,12,3,1,3,10,4,2,10,13,9,0,21,1,3,0,5,4,2,0,1,0,1,1,4,1,0,0,8,13,11,78,6,6,7,40,6,4,4,43,8,5,5,32,4,27,16,1,32,1,4,3,0,1,4,4,6,10,1,0,40,76,29,12,102,1,4,3,1,1,5,3,17,5,4,1,56,3,0,5,9,0,3,1,1,0,1,4,6,14,15,1,53
442,11,3,1,5,8,2,1,8,16,1,2,12,8,6,1,26,1,5,0,3,5,0,1,3,0,3,2,5,1,2,2,13,18,3,70,7,2,3,55,8,5,5,55,11,5,8,34,7,26,14,2,25,2,1,0,0,2,5,7,8,14,0,2,47,53,20,10,86,6,3,6,3,2,4,2,13,13,4,1,63,4,0,1,2,1,2,3,1,2,0,3,4,9,19,2,50
443,2,3,0,6,7,1,3,5,19,2,2,3,6,15,6,22,4,8,1,3,4,4,0,2,0,4,2,2,0,0,2,4,14,3,86,9,4,3,53,8,5,5,50,5,7,7,34,2,31,16,2,20,0,3,0,3,0,5,3,9,14,0,3,48,57,26,18,85,3,3,5,4,3,1,3,9,5,4,5,59,7,4,2,4,0,5,2,0,1,0,4,5,14,12,2,54
444,9,1,0,9,14,2,2,4,13,2,1,11,3,12,2,19,3,2,0,5,0,9,1,4,0,2,1,3,6,2,0,5,16,6,89,7,5,6,47,10,3,6,42,5,6,3,32,3,27,8,1,29,1,3,0,1,0,2,1,8,24,2,3,35,60,30,14,93,3,4,4,2,6,5,1,6,3,4,5,51,6,3,4,3,0,1,4,1,1,1,4,11,19,11,0,62
445,8,0,1,6,8,2,0,4,25,4,1,26,10,12,5,20,1,8,0,2,7,3,2,5,0,1,0,10,4,1,2,6,20,5,92,7,3,4,47,2,4,5,38,2,5,4,23,4,25,9,2,26,0,5,1,1,1,4,1,7,22,0,1,43,69,23,11,89,4,5,5,5,3,2,2,13,6,6,6,49,3,5,0,6,0,2,1,1,0,0,4,4,18,9,1,51
446,7,6,2,6,12,4,3,1,15,3,1,10,10,17,1,27,4,6,0,4,3,2,4,2,1,0,1,6,2,0,0,2,15,5,90,7,3,6,43,5,4,9,54,4,3,5,36,2,28,12,6,27,0,2,2,3,1,6,2,7,8,0,4,40,65,23,10,87,6,5,5,3,2,4,4,8,3,6,5,58,2,4,2,3,0,3,0,3,0,2,7,8,14,7,1,49
447,3,2,0,8,12,7,3,10,21,6,1,11,8,9,1,19,2,0,0,1,1,1,1,3,1,1,1,3,3,0,1,5,17,4,92,8,7,2,43,8,6,6,52,9,8,7,40,2,19,7,2,23,1,3,0,1,1,2,6,9,12,0,2,45,56,27,9,85,3,1,2,3,2,1,4,10,5,6,3,68,7,2,2,4,0,2,0,4,3,2,3,6,12,13,1,65
448,7,4,1,1,5,6,3,8,25,2,0,10,3,6,3,19,3,3,0,6,3,2,2,4,0,1,0,5,2,1,2,3,16,4,82,5,4,1,37,5,5,2,53,10,6,7,39,9,27,11,3,28,0,1,0,2,0,3,2,12,10,1,8,43,81,20,7,93,2,2,2,2,2,4,8,6,5,8,5,55,5,2,2,7,0,2,1,3,3,0,5,5,16,11,2,58
449,7,6,1,4,12,3,2,6,12,2,1,6,12,11,3,24,3,0,0,1,0,3,0,6,0,2,1,8,0,3,0,3,19,8,74,7,3,6,43,5,8,6,56,3,4,6,39,5,25,16,3,28,1,3,1,0,1,2,1,10,11,3,4,38,53,26,16,86,5,3,3,5,5,1,3,15,10,2,2,49,7,2,3,4,2,0,1,2,0,1,2,14,17,17,5,58
450,11,4,1,3,7,2,4,3,12,5,0,9,5,9,1,13,2,1,0,2,6,1,0,2,3,2,1,5,1,2,0,7,15,6,95,5,2,7,59,10,9,2,45,4,6,12,34,6,17,15,2,23,1,3,1,3,1,3,3,12,14,1,5,35,62,22,11,83,2,1,6,4,6,5,7,10,3,6,6,57,1,4,1,5,0,1,3,2,0,2,4,9,22,18,2,55
451,11,2,2,3,4,6,2,6,23,2,2,14,6,5,3,23,4,2,0,4,1,5,1,5,2,0,2,6,2,3,2,4,14,3,78,3,6,6,41,4,4,4,47,6,7,7,29,8,19,11,2,18,0,3,2,1,0,3,1,13,4,0,4,39,71,25,12,110,1,6,4,3,4,9,3,8,7,2,1,49,6,8,2,11,0,3,6,1,0,0,3,3,19,9,3,67
452,9,2,1,3,10,4,1,3,12,1,1,11,8,11,6,22,2,3,1,5,7,1,0,4,1,1,0,3,1,4,0,6,22,6,86,8,6,2,46,8,3,6,53,10,8,6,25,4,37,10,1,23,0,3,5,1,1,3,0,11,8,1,2,42,69,28,12,99,3,0,4,1,10,4,2,8,4,7,3,43,3,4,1,2,0,3,5,0,1,2,4,13,15,14,1,44
453,8,2,0,2,7,3,3,3,21,3,3,9,9,9,3,19,1,5,0,6,5,3,0,2,0,2,0,2,3,1,0,2,20,3,76,8,8,5,37,6,6,4,38,6,6,4,39,3,30,12,3,27,0,3,1,2,0,6,3,12,15,0,3,48,58,21,11,101,4,3,6,2,2,3,7,14,6,4,3,51,5,4,5,6,2,1,1,1,2,1,3,11,23,9,2,58
454,5,0,0,9,9,5,1,1,12,4,3,11,16,6,4,27,3,3,1,2,1,1,1,4,0,1,0,1,2,3,0,3,22,5,91,8,7,5,40,7,7,6,46,8,1,4,27,12,23,19,3,24,1,3,3,6,1,2,3,10,10,1,1,34,62,23,11,103,3,3,7,6,1,3,2,13,4,7,1,43,5,2,7,6,0,2,2,2,0,2,3,10,16,12,2,58
455,5,6,1,5,8,3,6,4,17,3,2,11,7,7,1,26,3,6,0,1,5,0,0,1,0,5,1,5,2,3,1,5,22,5,70,5,3,3,50,5,8,5,47,6,5,8,43,2,33,13,1,23,1,1,3,1,0,4,5,11,14,0,2,37,69,19,11,108,2,1,1,1,6,3,6,7,4,5,3,39,4,4,0,4,2,3,8,2,1,2,6,10,15,10,5,53
456,13,4,1,4,9,3,0,5,19,3,0,10,7,10,1,10,2,4,0,3,7,1,1,5,0,1,2,3,1,2,1,7,15,8,69,8,4,4,47,7,4,4,48,4,2,3,37,4,30,16,0,32,0,3,0,1,0,2,5,7,7,1,5,41,71,31,11,107,1,5,2,6,3,3,6,10,7,4,3,51,5,5,0,7,1,2,1,1,1,2,4,8,16,8,1,60
457,5,3,0,4,8,8,4,10,15,6,2,8,7,5,1,18,1,2,1,11,6,0,4,8,1,0,2,4,4,4,0,5,12,6,85,8,4,4,47,11,5,5,55,5,6,9,34,3,25,14,2,22,0,3,0,0,0,5,2,12,14,2,7,46,74,20,11,99,1,3,2,2,2,1,2,6,6,4,3,50,5,3,3,4,0,1,3,2,1,3,2,5,5,11,1,55
458,3,6,0,5,12,4,0,4,12,2,1,5,6,5,0,29,2,3,0,4,2,5,2,6,2,0,1,6,2,4,1,8,15,3,92,9,6,1,40,8,4,4,49,6,6,9,25,6,21,12,3,23,0,1,1,0,0,4,1,8,20,0,2,43,75,24,11,93,3,5,8,1,8,3,4,5,3,8,4,50,3,7,6,6,1,4,3,3,1,1,2,6,17,8,2,61
459,13,2,0,3,9,6,2,3,24,4,3,14,8,11,2,22,3,6,1,6,0,1,0,3,2,2,0,5,2,1,0,5,22,8,80,6,4,5,43,9,5,6,44,2,3,4,31,8,17,20,4,28,0,1,1,3,1,0,2,7,13,0,5,43,65,23,7,97,3,4,4,5,4,6,2,9,1,7,2,53,9,1,5,4,0,3,3,4,0,1,5,4,19,13,2,47
460,10,2,0,5,10,7,2,6,13,2,2,8,9,5,1,25,2,3,0,10,6,8,0,7,1,3,0,4,2,2,0,5,11,5,70,9,6,6,45,10,6,9,40,6,6,7,34,2,26,16,3,20,0,2,1,3,0,5,5,7,10,1,3,42,71,27,14,99,4,2,0,3,4,3,3,14,5,3,2,57,3,4,2,7,0,4,1,3,1,1,2,10,10,9,1,55
461,10,2,1,5,7,8,5,7,18,7,3,7,8,9,0,17,1,2,1,5,6,1,0,1,0,0,1,8,1,1,0,4,16,5,88,9,5,2,50,5,13,6,54,0,5,7,26,4,33,16,1,13,0,2,0,3,2,5,3,6,14,2,0,41,73,28,8,77,0,3,3,4,3,9,4,6,5,4,4,66,6,4,3,4,0,2,1,2,2,0,3,10,18,6,1,59
462,9,7,0,7,12,1,2,4,21,4,0,8,19,8,1,22,4,6,0,3,5,2,0,2,1,1,1,6,2,2,1,7,14,6,71,6,8,10,41,10,5,4,51,5,4,8,32,7,25,19,2,26,0,2,1,1,2,6,1,7,16,0,2,42,54,25,15,96,1,5,4,1,4,5,0,14,7,5,2,42,3,3,1,4,0,1,1,3,1,0,5,11,18,13,0,54
463,9,4,2,5,6,6,1,4,13,2,0,6,8,4,3,20,2,3,0,2,3,3,1,6,0,1,0,6,1,1,0,6,17,1,94,8,2,2,39,6,4,8,67,11,8,7,31,3,34,9,6,31,1,1,2,1,2,3,1,10,13,0,5,42,61,22,13,88,4,1,10,2,6,4,4,5,4,4,2,53,5,6,1,6,0,3,0,4,0,0,7,8,17,11,2,50
464,7,4,0,1,12,3,0,3,14,5,3,6,7,10,1,14,1,5,0,5,6,2,1,4,3,3,1,8,1,7,1,5,20,7,78,10,7,4,46,5,7,5,57,7,1,3,27,5,30,11,2,20,1,3,0,1,0,8,0,2,18,1,5,33,64,25,12,111,3,3,4,3,3,2,5,12,3,4,6,60,3,1,0,6,1,3,4,0,1,0,3,9,14,7,1,60
465,6,3,1,4,13,5,2,2,18,7,6,10,9,12,3,23,0,2,1,2,2,2,0,3,0,2,0,4,0,1,2,3,15,2,72,7,3,4,28,3,7,1,49,9,8,5,29,7,25,11,0,35,3,1,0,4,1,2,2,17,11,0,4,38,75,31,11,101,2,3,5,6,5,7,5,10,10,4,2,51,6,4,3,6,0,1,5,3,0,2,4,4,16,9,1,57
466,10,3,1,6,7,4,1,5,16,5,2,8,11,8,5,18,5,6,0,1,1,2,0,2,3,3,0,4,1,3,3,5,15,10,77,7,2,3,46,7,1,4,50,4,6,3,38,1,26,16,0,18,1,3,3,0,1,1,3,8,11,3,3,33,80,28,18,97,5,3,3,2,3,2,4,9,6,6,1,55,6,5,0,4,1,2,2,4,0,0,3,8,9,14,1,66
467,4,4,0,5,11,6,0,2,16,6,2,14,10,10,0,16,0,4,1,4,4,4,0,6,1,3,0,5,4,2,1,10,17,3,86,7,6,2,45,6,7,2,46,5,5,7,35,3,29,15,3,23,0,2,0,1,2,2,1,7,15,3,3,42,62,21,13,90,2,3,3,5,5,1,6,13,5,4,3,55,5,3,7,2,1,3,4,2,0,1,7,5,13,9,3,59
468,10,5,1,5,11,5,1,3,18,3,3,9,7,6,1,13,1,2,0,7,3,4,2,0,1,2,2,2,2,1,0,9,15,5,83,4,3,4,48,13,6,7,50,6,3,2,26,6,28,14,2,31,1,3,1,1,0,2,2,9,14,1,1,36,77,27,7,93,7,4,2,2,3,4,2,6,2,3,1,55,10,4,4,8,1,0,0,0,0,1,6,9,19,10,3,64
469,14,3,1,2,11,5,2,5,18,2,3,14,5,3,1,16,3,5,0,5,2,4,0,4,1,4,3,4,3,1,0,3,23,6,82,11,7,8,43,8,8,3,49,7,2,4,33,4,30,14,0,24,0,2,1,0,2,4,4,11,12,1,4,35,67,28,12,82,1,3,3,1,3,2,5,5,4,5,3,56,9,5,3,3,0,2,4,1,0,2,5,4,27,9,1,56
470,6,4,2,8,15,4,3,6,17,6,0,8,8,11,1,24,1,3,2,6,4,5,1,1,1,1,0,1,4,1,0,1,14,4,75,7,5,5,41,13,4,4,57,1,9,5,25,5,23,8,0,28,3,2,1,3,1,2,2,6,13,1,2,32,64,39,7,105,5,6,5,3,3,5,5,13,7,6,2,51,4,5,1,5,0,2,0,2,1,2,3,4,13,14,1,61
471,5,6,0,4,10,4,0,2,14,3,1,10,10,6,4,27,2,4,1,2,1,2,1,2,1,3,3,3,2,1,0,3,16,10,74,15,7,1,40,8,4,5,35,7,10,10,33,4,29,12,2,25,0,1,2,1,0,3,3,9,20,2,4,41,62,24,5,116,1,3,8,0,2,5,5,11,2,3,2,65,4,3,2,8,0,1,4,4,0,5,3,11,11,8,3,49
472,10,4,0,2,17,0,2,3,18,4,3,8,6,6,3,17,4,5,0,1,2,0,0,6,0,1,1,5,3,5,0,6,21,4,90,8,7,4,39,8,4,4,50,6,7,2,28,5,23,16,1,27,0,6,1,2,1,2,5,6,17,0,4,40,73,22,11,100,5,4,5,4,3,8,4,9,5,6,4,49,4,1,2,7,0,4,5,1,0,3,0,4,10,10,1,56
473,12,3,3,7,6,3,1,4,16,2,4,6,8,6,3,17,3,4,1,6,7,3,1,0,2,3,1,9,3,3,1,4,15,6,75,8,5,8,40,10,5,5,48,10,6,8,33,4,26,14,1,17,1,5,2,1,0,6,3,8,6,1,3,40,77,27,9,94,2,2,4,4,1,0,4,11,0,5,2,53,6,3,3,4,0,3,2,2,0,1,2,11,12,11,0,73
474,12,5,1,5,9,4,3,6,18,5,1,10,11,4,3,25,0,3,3,5,3,4,0,2,1,1,1,6,4,0,0,2,17,5,97,6,9,6,50,8,6,6,40,7,10,7,20,3,27,11,2,25,3,5,0,0,0,3,2,9,12,1,9,39,57,23,6,87,6,3,6,1,2,1,4,8,3,3,1,49,9,4,5,6,1,2,2,3,1,2,3,8,14,12,3,63
475,7,3,1,1,11,4,2,9,17,4,0,16,16,7,1,19,2,4,1,4,4,5,0,2,1,3,0,4,2,1,1,2,14,5,89,7,6,3,37,4,8,5,54,6,5,2,36,5,31,20,4,25,1,2,1,0,1,2,3,12,11,0,0,34,52,27,11,89,3,4,4,7,0,3,9,4,5,5,4,64,9,1,3,3,3,2,4,0,0,2,4,6,20,12,2,51
476,7,3,1,3,5,1,3,8,16,4,3,11,6,8,5,18,1,6,0,5,4,1,1,4,1,0,1,3,1,0,3,2,9,4,88,12,4,6,52,7,6,7,42,9,2,5,26,4,32,11,4,24,1,6,3,1,0,2,3,10,18,1,3,32,73,27,6,97,3,3,5,6,0,1,0,7,10,7,3,51,12,11,2,7,0,4,7,1,3,3,6,7,19,7,0,43
477,3,4,0,5,10,3,2,5,14,1,2,10,8,14,1,17,5,6,0,6,7,2,0,2,0,1,1,1,3,4,1,2,26,5,82,9,5,2,48,7,9,3,53,10,9,8,17,2,25,6,0,31,0,8,0,0,0,3,1,8,17,1,6,31,63,29,7,87,4,5,4,3,2,6,4,20,6,8,2,48,5,4,2,6,1,2,4,3,0,1,6,6,14,11,0,65
478,6,9,0,9,11,2,1,5,16,4,4,14,5,4,0,20,3,4,0,4,3,1,1,7,0,1,0,4,2,1,1,9,19,4,82,9,9,6,44,7,10,1,54,6,5,4,17,1,38,14,3,27,0,4,2,4,1,6,1,9,12,2,1,44,67,23,11,90,1,3,4,4,1,5,4,11,3,5,4,56,5,1,1,6,1,4,4,1,0,0,4,10,11,12,4,47
479,11,7,0,2,8,1,2,4,20,3,1,10,4,5,3,21,4,6,1,6,2,2,4,6,0,1,1,7,2,0,0,2,29,10,90,6,4,6,30,1,12,4,56,5,2,5,28,6,24,22,6,28,1,1,1,0,0,3,3,6,10,0,0,43,72,20,7,84,1,5,10,1,0,6,7,3,4,3,0,56,4,1,3,6,2,0,4,1,0,0,7,7,21,4,3,70
480,12,4,0,4,8,2,0,3,21,3,2,7,15,6,2,24,3,2,0,3,3,3,1,5,1,5,0,6,2,0,0,3,16,9,82,8,5,5,41,10,4,4,55,4,7,3,33,3,29,23,3,30,0,5,0,1,1,4,3,17,9,3,4,45,66,21,9,86,6,3,7,4,3,1,2,10,6,2,3,45,4,2,4,2,0,2,4,4,1,0,5,6,15,16,2,43
481,5,3,0,4,6,3,3,6,12,6,1,10,8,8,4,21,0,3,2,7,4,4,2,4,0,3,0,1,0,1,1,6,10,7,71,7,2,9,44,4,6,6,50,8,2,9,41,6,25,19,4,15,1,8,4,2,1,1,6,11,13,0,5,32,62,29,19,101,1,6,2,5,4,3,2,10,5,6,6,48,4,1,3,5,2,2,0,2,2,4,2,9,14,13,4,57
482,10,0,1,7,10,5,1,8,16,2,2,9,10,5,3,15,4,3,1,3,3,4,1,5,2,4,1,4,4,4,2,7,21,2,84,10,4,3,42,8,6,5,48,7,7,2,37,3,23,15,2,26,1,2,5,0,1,1,7,11,10,3,4,35,79,22,11,86,2,1,9,5,5,3,3,11,9,5,0,40,6,2,2,5,0,3,0,4,0,1,3,9,14,13,4,52
483,11,1,1,6,11,6,2,7,21,1,1,10,16,9,1,19,4,1,0,4,3,3,0,3,0,0,0,10,1,0,1,3,18,2,76,9,3,8,45,3,4,4,48,5,6,6,35,3,37,17,4,22,0,1,1,5,0,4,1,5,15,1,2,41,57,27,9,102,2,4,2,6,3,6,5,11,5,4,6,59,1,2,2,8,0,3,3,3,0,1,4,7,6,17,0,48
484,3,3,1,3,9,3,3,4,20,4,1,7,7,9,1,15,2,1,0,4,6,4,0,2,1,1,1,4,2,2,0,2,29,3,93,5,6,9,47,5,3,4,63,9,3,8,31,5,23,11,2,23,2,5,1,3,0,4,2,15,18,1,2,46,59,20,8,91,6,5,3,3,4,3,5,12,5,6,1,47,2,5,3,3,0,0,3,4,0,1,7,8,17,13,4,46
485,7,3,0,4,13,6,0,2,16,3,1,6,8,14,2,25,1,2,1,3,3,3,1,4,0,0,2,2,2,2,0,8,22,7,87,7,4,3,46,10,5,2,52,7,8,3,35,2,26,15,3,27,0,2,1,0,1,2,4,6,14,2,5,36,67,30,16,83,3,1,2,2,3,2,6,10,8,7,2,52,4,2,4,3,0,5,5,1,0,2,4,6,12,15,2,53
486,3,0,2,5,9,7,2,7,17,4,3,7,12,10,2,24,4,1,1,2,4,4,0,2,0,2,0,4,3,2,4,5,12,5,68,4,7,5,38,7,12,5,46,4,8,5,31,1,21,18,0,17,2,6,2,2,2,6,3,7,14,1,2,47,66,34,9,89,2,3,3,2,1,2,7,10,3,4,2,62,3,2,7,8,1,2,4,2,0,0,4,5,25,15,1,62
487,4,4,0,7,8,1,1,4,15,3,0,8,14,8,3,17,4,6,0,5,6,1,2,3,2,2,1,3,1,4,0,3,23,5,81,7,5,0,47,4,2,10,49,7,5,4,31,0,17,9,6,18,0,6,0,2,2,3,2,11,8,3,3,44,69,25,13,109,0,3,4,3,4,3,6,9,9,5,4,50,5,5,7,5,0,1,2,3,1,2,3,6,15,16,2,57
488,13,2,2,4,7,5,2,1,20,9,3,12,18,8,3,23,1,1,2,6,6,2,1,3,1,1,1,5,2,1,0,4,24,7,84,7,4,4,38,3,5,2,54,5,7,4,22,2,18,17,5,19,1,3,1,2,1,1,5,9,16,1,3,45,58,25,9,105,2,2,5,3,1,3,3,3,6,4,4,49,8,3,4,7,0,2,2,3,0,2,6,5,16,10,4,58
489,8,4,0,5,4,6,0,11,9,1,0,6,9,4,2,28,2,9,1,8,4,3,0,7,3,3,0,2,0,1,0,3,22,4,98,7,7,7,30,4,5,6,58,6,5,6,23,6,24,17,3,17,2,3,3,0,0,6,1,10,16,0,4,45,53,30,10,91,3,5,6,3,1,2,2,14,7,8,3,43,6,1,7,4,1,1,3,1,0,1,6,8,18,10,2,62
490,7,2,0,7,8,2,0,4,8,2,4,10,8,7,1,23,1,4,0,4,4,3,4,5,1,1,1,10,2,3,1,5,23,6,85,5,6,6,36,5,4,10,50,7,6,5,37,5,26,14,1,23,0,3,0,2,3,2,3,9,14,2,4,44,70,26,10,85,2,3,5,3,0,3,5,12,7,4,4,47,5,4,4,0,1,3,7,1,0,2,2,6,15,14,2,60
491,9,3,1,3,10,3,1,2,17,1,2,10,9,10,1,23,4,4,1,3,3,2,1,5,0,3,0,4,1,3,1,7,13,3,87,7,5,5,41,8,6,4,56,3,8,7,32,6,15,13,4,17,1,3,1,1,0,5,4,10,8,1,3,46,70,25,12,82,1,4,3,5,3,8,8,11,1,7,1,55,3,5,3,9,1,2,3,0,0,2,1,6,16,7,3,73
492,6,3,1,6,6,2,1,2,24,2,4,14,9,7,2,23,2,4,1,5,3,1,3,3,0,3,0,7,2,4,4,6,17,6,92,9,4,4,42,3,6,7,55,3,3,8,29,4,28,10,6,21,0,3,0,1,0,2,5,6,13,1,3,46,63,25,6,88,3,2,2,1,1,0,4,11,10,8,2,57,3,2,4,5,1,2,1,3,0,3,5,9,19,8,2,53
493,9,4,2,6,9,2,3,5,9,3,2,8,12,9,5,22,4,3,0,6,2,4,3,3,2,1,0,3,1,4,1,3,19,5,78,4,7,4,43,8,7,4,57,7,4,5,25,6,32,11,2,19,0,5,1,2,3,5,3,11,13,1,4,39,68,23,8,95,4,5,3,2,5,4,4,13,4,5,3,56,3,2,5,12,1,3,1,0,1,1,3,3,20,10,2,47
494,13,3,2,7,11,2,1,3,18,1,1,8,9,7,2,20,1,4,0,7,4,0,1,2,0,0,0,3,3,4,1,6,19,7,73,7,3,6,39,8,8,5,63,8,2,13,31,6,33,15,2,32,3,2,3,0,3,2,4,8,13,0,3,31,71,28,7,77,2,5,4,6,3,4,6,13,11,5,1,50,4,1,6,9,0,0,3,4,1,0,3,6,16,8,3,47
495,11,4,0,6,6,7,0,6,20,3,1,10,6,8,2,19,2,1,0,4,5,5,0,3,0,3,1,9,2,0,0,6,23,5,86,6,4,3,41,6,5,6,49,11,7,7,22,4,18,18,8,27,0,4,0,2,0,4,2,12,14,1,3,37,58,28,13,93,3,5,1,4,3,2,1,9,4,1,1,51,6,3,7,4,0,3,6,2,0,3,1,4,18,11,4,66
496,9,8,3,4,9,7,2,5,16,2,2,13,7,11,0,22,3,2,0,6,2,1,2,1,1,3,0,4,0,2,1,13,15,3,76,7,6,3,34,9,2,7,56,3,3,5,24,6,19,20,2,24,1,1,3,2,2,2,4,9,13,0,7,38,66,28,13,98,5,6,2,5,3,2,8,12,7,4,3,44,5,4,4,5,0,1,4,3,0,1,2,8,22,7,1,60
497,5,3,0,3,9,3,2,8,21,5,0,13,7,8,5,24,3,3,0,6,9,1,1,4,2,4,1,5,2,1,1,5,18,8,84,8,10,4,48,9,2,5,57,1,2,3,25,4,22,11,2,20,0,0,0,2,1,4,3,8,11,0,4,42,70,29,14,84,0,3,6,3,2,3,2,15,5,1,2,63,3,5,2,6,0,4,6,1,0,0,1,6,17,11,4,50
498,7,6,1,4,8,5,3,5,11,3,2,5,14,4,5,25,0,5,0,7,0,1,0,2,0,0,0,5,1,0,1,3,21,7,86,3,4,5,47,6,4,9,51,3,3,5,26,6,21,14,3,22,0,1,1,1,1,3,4,5,15,0,6,30,63,24,6,110,1,3,2,3,4,2,5,11,3,4,4,77,6,3,2,2,1,4,4,3,1,2,6,3,13,12,2,68
499,11,3,1,6,11,2,0,9,13,4,0,7,8,8,2,27,0,7,0,5,5,1,1,7,0,2,0,4,2,3,0,1,27,6,72,4,4,4,45,6,4,7,58,9,3,2,27,6,24,15,3,23,0,4,5,0,1,3,3,6,16,1,2,35,66,32,17,96,0,7,4,2,4,3,6,12,3,2,1,58,5,1,2,3,1,2,1,0,0,1,4,10,13,13,0,56
