,A[C>A]A,A[C>A]C,A[C>A]G,A[C>A]T,C[C>A]A,C[C>A]C,C[C>A]G,C[C>A]T,G[C>A]A,G[C>A]C,G[C>A]G,G[C>A]T,T[C>A]A,T[C>A]C,T[C>A]G,T[C>A]T,A[C>G]A,A[C>G]C,A[C>G]G,A[C>G]T,C[C>G]A,C[C>G]C,C[C>G]G,C[C>G]T,G[C>G]A,G[C>G]C,G[C>G]G,G[C>G]T,T[C>G]A,T[C>G]C,T[C>G]G,T[C>G]T,A[C>T]A,A[C>T]C,A[C>T]G,A[C>T]T,C[C>T]A,C[C>T]C,C[C>T]G,C[C>T]T,G[C>T]A,G[C>T]C,G[C>T]G,G[C>T]T,T[C>T]A,T[C>T]C,T[C>T]G,T[C>T]T,A[T>A]A,A[T>A]C,A[T>A]G,A[T>A]T,C[T>A]A,C[T>A]C,C[T>A]G,C[T>A]T,G[T>A]A,G[T>A]C,G[T>A]G,G[T>A]T,T[T>A]A,T[T>A]C,T[T>A]G,T[T>A]T,A[T>C]A,A[T>C]C,A[T>C]G,A[T>C]T,C[T>C]A,C[T>C]C,C[T>C]G,C[T>C]T,G[T>C]A,G[T>C]C,G[T>C]G,G[T>C]T,T[T>C]A,T[T>C]C,T[T>C]G,T[T>C]T,A[T>G]A,A[T>G]C,A[T>G]G,A[T>G]T,C[T>G]A,C[T>G]C,C[T>G]G,C[T>G]T,G[T>G]A,G[T>G]C,G[T>G]G,G[T>G]T,T[T>G]A,T[T>G]C,T[T>G]G,T[T>G]T
0,8,7,1,6,6,3,2,3,13,7,0,7,8,8,3,17,0,5,0,2,4,0,0,3,1,3,0,10,2,1,1,4,13,2,62,5,5,2,53,4,8,4,56,10,8,4,34,5,23,11,3,30,3,3,1,2,0,4,1,7,15,1,6,40,72,29,15,94,2,3,4,4,3,2,5,12,7,8,5,47,13,6,3,3,0,5,1,2,1,0,3,12,18,10,1,50
1,8,7,1,2,12,1,2,5,18,0,5,13,8,9,4,15,3,3,1,5,1,4,1,4,0,0,1,4,1,0,1,5,21,6,88,5,8,8,49,9,6,5,44,6,8,4,31,3,24,17,4,13,1,5,1,1,2,4,2,14,19,1,1,33,68,14,10,96,2,5,6,4,1,4,5,13,3,1,3,48,9,3,7,7,2,4,3,2,0,4,3,6,24,19,0,37
2,11,3,0,2,11,1,2,2,16,3,1,8,8,2,1,23,4,1,0,6,1,3,0,6,0,1,1,6,0,2,1,3,20,1,77,5,7,1,48,5,8,6,48,5,4,8,28,7,20,13,7,19,2,3,2,1,0,10,4,7,14,0,2,38,75,35,15,90,1,5,4,4,3,5,1,12,9,9,0,65,6,3,5,5,0,3,1,3,0,4,3,14,11,12,2,46
3,4,4,2,5,9,3,2,5,19,4,5,10,7,6,1,12,4,2,3,7,5,3,0,2,1,2,2,1,2,0,0,3,12,5,76,3,4,5,37,5,6,9,51,3,4,2,30,8,27,17,2,16,1,3,3,1,1,6,1,7,17,1,5,38,67,22,9,120,6,5,1,7,3,3,3,8,6,7,5,67,6,2,2,8,0,1,2,0,2,0,4,7,22,13,2,49
4,10,4,3,3,7,4,5,7,22,4,2,10,9,10,4,12,4,4,0,3,3,6,1,7,0,1,2,8,4,1,1,7,20,5,87,3,4,3,47,8,4,6,54,5,5,4,27,2,22,18,4,19,0,3,1,0,2,3,0,8,22,2,2,43,55,24,12,84,0,1,5,4,2,5,5,7,3,9,6,57,3,1,3,8,0,1,3,2,0,0,3,7,23,19,2,45
5,4,4,0,4,5,3,1,4,12,3,1,10,9,11,4,20,4,4,2,7,4,0,0,6,1,0,1,2,5,2,1,6,22,9,76,4,5,4,44,6,14,1,56,9,6,6,48,4,20,12,2,17,2,5,4,0,2,4,1,13,14,0,4,45,60,19,11,95,1,3,6,5,4,2,6,7,9,4,3,52,6,1,1,5,0,2,3,3,1,0,6,9,19,5,3,50
6,10,4,1,6,6,1,2,5,23,5,2,8,9,10,3,16,3,5,0,4,3,3,0,4,3,5,1,7,2,4,2,3,18,4,72,11,4,6,41,9,6,2,45,3,7,5,29,5,23,16,2,18,1,6,4,1,1,5,4,7,17,0,4,35,74,32,15,87,2,5,2,2,3,6,4,13,4,4,2,54,7,2,6,1,0,4,2,2,0,1,3,4,13,10,3,62
7,7,6,1,3,11,5,1,2,10,3,1,14,6,6,1,29,3,5,2,3,6,4,0,5,1,1,0,5,2,1,0,7,19,6,67,6,4,2,41,2,5,6,57,12,5,8,35,6,27,13,0,20,2,3,2,0,2,4,4,9,13,1,4,31,69,22,11,101,3,5,1,8,3,3,1,12,5,5,2,52,7,4,2,8,0,2,2,3,0,2,5,14,16,13,1,51
8,3,5,0,1,8,6,1,8,20,1,1,4,9,10,2,19,5,2,1,7,0,3,1,5,0,1,0,5,2,2,1,2,13,8,77,6,4,7,60,4,7,5,52,6,4,3,42,4,27,16,5,22,1,4,0,1,1,3,2,15,9,0,1,45,63,26,16,81,5,3,3,3,2,1,3,8,4,6,4,60,1,3,3,5,0,2,2,5,0,0,2,5,8,16,6,65
9,7,4,0,10,9,4,0,7,20,4,2,10,7,3,2,20,2,4,0,4,4,3,0,3,1,3,0,3,4,3,0,6,14,7,77,14,6,6,45,9,5,6,52,2,7,3,39,5,33,14,2,24,1,4,1,1,0,7,2,11,16,2,6,39,56,22,18,94,3,4,4,5,6,0,4,7,2,3,1,54,6,3,5,7,1,4,4,3,1,0,2,7,12,10,0,43
10,3,1,1,3,8,2,3,7,15,2,2,11,8,5,3,21,1,2,3,3,0,1,2,8,4,4,0,5,2,5,0,7,14,7,78,9,4,7,55,6,4,6,66,6,4,3,25,3,26,13,1,23,0,1,1,0,0,6,4,11,19,2,2,43,64,31,10,99,0,4,2,2,5,4,5,10,7,5,2,41,3,2,4,4,0,2,5,2,0,1,2,7,11,12,3,60
11,9,6,1,3,7,10,1,4,18,0,3,6,14,8,1,31,7,4,0,1,4,1,1,6,1,0,1,4,4,4,0,7,26,7,74,13,6,7,41,5,3,4,57,4,2,6,40,4,33,13,3,23,0,2,1,2,2,3,2,8,13,1,3,28,45,27,9,102,2,3,4,2,3,9,0,7,10,1,1,55,7,3,3,6,1,3,6,1,1,0,2,5,17,5,1,56
12,9,2,0,3,14,2,3,3,19,4,2,10,15,11,2,25,1,0,1,6,7,2,1,4,1,2,0,3,1,1,2,6,17,5,72,12,3,4,52,7,5,4,50,5,3,3,35,8,18,11,3,25,0,5,3,1,0,5,3,8,12,1,8,42,65,30,15,85,3,3,5,3,2,4,2,17,9,6,3,40,4,5,3,5,2,1,3,1,0,2,5,12,7,14,0,52
13,8,2,2,2,7,6,1,5,14,4,2,10,8,5,2,22,1,8,0,4,3,2,2,6,2,1,0,3,2,4,0,5,19,6,82,8,5,4,40,4,4,5,56,6,10,5,36,5,26,13,3,30,1,2,1,2,2,1,2,6,15,1,4,41,69,28,16,90,2,2,8,7,1,3,2,6,9,3,2,45,5,1,2,3,1,2,1,1,1,2,2,5,21,13,3,56
14,6,6,0,8,6,1,4,6,15,3,2,13,10,4,1,15,3,4,0,5,8,2,0,4,0,1,1,7,1,3,0,4,14,3,89,3,8,5,44,9,7,7,48,8,7,5,37,2,29,10,4,27,0,0,1,1,0,3,5,9,18,0,3,36,74,26,16,81,1,4,3,5,3,6,6,18,6,3,3,52,3,4,4,3,0,2,3,1,1,1,4,7,14,13,2,46
15,8,3,1,3,15,4,1,7,13,5,3,9,12,4,4,17,3,1,1,5,3,3,0,3,3,3,0,8,2,1,1,4,9,4,82,8,7,10,47,6,7,2,42,3,2,6,32,5,28,15,1,14,0,4,4,2,0,2,2,12,14,2,2,39,57,20,16,104,2,4,7,5,3,4,5,13,10,1,3,55,3,6,3,3,0,2,4,4,1,2,7,6,15,18,1,53
16,15,4,2,6,8,6,0,3,10,4,1,21,8,7,3,21,2,5,2,4,3,2,0,2,2,5,2,5,1,0,2,6,17,6,77,10,4,5,43,8,5,2,43,5,6,4,30,3,29,10,1,21,1,3,2,1,0,1,1,7,14,1,2,50,65,20,16,96,3,3,3,6,3,6,3,11,4,4,1,59,2,3,3,9,0,2,2,2,4,6,3,8,18,14,0,47
17,7,2,1,8,11,9,2,6,14,2,3,8,7,7,3,22,4,2,0,11,3,3,0,2,1,3,0,2,1,1,1,6,22,4,80,7,8,4,37,7,5,7,52,9,3,10,37,4,24,14,4,34,1,2,1,0,1,6,0,8,18,1,2,46,68,26,7,96,2,1,3,4,3,2,2,6,2,3,6,51,4,5,3,6,0,0,5,0,1,0,4,7,16,12,1,44
18,4,3,1,6,14,6,1,5,14,2,1,13,12,7,2,24,4,3,2,4,6,2,1,11,2,0,0,3,0,3,0,8,16,3,75,6,4,5,52,11,4,5,36,4,4,4,22,2,24,14,3,24,0,3,0,0,1,3,0,10,11,1,3,34,74,35,7,109,6,4,8,7,2,6,4,6,7,5,3,52,4,4,1,6,0,5,0,3,0,0,3,6,26,9,2,48
19,7,5,0,4,10,5,3,4,16,6,1,14,7,9,0,15,3,3,4,6,5,4,0,2,2,2,1,6,1,3,0,1,15,6,78,8,5,4,43,8,6,3,63,10,7,8,36,5,29,18,2,23,0,5,3,3,0,1,3,9,16,2,2,45,62,21,16,83,1,4,0,0,4,4,5,9,7,6,3,59,3,5,4,8,0,3,6,0,0,1,1,4,7,13,2,44
20,13,4,0,5,7,6,3,8,17,5,0,10,9,3,4,17,4,2,0,3,5,3,0,2,1,0,0,4,1,2,1,3,20,5,79,8,6,5,45,3,2,5,54,12,4,4,25,3,17,16,3,32,1,7,0,0,3,5,1,12,16,1,7,38,57,27,6,88,6,6,3,5,4,4,3,8,8,4,2,59,5,2,2,3,1,3,8,1,1,2,2,9,18,11,0,61
21,6,2,0,4,11,4,0,6,12,2,4,11,11,7,0,19,1,3,0,2,6,4,0,5,0,1,0,5,2,6,0,4,15,4,82,7,3,1,57,5,8,4,71,10,6,8,36,2,30,14,2,19,0,2,3,3,0,4,3,6,15,0,2,29,70,27,11,93,3,7,0,7,2,2,3,8,8,7,3,48,3,4,0,4,1,5,1,1,0,0,3,11,19,8,2,50
22,5,5,0,7,11,3,2,13,18,5,1,9,4,8,1,30,4,3,0,5,2,2,2,2,0,3,0,3,4,3,0,6,22,3,66,9,14,5,36,11,5,1,59,4,7,5,24,4,22,11,2,25,0,3,2,3,2,3,1,9,15,1,3,46,54,28,13,100,6,3,6,1,4,3,3,10,7,6,2,59,5,1,2,1,0,3,1,4,0,1,6,8,18,13,1,47
23,6,3,0,6,4,3,4,1,23,1,0,11,5,8,0,14,3,2,0,0,3,5,0,4,1,2,0,9,0,3,0,8,21,7,78,7,8,7,43,5,1,7,55,5,5,9,36,3,28,16,1,30,1,2,2,0,0,2,3,15,9,3,4,34,69,32,11,99,5,1,6,4,2,6,2,4,4,3,5,46,10,3,4,6,0,3,4,0,1,1,4,6,19,10,0,54
24,11,2,0,6,11,3,1,10,12,3,2,14,7,8,0,20,3,4,2,5,2,4,0,10,1,0,0,4,2,5,0,2,12,7,86,14,3,7,38,6,3,5,56,9,4,2,29,1,35,16,2,30,2,3,0,2,0,2,5,6,17,0,3,50,66,25,5,89,1,3,4,4,4,1,7,6,11,2,0,42,4,4,3,9,3,6,3,2,0,0,3,5,17,10,1,51
25,6,6,0,6,13,6,0,5,22,2,0,6,10,7,2,11,3,2,0,5,5,3,3,7,0,2,0,4,1,2,2,9,16,6,100,6,2,3,25,12,6,3,48,4,5,5,33,5,33,14,0,32,1,1,0,1,0,6,2,14,14,1,1,40,61,27,5,92,6,2,2,5,2,8,5,14,7,2,3,49,0,6,2,2,0,2,4,1,1,3,1,9,22,11,3,54
26,9,7,1,5,10,2,4,8,14,4,3,12,6,3,3,20,5,1,0,7,1,3,1,7,0,3,2,6,2,2,0,5,19,5,85,5,4,3,60,7,3,3,40,8,4,4,32,6,25,17,2,26,1,2,3,3,0,4,3,8,15,0,2,36,59,20,10,90,3,4,3,5,3,7,4,10,7,3,3,64,5,3,5,3,0,1,2,2,2,1,3,8,16,14,2,47
27,7,2,0,5,8,5,0,4,14,0,0,13,7,6,1,20,3,3,0,2,3,3,2,6,3,3,0,3,1,1,0,7,15,8,73,2,1,3,44,6,2,13,46,6,5,3,33,6,38,14,1,21,0,5,2,2,0,4,5,16,20,0,6,43,65,27,18,89,4,2,0,4,2,4,5,8,8,1,5,60,2,7,4,4,0,0,0,3,1,0,5,6,20,19,3,49
28,11,4,1,2,11,1,1,7,20,3,2,12,12,7,1,15,2,5,1,2,3,5,1,2,2,6,0,10,4,1,0,3,19,8,71,7,5,5,39,7,6,6,53,7,7,5,29,4,33,11,3,20,0,2,3,2,0,4,1,4,16,2,3,42,58,26,15,84,2,4,6,7,2,6,3,15,11,4,2,48,6,2,1,4,1,3,4,3,1,2,2,7,17,12,2,59
29,8,2,1,3,9,2,1,12,20,5,1,6,12,7,1,26,3,4,1,5,6,1,0,5,0,2,2,7,1,4,1,4,19,1,84,8,2,4,40,7,8,6,45,5,7,8,35,6,34,14,0,22,1,5,1,0,1,5,3,9,14,0,2,30,53,26,17,93,3,3,4,4,4,5,2,8,8,3,3,46,3,7,3,6,1,4,1,4,1,5,4,10,19,6,2,54
30,6,4,1,4,10,1,2,5,12,5,1,10,10,11,1,15,2,3,0,2,2,2,0,2,0,1,1,2,1,0,0,2,20,2,83,8,8,6,37,13,2,7,59,5,8,4,36,3,25,12,3,31,1,3,1,1,0,6,2,5,15,2,4,47,54,27,9,95,2,8,12,6,0,6,3,13,4,3,3,49,6,3,5,9,0,3,3,0,1,2,0,7,16,10,1,63
31,6,4,1,2,11,4,2,7,15,3,0,12,8,8,4,21,3,7,0,3,5,0,1,2,2,3,1,6,1,3,0,9,17,7,98,7,2,4,39,2,1,4,48,7,4,4,47,6,30,13,0,15,0,6,1,2,1,4,2,3,23,4,8,48,56,25,7,97,1,4,3,2,4,0,3,8,5,0,4,55,9,5,4,6,2,4,4,2,0,2,2,8,10,8,2,47
32,4,2,0,3,12,1,1,6,20,6,1,11,9,6,3,15,3,3,0,6,5,4,1,3,0,2,2,9,1,2,0,2,17,7,69,6,4,3,50,8,4,3,58,7,6,5,36,3,27,24,2,20,0,0,3,0,0,3,2,17,17,1,3,35,62,26,12,100,3,3,4,5,5,1,7,12,8,4,4,46,9,2,5,5,0,2,5,4,0,0,1,8,16,12,0,46
33,2,6,0,8,11,3,2,0,18,3,1,9,4,5,2,15,4,3,2,7,8,6,2,5,2,2,0,7,1,2,2,5,18,5,78,7,6,5,45,9,4,6,57,9,3,3,25,5,20,9,2,26,1,1,2,2,2,1,5,6,12,0,2,44,82,27,9,96,3,5,3,4,1,3,2,8,5,1,3,53,5,1,3,3,2,2,1,3,0,0,4,7,18,16,1,62
34,7,7,0,1,11,5,2,3,26,6,0,10,7,4,0,16,3,4,1,2,3,2,2,4,2,1,0,8,3,4,1,7,13,6,81,11,5,5,43,8,2,3,51,4,9,4,30,6,26,17,5,29,3,2,1,4,1,3,1,9,16,0,3,50,55,23,7,89,6,5,6,2,3,7,4,8,3,6,1,61,1,2,3,5,0,5,1,3,0,0,1,5,18,13,2,52
35,10,6,2,8,14,3,0,2,21,4,3,10,14,6,1,15,2,3,1,7,4,2,2,3,0,0,0,5,3,3,1,8,16,5,73,5,5,3,38,0,3,3,62,5,5,7,30,2,32,14,4,20,0,4,3,2,1,3,1,11,15,1,4,34,64,32,12,87,4,4,4,4,5,5,6,10,3,4,1,48,3,2,4,6,0,1,4,3,0,2,4,13,20,18,4,49
36,8,4,1,8,8,5,1,1,14,5,2,13,11,11,2,17,2,3,1,3,3,5,3,3,1,3,0,10,2,2,0,6,16,10,83,10,1,6,43,12,5,4,56,6,11,10,33,4,28,17,3,18,1,1,1,1,1,4,2,13,11,1,1,34,52,32,11,101,3,2,1,5,1,2,3,5,3,6,1,48,6,1,5,5,2,2,1,3,0,0,3,5,19,17,0,50
37,14,3,0,2,10,4,6,4,26,6,2,9,12,3,1,18,0,4,1,4,4,5,0,4,3,3,0,1,0,0,1,7,20,4,85,4,7,6,38,12,6,8,49,4,2,1,33,6,24,11,3,20,0,4,2,1,0,3,4,8,13,0,4,40,67,27,16,92,3,5,8,3,1,4,1,9,5,2,2,46,7,1,2,5,0,1,2,2,0,3,2,11,20,9,3,62
38,6,7,1,2,10,3,1,1,10,5,1,11,9,8,2,27,2,3,0,5,5,3,3,2,2,0,0,5,4,1,2,6,14,4,84,10,4,2,48,10,5,4,50,4,4,7,31,3,24,16,0,25,3,3,2,1,1,3,4,6,9,1,3,34,68,37,12,77,1,4,6,3,2,5,4,10,8,2,2,54,7,4,4,3,1,3,1,0,0,2,0,14,16,13,1,70
39,10,3,1,5,4,2,1,6,22,10,1,8,4,10,3,22,1,4,2,4,6,3,0,4,2,3,1,9,1,4,1,4,21,6,75,6,6,8,34,12,13,10,51,7,8,6,34,4,20,11,2,17,0,4,2,0,0,5,6,8,10,0,1,51,52,16,15,90,1,2,7,4,7,3,8,14,6,7,4,59,2,2,4,3,0,5,3,0,0,0,2,8,14,8,3,52
40,6,5,1,5,9,2,3,2,20,3,0,11,11,7,3,13,2,2,0,3,2,3,1,3,2,1,0,2,2,2,0,4,14,7,71,4,6,5,60,8,2,3,58,7,3,4,37,4,34,14,3,28,0,5,0,1,0,1,1,9,6,0,3,49,74,33,13,78,1,3,2,3,2,1,5,10,7,4,2,59,5,3,3,4,0,1,1,3,0,3,2,6,19,9,3,64
41,9,4,2,8,9,2,3,6,16,2,2,7,5,6,3,15,3,4,1,6,4,1,1,4,0,0,1,7,0,2,0,3,21,4,76,5,5,1,41,8,9,8,44,5,5,5,40,3,29,13,2,29,0,2,4,1,0,2,4,10,10,3,1,42,73,27,11,101,1,3,6,6,1,3,5,11,4,2,3,52,5,3,1,10,1,2,2,0,3,2,3,10,24,11,1,45
42,6,4,1,5,5,5,1,3,19,3,3,6,7,8,1,16,1,2,2,6,2,4,0,9,4,2,1,6,0,2,0,3,19,8,72,7,9,2,48,6,7,4,50,9,8,4,35,5,22,11,2,23,0,3,2,0,0,4,1,8,11,2,2,45,73,27,10,88,4,6,4,9,1,5,3,8,7,5,5,58,6,4,1,3,2,2,2,3,2,1,2,9,12,10,3,59
43,9,4,0,6,4,3,1,5,21,3,2,9,4,9,3,15,1,3,0,7,2,1,0,4,1,3,1,1,2,1,0,6,15,11,88,9,4,3,46,12,4,2,46,4,5,5,36,3,19,9,3,21,1,2,1,0,1,3,5,13,14,1,1,37,63,31,11,96,2,7,4,3,4,1,1,12,5,6,2,63,5,6,4,3,1,2,1,2,0,0,4,5,14,20,1,66
44,3,5,0,4,13,6,3,4,12,2,0,8,8,4,5,19,4,8,0,5,3,1,2,5,0,2,0,5,3,0,0,2,24,6,75,6,2,3,49,9,3,5,43,5,6,3,24,4,23,14,2,25,0,5,2,1,3,4,2,7,21,2,5,46,50,27,17,102,2,5,4,5,6,9,4,5,7,4,3,62,7,3,4,5,0,5,4,3,0,0,5,6,21,6,2,52
45,11,5,0,9,3,4,3,3,16,4,3,15,9,4,3,23,3,3,0,5,6,6,0,5,1,0,1,3,1,2,0,7,26,6,96,5,3,3,39,7,10,7,48,5,3,7,33,4,19,22,4,17,2,2,4,1,1,3,3,9,11,1,3,41,59,23,11,76,7,3,4,4,1,5,3,10,5,6,1,48,3,6,6,2,0,6,5,2,0,2,5,8,19,23,2,42
46,8,1,0,6,7,3,3,1,19,2,0,8,7,8,2,14,1,2,3,4,3,3,0,4,1,2,0,5,3,0,2,6,16,7,98,8,4,5,34,4,6,11,55,6,6,4,32,3,33,12,5,24,0,3,0,1,1,1,5,12,16,0,4,47,74,32,11,88,2,4,6,2,0,2,3,10,5,0,4,62,3,1,4,2,1,6,1,0,1,1,2,9,12,10,1,50
47,8,4,0,5,10,4,2,4,12,2,1,2,13,11,1,19,5,2,0,4,7,4,2,5,2,3,0,4,1,1,1,3,12,3,98,6,6,12,36,8,4,6,50,9,5,5,31,3,26,17,2,15,0,1,4,0,2,1,5,2,17,2,5,35,59,31,8,101,4,3,1,5,8,2,4,5,1,3,3,57,7,0,4,10,0,3,3,3,0,4,2,11,15,12,0,61
48,11,2,0,6,13,6,0,10,12,1,1,6,8,5,3,18,7,3,0,4,2,0,0,6,0,3,0,3,1,1,0,5,11,7,70,16,8,6,57,11,5,6,56,6,8,4,25,3,40,11,3,20,1,3,1,1,1,5,7,11,16,1,1,51,58,29,11,84,3,2,9,3,5,1,0,3,7,4,4,62,2,8,3,5,0,3,0,6,5,1,1,1,16,7,3,45
49,6,3,1,7,9,6,3,2,21,3,1,3,5,6,1,12,2,5,0,4,5,2,0,6,2,0,1,3,7,0,0,6,15,9,82,5,9,9,42,5,5,3,52,6,3,4,26,3,27,10,2,30,1,0,1,0,1,1,3,8,16,1,6,33,77,26,12,96,4,2,3,4,5,3,3,13,3,5,2,65,8,5,2,8,1,1,1,1,1,3,6,6,19,12,2,51
50,15,3,0,4,14,5,3,3,13,3,3,11,7,13,4,24,4,3,0,6,3,7,1,1,1,0,1,6,5,0,0,4,15,4,95,6,6,6,34,7,6,4,61,4,9,10,25,5,28,11,3,32,4,4,2,2,2,2,2,6,11,0,2,37,74,34,12,83,0,4,2,1,3,3,6,12,6,6,2,44,4,3,0,4,0,2,0,2,0,2,4,9,18,13,0,35
51,9,2,1,4,5,1,2,3,16,4,3,9,9,5,4,22,2,3,0,7,4,2,0,3,1,3,0,10,5,1,2,8,18,6,90,10,7,7,51,7,8,7,56,3,6,7,30,4,27,13,3,27,0,4,1,2,0,8,2,2,12,2,4,37,60,20,12,77,4,4,6,0,4,1,3,6,9,6,1,53,1,2,2,11,0,1,0,2,2,3,2,9,14,12,1,61
52,6,4,0,3,9,6,3,4,23,2,1,11,7,5,1,30,2,3,1,3,4,2,3,3,0,4,2,4,1,4,0,3,17,2,84,4,3,6,60,6,6,3,49,4,7,5,29,5,18,8,5,17,2,4,1,0,0,4,4,5,18,1,5,47,59,26,11,95,1,3,7,3,4,6,4,16,5,8,4,48,3,4,8,10,1,5,1,2,0,3,2,3,17,10,1,47
53,7,3,0,3,10,4,8,6,15,6,2,9,11,8,2,20,3,5,0,4,3,1,1,2,0,0,1,5,2,2,2,7,15,10,73,8,8,4,40,6,7,1,56,3,6,7,31,5,35,7,6,34,2,7,0,0,1,5,4,12,17,1,2,39,64,20,15,97,2,6,2,3,5,5,3,4,5,8,1,45,4,4,3,5,0,4,4,2,0,1,1,5,14,12,1,51
54,7,6,0,5,9,7,1,6,18,1,3,10,6,3,3,24,5,4,0,3,5,2,1,1,0,0,3,5,1,3,1,6,12,3,90,10,7,2,42,7,5,4,41,4,6,6,26,5,31,24,2,17,0,4,0,0,0,1,0,7,17,2,5,42,56,30,18,90,2,4,7,5,1,8,3,6,6,11,0,48,12,4,4,10,0,1,1,2,0,3,1,13,14,12,0,57
55,7,3,0,5,8,3,3,7,14,3,1,9,11,10,1,19,4,5,1,4,3,2,0,1,0,2,2,4,2,4,1,1,17,3,90,13,6,7,45,5,9,5,55,7,3,5,34,2,33,9,3,27,1,3,4,0,2,2,5,5,14,2,2,35,65,24,10,91,5,4,4,1,2,4,3,11,2,4,4,48,4,2,2,4,2,2,3,3,0,2,4,5,16,9,3,64
56,9,4,1,5,11,8,3,5,9,3,1,5,13,4,5,29,1,2,1,7,4,1,1,3,1,2,0,5,1,3,1,3,16,2,72,10,1,1,41,7,7,1,50,5,4,8,28,3,30,22,5,24,0,4,4,2,0,2,1,10,14,1,2,49,73,23,10,88,1,6,1,4,4,3,6,4,8,1,6,56,4,2,4,6,0,6,4,1,1,1,5,6,20,10,4,55
57,7,7,0,2,12,3,0,7,22,7,2,13,8,13,3,18,5,0,0,5,3,2,0,3,0,1,0,3,1,1,1,10,18,4,90,6,7,8,43,6,9,3,39,9,6,5,32,5,30,14,3,31,2,4,1,1,1,7,2,8,14,1,6,44,59,31,12,77,7,4,1,5,1,7,2,6,3,4,4,50,9,1,3,6,2,4,4,0,0,0,0,6,16,6,1,51
58,6,4,0,2,7,4,4,1,20,6,3,6,10,5,2,23,1,5,2,5,3,2,0,3,1,1,0,8,2,5,0,8,8,6,84,4,5,6,29,9,4,7,52,7,3,3,29,6,37,20,2,24,0,4,2,1,0,4,3,12,15,0,4,43,63,31,8,91,5,4,6,3,2,4,2,9,6,9,1,52,7,3,6,5,0,3,4,4,0,1,7,12,15,12,2,41
59,10,3,1,2,6,9,3,8,22,4,2,6,6,11,3,17,6,9,0,1,5,1,0,2,1,1,0,4,1,1,0,2,21,3,78,8,7,3,49,9,8,8,30,7,6,5,37,6,26,11,3,30,1,4,3,2,0,3,0,8,12,0,2,52,54,20,8,88,1,4,2,3,4,2,1,7,10,7,5,56,5,5,4,7,0,1,1,3,0,2,5,9,19,18,4,56
60,7,3,0,4,6,3,2,5,19,1,1,6,8,9,1,18,4,5,0,5,8,2,1,5,3,3,0,6,4,2,1,9,17,3,79,4,5,5,41,8,10,7,61,8,6,9,31,1,20,13,3,28,2,3,1,2,0,3,6,6,15,1,2,31,72,27,16,101,4,4,3,2,2,8,7,8,7,9,2,41,5,4,1,5,0,2,1,2,1,1,4,4,20,8,1,46
61,5,4,0,1,13,2,2,5,21,2,1,14,11,9,1,10,2,3,2,9,4,0,1,4,1,2,1,8,1,3,1,9,20,5,73,7,5,3,33,14,4,3,65,5,7,8,30,4,17,9,4,28,2,2,0,0,2,2,2,8,18,0,4,21,70,34,9,101,5,4,5,2,6,3,4,7,5,2,4,56,6,2,5,4,0,1,1,3,1,4,4,9,23,12,0,51
62,5,2,0,3,17,3,2,6,13,4,2,11,6,8,2,23,2,3,0,4,3,0,1,1,0,1,2,8,5,4,2,2,17,4,70,10,4,7,58,8,5,5,54,4,1,3,29,2,30,16,4,27,2,2,1,0,2,4,1,9,12,0,4,37,62,28,6,86,4,5,2,2,3,6,3,10,3,4,2,55,5,5,5,4,1,2,3,4,1,1,2,18,13,16,0,62
63,7,3,0,3,11,4,4,7,16,2,2,5,5,9,1,30,3,2,1,2,6,3,2,5,0,1,2,5,1,3,0,5,17,7,73,4,9,4,47,5,7,5,44,8,9,9,22,3,26,15,3,32,1,0,3,0,2,4,4,7,8,1,4,39,63,34,10,98,1,2,4,0,1,4,1,8,5,3,2,51,2,3,5,5,0,4,4,2,0,1,6,8,24,15,0,62
64,12,2,0,4,13,5,0,4,18,2,2,9,9,4,2,18,2,3,0,5,3,1,2,6,1,1,1,3,1,2,0,3,18,5,98,8,6,7,40,7,3,4,41,9,6,3,32,3,25,15,5,21,0,1,1,2,2,3,3,9,7,2,4,36,82,22,8,100,2,2,6,5,3,3,6,9,7,4,4,52,5,3,4,3,0,2,4,1,0,2,4,17,10,10,1,55
65,8,7,1,2,7,2,1,5,17,6,1,7,8,9,3,21,6,5,1,2,4,2,2,3,0,3,2,4,2,1,0,7,14,7,77,7,5,1,47,7,8,8,54,4,4,4,31,3,26,11,2,19,0,2,1,1,0,4,2,8,14,0,2,33,57,23,14,110,3,3,7,3,3,7,1,9,7,4,5,63,3,1,3,4,1,4,4,1,0,3,10,7,13,12,0,60
66,6,3,1,2,12,6,3,8,15,5,2,9,12,5,2,15,5,10,0,3,3,0,1,4,0,2,1,9,3,3,0,8,25,2,92,7,2,2,34,5,12,4,43,6,7,3,37,2,26,13,3,34,0,2,2,1,3,0,0,14,10,3,4,36,67,26,10,105,3,2,7,2,3,4,1,9,6,2,1,44,4,3,1,1,0,4,3,2,0,1,2,14,15,13,1,52
67,9,3,0,8,9,4,1,4,16,6,2,13,6,6,3,24,1,7,0,7,2,3,2,6,0,0,0,3,4,2,0,9,19,5,78,10,11,7,49,6,5,7,43,12,8,5,22,2,23,13,3,20,1,3,1,1,0,1,2,7,16,0,6,45,56,34,15,95,2,1,2,5,5,2,4,12,6,3,1,54,3,5,4,7,0,1,4,0,0,0,3,6,11,14,3,51
68,4,3,2,4,12,2,2,7,13,2,5,14,7,8,4,27,3,3,0,3,6,3,2,1,1,2,0,2,3,1,0,5,15,6,85,7,8,5,43,9,6,3,44,10,9,2,38,3,25,18,4,12,2,3,0,1,0,3,3,10,8,1,2,27,69,34,9,107,0,3,4,2,1,7,4,11,7,5,3,54,5,3,1,2,0,2,1,0,0,1,3,7,17,19,2,54
69,11,5,0,12,12,6,3,9,10,2,1,14,9,8,2,20,0,5,0,5,3,3,1,4,0,1,0,6,3,0,2,7,14,5,92,7,3,3,41,9,8,7,56,10,6,5,31,4,18,17,0,23,2,2,2,0,2,2,5,9,14,0,0,42,69,33,9,88,0,3,3,3,5,1,5,8,9,2,2,54,8,5,3,8,0,1,2,1,0,1,3,8,15,12,2,34
70,8,3,0,5,6,2,1,2,17,4,3,7,11,7,2,24,7,3,0,7,3,1,1,1,2,2,1,3,1,2,1,4,22,2,86,4,8,6,43,10,7,10,50,8,9,4,34,4,32,22,2,17,0,3,2,0,1,3,6,4,8,2,3,32,69,27,13,84,7,4,8,5,2,1,3,10,5,4,5,46,5,1,2,6,2,1,4,3,0,1,3,10,12,7,2,63
71,9,5,1,8,10,1,5,5,18,4,2,12,5,5,0,17,2,8,0,5,3,2,0,3,1,1,0,8,3,1,0,2,25,7,72,10,3,5,55,3,5,6,52,4,5,3,21,3,19,14,4,30,1,6,1,1,1,6,7,8,11,0,3,31,73,23,10,96,4,5,8,2,1,5,4,7,14,0,1,52,9,3,3,3,1,2,1,2,3,1,2,9,7,13,3,65
72,5,1,0,10,4,7,2,8,14,2,1,11,12,8,2,22,2,4,0,2,1,4,2,1,0,2,1,5,1,1,0,3,7,4,77,3,6,9,54,3,10,5,44,6,5,9,44,6,24,16,4,19,1,4,2,2,2,3,1,11,10,0,2,42,69,25,7,98,2,1,5,5,3,3,5,11,5,4,3,51,5,3,4,7,0,3,1,2,1,4,1,8,19,11,0,61
73,8,3,1,6,9,3,0,4,20,2,4,11,3,5,0,17,1,2,2,4,1,3,1,3,1,1,1,1,1,1,1,6,21,5,82,5,5,2,55,4,4,7,37,3,5,4,31,6,25,14,2,23,0,8,1,1,2,3,0,14,16,3,1,39,87,22,10,97,1,8,5,4,4,0,6,11,6,8,3,63,4,0,3,5,0,3,2,2,1,1,4,5,15,8,1,57
74,9,9,1,1,9,0,3,6,12,4,1,18,7,13,1,16,0,4,0,10,5,2,1,3,1,2,0,8,0,1,0,3,18,6,90,5,5,5,47,10,3,4,49,6,2,4,26,3,25,15,4,22,0,3,0,0,1,7,2,8,15,0,3,34,78,25,6,100,3,3,7,3,5,6,7,10,4,6,2,64,0,2,1,5,0,3,1,2,1,0,4,10,12,8,1,49
75,4,3,2,3,10,1,1,4,12,2,3,13,19,7,0,21,3,4,0,5,2,2,2,4,0,1,0,5,4,2,2,6,18,3,76,5,6,4,55,8,6,2,59,2,2,5,31,4,28,13,5,26,0,3,2,1,1,5,5,8,12,0,4,37,60,29,11,92,4,5,6,2,5,2,3,8,2,3,1,54,6,2,5,2,0,2,3,2,2,1,2,6,22,15,4,56
76,9,4,0,5,10,5,1,6,19,7,1,9,14,11,0,19,2,3,0,3,2,4,0,5,2,1,0,5,0,4,0,6,16,3,80,5,6,3,44,4,11,6,66,7,11,5,18,5,26,11,4,18,3,1,0,2,0,5,4,8,13,1,1,31,68,24,10,97,2,7,1,4,1,2,4,13,5,2,4,60,5,6,2,7,1,3,4,1,0,6,3,8,18,10,2,45
77,6,3,0,7,15,5,3,5,21,1,0,9,7,13,1,19,1,8,2,2,1,2,0,4,1,0,1,7,2,4,2,9,22,7,83,10,5,6,38,8,10,4,53,6,4,8,27,5,30,13,2,22,0,2,1,2,1,4,3,13,11,2,6,39,76,20,19,78,2,4,11,0,5,1,2,6,6,3,3,43,2,3,1,2,0,6,1,2,2,1,2,7,14,12,1,57
78,5,1,0,4,10,3,1,7,21,3,1,14,14,11,1,16,2,5,0,3,5,4,2,3,1,3,0,3,1,4,0,9,18,5,80,8,6,1,36,10,9,4,45,6,4,6,31,3,20,19,2,24,2,5,2,0,0,3,2,8,17,1,2,49,73,33,15,83,10,5,4,6,2,4,3,18,6,6,3,45,4,4,2,3,0,2,1,2,0,0,5,10,15,9,2,40
79,6,4,2,7,6,2,5,3,9,1,4,5,8,4,1,17,3,4,0,7,1,0,0,5,2,4,0,2,2,1,1,3,17,7,76,11,7,3,47,8,3,7,46,5,8,5,34,4,25,18,4,24,0,0,0,2,3,2,3,13,22,0,4,45,46,38,17,99,2,3,3,6,3,3,3,9,9,5,5,38,5,4,5,10,0,3,3,2,0,0,2,13,16,12,2,62
80,7,4,0,10,8,6,2,6,16,3,1,10,13,9,0,18,3,6,2,5,2,3,1,7,0,0,0,5,4,3,0,4,14,2,78,7,3,3,36,4,6,2,48,6,7,5,40,3,30,22,4,20,1,4,1,1,0,1,1,8,6,0,5,47,53,20,12,109,4,8,6,6,6,5,3,8,6,4,3,57,6,1,1,5,1,5,5,2,0,1,1,8,19,15,3,44
81,6,7,0,1,6,7,2,3,10,2,0,10,6,9,2,20,2,5,0,3,1,3,3,2,0,1,1,4,2,1,0,6,16,7,79,8,3,10,51,7,8,5,49,8,8,1,30,5,38,13,3,25,0,4,4,2,1,4,3,9,24,1,2,37,59,28,13,99,2,6,8,5,4,4,5,6,3,8,2,48,10,2,3,4,1,1,1,1,1,2,4,3,18,12,1,46
82,13,1,1,3,10,6,3,1,18,4,2,7,11,14,1,20,1,3,2,6,3,2,0,1,1,1,1,6,1,3,0,6,9,6,89,3,3,5,42,9,5,9,55,8,9,3,28,5,21,9,2,25,0,3,2,1,0,3,3,12,13,3,9,42,50,23,17,97,3,5,3,2,1,4,5,11,4,4,7,58,2,2,0,2,0,0,6,2,0,3,2,10,15,13,2,59
83,6,6,0,3,4,6,0,5,16,4,1,11,11,7,2,21,4,6,0,8,3,4,1,2,1,3,2,5,3,6,1,15,17,3,81,9,5,5,40,4,5,6,51,6,1,5,32,4,26,13,2,14,0,2,0,2,0,3,2,8,14,3,5,35,79,27,9,112,2,1,4,3,2,3,3,9,11,4,4,57,3,3,5,5,0,5,0,0,0,0,2,6,17,8,4,42
84,12,5,0,5,9,9,2,9,25,8,2,7,6,5,3,18,3,5,1,3,4,2,1,4,1,1,1,1,1,3,0,8,25,8,77,5,6,3,44,5,4,7,48,6,9,9,26,1,25,11,4,20,1,4,0,1,0,1,0,6,19,0,1,43,73,33,10,100,3,2,1,3,4,3,2,11,9,3,3,40,1,1,3,5,0,1,5,3,0,3,3,3,19,12,2,56
85,5,6,0,3,13,1,1,5,26,3,1,14,8,7,1,19,2,4,1,7,4,5,1,4,2,1,1,7,2,0,0,3,27,2,83,4,3,4,40,9,8,6,52,10,10,10,29,2,19,13,3,33,1,3,1,2,0,4,1,12,15,1,5,41,53,25,17,94,1,4,4,2,1,4,3,11,8,7,3,42,2,3,1,6,0,3,0,2,2,0,3,5,12,6,3,63
86,9,1,0,6,5,5,1,6,15,3,0,10,13,11,2,22,3,4,2,7,3,4,2,3,2,2,0,3,5,0,0,6,21,2,76,7,4,4,38,7,9,6,44,4,5,7,35,4,26,13,3,24,0,5,3,0,0,4,1,10,15,3,3,39,68,22,12,92,1,2,8,6,1,2,4,12,6,2,3,59,2,2,1,6,1,4,2,1,2,1,2,6,23,10,3,57
87,5,4,0,3,8,4,1,2,22,6,3,10,10,9,2,21,4,1,1,3,7,2,1,3,1,3,1,4,2,1,0,7,18,3,98,4,5,5,40,12,3,3,43,4,5,7,35,5,33,11,4,23,1,1,2,1,0,4,6,5,13,1,5,41,64,32,6,97,0,3,2,2,2,8,6,11,4,4,5,43,5,4,4,5,0,0,3,2,2,1,4,3,13,12,3,58
88,11,5,1,2,7,4,3,4,13,2,0,10,12,15,1,19,2,5,1,3,2,1,0,4,2,1,0,6,4,3,0,10,13,5,85,10,2,6,37,7,4,7,54,6,10,6,29,6,33,9,4,16,0,3,1,1,1,3,4,6,24,1,2,39,63,19,13,103,2,1,6,3,2,3,5,9,5,2,4,59,4,3,2,3,1,0,5,2,0,0,7,6,16,11,2,52
89,3,4,0,5,15,2,1,1,14,2,0,15,7,10,0,28,0,3,1,4,2,4,0,1,0,4,0,4,2,3,1,6,11,2,71,6,6,6,34,5,7,4,58,7,8,5,43,3,22,10,2,29,0,4,0,1,3,4,5,9,11,1,1,48,74,33,11,101,2,5,6,2,1,2,2,7,7,9,2,54,8,1,5,3,1,5,2,1,1,0,3,4,17,10,1,52
90,5,2,1,10,16,2,1,5,22,2,1,8,13,10,3,23,2,3,0,3,5,3,0,4,2,1,0,3,4,0,2,6,12,8,88,5,6,5,38,9,7,2,64,0,4,5,30,6,28,13,2,26,0,4,1,1,2,4,3,7,16,1,1,33,65,26,12,93,0,4,4,5,3,3,4,9,5,5,3,52,8,1,0,4,0,1,4,1,0,1,2,7,19,4,2,60
91,14,2,1,6,7,2,2,7,13,2,2,11,12,16,1,26,4,6,1,5,8,4,0,3,2,0,0,6,4,1,0,2,18,5,61,7,5,4,49,7,3,3,48,6,2,8,35,7,36,13,2,28,1,0,2,0,2,3,1,6,13,3,1,49,56,22,13,86,4,7,3,2,4,4,3,12,4,2,4,48,4,4,2,8,0,0,2,0,0,2,5,10,20,9,1,61
92,7,5,1,4,7,7,1,6,15,0,2,11,9,6,2,19,3,7,0,2,4,2,1,4,3,3,3,7,4,0,1,5,19,5,62,5,2,6,40,6,7,0,52,8,6,6,30,4,24,11,2,38,0,0,3,0,2,0,3,8,9,2,7,53,68,28,9,99,3,5,3,3,4,2,2,13,8,4,4,54,4,4,5,5,0,1,4,2,0,1,5,9,12,9,1,58
93,8,3,1,8,13,3,2,5,15,1,2,6,8,7,1,20,2,5,1,2,2,3,0,5,0,1,0,3,0,0,1,15,18,5,84,5,5,5,46,3,6,8,49,5,7,5,33,5,36,18,1,26,0,5,0,1,1,3,1,11,17,1,2,48,63,27,8,83,4,2,13,3,1,2,4,8,10,6,3,38,3,5,1,8,2,2,3,2,1,1,3,9,20,7,3,52
94,10,5,0,4,11,2,2,3,14,3,2,11,12,9,2,35,2,2,0,7,4,2,0,3,0,0,2,3,1,1,1,3,19,6,79,5,8,8,40,8,1,5,57,3,4,5,32,2,22,14,3,26,0,4,2,0,0,1,1,14,18,2,4,51,53,21,9,102,1,8,5,1,1,5,3,6,4,5,3,53,1,4,3,3,0,2,4,2,0,1,2,2,21,9,2,64
95,13,2,2,7,6,2,0,3,21,2,0,8,7,8,1,19,3,3,1,3,4,0,1,6,1,5,0,4,2,3,0,9,19,5,82,7,5,6,38,9,4,3,55,6,4,7,36,4,25,16,0,14,2,4,2,0,1,3,1,10,22,3,1,46,59,24,8,97,1,6,4,6,3,3,4,6,10,2,3,54,6,3,2,2,2,0,5,3,1,2,2,12,17,11,0,56
96,5,7,0,4,11,5,1,1,14,1,1,13,9,12,0,18,2,2,2,6,7,4,2,0,0,3,1,7,3,1,1,4,12,4,84,7,3,4,41,11,6,10,57,7,4,4,38,1,35,11,5,26,1,0,1,0,1,6,3,8,13,3,5,47,56,18,9,103,4,3,11,6,2,6,4,5,7,4,3,38,10,3,3,4,0,3,2,0,0,1,2,4,15,13,2,54
97,12,5,1,3,10,2,2,5,18,5,4,11,8,13,5,20,1,0,0,1,6,6,1,7,1,4,1,2,3,2,1,9,24,6,74,8,10,8,38,10,8,4,49,7,7,2,32,4,26,15,3,23,2,5,2,0,0,4,2,10,20,1,2,38,67,25,7,83,4,2,6,1,2,4,1,9,5,3,4,45,5,3,3,2,0,4,1,2,0,1,6,6,15,10,1,60
98,5,4,0,4,4,3,1,11,21,3,2,10,10,12,4,24,2,1,1,0,5,1,0,1,0,0,2,7,2,2,1,6,17,2,68,7,5,9,51,5,6,8,50,2,8,3,28,5,26,12,2,22,2,4,0,2,1,3,1,4,19,0,8,45,55,28,7,92,5,1,6,8,4,7,2,8,6,6,2,54,3,3,2,1,1,1,5,2,2,1,4,10,22,14,3,61
99,7,6,0,5,7,2,1,5,15,3,0,7,9,6,2,20,4,4,0,2,3,3,0,3,2,1,0,2,3,1,3,5,23,4,86,8,9,2,47,7,2,1,49,10,7,5,27,2,20,15,2,20,0,6,2,1,0,4,6,5,19,1,0,47,63,28,12,88,4,1,4,4,0,8,3,16,8,4,2,55,5,4,1,3,0,2,3,3,1,1,1,6,21,19,1,61
100,9,9,0,0,14,2,1,3,25,1,1,8,9,4,3,14,3,2,0,5,4,2,1,3,0,3,0,4,1,1,0,9,13,6,73,5,6,5,48,10,7,1,50,7,6,7,25,4,27,12,4,25,0,2,3,1,1,2,2,10,15,0,4,42,69,32,13,95,1,10,7,3,1,1,3,7,3,5,3,52,7,5,6,5,1,4,3,0,0,3,4,4,16,17,1,55
101,5,4,0,2,9,0,2,10,14,5,2,8,5,11,0,19,2,3,1,3,3,2,1,2,1,2,0,3,2,0,0,6,20,5,70,6,6,5,40,6,6,8,58,4,7,4,31,6,21,12,2,25,1,4,1,2,3,6,2,10,9,1,1,50,65,26,12,102,1,5,4,3,6,4,3,14,4,7,2,47,5,5,2,9,1,2,3,2,0,0,2,7,23,10,2,63
102,3,2,0,2,13,5,2,10,15,2,1,6,4,6,0,24,1,3,1,7,7,2,0,6,1,3,0,4,1,2,0,5,16,8,73,10,7,5,42,9,3,10,48,4,7,4,30,3,32,13,2,16,3,5,1,0,0,4,3,14,18,1,3,37,68,24,8,96,3,4,8,3,6,4,7,10,6,7,3,48,7,2,1,6,1,3,3,2,1,1,1,15,17,11,2,53
103,4,3,1,3,10,4,2,5,11,7,0,12,14,8,2,17,3,5,2,5,3,1,0,2,0,2,1,2,0,1,2,3,17,4,82,8,7,2,44,10,7,5,38,6,4,5,34,4,24,18,2,26,0,3,1,2,1,3,0,12,15,3,3,48,73,36,7,93,2,6,2,3,2,5,2,11,6,5,3,57,6,3,4,6,0,2,4,3,0,1,2,5,11,11,2,54
104,6,5,0,6,15,4,3,3,23,4,3,7,7,7,1,18,1,1,0,3,6,4,2,3,0,0,0,6,1,3,0,5,22,5,78,8,5,3,42,12,6,4,52,10,7,6,32,8,23,15,2,22,0,3,0,1,0,3,3,7,19,0,1,43,69,24,10,110,4,3,1,2,1,4,4,8,6,4,1,46,5,5,1,6,1,1,0,1,0,0,7,4,11,15,1,56
105,6,5,0,6,8,4,2,0,15,5,2,10,9,9,3,26,0,8,0,5,4,1,3,4,1,3,0,3,2,0,1,5,15,7,88,5,4,4,36,9,9,8,35,7,6,6,31,6,27,23,2,33,0,6,2,1,0,4,3,3,20,1,3,35,61,29,11,99,0,3,4,5,1,5,9,8,5,7,1,44,7,6,2,12,2,2,6,2,0,1,5,6,11,8,0,49
106,9,2,2,3,9,4,0,4,17,4,1,4,5,6,1,23,0,4,0,9,5,3,2,3,2,1,0,4,3,2,1,2,20,5,87,3,6,5,46,8,4,7,44,4,12,1,28,8,22,14,2,15,3,4,1,0,3,7,3,9,17,2,1,39,81,23,13,91,3,3,5,3,6,3,4,11,7,4,5,60,3,3,1,3,1,1,4,5,2,1,1,8,22,12,3,43
107,12,4,0,8,13,3,3,5,11,1,1,9,6,6,4,25,6,4,2,6,8,3,2,3,5,0,0,8,1,1,3,10,22,5,82,3,5,2,50,7,7,6,48,13,6,4,26,4,36,16,3,16,0,6,1,0,0,3,1,9,14,2,3,36,69,25,9,83,2,4,5,4,2,4,3,10,3,6,5,50,4,1,2,6,1,2,3,2,0,0,3,4,14,13,1,51
108,5,4,1,4,7,4,0,5,19,5,0,7,5,9,0,19,3,5,1,4,1,7,1,4,1,2,2,11,2,3,1,8,16,6,82,5,3,3,49,11,5,15,47,6,5,5,33,3,28,18,1,26,2,4,3,1,1,2,1,8,11,2,3,46,60,25,12,103,2,4,2,3,3,4,2,13,2,10,0,48,3,3,4,4,0,3,1,2,1,1,5,7,17,9,1,45
109,4,2,0,5,5,4,4,5,24,1,2,7,10,7,1,25,1,3,0,4,4,2,0,3,0,0,2,4,3,1,1,8,14,5,88,12,6,7,34,7,8,4,58,6,8,9,24,6,25,14,4,28,0,1,3,0,1,4,3,5,11,1,2,41,64,25,8,105,0,3,5,3,4,4,3,10,2,10,3,42,3,2,3,4,1,7,2,1,1,1,6,6,22,13,1,55
110,7,2,1,3,9,5,1,5,17,3,3,5,9,9,0,14,1,5,0,4,3,2,1,4,2,3,0,6,3,1,1,6,11,8,92,9,7,3,32,8,9,1,55,8,4,2,31,6,30,13,2,31,0,1,1,0,1,2,4,10,10,2,3,35,77,26,12,118,2,3,3,2,6,4,1,4,4,2,0,58,5,4,2,2,1,1,6,1,0,1,4,5,18,9,2,51
111,7,3,0,3,9,8,5,3,15,5,1,8,11,7,0,15,3,1,0,5,3,1,2,2,0,3,1,4,3,2,0,2,15,6,81,5,6,6,52,7,7,6,46,10,11,2,27,3,29,16,3,29,0,3,0,2,0,7,3,5,17,1,5,43,62,17,14,87,2,3,1,3,3,4,2,12,11,5,5,56,9,1,4,2,0,4,2,2,0,0,1,11,10,14,4,64
112,6,6,1,7,12,6,5,6,18,5,1,7,12,9,1,22,2,3,0,3,4,5,0,1,1,3,1,3,3,2,3,8,19,8,74,2,5,4,31,10,6,6,55,1,4,10,36,4,19,9,3,26,0,5,2,3,4,4,6,16,11,1,2,41,63,24,6,106,1,4,1,2,2,4,1,14,10,5,2,57,1,2,3,6,0,3,3,3,0,1,1,9,12,9,2,50
113,7,4,0,5,12,2,1,3,18,6,1,9,7,8,1,16,0,2,0,6,4,2,0,3,3,1,1,1,3,4,2,3,20,7,70,11,5,2,58,9,3,9,43,4,7,3,23,2,38,23,2,33,1,4,1,0,1,3,3,4,19,3,1,41,61,24,22,82,2,2,4,3,5,3,7,16,5,1,3,51,6,7,2,3,0,1,2,1,1,3,6,11,22,12,0,44
114,5,2,0,8,12,1,2,8,23,4,2,10,7,11,1,18,4,5,0,5,6,3,2,4,1,1,0,6,1,0,1,2,12,6,92,8,7,7,53,5,4,4,63,5,7,8,44,6,21,8,1,10,1,3,0,3,0,1,1,9,15,2,3,30,72,30,11,91,2,4,4,2,2,2,1,4,9,1,3,42,8,1,7,7,0,4,4,1,0,2,4,9,12,15,1,51
115,11,4,0,4,10,2,3,7,13,3,0,6,9,8,3,23,0,3,0,6,6,3,0,2,2,2,2,2,3,1,0,9,19,4,75,6,4,3,39,4,7,5,61,8,8,6,23,5,25,11,3,29,1,7,1,1,3,2,2,10,15,1,3,36,63,30,11,103,3,3,2,4,2,3,4,9,9,6,4,57,4,2,4,3,0,2,2,1,1,0,2,6,18,10,0,58
116,4,5,0,4,6,2,4,7,22,3,1,9,6,10,2,15,2,6,1,4,3,1,0,5,1,2,2,6,2,1,1,8,14,3,79,6,7,3,55,5,4,5,37,8,8,6,30,5,20,14,1,20,0,2,1,2,0,4,1,4,13,0,4,47,67,29,12,97,4,2,4,2,4,5,2,10,10,6,7,53,7,6,3,6,3,2,0,1,0,1,3,10,15,13,3,60
117,8,3,0,2,12,2,1,4,17,4,0,8,12,14,5,24,4,0,0,6,3,1,0,3,2,3,1,5,2,4,0,5,10,6,76,8,3,5,46,7,2,5,48,5,5,4,42,10,23,12,2,27,2,1,0,1,0,1,2,8,16,2,3,37,67,28,10,88,5,5,1,4,3,5,2,13,8,3,4,65,8,6,4,5,0,2,5,1,1,0,3,4,9,12,0,55
118,6,4,1,5,10,1,3,1,15,3,2,7,9,7,1,25,3,3,1,9,2,2,0,3,1,3,0,4,0,3,1,8,17,5,91,7,9,6,54,8,5,4,57,8,5,6,18,6,28,12,4,20,1,1,1,2,1,1,3,5,9,0,4,48,65,28,14,94,3,2,4,7,4,2,2,8,9,8,4,48,4,3,3,7,1,4,4,1,0,1,2,8,12,9,3,47
119,11,4,2,4,7,4,0,1,14,5,0,14,4,11,3,24,3,4,0,4,3,1,1,4,1,3,1,6,3,5,0,4,12,4,83,7,3,6,29,5,9,5,41,2,10,6,44,8,20,16,4,19,2,3,2,1,0,1,4,9,12,1,8,52,70,28,15,79,2,5,2,3,4,2,2,6,3,5,6,58,1,4,7,4,1,2,5,2,1,1,0,11,20,19,1,52
120,6,6,0,7,12,3,3,5,19,3,0,10,13,4,2,18,4,5,2,4,4,2,1,5,1,1,3,8,1,4,3,6,21,7,76,6,2,2,45,7,9,2,38,5,6,6,26,4,23,16,5,26,3,6,1,1,1,6,3,6,18,0,3,44,60,28,17,93,2,4,3,4,7,1,3,8,3,11,5,43,8,2,4,3,0,3,5,2,1,1,3,9,10,8,0,60
121,6,11,1,5,5,3,1,9,16,2,1,9,3,8,3,18,3,2,0,4,6,3,1,4,2,4,0,4,1,2,0,9,18,13,80,5,4,4,47,6,4,7,67,7,2,6,28,3,29,11,3,21,0,2,2,0,0,3,3,10,13,1,1,27,74,20,5,90,3,6,8,3,0,9,5,14,5,4,3,54,2,4,2,5,0,1,1,7,0,3,2,4,20,16,2,55
122,4,6,1,4,13,5,3,7,13,3,0,7,9,4,2,27,3,3,0,3,3,2,1,5,0,5,1,3,3,3,1,1,19,3,86,5,3,2,57,9,9,12,68,6,2,3,31,6,20,10,3,26,0,3,0,5,4,3,3,6,15,0,3,32,60,30,7,87,4,3,3,3,2,3,2,8,6,2,4,54,2,3,1,5,1,1,5,2,0,2,5,3,20,16,3,54
123,10,4,0,5,8,6,2,6,18,2,0,7,10,4,1,22,5,4,0,2,2,2,1,7,0,2,1,2,4,4,1,3,22,8,59,11,3,2,47,8,7,4,48,8,5,5,37,11,34,15,2,19,0,4,1,3,1,2,2,6,14,1,5,35,71,32,11,84,1,2,5,4,4,1,2,9,7,5,3,58,3,7,3,8,2,1,2,2,1,3,5,7,15,13,3,52
124,9,4,2,4,7,3,2,3,19,3,1,8,8,2,6,22,3,1,0,7,2,3,2,4,2,1,0,4,2,1,0,7,12,3,81,5,4,5,42,7,3,3,46,9,3,6,31,5,20,12,1,27,2,2,3,1,1,1,4,8,13,2,0,51,72,39,11,106,1,3,1,0,3,0,3,4,5,6,2,56,4,5,7,5,0,1,2,0,0,1,3,8,17,10,3,67
125,8,2,2,2,11,1,3,7,21,3,3,7,12,7,3,22,4,5,0,9,3,3,0,4,1,1,1,6,3,2,0,7,24,6,98,9,6,2,50,12,7,3,41,5,2,4,32,3,29,8,0,34,0,2,1,0,1,3,3,2,17,3,2,30,68,27,14,80,5,3,8,5,4,2,5,7,3,1,2,56,6,3,2,6,0,0,4,0,2,0,4,9,10,12,4,46
126,7,5,1,8,5,4,0,3,16,0,2,18,12,8,3,18,3,2,0,7,3,1,0,5,1,2,1,4,5,4,1,8,35,4,80,5,4,5,46,14,5,5,57,6,4,7,29,3,22,15,2,26,0,2,1,2,1,7,0,10,19,1,2,35,71,18,11,83,3,4,3,6,0,2,5,8,8,9,0,46,4,0,1,3,0,7,5,0,1,0,1,8,9,13,1,59
127,8,1,1,2,7,2,3,4,22,3,3,9,8,10,1,21,2,1,0,3,5,3,0,3,0,1,0,5,3,4,1,4,31,5,74,8,7,2,47,6,9,8,54,7,6,2,28,4,21,17,3,23,0,6,3,1,1,5,2,7,15,2,1,37,61,23,8,97,6,6,1,1,2,3,4,12,5,10,1,46,6,2,7,3,1,2,3,1,0,0,2,8,11,15,5,66
128,6,3,1,5,5,2,1,9,13,2,2,12,11,5,1,21,3,3,0,5,4,0,1,4,0,1,0,8,2,2,1,2,17,5,82,6,6,6,52,9,11,8,49,5,5,8,37,4,32,11,5,23,1,5,2,2,0,6,5,9,13,0,3,36,63,30,12,92,1,2,1,2,4,4,3,7,4,5,1,55,8,5,2,1,0,2,6,1,0,1,3,3,21,11,0,52
129,12,5,1,4,13,4,1,8,19,1,0,7,10,5,6,18,2,6,0,5,6,3,1,12,2,0,0,3,2,0,0,1,19,4,77,10,6,2,49,9,4,5,47,7,7,4,31,6,22,13,4,28,2,4,2,0,0,4,1,5,16,5,5,34,60,24,10,96,3,5,5,1,2,5,5,11,4,4,2,59,3,2,2,6,1,4,2,0,1,1,2,5,18,12,1,55
130,11,4,0,2,15,3,0,5,18,5,1,15,11,7,0,15,3,3,1,5,5,3,0,5,1,3,2,6,1,1,0,3,14,4,64,6,9,1,55,4,6,8,49,10,3,5,30,4,30,17,0,23,1,0,2,0,2,5,6,8,12,2,3,36,83,32,9,98,4,3,7,2,8,3,2,5,7,2,2,58,5,3,3,7,0,1,2,2,1,1,1,7,11,11,1,46
131,6,5,1,4,7,4,2,5,16,0,1,12,9,7,3,21,1,6,1,3,5,3,1,2,0,1,1,3,4,2,0,6,18,3,88,10,5,6,49,3,5,5,51,4,2,4,31,3,16,19,2,32,1,2,1,1,1,7,3,7,20,0,2,32,75,28,9,99,2,2,3,2,2,3,5,6,10,6,1,69,3,4,3,5,1,4,2,0,1,1,1,3,15,7,1,52
132,7,3,4,5,8,4,1,5,13,1,1,8,5,6,3,20,1,1,0,3,3,4,3,3,2,3,1,3,1,0,2,9,16,4,76,6,4,5,37,8,5,1,65,7,4,8,36,5,28,15,2,16,0,3,2,4,1,4,2,9,23,0,3,34,77,25,7,95,2,4,5,3,1,3,7,6,9,2,2,51,5,4,1,10,1,1,0,3,0,0,5,9,20,14,3,59
133,7,4,0,6,19,3,0,9,18,1,1,17,8,11,4,24,2,3,1,4,8,4,3,5,0,5,0,6,2,1,2,6,17,2,86,11,6,5,38,9,5,7,44,5,6,6,21,9,28,20,2,29,0,6,0,0,0,4,3,3,13,1,2,49,66,19,9,78,4,3,2,1,4,5,4,8,9,6,5,46,4,0,3,4,0,0,1,1,0,2,5,6,10,15,0,59
134,4,3,0,2,7,4,4,1,11,4,3,11,8,5,1,18,4,5,0,4,6,1,1,5,2,1,1,7,3,3,0,3,19,3,83,8,5,7,43,7,8,7,57,1,7,8,29,5,23,19,6,24,1,3,2,4,1,5,2,8,8,2,2,31,74,24,13,89,6,4,6,4,3,5,5,11,5,7,5,53,5,4,2,4,1,1,2,4,0,2,2,8,20,8,3,50
135,7,2,0,4,12,3,2,2,24,3,1,11,3,11,0,18,4,7,0,4,5,5,1,7,1,1,0,9,0,4,0,4,12,5,84,7,8,6,51,11,3,4,57,5,4,9,29,3,27,17,0,26,0,1,0,2,0,5,1,9,17,0,5,51,64,19,16,90,2,0,4,2,2,4,6,4,9,4,2,53,2,4,3,8,0,1,1,0,1,1,6,5,14,8,4,47
136,7,6,0,3,8,3,2,6,16,3,0,8,6,10,1,25,3,4,0,4,5,1,0,2,2,3,0,5,0,3,0,3,14,9,79,13,4,7,32,9,8,7,53,4,4,11,27,4,24,14,1,30,2,1,2,2,1,6,5,11,13,3,7,49,64,24,9,83,2,1,5,6,4,2,5,7,4,8,5,46,5,6,2,3,0,1,4,2,1,0,6,8,22,10,1,59
137,9,0,0,0,14,3,3,9,20,3,3,11,12,7,4,15,5,1,1,2,2,5,1,6,1,0,1,1,3,0,1,5,19,4,68,8,8,1,47,8,5,7,46,4,7,6,27,3,24,12,3,25,1,2,2,0,0,4,6,7,14,1,4,23,66,38,12,93,1,3,2,7,2,4,5,12,7,7,3,56,2,6,2,2,1,3,5,2,1,1,4,10,22,17,5,55
138,11,5,0,3,14,5,2,4,17,4,4,12,11,13,4,16,7,2,2,3,1,2,0,1,1,2,2,2,2,4,0,3,23,9,81,6,5,2,42,8,7,7,51,9,2,6,28,3,26,12,2,21,2,5,1,1,1,3,0,10,10,2,2,38,61,34,13,102,3,4,2,1,4,3,3,12,8,4,5,50,2,4,3,1,1,4,3,1,1,0,2,9,16,14,2,44
139,11,5,2,2,12,7,3,4,18,3,1,9,10,7,1,19,3,6,0,5,4,1,1,5,1,2,1,4,1,2,0,8,19,3,83,11,8,4,42,9,7,6,47,4,8,4,24,5,32,8,6,17,1,5,3,3,0,3,3,7,11,2,2,38,64,24,12,97,2,4,8,2,0,2,4,9,6,7,3,49,8,4,4,7,0,4,1,4,0,0,2,7,18,13,1,51
140,8,0,0,6,8,5,1,4,18,2,2,3,2,13,1,19,2,2,2,7,0,4,1,8,2,2,0,3,1,2,0,5,19,8,72,10,7,4,53,10,13,5,51,10,6,6,25,4,25,20,1,17,0,5,0,1,2,2,2,9,14,0,3,31,64,40,10,81,3,3,7,3,4,7,6,6,9,4,4,42,3,5,3,5,0,4,2,1,0,1,4,10,20,11,2,68
141,7,6,1,5,8,2,2,2,18,4,1,14,11,10,5,28,1,5,1,3,1,1,0,4,3,3,0,5,1,3,0,3,16,5,70,5,3,4,38,5,5,7,51,12,3,4,33,3,29,15,3,29,1,1,2,0,0,4,3,7,14,1,3,36,70,27,11,76,2,2,4,4,3,2,4,12,4,4,5,54,3,5,4,10,2,6,5,4,1,1,2,8,14,10,3,68
142,5,5,0,5,12,3,3,3,15,5,2,17,11,8,2,20,2,1,0,6,5,1,1,2,0,2,1,7,2,4,1,7,14,11,86,3,5,4,38,5,8,4,41,9,8,4,35,7,24,15,0,24,1,3,1,1,2,4,2,8,12,1,0,37,48,19,14,106,6,3,3,9,6,4,3,7,7,4,6,53,5,9,2,1,0,1,4,2,2,2,4,8,17,11,4,55
143,4,6,1,4,14,4,2,7,24,3,1,7,17,12,2,17,0,2,0,8,3,6,2,2,0,1,1,6,2,3,1,5,17,3,87,12,5,1,44,5,8,4,47,9,9,5,24,4,18,12,4,24,1,1,2,1,1,2,3,6,18,0,4,43,71,24,11,97,2,1,2,3,1,3,7,4,3,7,4,45,12,8,1,3,5,1,0,2,1,1,3,5,14,13,1,54
144,7,5,0,5,14,3,2,7,16,5,0,7,12,6,0,20,2,4,0,3,6,4,1,6,1,4,0,6,4,2,0,4,13,4,88,7,0,3,40,7,4,6,44,9,6,5,26,5,37,14,0,25,0,4,1,1,3,3,4,5,15,0,4,38,55,30,14,90,2,3,9,0,3,2,4,10,4,6,1,58,8,4,3,3,2,1,5,2,0,1,4,9,12,13,3,62
145,11,0,0,5,4,3,3,4,18,5,4,13,9,10,2,19,5,4,0,6,4,3,0,2,0,0,1,7,2,4,1,5,14,3,76,5,3,9,47,9,8,8,45,8,4,5,33,8,31,14,7,26,0,2,2,0,0,3,1,7,16,2,3,38,50,32,7,94,2,6,2,5,1,5,3,11,3,6,4,62,5,6,5,4,1,3,0,2,1,0,6,10,16,13,0,44
146,6,3,1,5,10,6,0,3,25,4,0,15,7,10,1,25,2,5,0,6,7,5,4,3,0,3,3,5,0,1,0,3,19,7,75,8,5,6,43,2,9,5,51,10,9,6,28,7,34,14,5,19,1,1,1,2,1,5,2,6,20,0,1,33,57,22,7,96,6,5,4,0,3,4,0,9,10,4,1,53,4,5,2,3,0,3,4,3,1,2,4,5,15,12,1,52
147,10,4,0,5,8,7,2,6,20,1,1,12,12,10,2,19,3,6,1,9,4,3,0,1,0,1,0,4,2,5,0,3,13,5,74,4,6,1,51,6,7,3,50,4,7,4,31,6,31,12,2,25,0,1,2,0,0,5,2,6,22,5,3,38,55,30,15,91,2,3,3,2,3,2,5,9,3,6,3,60,4,9,3,5,0,1,2,2,1,1,5,9,22,10,0,47
148,3,3,2,6,13,7,2,6,14,2,4,10,9,6,4,22,2,5,1,5,5,5,1,3,0,0,2,2,2,2,0,3,12,4,93,5,5,5,62,7,10,4,40,7,4,7,37,9,17,11,1,23,0,5,3,1,1,4,1,6,15,2,4,35,46,23,9,97,4,4,5,5,1,3,3,11,3,3,3,62,5,7,1,11,2,3,4,2,0,0,6,5,14,10,4,53
149,2,5,1,5,9,5,1,4,12,4,5,6,14,5,3,17,4,1,0,4,3,1,0,3,0,1,0,1,2,3,1,5,21,0,88,10,7,9,41,4,6,6,56,2,5,8,42,1,19,9,2,29,0,4,1,0,1,1,7,6,14,2,6,55,56,24,8,99,4,4,3,1,2,5,3,9,4,9,4,46,6,5,4,8,0,2,2,3,0,0,6,7,21,12,1,53
150,7,7,1,6,9,2,3,8,17,6,1,12,9,15,2,13,0,4,0,4,9,2,0,4,4,0,0,4,5,4,1,5,11,7,84,4,5,3,51,6,5,2,51,5,7,4,32,2,32,13,1,24,0,3,0,2,1,0,4,8,14,1,1,50,62,27,14,90,1,6,4,4,3,2,3,8,7,8,1,55,5,1,5,3,0,2,0,2,0,2,3,7,19,12,1,46
151,8,6,3,4,8,2,5,8,15,7,3,8,4,11,2,19,2,4,0,5,3,6,1,4,0,1,0,1,4,1,1,3,18,4,95,7,4,4,38,7,6,4,55,6,6,7,29,3,28,19,3,22,3,1,0,1,2,5,1,8,14,1,3,41,64,26,14,92,0,1,0,3,4,3,6,8,9,2,0,48,7,4,4,8,0,2,3,1,0,2,2,3,18,9,0,63
152,10,6,2,7,14,6,0,5,16,3,3,5,7,5,3,19,2,7,1,5,5,2,0,6,3,0,0,5,1,2,2,4,19,3,88,5,8,6,40,5,7,10,60,13,6,3,22,7,26,12,2,19,1,4,2,3,0,2,5,13,12,0,2,32,49,35,13,87,4,6,3,5,2,6,5,7,1,5,2,49,3,7,3,6,1,5,3,3,1,0,4,8,17,9,2,56
153,12,2,1,5,5,5,0,4,17,8,1,8,10,4,2,21,2,3,2,4,2,2,0,4,1,2,1,3,2,1,0,6,17,5,94,8,3,5,37,11,11,7,56,5,5,6,38,5,29,14,3,21,2,3,0,0,0,4,1,8,15,1,2,42,55,24,14,99,7,7,3,2,4,4,3,8,3,4,3,52,4,3,2,7,0,2,2,0,2,2,3,4,19,9,1,50
154,10,3,1,4,6,4,3,4,22,3,1,11,13,7,1,19,1,7,2,2,7,1,2,3,2,0,1,4,2,3,0,2,16,5,70,9,4,5,46,10,8,8,50,7,5,4,28,5,21,13,0,24,0,5,1,0,3,5,3,8,13,2,2,39,63,21,11,97,1,2,10,1,3,1,2,12,8,8,5,55,6,2,2,5,1,1,4,1,2,0,2,10,16,13,2,63
155,8,3,2,4,11,4,1,4,26,2,1,10,13,6,3,20,3,3,0,5,1,1,0,5,0,0,1,6,0,0,2,10,15,6,82,11,4,6,47,12,4,4,35,6,1,5,41,9,29,16,1,29,0,2,0,0,0,3,2,13,21,0,4,45,56,36,11,82,2,5,3,4,1,3,6,7,5,6,3,42,2,3,2,8,1,6,5,1,0,0,0,6,20,17,2,47
156,14,3,0,6,11,4,0,5,20,5,0,16,13,14,2,28,5,5,1,3,8,3,2,4,2,2,1,6,3,3,1,5,19,3,74,9,7,2,46,11,6,10,44,6,8,5,17,11,20,11,3,18,0,1,0,0,1,3,5,10,13,3,5,34,59,20,13,94,3,1,6,3,2,5,1,11,9,2,2,49,6,2,2,3,0,2,2,1,0,0,5,9,15,7,4,62
157,4,1,0,1,11,5,1,6,18,1,3,9,8,8,1,11,1,9,1,5,2,1,2,0,0,5,2,10,6,2,0,4,23,5,87,4,3,2,39,10,6,2,48,13,9,5,33,3,28,15,3,25,1,4,1,2,1,3,5,7,17,2,5,36,55,26,8,94,3,5,1,2,1,5,5,10,6,3,3,58,2,2,2,8,0,2,2,0,0,1,1,12,15,19,2,62
158,4,4,2,4,8,3,2,7,21,3,1,14,6,6,0,24,1,4,0,1,6,3,0,5,3,2,0,3,0,2,1,6,16,8,94,2,2,3,46,9,8,14,50,6,4,9,29,3,16,16,1,28,1,1,3,1,1,4,2,14,17,0,3,41,77,26,10,85,3,6,3,6,1,3,3,6,7,5,4,43,8,3,0,4,0,4,2,0,1,1,2,10,12,9,2,56
159,11,4,0,8,11,4,5,6,17,4,2,9,11,11,3,18,3,5,0,8,7,2,0,4,1,0,0,9,2,2,0,3,15,5,78,4,8,5,46,12,5,6,51,7,5,8,23,5,34,11,2,21,0,1,1,1,2,4,0,13,17,1,2,33,62,26,10,87,3,4,5,2,3,1,0,12,9,2,4,49,5,2,3,3,1,4,1,2,0,0,1,5,16,11,2,69
160,5,4,0,9,8,7,2,4,14,10,1,12,8,8,1,25,3,2,0,2,4,3,1,2,3,0,2,3,2,1,0,10,18,5,89,7,8,1,37,7,2,6,55,4,8,3,19,6,25,11,5,19,1,4,1,0,3,2,1,10,17,1,3,34,68,37,16,89,7,5,3,4,0,5,1,9,6,4,0,64,6,0,0,4,0,2,2,2,0,1,2,6,18,11,4,56
161,7,4,2,6,8,4,2,3,26,2,2,7,13,4,2,15,3,5,0,3,5,3,1,3,2,2,0,7,0,4,1,4,23,2,81,7,5,4,46,6,5,3,53,7,5,6,33,4,31,15,0,23,2,6,2,0,0,7,3,11,16,1,1,48,63,27,10,97,5,4,2,1,1,5,1,8,7,2,2,47,5,2,1,3,1,1,2,1,0,1,6,9,17,9,3,51
162,11,6,1,2,10,4,2,4,26,2,0,9,9,6,4,20,0,2,0,3,6,3,0,7,0,1,1,6,1,1,0,7,24,6,85,6,6,5,35,6,6,4,54,4,4,4,32,1,27,12,4,35,0,5,1,1,1,3,2,9,11,0,3,17,74,22,11,88,0,1,4,4,6,4,7,12,5,4,3,55,4,0,2,4,0,1,2,4,0,4,2,9,15,14,2,70
163,13,3,0,8,12,3,1,5,20,6,1,10,5,8,2,19,5,4,0,7,7,2,1,4,2,1,0,4,2,1,0,5,16,6,80,11,5,2,44,3,11,4,54,5,4,5,30,6,36,19,3,19,1,5,2,0,1,0,2,8,15,0,6,40,59,18,7,81,3,2,7,2,1,3,3,13,8,3,3,46,9,1,5,4,0,3,5,2,2,3,4,10,17,13,1,58
164,5,6,0,5,9,6,3,2,16,2,1,8,15,7,2,25,5,3,0,2,4,4,2,2,2,4,0,6,5,2,0,2,14,4,92,9,4,7,52,2,6,5,46,4,3,4,20,7,30,16,3,23,0,11,4,2,0,5,3,7,13,1,3,36,59,37,6,88,3,4,11,2,4,2,5,10,10,7,1,49,3,4,3,7,2,3,0,0,1,0,1,8,19,12,1,47
165,11,3,0,4,9,1,1,5,11,2,0,7,5,9,2,24,3,2,0,6,4,4,0,4,2,5,0,6,2,1,1,8,13,7,80,13,8,2,48,16,10,2,36,4,5,4,35,4,21,13,0,25,0,6,1,1,1,6,2,6,16,2,5,35,63,32,6,87,1,6,4,1,4,9,2,15,6,0,4,49,6,5,3,2,1,2,1,4,1,2,6,8,23,10,1,67
166,10,4,1,8,13,4,1,4,21,1,1,12,8,8,3,22,3,2,1,3,5,0,0,4,0,4,1,8,1,0,0,6,14,7,79,7,3,5,31,9,5,8,54,3,7,4,32,6,20,13,3,22,0,6,1,0,1,6,2,13,16,0,3,32,60,27,13,81,4,2,8,4,2,5,6,10,3,8,6,66,2,7,3,4,0,2,3,2,1,1,3,8,17,15,1,55
167,5,2,2,5,6,2,1,5,26,1,0,9,6,11,1,22,0,1,1,7,1,1,0,7,2,5,1,4,1,0,0,5,16,10,74,4,7,8,49,7,6,6,49,6,5,7,22,6,23,13,2,20,0,1,2,1,0,3,2,10,18,1,3,39,71,37,12,94,2,5,9,4,2,4,7,6,5,3,0,53,2,4,2,4,1,7,4,3,0,1,3,8,20,7,3,57
168,13,5,1,5,8,3,5,5,14,4,1,9,6,4,2,25,1,3,1,11,4,2,1,3,3,3,1,3,0,4,2,2,20,9,77,9,4,3,40,7,7,5,59,6,6,6,19,8,16,16,3,27,1,4,0,0,1,2,2,12,20,0,3,34,59,22,17,75,3,1,5,4,4,4,3,13,5,1,2,62,7,5,3,10,0,1,4,0,1,2,2,8,19,14,0,64
169,6,2,0,4,10,5,1,10,22,3,0,12,9,7,4,16,4,3,0,4,5,2,2,1,1,4,1,5,2,1,0,9,16,8,76,3,11,2,46,7,6,6,38,9,6,4,28,0,28,15,4,21,0,0,1,1,2,6,0,11,10,1,2,38,76,34,8,88,5,2,5,2,2,2,5,12,2,11,7,40,3,6,4,3,0,1,5,1,1,3,4,11,20,12,1,63
170,9,5,1,4,9,5,4,3,17,2,1,8,9,6,3,15,1,3,1,4,3,4,0,2,1,0,1,5,2,2,0,12,14,5,71,8,5,4,42,7,10,4,49,3,6,2,37,7,31,24,6,19,1,3,1,0,2,5,1,10,21,0,3,40,66,36,11,82,0,6,4,5,3,5,2,7,2,7,7,52,2,4,5,6,0,2,4,0,0,0,1,11,15,15,6,51
171,10,4,0,6,7,4,1,5,22,4,2,10,9,7,2,17,3,2,1,6,4,3,1,6,3,2,1,6,2,3,0,2,17,2,75,6,5,1,58,10,7,3,58,4,4,7,38,4,24,21,4,29,1,1,0,0,1,7,1,8,12,3,2,33,65,16,10,88,5,5,2,3,4,2,3,12,7,4,5,52,2,2,0,4,1,5,2,2,0,1,4,8,22,13,2,48
172,8,4,0,4,11,9,2,4,11,5,1,10,8,7,4,20,1,6,2,2,6,4,1,2,2,1,1,8,1,4,2,10,15,4,85,7,4,4,50,5,4,6,54,3,4,5,32,5,13,11,2,24,2,1,2,0,1,3,3,12,16,1,5,36,77,17,13,69,4,7,6,1,4,3,5,12,8,7,2,58,6,8,4,4,1,4,3,0,0,0,3,7,21,11,2,53
173,5,5,0,4,6,5,2,7,17,3,1,13,7,11,3,20,2,6,0,6,5,2,1,4,1,1,2,7,1,1,1,4,22,3,79,8,7,3,44,10,7,5,48,8,3,4,25,3,34,10,3,18,1,2,3,2,0,3,5,5,15,0,4,34,64,28,14,103,4,3,10,2,4,1,3,8,2,3,5,51,6,4,4,7,2,5,2,2,1,0,6,7,17,9,2,50
174,3,4,1,3,9,3,1,5,20,5,1,14,9,9,0,18,4,4,0,9,4,2,3,5,2,0,1,5,4,3,0,8,18,3,81,7,5,3,43,6,4,8,55,2,4,4,28,4,23,13,5,32,0,3,0,1,0,2,1,6,16,1,0,45,59,23,10,95,4,5,4,0,7,6,1,8,3,4,4,59,7,3,3,2,0,3,0,1,1,1,6,6,19,13,1,60
175,13,7,1,4,9,0,0,4,21,4,1,7,8,9,0,15,0,2,0,4,5,0,0,4,2,2,0,6,1,1,1,6,21,5,93,6,10,4,48,9,8,3,47,4,5,9,30,5,16,16,8,24,0,3,1,1,0,5,1,6,15,0,4,46,65,38,12,110,0,4,5,2,2,5,2,8,6,5,1,47,2,2,1,5,0,3,0,0,1,0,2,6,13,10,2,51
176,6,3,1,4,12,3,2,1,18,4,1,12,7,14,1,17,3,2,1,0,2,4,1,2,0,2,1,5,2,1,0,7,15,8,88,9,5,8,37,3,5,6,51,2,5,7,31,4,27,12,5,22,1,4,0,0,1,5,5,13,16,1,2,47,77,24,9,95,4,3,2,4,5,5,3,15,1,5,1,38,4,2,5,8,0,2,3,3,1,2,1,5,22,9,0,58
177,12,4,0,9,7,7,2,5,16,2,2,14,8,6,5,20,3,1,1,6,4,6,3,3,0,2,0,5,1,2,1,5,23,3,75,7,5,8,44,6,6,6,47,7,4,4,24,2,26,13,4,25,1,5,1,3,1,2,5,6,19,2,1,40,68,34,15,91,2,7,4,0,4,5,2,10,3,7,1,54,2,6,2,2,0,2,3,1,3,0,6,7,13,6,1,52
178,5,4,1,3,5,4,5,3,21,6,1,16,8,8,1,25,1,3,0,4,2,1,0,2,0,1,0,3,1,4,1,10,20,4,78,6,4,4,47,5,3,3,55,5,5,13,35,3,22,18,4,22,3,3,0,1,0,2,0,13,13,2,3,38,54,12,14,81,3,5,2,6,6,3,5,9,6,6,4,51,6,5,1,5,0,2,3,0,3,2,2,12,9,22,0,78
179,3,5,1,5,13,3,1,5,16,4,1,9,8,13,0,28,3,3,1,5,4,2,1,5,0,1,1,7,3,2,2,6,15,5,94,9,7,5,40,7,6,4,56,6,2,6,28,3,21,20,3,30,0,6,1,2,2,1,4,6,9,2,3,41,64,22,9,83,5,2,6,6,0,5,0,9,3,3,3,50,1,3,2,6,1,0,6,2,0,1,4,9,16,9,1,64
180,6,5,2,2,7,4,3,9,9,0,3,7,12,5,0,22,3,4,0,4,6,3,0,2,5,3,0,5,1,0,0,5,25,5,82,11,10,9,31,7,3,5,40,5,2,2,33,2,31,18,4,25,1,2,1,2,2,5,1,10,10,1,3,37,73,27,10,96,6,3,5,5,5,5,4,8,4,5,4,51,7,3,3,6,2,3,2,1,1,2,7,12,13,11,1,53
181,7,2,0,3,8,4,1,5,15,2,2,7,15,6,0,24,3,9,4,8,4,4,1,5,1,1,2,6,2,4,2,4,16,6,92,6,9,1,52,10,7,4,41,6,8,2,26,2,36,8,1,24,2,2,2,0,1,3,3,16,13,0,6,39,57,30,12,78,1,5,2,3,2,4,3,8,9,8,6,50,3,1,7,7,0,2,2,1,0,1,3,5,20,12,2,51
182,10,4,1,6,9,1,1,5,24,7,0,7,10,10,2,20,3,5,1,8,5,3,0,6,0,2,0,6,3,2,0,5,13,6,87,5,6,6,44,4,8,6,47,1,10,4,27,4,33,17,4,22,0,3,2,1,1,2,2,10,12,0,5,37,69,23,7,90,4,2,2,2,3,3,5,10,4,5,2,46,1,2,5,4,1,0,3,2,0,4,3,11,20,13,1,58
183,8,4,3,4,12,3,1,5,14,4,2,16,10,3,2,27,2,4,0,2,3,4,2,2,2,0,0,5,1,0,1,11,18,4,81,5,4,4,39,7,6,4,46,5,5,4,31,4,28,19,1,19,0,2,1,2,0,6,1,10,17,5,5,43,66,18,13,88,3,1,7,2,5,7,7,8,4,6,1,55,9,2,1,1,1,3,1,2,0,1,4,5,19,16,0,61
184,11,4,0,2,12,1,1,4,17,3,2,11,10,13,1,16,1,1,1,3,2,1,0,1,2,3,1,5,2,0,1,10,20,6,79,8,4,4,45,2,5,3,57,10,4,6,32,4,30,11,3,30,1,1,2,0,2,3,1,11,16,0,1,39,60,35,11,92,2,4,7,4,6,3,5,17,3,6,2,53,5,4,3,1,0,1,1,3,0,1,4,9,10,10,0,56
185,11,6,0,4,3,5,0,4,12,4,2,7,8,11,2,12,4,4,0,5,1,1,0,3,2,1,0,2,1,0,1,3,20,7,85,9,6,4,36,5,3,4,57,7,5,7,31,7,21,8,1,32,0,3,0,2,0,2,4,5,18,2,5,41,66,21,10,96,5,2,3,5,2,5,8,7,9,8,4,66,5,3,2,4,1,0,4,0,1,2,3,9,16,16,0,61
186,6,2,0,9,11,9,1,4,17,3,2,6,9,7,3,19,5,2,0,9,3,3,1,2,1,1,1,5,1,3,1,3,19,9,86,8,6,3,46,7,3,9,49,8,3,7,26,4,29,4,2,27,2,3,2,2,1,5,3,5,15,0,4,42,59,35,13,96,0,4,9,6,4,1,3,8,4,4,3,51,5,4,3,5,1,0,3,0,1,1,2,9,17,5,0,56
187,5,3,0,4,10,2,1,8,19,3,0,16,7,6,2,18,5,4,2,7,3,4,0,3,2,2,0,3,0,1,1,7,19,3,93,6,9,5,38,6,11,10,43,12,10,9,19,4,27,7,2,25,2,2,0,0,1,5,2,10,13,1,1,50,58,16,11,100,2,3,6,3,5,3,5,14,4,5,0,56,2,3,1,4,1,2,2,0,0,0,7,3,13,12,4,62
188,7,5,0,5,10,7,4,6,20,4,0,11,15,14,1,25,2,2,1,3,6,6,1,4,1,3,0,3,1,4,0,5,12,6,77,10,5,1,39,8,6,6,45,7,2,6,37,7,26,16,3,19,1,2,0,2,4,2,3,13,14,2,4,37,62,17,9,94,2,5,5,4,1,3,4,11,5,7,5,45,3,7,4,4,1,1,1,1,0,2,5,7,15,12,2,58
189,7,2,0,7,9,1,1,8,13,5,2,7,6,10,0,22,3,3,0,4,6,2,4,3,1,0,1,3,8,3,0,11,17,2,86,13,4,3,44,6,7,6,59,9,7,6,35,2,20,20,5,24,1,1,0,0,1,4,2,7,22,1,3,43,59,24,10,82,4,5,4,4,4,1,2,10,11,4,3,51,3,2,3,3,1,0,3,2,0,1,2,15,9,15,0,51
190,11,1,1,5,7,2,1,5,18,1,3,15,8,7,3,16,0,4,1,8,3,5,2,7,0,3,0,10,1,4,0,7,21,4,85,7,8,4,41,10,4,5,48,4,7,2,34,5,29,19,4,23,0,5,2,4,0,1,4,9,20,4,3,28,62,25,16,95,2,10,6,1,3,4,5,9,7,1,2,50,3,2,3,4,0,0,2,0,0,2,4,4,10,10,1,54
191,9,2,0,7,8,2,2,7,19,5,3,9,11,7,2,16,1,3,0,7,3,7,0,3,2,1,0,1,3,3,1,5,13,4,90,6,6,4,41,7,5,5,55,0,7,4,30,1,32,17,2,27,1,3,3,1,0,5,1,8,10,2,2,52,69,27,14,98,4,5,4,6,0,4,3,7,12,5,1,46,9,2,1,4,1,1,3,1,0,2,6,8,11,6,0,47
192,8,4,0,7,7,2,4,7,12,2,3,12,16,12,3,26,4,3,1,9,4,0,0,4,0,4,1,8,0,4,1,5,15,2,75,7,5,5,39,4,7,3,55,8,6,5,31,3,23,9,0,25,0,2,0,0,0,3,1,6,15,3,5,35,63,22,11,104,1,5,2,4,3,0,7,12,6,2,6,60,3,4,3,5,0,2,2,3,0,3,4,5,18,10,3,57
193,5,4,1,3,8,2,2,4,21,3,3,8,11,8,2,17,1,2,2,8,4,2,3,5,0,0,2,6,2,1,1,3,19,4,77,3,4,3,41,3,3,6,49,8,10,9,33,5,24,11,2,23,0,4,1,1,1,3,3,7,11,0,3,48,69,26,9,103,3,4,3,11,2,1,9,3,5,2,1,49,6,6,7,10,1,2,5,2,1,2,2,4,15,13,2,59
194,9,2,0,6,9,2,2,4,14,2,4,12,10,8,1,21,1,5,2,3,6,2,1,2,1,3,2,6,0,2,3,6,14,4,81,7,3,6,34,13,4,3,55,5,4,8,29,4,34,16,2,16,1,5,1,0,1,2,3,8,18,1,1,35,66,21,14,99,7,4,2,1,5,4,3,13,5,1,1,38,6,0,2,6,0,4,3,3,1,0,4,12,16,14,1,75
195,9,3,1,8,4,3,1,4,10,5,2,15,9,7,0,17,1,5,1,4,1,4,0,3,2,3,1,7,1,0,0,7,9,4,97,8,4,7,37,4,9,5,55,3,5,3,36,5,27,11,2,20,1,6,2,1,1,3,3,13,17,0,4,50,53,23,15,94,3,3,3,1,2,6,5,9,8,4,2,51,5,4,2,3,1,3,3,0,1,2,5,8,19,16,2,54
196,3,2,1,4,15,4,3,2,13,4,1,4,12,7,3,26,1,6,1,7,4,3,1,2,0,2,1,3,1,2,0,2,29,7,83,6,2,5,35,4,7,4,50,7,10,6,42,3,29,18,0,24,0,3,0,0,3,2,3,10,18,2,3,39,69,24,15,95,2,3,6,0,6,3,3,8,7,2,2,49,5,5,2,5,0,0,3,3,0,2,3,2,20,14,1,47
197,11,7,2,3,5,2,1,4,24,3,0,7,10,4,1,22,2,3,0,3,2,4,1,5,0,5,0,3,1,3,2,7,16,8,71,8,3,4,48,9,4,7,65,10,5,7,35,5,24,8,4,22,3,3,1,2,0,4,3,6,21,0,1,43,75,27,13,94,2,3,5,2,0,8,4,8,10,2,1,42,8,1,3,6,0,4,2,1,0,2,3,5,18,9,1,44
198,9,4,0,5,11,6,1,8,18,1,0,6,8,15,2,22,3,3,0,8,4,4,1,7,1,2,2,0,2,5,2,3,25,5,71,7,4,5,43,2,7,2,57,2,10,8,39,6,24,9,4,34,0,0,2,1,0,6,2,9,12,0,2,38,61,30,10,89,0,2,4,6,5,5,6,7,6,5,2,56,2,1,2,4,0,4,4,0,1,0,5,4,18,6,1,55
199,5,7,0,5,16,3,0,2,14,6,2,13,7,12,2,16,2,3,0,2,4,1,0,3,0,2,0,6,1,3,1,6,16,3,65,11,7,8,34,14,5,9,53,4,3,5,42,3,30,14,2,22,0,2,2,2,1,2,0,13,11,1,7,38,68,21,9,84,3,2,6,6,5,4,2,10,11,4,4,57,9,1,1,6,0,4,1,3,1,1,3,7,17,8,4,65
200,9,3,0,2,9,3,3,6,25,5,0,8,14,10,2,14,0,3,0,4,2,1,2,5,0,1,0,9,3,2,1,6,25,3,71,5,3,1,36,5,8,4,51,9,4,3,35,8,35,14,4,24,1,5,0,0,2,3,2,8,15,1,2,49,52,40,9,85,3,6,6,3,3,2,4,10,7,4,1,57,3,3,2,7,1,3,1,2,1,0,2,5,23,14,3,50
201,7,9,0,5,8,2,1,4,19,3,3,7,13,3,2,26,3,7,0,5,6,2,0,3,1,1,1,1,1,0,0,5,23,6,85,6,8,5,38,8,8,6,53,5,4,6,25,5,27,14,3,29,0,2,1,0,0,3,2,12,12,2,5,36,68,25,14,91,4,4,6,1,3,4,5,17,10,6,5,45,3,5,5,10,0,0,2,5,0,0,2,0,13,12,1,47
202,11,2,1,3,5,2,1,7,16,5,0,12,9,7,0,17,4,4,0,6,5,3,1,4,1,5,1,10,3,2,0,8,22,5,81,3,3,6,38,10,4,6,50,8,3,5,32,2,28,17,5,20,0,3,3,2,0,4,2,10,14,0,2,36,69,28,6,105,3,5,3,3,5,3,2,10,1,4,2,51,3,3,3,5,1,3,2,2,0,0,2,2,18,19,1,57
203,9,7,1,4,10,4,2,1,22,6,2,8,11,7,3,11,3,2,1,4,3,2,1,4,2,2,1,1,2,2,0,3,10,5,79,5,5,5,51,6,10,4,46,6,7,5,23,3,28,14,4,28,2,3,0,2,0,3,2,7,12,0,4,38,76,33,11,101,1,2,5,1,3,4,3,10,8,2,3,54,2,4,5,6,0,8,2,2,1,0,4,8,15,16,3,49
204,6,3,0,5,8,1,0,5,21,2,2,6,15,5,1,27,3,6,0,1,2,4,0,5,0,0,2,3,1,2,1,8,22,4,75,6,8,5,32,8,9,9,42,4,8,3,24,4,21,7,2,25,2,8,3,1,1,5,0,7,15,3,2,39,65,30,19,96,0,5,6,5,4,2,6,13,8,3,1,56,1,6,7,2,0,3,4,0,0,1,4,7,20,17,2,58
205,7,0,0,5,12,2,1,2,8,5,6,7,5,8,3,22,0,5,0,1,2,3,4,1,2,1,1,8,2,1,0,7,19,7,80,8,4,6,41,10,7,7,46,4,7,5,38,4,35,19,2,27,0,2,3,2,1,1,4,7,13,0,8,35,64,21,9,86,6,4,2,2,6,4,3,8,8,3,4,46,4,7,5,7,0,3,1,2,1,1,3,5,15,15,4,68
206,6,1,0,2,6,2,5,2,21,4,1,7,9,14,3,14,3,3,0,6,4,3,0,1,0,2,1,1,2,2,1,3,21,5,80,10,3,5,45,5,7,6,42,8,7,5,27,5,21,13,1,24,0,1,0,2,0,2,3,10,13,2,2,31,77,27,14,92,4,4,5,2,2,7,6,9,4,4,1,60,7,4,1,7,0,1,2,2,0,0,3,12,20,15,2,71
207,10,2,2,4,12,3,0,1,16,2,1,9,12,10,0,17,1,3,0,2,1,0,0,1,2,3,1,6,0,1,2,8,15,2,89,9,7,7,55,4,7,13,49,3,6,4,23,4,32,17,0,27,2,2,1,3,0,1,2,12,13,0,2,34,68,28,11,86,3,3,1,3,3,4,1,10,10,4,1,64,4,4,5,2,2,2,2,3,0,1,2,7,17,8,1,63
208,8,5,1,4,7,4,4,4,18,0,0,9,9,6,3,17,2,5,0,4,8,3,0,3,0,2,1,5,1,4,1,5,17,2,76,12,4,4,62,7,5,3,46,2,4,7,28,6,29,19,4,25,1,3,0,0,0,2,3,6,11,1,1,29,71,26,11,97,0,4,5,7,2,7,6,8,4,8,1,59,7,1,0,3,0,3,6,1,1,0,4,6,12,11,2,65
209,6,4,1,2,16,2,4,7,23,5,1,9,6,5,0,17,4,2,0,5,0,1,1,5,2,4,0,3,3,3,1,4,16,7,83,9,1,4,48,9,4,4,48,6,7,9,20,7,26,12,2,24,2,2,2,2,0,9,4,9,11,1,3,50,61,24,12,94,1,4,2,2,0,4,5,8,8,5,3,61,3,2,1,3,0,1,4,2,1,1,4,6,21,15,3,52
210,4,7,2,4,6,2,0,6,14,7,0,8,11,8,2,25,2,2,0,1,3,2,0,3,1,1,3,6,3,4,0,3,17,5,82,7,7,3,44,2,7,11,48,5,4,4,37,6,23,10,2,26,0,4,2,2,0,5,2,10,15,1,3,45,60,23,17,105,1,2,6,1,4,4,3,13,6,5,4,49,7,4,1,7,0,2,1,3,1,0,4,8,18,14,1,47
211,3,2,0,4,7,2,4,5,16,4,2,7,8,13,1,20,5,3,0,3,6,3,1,3,1,0,0,4,3,3,0,7,21,8,84,7,2,5,41,5,7,5,54,5,5,6,31,2,30,9,1,18,1,2,2,0,1,4,6,4,19,3,2,44,56,24,11,90,2,3,4,3,5,7,2,9,5,7,2,70,2,3,2,5,0,5,4,1,0,0,6,4,19,11,2,62
212,8,5,0,7,8,2,1,5,24,4,0,5,12,6,5,22,1,4,1,8,4,4,1,4,3,0,0,2,3,3,0,8,16,1,86,3,3,4,45,6,6,4,43,0,3,4,29,3,27,12,0,17,1,2,2,1,1,2,3,9,15,1,5,53,75,22,12,105,2,7,4,4,3,5,4,6,8,4,3,50,2,1,4,4,1,4,1,2,1,6,0,9,15,16,4,49
213,8,2,1,9,7,5,3,5,24,3,2,7,11,13,2,18,0,1,1,8,3,1,1,3,0,2,0,6,2,2,0,3,13,5,83,7,6,3,47,13,6,3,52,4,4,6,34,4,21,19,7,27,1,2,1,1,1,2,4,8,11,1,4,36,74,23,13,80,2,4,4,10,2,3,5,8,5,7,2,38,2,2,5,1,2,2,5,4,0,0,6,4,17,11,2,68
214,2,4,2,1,7,2,4,4,34,3,1,8,12,10,4,20,2,5,0,10,2,3,1,3,2,4,1,5,1,3,0,6,19,8,75,5,7,2,49,10,4,5,54,6,7,8,25,3,18,12,4,28,1,2,0,0,1,3,2,6,12,0,1,33,68,22,10,105,1,3,2,6,3,2,2,10,6,1,3,52,8,1,7,5,0,4,1,1,0,1,5,6,20,15,1,53
215,9,0,0,5,9,8,1,8,21,9,1,11,11,4,2,20,4,3,2,4,3,2,2,8,0,0,1,4,2,0,0,6,15,7,91,9,4,5,44,4,6,9,47,4,7,2,21,3,22,9,2,21,2,5,2,1,1,3,3,7,14,4,2,36,49,28,14,96,3,4,7,3,3,5,2,16,7,4,0,60,2,7,4,4,1,1,2,1,1,0,4,6,14,17,1,62
216,6,4,0,6,5,9,2,3,18,4,2,6,18,7,4,18,1,3,2,3,3,2,0,5,3,1,1,4,2,0,1,5,19,5,71,5,7,3,46,6,4,5,61,4,10,4,37,5,24,12,5,19,1,1,1,0,0,1,2,7,11,1,2,47,67,28,7,88,5,5,8,4,6,2,4,10,5,2,3,53,1,1,5,4,1,3,3,4,1,0,3,8,17,8,2,68
217,12,4,0,6,8,2,0,8,16,4,1,10,11,5,2,14,5,7,0,3,6,4,3,3,0,3,1,7,2,4,0,8,14,3,87,7,1,1,44,5,4,4,52,5,3,6,25,4,19,12,3,28,0,3,1,1,1,2,2,12,14,0,0,49,64,33,16,86,3,4,7,2,0,4,2,15,8,6,3,63,5,0,4,3,0,1,2,1,0,1,1,4,16,19,0,56
218,12,1,1,3,10,9,1,5,13,1,2,16,10,10,7,18,1,6,2,7,7,0,0,4,2,1,0,5,1,4,0,4,18,4,86,7,7,4,41,3,5,3,53,4,4,5,29,10,22,15,2,18,0,4,2,2,1,2,4,7,9,0,2,42,73,25,6,86,3,2,5,5,1,5,8,7,5,2,1,58,5,1,1,3,0,2,3,2,1,0,4,9,20,15,1,63
219,5,6,2,7,5,2,1,7,23,7,3,10,9,3,6,16,2,2,2,3,4,0,0,3,0,0,0,3,2,4,1,7,19,7,81,5,5,3,48,11,4,5,55,6,4,9,26,5,26,16,8,30,2,1,1,3,0,1,5,10,14,2,4,34,66,14,14,84,2,5,5,8,6,5,8,6,2,5,10,59,3,4,2,8,1,1,3,3,0,1,3,2,16,6,2,51
220,6,2,2,3,11,5,2,11,24,3,3,11,9,13,1,20,3,6,0,10,4,5,2,6,0,0,1,6,1,3,0,2,17,4,77,7,3,6,43,9,4,7,52,9,5,1,32,4,22,19,3,23,2,6,1,2,2,5,1,10,11,2,6,39,64,22,8,87,3,8,5,1,6,6,2,7,5,4,2,53,9,2,2,3,0,4,0,1,0,0,4,6,18,9,0,50
221,5,3,0,5,6,4,1,5,11,3,3,8,12,7,4,24,2,6,0,4,6,3,1,5,0,5,1,4,3,2,2,6,14,7,66,12,6,4,42,12,7,6,44,11,0,7,23,6,22,13,1,28,1,7,3,0,0,3,2,9,9,1,6,27,70,40,6,102,3,2,4,0,4,7,4,9,4,3,8,48,4,3,4,6,1,5,2,2,0,1,2,7,17,20,3,59
222,16,3,0,6,3,1,4,4,18,5,2,6,10,8,0,23,2,5,0,3,3,4,0,4,1,2,0,6,3,2,1,6,24,5,70,9,3,8,40,10,5,5,36,5,6,5,36,6,21,14,1,26,2,1,2,3,1,5,2,7,13,1,6,35,69,33,9,87,2,5,4,2,3,5,6,10,7,6,2,54,4,3,6,5,0,0,1,1,1,1,5,7,16,14,2,66
223,8,4,1,2,10,7,5,5,19,1,1,9,17,8,1,18,4,3,0,4,0,5,2,3,0,2,0,9,2,1,1,5,16,5,83,5,4,1,37,6,5,3,55,5,3,7,36,5,25,16,2,20,0,5,2,0,1,6,2,7,13,0,1,46,60,22,11,98,1,7,6,0,0,2,3,14,5,4,2,47,7,5,4,4,0,3,5,3,1,1,7,9,22,9,0,59
224,7,2,0,6,5,2,2,6,15,2,1,8,9,4,1,15,3,6,1,5,5,1,1,4,0,1,0,6,1,3,3,2,25,9,94,5,5,7,36,5,4,7,53,10,6,5,40,5,16,13,1,28,3,4,1,1,1,5,1,13,13,0,5,44,60,30,8,99,4,2,3,2,4,5,2,8,6,6,3,45,7,3,1,6,1,4,2,2,0,3,0,7,18,16,4,47
225,5,3,3,3,9,2,5,7,25,6,0,8,9,10,2,21,5,5,0,3,2,2,2,3,0,2,0,4,3,2,3,4,12,8,84,6,4,2,39,13,5,6,59,8,6,5,32,1,26,11,3,21,0,2,3,1,0,3,5,8,17,2,2,28,58,32,9,108,3,1,5,6,2,2,5,10,7,2,4,49,7,2,1,4,2,5,2,4,1,1,3,7,15,14,0,49
226,5,3,0,5,8,1,1,8,16,10,2,9,11,13,5,20,3,3,1,2,3,4,1,5,1,3,0,5,0,2,0,7,27,8,72,6,5,6,48,6,6,6,40,7,0,9,34,5,28,13,2,23,0,4,1,1,1,3,1,10,16,1,1,37,59,24,10,102,2,4,7,0,5,5,4,7,9,1,1,49,4,2,3,7,1,2,3,5,0,0,3,4,22,15,0,56
227,13,1,0,2,9,4,1,2,19,3,1,12,6,6,4,13,5,4,1,4,6,1,0,8,0,1,2,2,0,4,2,5,18,6,87,6,6,1,54,10,9,4,48,7,0,7,30,6,27,11,1,21,0,3,4,2,2,3,2,10,8,3,1,43,58,24,5,93,1,3,8,4,0,6,4,10,2,7,4,66,2,3,4,11,0,3,1,1,0,1,2,8,19,15,2,52
228,11,3,1,9,10,6,3,5,19,2,2,9,12,5,5,26,4,5,1,3,5,5,2,4,0,5,0,4,1,2,0,1,11,10,76,5,5,1,52,8,5,6,52,7,5,5,33,8,28,13,3,19,1,5,2,1,0,0,1,4,18,0,3,41,61,23,12,81,1,6,5,1,6,7,5,8,3,4,5,53,9,7,3,7,0,0,3,3,0,2,5,8,16,9,0,49
229,9,5,1,9,7,2,3,5,13,2,1,9,9,8,2,24,0,1,1,4,5,1,0,3,3,1,0,3,1,1,1,4,20,5,83,5,6,3,55,5,4,5,47,5,8,6,24,6,22,13,4,28,1,3,0,1,1,2,3,11,18,2,3,47,84,29,10,85,3,4,6,3,6,2,3,9,9,1,3,44,2,2,4,4,0,3,3,2,1,0,3,6,13,8,2,62
230,13,5,0,1,5,5,2,8,18,1,2,9,13,6,2,20,4,5,1,8,4,4,2,11,1,1,0,2,0,1,0,7,13,5,74,9,7,4,51,4,5,5,66,3,6,8,40,6,21,11,4,17,0,3,0,1,1,2,4,4,14,0,3,50,71,22,14,81,3,1,5,1,2,3,4,13,2,9,4,39,7,6,2,4,0,3,2,1,3,0,3,10,14,10,1,58
231,5,6,2,5,8,7,1,5,11,3,4,15,11,7,2,21,0,5,2,10,4,0,4,5,1,1,0,3,0,2,0,5,16,4,72,8,6,6,50,11,9,1,48,5,7,5,30,6,26,19,1,25,0,2,1,0,1,6,3,7,12,2,1,37,56,25,12,98,0,5,4,5,4,4,2,11,2,3,3,67,4,4,2,6,0,2,3,0,1,1,3,7,16,11,0,57
232,15,3,0,4,7,5,3,3,17,4,2,7,6,10,2,22,4,3,0,4,5,3,1,6,0,1,1,9,2,3,1,4,13,9,102,6,4,3,41,10,7,6,47,6,4,6,37,3,28,12,3,20,1,3,2,1,2,5,3,8,13,0,2,36,62,23,11,104,3,3,5,4,2,1,3,9,3,1,4,53,6,5,5,0,0,3,3,4,0,0,3,7,16,15,0,42
233,6,4,1,5,9,3,3,3,10,4,4,8,14,7,0,22,3,6,0,4,6,1,0,3,2,1,1,3,2,4,0,7,19,2,80,5,7,6,42,12,6,6,47,4,3,4,28,3,30,17,0,15,1,2,3,1,1,6,5,8,20,0,2,38,64,37,11,90,4,4,7,5,4,6,4,7,4,7,4,56,4,4,2,5,0,3,1,3,0,3,2,7,20,7,3,53
234,7,3,0,6,6,3,0,4,22,4,2,15,12,8,2,24,2,1,1,5,7,4,0,2,0,2,2,6,0,0,0,3,18,4,84,8,5,3,47,8,5,2,49,7,6,3,33,5,25,12,4,23,1,3,1,1,2,2,2,8,21,1,2,53,64,20,12,92,3,0,6,1,3,2,2,12,2,4,3,44,6,4,4,7,2,2,5,1,1,1,5,11,15,8,2,55
235,16,3,0,6,13,7,2,6,16,3,3,10,7,4,2,21,1,2,1,8,4,2,0,3,0,0,0,6,2,2,0,8,21,7,85,7,1,5,51,8,7,4,57,3,2,5,30,5,19,9,1,25,2,3,1,1,1,2,5,7,16,1,4,35,68,27,9,104,4,2,4,1,3,5,4,7,6,5,4,53,3,1,3,2,0,3,2,2,0,0,2,1,18,13,2,54
236,5,4,0,3,7,5,2,4,29,2,4,9,8,7,2,12,4,3,2,10,6,5,1,5,0,2,1,5,2,0,0,7,17,5,82,8,3,6,45,7,12,5,49,6,4,8,27,6,28,16,2,23,0,5,0,0,1,3,3,8,7,2,4,44,55,19,9,90,4,5,4,2,5,4,3,9,7,3,4,63,2,3,3,6,0,2,3,1,0,1,2,9,23,11,1,55
237,6,4,0,4,8,4,0,4,14,3,0,9,7,7,3,22,2,3,0,4,5,4,0,3,0,1,2,0,2,2,0,8,21,3,85,9,8,5,43,6,5,4,44,11,6,6,33,8,32,16,3,26,0,9,2,1,1,2,1,4,9,3,3,50,62,25,9,96,3,6,3,3,5,3,6,9,8,5,2,58,5,2,2,6,0,2,3,3,0,1,3,8,11,15,0,46
238,4,5,1,2,8,2,5,11,21,4,1,10,13,8,2,19,2,2,0,4,2,2,1,3,1,1,0,5,1,3,1,7,13,4,82,8,9,6,53,7,4,5,41,11,3,5,26,9,29,14,2,20,0,1,1,1,2,3,0,7,11,0,5,44,67,28,18,104,3,7,2,4,6,6,5,9,8,3,1,54,2,2,4,3,0,1,1,2,1,1,3,3,17,10,0,48
239,3,4,1,3,11,3,1,7,22,4,0,9,8,5,3,17,2,3,0,5,6,2,0,3,1,1,1,4,2,0,1,8,18,6,66,4,6,6,41,6,7,3,43,6,12,4,23,6,31,14,1,17,2,2,1,1,1,7,3,8,10,0,4,38,69,25,11,105,4,5,3,5,1,5,6,13,5,2,4,46,6,4,7,6,2,2,3,3,1,0,2,11,21,13,0,73
240,10,4,0,6,7,9,2,6,17,5,0,5,13,6,1,23,2,2,1,7,4,0,0,5,2,4,0,9,1,0,0,6,12,3,68,5,8,4,45,12,3,2,48,6,4,4,30,10,32,19,4,21,1,4,3,1,0,1,1,5,18,1,3,31,68,28,11,99,3,4,4,5,6,2,1,13,7,6,3,41,3,3,5,5,0,3,2,2,1,1,2,8,16,11,3,68
241,7,4,1,6,8,5,3,3,24,6,3,11,4,13,4,14,1,3,0,6,2,0,2,3,0,5,0,4,3,3,2,7,9,4,87,4,4,7,41,11,5,2,50,1,5,4,43,8,29,4,5,18,0,4,2,1,0,1,2,6,15,2,1,46,71,22,9,98,4,4,4,3,0,2,2,10,7,1,2,46,5,4,0,3,0,3,2,1,1,2,3,5,26,14,1,67
242,7,7,2,7,13,6,0,4,27,3,1,11,4,9,6,15,4,5,0,11,5,2,0,3,0,1,0,4,1,0,0,3,20,4,75,9,7,6,37,7,3,2,60,5,3,2,35,4,25,11,1,31,0,7,0,1,0,5,4,7,15,1,5,49,59,28,15,89,2,6,1,3,3,3,5,6,4,4,2,45,1,2,2,5,0,1,3,2,3,0,5,10,16,10,3,60
243,11,3,0,3,5,5,3,6,24,5,1,12,6,8,4,20,1,2,0,4,2,2,2,3,0,1,1,5,0,1,1,6,15,1,79,7,7,5,48,6,5,3,47,4,8,6,35,4,31,18,1,31,0,3,2,1,0,4,4,7,13,3,2,47,57,29,13,85,1,4,3,7,4,8,2,8,4,5,4,59,5,4,1,2,0,4,4,2,0,0,5,8,19,8,2,49
244,11,1,1,7,12,4,3,5,17,4,0,5,6,9,1,12,3,8,1,6,2,3,1,3,0,3,0,4,1,0,1,6,19,3,86,11,3,7,34,7,3,5,50,6,11,4,23,3,24,22,4,26,0,6,2,1,1,0,2,6,10,0,0,32,69,30,10,120,1,4,4,3,4,3,5,14,2,6,6,52,6,2,5,3,2,0,5,0,0,2,4,7,15,9,0,56
245,8,6,0,4,10,6,4,5,21,6,1,7,13,8,3,20,2,5,1,7,2,1,0,5,0,1,1,4,0,1,0,8,9,5,91,6,6,5,60,1,6,9,55,5,3,4,38,4,24,15,5,20,1,3,2,2,0,2,3,11,16,1,3,34,65,21,9,90,1,2,4,0,8,5,4,6,8,4,4,51,2,2,3,7,1,2,1,1,2,1,1,7,11,9,5,54
246,13,2,0,5,10,7,0,5,15,3,1,7,10,5,3,23,2,4,0,5,2,2,1,3,1,3,0,6,0,3,1,7,18,6,78,4,6,3,51,2,6,4,58,8,3,12,27,3,21,15,3,24,0,4,4,2,1,2,0,6,23,3,1,31,61,33,19,86,4,2,1,4,1,2,4,11,7,6,4,56,4,3,5,4,1,1,2,3,0,1,2,11,13,8,3,60
247,10,3,2,3,11,1,3,8,26,2,2,10,6,14,3,15,2,5,0,9,1,0,1,4,0,2,0,6,1,3,1,8,17,4,80,11,7,3,41,8,8,4,59,9,5,6,30,3,21,15,5,25,0,3,0,1,1,5,3,7,14,2,4,39,64,26,11,98,2,3,3,2,4,3,2,8,0,2,4,53,5,0,0,9,1,3,3,2,0,0,4,11,14,12,0,49
248,6,1,1,5,10,2,0,4,17,1,3,5,14,3,0,17,1,4,1,1,6,3,0,2,1,2,1,7,2,1,1,3,17,5,74,11,5,3,43,10,7,3,57,3,5,8,36,5,29,16,1,18,2,0,0,2,0,8,3,11,15,2,2,44,57,32,9,103,2,2,4,3,2,5,4,14,4,9,6,55,4,5,5,8,0,2,2,1,0,1,1,9,14,9,2,56
249,10,6,1,4,13,3,3,5,17,7,1,14,12,8,3,16,3,7,2,7,3,1,2,2,1,2,1,5,2,2,0,4,15,5,89,5,8,5,41,3,8,5,37,7,7,9,33,3,25,14,2,23,1,4,1,0,0,3,5,8,11,0,6,30,62,27,10,102,3,2,5,4,7,5,6,10,3,6,3,51,4,4,4,5,0,2,1,2,1,4,4,4,17,14,3,45
250,9,5,1,7,12,7,2,6,13,4,2,9,7,10,2,16,2,1,0,6,2,2,1,4,0,0,1,4,1,0,0,7,18,1,90,5,7,10,46,9,12,3,55,6,2,10,26,6,28,14,2,29,0,1,1,1,1,2,3,4,17,2,4,47,70,23,8,90,1,3,6,2,3,1,4,7,5,6,0,52,5,5,3,3,1,2,4,3,1,0,3,6,19,7,2,50
251,11,4,1,4,7,3,0,5,16,1,2,6,12,6,0,27,4,1,2,7,3,3,0,6,3,3,3,6,0,1,0,6,15,2,88,4,4,7,58,13,7,4,53,8,6,5,28,4,23,14,2,17,1,1,1,3,1,3,2,5,19,1,3,45,68,24,7,92,3,6,7,1,9,4,5,12,3,4,3,48,4,3,3,3,0,3,2,1,1,3,2,3,15,11,3,47
252,8,4,1,4,9,5,1,1,13,1,3,3,12,3,3,18,1,3,0,1,5,1,0,4,0,1,0,5,4,0,1,7,16,8,75,7,7,4,45,6,9,7,59,5,3,6,28,3,35,11,3,36,0,1,2,0,2,3,4,7,14,4,4,48,83,22,6,94,3,5,6,1,2,1,5,7,3,4,2,47,4,6,4,4,1,3,5,3,0,1,5,5,18,12,0,54
253,12,8,2,3,10,5,2,7,16,5,0,12,6,4,1,22,1,2,0,4,2,0,2,3,0,1,0,3,1,3,0,7,18,3,84,5,6,4,49,9,7,5,55,10,5,5,30,6,26,14,2,23,1,6,3,2,0,2,1,4,18,0,5,29,54,26,13,94,3,5,5,5,5,4,5,10,4,4,2,66,3,4,2,8,0,1,2,2,1,2,3,9,18,2,1,56
254,8,5,1,3,10,6,2,1,10,5,1,8,13,10,1,18,3,3,2,3,5,6,0,2,0,0,0,2,2,1,1,7,22,4,88,10,10,3,38,7,3,2,50,4,2,7,33,1,26,14,4,26,3,1,3,2,0,3,7,11,20,1,4,38,55,19,13,102,5,3,2,2,2,8,3,10,5,2,1,54,6,3,2,5,2,2,3,5,0,1,4,8,22,13,0,52
255,9,9,1,3,5,0,3,9,14,0,2,12,5,12,4,18,3,4,2,0,5,3,1,6,2,2,1,4,2,6,3,3,18,6,77,7,4,3,44,9,5,6,59,10,3,9,29,7,27,17,3,24,1,3,3,2,2,3,6,12,20,0,3,36,62,30,14,84,1,3,7,4,2,4,6,11,11,4,3,44,2,3,1,6,1,2,2,3,0,1,1,2,9,6,2,58
256,8,5,2,8,7,1,5,7,13,4,1,8,15,8,6,20,6,1,1,12,4,1,1,6,3,1,1,1,4,2,2,4,15,6,80,5,3,5,48,7,4,3,64,4,8,4,29,4,16,14,3,22,0,5,1,1,2,1,3,1,18,2,3,42,60,25,9,81,4,3,6,3,0,7,3,11,5,5,2,66,6,6,3,7,0,0,5,2,1,2,2,9,14,8,3,51
257,8,3,1,8,10,6,2,2,19,3,0,9,10,7,1,21,0,6,1,3,4,1,2,2,0,3,1,2,3,2,1,7,19,9,91,9,6,3,42,11,3,7,48,8,8,6,27,1,19,11,2,26,0,3,0,2,1,1,2,9,15,0,4,40,61,28,9,102,2,0,3,2,3,7,1,12,4,6,2,55,3,5,3,4,0,1,3,3,0,3,4,5,22,9,2,55
258,7,2,1,5,5,4,0,4,12,3,1,11,12,10,1,21,2,8,0,2,3,2,2,1,1,4,2,3,2,4,0,7,16,6,75,4,5,9,49,9,5,6,51,5,7,4,22,2,28,15,4,23,2,1,2,1,0,2,8,6,19,2,2,41,55,29,15,96,1,4,3,4,7,5,2,11,6,6,2,44,9,4,4,5,0,2,2,0,2,0,7,7,17,13,3,62
259,12,3,2,5,6,2,3,1,20,5,1,8,7,5,2,18,4,3,0,7,2,4,2,4,2,2,0,2,0,0,1,2,23,4,76,9,8,4,54,7,6,6,48,5,6,4,24,3,27,10,2,20,0,5,1,0,0,6,2,13,9,1,2,36,75,34,14,108,2,2,5,5,4,2,4,9,15,3,5,51,5,1,1,3,1,3,2,0,1,1,3,9,15,11,1,49
260,9,6,1,4,14,1,1,5,18,4,0,7,10,4,2,22,3,5,0,2,7,4,1,3,0,1,0,7,2,1,1,6,19,6,78,3,4,4,40,10,7,2,46,5,7,6,32,1,24,14,3,35,2,2,4,3,0,2,5,4,7,3,11,40,74,20,12,89,3,2,6,6,7,3,3,13,8,1,7,60,5,7,3,5,1,1,2,1,1,1,6,7,12,9,2,43
261,10,3,0,5,10,6,4,4,21,1,0,13,6,6,3,15,6,2,1,9,4,1,0,3,1,1,1,6,3,5,0,5,18,3,83,7,5,3,36,11,7,10,60,8,8,4,18,6,26,16,2,22,1,1,0,1,0,4,9,6,17,1,3,40,58,32,11,93,3,3,4,2,1,6,5,5,6,9,3,47,3,3,4,4,0,2,2,0,0,2,3,6,16,17,2,57
262,13,3,0,7,9,5,0,3,16,0,3,12,11,10,1,14,2,4,1,3,4,0,1,1,1,0,2,5,2,1,2,3,17,6,78,5,10,2,48,6,6,3,52,5,7,7,40,6,29,12,2,35,3,0,0,1,1,2,1,5,9,0,5,41,63,27,11,88,4,6,1,6,1,4,3,10,5,10,0,55,4,0,5,2,0,3,4,1,1,1,4,10,31,10,0,47
263,8,5,0,3,9,4,4,8,11,8,1,7,10,12,1,19,3,2,0,3,1,2,2,3,2,2,1,6,1,3,0,2,14,4,86,5,4,4,48,8,10,7,45,7,0,8,35,1,27,13,3,22,1,1,2,0,1,8,3,7,14,1,0,34,69,21,13,114,5,6,3,3,3,7,5,10,2,5,4,47,5,2,1,9,2,0,2,4,0,2,3,3,16,10,2,56
264,6,1,0,6,13,0,1,7,17,4,4,3,9,5,1,19,5,2,1,4,4,0,0,4,1,0,1,2,2,0,1,7,25,6,76,12,5,1,38,11,5,8,48,3,7,5,30,8,27,16,0,28,1,2,0,0,3,3,2,6,12,1,3,50,57,23,10,118,0,2,3,5,2,4,3,16,3,0,1,63,3,3,9,7,0,1,2,2,2,0,3,6,17,8,3,52
265,9,6,2,7,4,3,0,2,10,4,2,12,12,11,3,25,1,5,0,3,7,2,1,8,2,0,1,2,1,0,0,5,26,4,78,7,7,2,52,4,4,5,40,4,5,9,27,6,30,19,3,17,1,4,2,3,1,3,3,6,17,2,2,36,74,27,16,82,5,1,5,6,2,6,8,12,7,5,7,50,1,2,1,2,1,2,1,3,0,2,3,10,9,8,1,62
266,12,3,0,5,10,2,0,6,21,1,3,12,4,8,4,15,0,9,1,4,4,2,0,4,3,2,1,5,1,4,0,8,14,8,77,6,4,6,35,7,8,7,49,9,3,7,39,4,28,21,2,28,1,7,4,1,1,3,3,8,19,1,6,31,61,27,6,99,6,6,1,3,4,4,3,5,6,2,0,50,2,2,3,6,0,3,5,0,0,2,4,6,18,15,2,48
267,2,2,1,5,5,1,1,7,27,1,2,17,8,10,0,12,4,4,2,8,3,1,0,5,0,4,1,7,4,0,3,7,16,5,95,5,7,6,30,11,7,3,49,8,8,8,31,3,28,9,2,28,0,1,1,4,2,4,2,8,16,0,4,41,58,25,14,101,2,4,6,6,1,6,3,11,2,3,4,42,5,5,4,4,1,3,1,2,2,0,2,9,16,7,0,55
268,9,1,1,2,10,3,4,5,12,6,0,9,8,8,1,20,0,4,1,6,4,3,0,3,2,4,0,8,2,0,0,3,16,8,79,7,3,11,42,5,7,6,48,6,3,7,33,7,23,14,1,31,2,3,1,1,1,3,3,9,15,2,3,36,72,26,14,97,2,2,7,3,2,2,3,12,4,4,4,70,2,4,3,8,0,1,4,2,1,1,0,6,10,5,1,53
269,8,4,0,5,9,2,1,4,12,5,3,8,6,14,3,17,1,6,0,3,9,3,0,5,1,2,0,6,5,2,0,6,23,8,80,8,11,6,51,11,6,2,47,5,8,7,29,9,26,15,3,24,0,7,2,1,2,5,1,7,18,1,3,38,56,21,6,92,1,2,4,2,2,4,3,6,3,0,3,51,5,4,6,3,1,1,6,4,0,2,4,10,19,12,0,53
270,5,9,0,6,8,5,2,4,20,2,0,13,11,19,2,23,5,1,0,7,6,5,1,5,1,3,0,2,2,1,0,5,17,4,77,14,6,8,48,8,7,3,41,6,7,6,25,2,23,15,2,16,0,11,0,3,1,5,1,10,15,0,2,39,63,21,7,88,0,7,2,2,3,2,1,12,7,5,2,58,4,4,4,1,0,1,4,3,0,1,2,8,20,13,0,60
271,7,4,1,3,10,8,2,7,17,2,0,11,8,13,0,14,2,3,2,4,3,5,0,3,2,3,0,8,2,2,1,5,15,3,88,7,4,5,46,9,7,6,47,4,4,8,29,3,27,11,3,29,1,4,0,3,2,6,2,7,17,0,3,48,62,22,11,84,0,1,3,4,2,3,1,8,7,3,4,69,7,2,1,4,0,3,2,3,1,2,5,6,13,13,0,54
272,8,4,1,9,9,6,0,5,14,0,2,6,7,12,0,28,3,2,2,4,2,3,2,3,0,2,1,6,0,0,3,8,25,3,85,8,3,10,32,9,4,7,38,8,8,6,28,2,24,8,1,29,2,2,2,0,0,5,5,11,13,1,5,46,63,15,14,101,4,4,5,4,5,3,3,15,6,1,1,63,6,5,2,6,1,2,1,1,1,2,5,4,12,11,1,51
273,9,6,1,6,10,9,1,8,16,4,1,10,10,6,1,10,3,1,0,6,0,4,2,5,0,3,0,4,1,2,0,6,23,5,68,5,8,3,37,6,9,7,50,4,3,1,31,6,30,14,3,19,2,4,1,0,0,1,4,11,22,1,3,40,70,33,9,97,1,2,4,4,7,5,2,8,3,5,3,73,6,3,1,3,0,0,5,2,1,0,1,7,18,14,2,45
274,2,1,2,7,7,5,1,5,18,4,2,11,10,7,4,21,2,3,0,8,3,2,1,2,0,2,1,7,4,4,0,8,15,3,87,8,6,6,43,5,2,5,62,7,5,3,32,4,23,17,2,26,0,2,1,1,2,1,2,8,14,2,1,37,63,30,8,82,3,2,6,4,3,1,3,6,3,5,2,57,6,7,1,6,2,3,5,1,0,1,4,8,17,15,0,60
275,11,5,0,2,8,5,2,5,18,5,1,11,9,9,1,22,3,3,0,7,5,0,1,1,0,0,3,6,1,4,1,1,21,7,81,8,7,5,52,8,8,4,49,7,9,10,22,2,34,10,5,19,0,0,3,1,1,4,1,4,15,2,0,45,55,23,4,88,2,3,3,4,3,7,4,12,6,5,5,59,5,1,3,6,0,2,2,2,0,2,1,2,18,11,3,65
276,5,1,1,2,10,1,2,6,25,3,2,10,13,8,4,19,5,5,0,3,2,4,0,2,0,3,0,3,0,1,0,8,25,4,80,5,3,1,37,7,6,8,53,3,2,8,30,6,26,16,3,22,0,7,6,5,2,4,5,14,15,0,2,41,65,26,8,84,2,3,6,3,1,4,1,11,5,4,3,50,3,1,5,5,1,3,2,4,2,0,3,4,18,19,2,58
277,4,3,0,2,9,6,0,2,15,4,2,4,13,13,2,18,2,4,0,4,3,3,1,6,0,4,1,2,2,1,0,5,17,6,80,9,4,4,50,6,4,4,61,4,7,5,30,4,15,12,4,34,0,3,1,1,0,3,3,9,13,1,1,46,75,30,9,94,2,8,2,3,3,2,6,5,11,5,1,42,6,2,3,10,0,3,2,3,2,0,4,10,13,8,5,55
278,9,3,0,7,10,3,2,5,20,4,1,13,7,9,1,21,6,1,0,3,2,5,1,3,1,1,4,2,2,1,4,3,18,7,87,6,6,8,46,5,7,8,45,6,2,10,23,6,30,10,3,21,2,2,0,1,1,1,1,8,12,0,4,40,68,22,9,86,3,9,3,2,3,0,2,7,11,3,3,53,6,2,4,6,0,2,4,5,0,1,5,3,19,17,1,61
279,5,4,0,6,10,4,1,6,14,4,2,12,5,10,2,24,2,2,0,5,3,3,0,3,0,5,0,5,1,2,0,5,19,2,81,3,2,2,44,8,5,1,51,11,6,8,23,7,23,14,5,21,2,4,0,0,4,0,3,7,15,0,2,41,70,19,17,104,4,5,3,2,3,5,4,10,8,3,2,58,1,1,3,5,1,1,2,5,1,1,3,7,20,15,2,56
280,6,6,0,4,13,5,2,7,14,4,1,14,6,6,2,22,0,5,0,6,0,3,1,4,0,1,0,2,1,0,2,6,26,8,77,5,11,7,44,9,6,9,58,2,5,8,33,4,24,10,2,25,0,4,1,3,2,1,2,12,14,1,5,39,59,28,10,83,2,3,8,0,2,3,3,11,6,10,2,53,3,4,5,5,1,3,2,3,1,2,3,5,14,14,0,52
281,6,7,1,3,9,5,0,4,19,2,1,11,11,10,1,15,1,3,1,5,2,0,1,3,0,2,0,4,2,0,1,9,14,5,81,8,4,7,41,9,9,5,53,7,5,5,32,8,21,5,4,27,0,4,2,1,1,1,1,7,18,1,2,38,60,41,11,93,2,4,3,1,2,3,8,6,9,5,5,56,5,5,2,2,1,3,4,2,0,2,5,3,19,16,3,54
282,6,9,0,6,6,3,0,8,14,3,1,12,9,9,2,20,3,2,0,4,2,2,1,5,0,0,0,1,2,0,1,2,14,7,81,6,5,4,58,3,2,5,49,9,3,6,42,5,14,13,4,23,2,1,2,0,0,6,0,8,17,1,3,36,75,20,14,88,4,4,4,6,5,3,2,11,8,6,2,44,5,6,2,6,0,1,5,4,0,1,1,11,19,16,4,61
283,13,1,0,2,9,7,2,3,23,5,2,13,11,10,0,21,1,2,0,8,5,3,0,2,3,4,0,3,1,0,0,9,12,4,94,8,4,5,40,8,6,9,55,4,3,4,30,5,15,14,2,26,1,2,1,1,2,5,2,8,12,0,3,43,65,20,11,103,0,4,4,5,1,4,3,10,6,9,5,49,6,3,2,7,0,0,2,0,0,2,0,5,19,13,1,50
284,6,5,3,3,4,1,1,5,13,3,1,9,2,8,2,22,3,4,1,4,5,5,0,5,3,1,1,7,5,0,0,4,12,6,77,7,4,7,35,9,10,2,47,3,2,5,27,6,32,8,2,18,0,3,1,1,1,6,5,12,12,1,3,51,66,29,8,99,5,7,7,1,0,4,4,9,7,5,4,60,5,4,3,6,1,2,4,3,2,0,2,8,22,12,2,58
285,9,4,2,4,13,3,0,2,19,1,2,7,3,6,1,15,5,4,2,3,5,1,0,5,0,1,1,6,0,3,1,2,18,6,90,4,1,2,46,2,3,4,42,6,4,4,36,5,28,17,0,23,2,3,3,1,1,5,3,9,15,1,5,36,64,24,10,109,4,6,5,5,5,5,8,10,4,1,4,60,5,5,2,6,1,2,4,3,0,1,3,4,21,13,5,46
286,8,3,0,7,11,5,2,4,20,6,3,13,11,12,2,18,5,6,1,5,2,3,1,1,1,0,2,5,1,1,0,9,11,7,95,7,4,3,43,6,8,5,46,2,7,2,36,7,29,13,1,24,0,5,3,0,0,4,5,6,16,2,3,34,63,25,10,89,3,2,2,1,2,2,5,6,10,3,5,54,5,2,3,4,0,3,3,3,1,3,3,3,21,8,2,52
287,10,4,0,7,3,2,3,7,13,7,0,10,14,8,1,21,2,3,1,0,3,2,1,4,2,0,0,4,2,1,0,1,16,6,68,4,8,4,45,6,4,5,47,7,4,5,35,4,37,18,2,17,0,1,1,0,2,4,2,9,11,2,2,45,78,21,5,107,3,1,4,2,3,3,3,12,8,3,3,57,6,2,4,6,1,0,6,3,1,1,2,7,14,11,3,63
288,7,3,1,3,15,1,2,4,13,1,2,6,9,9,1,21,1,10,1,6,3,1,1,3,0,1,0,3,2,2,3,7,14,7,85,11,6,8,47,11,2,5,46,8,3,4,32,3,23,8,3,16,0,2,1,0,0,1,4,10,14,1,3,40,63,29,8,110,5,2,5,8,1,2,5,7,3,5,3,58,8,3,2,5,0,0,3,3,0,1,6,9,10,14,3,59
289,9,3,0,5,9,2,3,9,16,6,3,3,13,6,3,15,2,4,0,6,2,5,2,3,0,3,0,7,1,1,0,2,15,5,86,9,7,0,46,8,7,7,58,7,4,7,27,5,22,12,2,24,0,7,2,2,1,3,5,12,14,0,1,42,61,23,9,92,4,2,11,1,2,3,4,8,5,5,3,61,1,3,4,7,0,1,2,1,0,1,3,4,16,9,1,63
290,10,1,1,1,10,4,2,3,14,1,1,7,10,9,1,18,2,4,0,7,3,6,0,7,4,4,0,6,0,1,0,7,18,6,78,6,6,5,42,6,10,4,48,6,1,7,28,5,28,14,3,28,0,3,0,3,1,1,0,7,16,1,4,38,73,27,7,103,1,4,2,1,1,4,1,8,8,3,3,62,5,4,5,5,0,0,0,1,1,0,0,8,15,20,1,60
291,10,5,1,5,6,5,1,5,16,2,3,7,3,8,3,25,4,3,0,5,3,2,0,4,0,1,0,5,3,2,0,1,16,7,83,9,6,5,45,7,8,3,50,6,4,9,40,6,29,11,5,30,0,3,1,1,1,2,2,9,11,3,6,29,58,28,12,91,3,4,9,6,4,3,4,10,13,1,2,42,5,1,1,4,1,0,4,0,0,1,6,10,17,6,5,64
292,6,0,0,4,4,1,5,6,17,3,1,5,10,5,2,21,3,5,0,2,1,3,0,3,1,2,0,5,2,2,0,9,20,4,98,3,2,4,49,9,9,5,49,7,2,6,25,3,30,18,4,22,0,2,2,2,0,2,2,6,15,0,2,43,69,24,15,105,2,2,4,3,2,3,5,9,8,6,4,55,5,3,4,2,0,3,1,1,0,1,0,5,21,16,5,44
293,11,5,0,5,7,1,1,4,18,1,2,11,6,10,1,37,4,3,0,4,2,3,1,6,1,2,0,2,1,3,1,5,16,7,75,13,5,4,47,12,6,4,43,5,3,9,29,3,20,12,2,22,1,5,3,0,1,5,0,9,22,0,5,44,69,26,13,85,1,2,4,2,3,4,3,8,8,4,1,56,2,2,3,7,0,4,4,2,1,2,3,11,14,7,1,58
294,10,1,2,2,9,2,3,6,11,2,2,8,5,9,5,19,1,1,0,4,5,2,1,6,0,1,0,5,2,0,0,5,26,6,88,4,3,3,47,9,10,5,46,7,6,8,41,5,24,17,6,19,2,2,1,1,1,6,0,14,13,0,3,41,69,24,10,91,5,3,0,4,1,5,2,9,6,2,4,54,3,1,2,4,0,3,1,2,1,3,8,7,16,14,1,52
295,9,3,0,0,14,2,6,9,19,5,1,8,6,7,3,19,1,7,0,6,4,1,0,2,1,3,0,5,2,4,0,6,10,7,81,6,7,2,41,5,2,6,50,4,4,7,26,1,35,12,3,26,1,3,1,2,3,3,0,14,18,1,4,34,63,26,13,100,1,4,4,2,1,1,2,9,4,6,4,60,3,4,4,3,0,0,3,1,1,0,2,4,26,8,3,66
296,12,4,1,2,13,4,3,5,23,3,4,7,8,10,1,18,2,3,0,6,7,0,0,4,1,6,0,7,1,3,1,7,17,7,83,7,7,4,49,9,15,4,39,9,4,4,29,6,30,20,4,18,1,3,0,3,2,1,4,4,11,0,5,45,50,25,13,87,8,4,4,2,2,2,3,10,6,0,1,49,4,5,1,6,0,1,2,2,1,0,6,6,19,7,1,63
297,7,5,0,2,7,5,2,6,24,1,3,7,11,3,6,19,3,5,3,3,4,3,1,5,0,1,0,13,1,1,0,13,19,4,76,6,4,3,38,5,8,2,47,9,4,7,34,5,29,13,3,22,1,4,0,0,2,5,2,8,9,1,3,43,48,36,7,79,5,4,7,4,2,5,3,15,9,2,4,64,4,6,7,6,3,4,3,1,1,1,4,3,20,5,2,56
298,6,2,3,4,5,6,4,3,15,2,1,9,8,6,2,19,2,3,0,10,2,0,3,3,1,4,3,4,3,1,1,2,20,4,87,6,4,5,43,8,3,6,60,4,6,5,34,8,26,10,3,26,3,4,0,0,1,2,5,8,11,0,1,36,71,28,11,74,2,7,1,5,2,4,3,13,10,6,1,51,6,5,7,6,0,3,6,2,1,1,2,8,15,16,1,56
299,12,4,2,6,10,6,1,5,14,4,0,4,9,9,0,24,2,4,0,6,4,1,2,5,2,0,3,6,2,4,1,2,18,5,92,6,6,5,46,9,2,1,49,7,3,5,36,3,22,6,0,30,2,4,1,2,0,7,4,5,15,1,3,38,69,20,16,94,2,2,9,2,2,2,2,15,5,10,1,48,6,4,6,3,0,3,3,1,2,0,3,10,13,8,3,49
300,11,3,0,9,8,3,1,3,13,6,1,12,8,8,2,20,1,1,0,3,6,2,3,3,0,4,0,6,0,3,0,4,17,3,90,5,5,3,38,7,5,8,50,5,4,10,35,5,17,14,1,20,0,2,0,3,2,4,0,14,17,1,4,48,74,19,8,103,3,7,8,1,1,4,2,8,10,2,2,45,1,4,3,6,2,1,4,4,0,3,3,3,20,11,1,56
301,8,8,1,6,8,1,2,7,22,1,2,16,11,12,5,22,3,3,0,7,2,3,0,7,1,3,1,5,1,1,0,4,19,3,80,5,3,2,47,7,5,7,41,8,4,7,29,9,35,16,3,18,0,2,3,0,0,3,4,12,15,1,2,44,60,13,13,91,2,5,5,1,1,1,6,13,7,2,3,54,1,4,2,5,1,1,4,2,0,1,5,7,11,16,1,55
302,4,5,1,7,6,0,4,7,17,6,1,11,8,5,3,15,5,3,1,8,6,4,2,2,4,1,0,13,2,2,0,1,19,3,86,3,3,7,45,6,8,7,27,10,9,7,28,6,32,19,2,23,0,4,5,0,0,3,2,11,6,2,4,39,59,19,8,114,3,4,8,1,3,7,2,5,8,4,3,48,8,2,1,6,0,0,1,0,0,0,4,5,16,16,2,63
303,11,3,1,4,5,6,2,7,19,2,2,7,7,6,5,21,1,4,0,6,7,5,1,0,2,2,3,2,4,0,0,5,20,4,70,9,4,6,48,9,4,5,58,12,4,5,32,4,28,9,3,19,3,3,4,2,1,8,2,14,19,2,1,30,65,28,11,96,3,5,4,0,2,3,3,11,6,3,4,47,8,7,3,8,0,6,2,3,0,1,1,4,10,8,0,56
304,7,3,0,3,10,4,0,4,16,2,0,7,4,5,3,24,5,8,1,7,6,1,1,1,1,3,3,4,1,1,1,2,17,6,86,2,5,5,56,9,8,5,55,8,10,7,30,3,18,12,3,27,1,2,1,1,1,3,1,13,13,2,3,41,73,27,11,92,1,3,6,5,0,5,6,14,3,4,2,53,8,6,2,3,0,0,3,2,0,1,1,5,15,9,3,45
305,5,8,1,5,8,3,2,6,19,4,3,7,4,12,1,25,2,3,0,1,2,4,1,3,1,2,0,4,6,0,0,2,19,5,102,6,8,4,45,8,8,1,54,4,6,4,37,6,30,15,4,14,1,2,0,0,0,4,0,9,9,2,2,44,57,22,14,95,1,0,3,4,4,3,5,15,6,2,3,50,5,3,3,5,2,7,3,2,1,1,4,11,21,7,1,43
306,9,3,0,6,9,5,3,5,15,8,1,10,11,8,3,14,1,6,1,4,3,3,1,3,1,1,0,5,1,3,1,9,13,4,96,4,8,3,50,14,6,2,54,3,6,5,26,4,28,10,3,20,0,1,1,1,2,3,3,12,11,1,7,31,66,31,13,92,3,6,7,3,3,9,4,9,2,5,3,49,4,2,3,4,1,2,7,0,1,0,4,5,17,16,1,43
307,10,2,2,6,7,8,4,2,14,3,3,11,9,12,4,24,1,4,1,5,3,2,1,3,0,0,0,7,0,2,2,6,12,3,90,9,10,4,50,11,1,2,44,3,5,6,20,0,27,8,6,26,0,4,2,0,0,2,0,10,16,1,3,45,55,26,13,96,4,7,4,2,1,6,0,14,14,5,5,60,6,3,4,4,0,3,1,0,0,4,2,8,11,6,2,56
308,9,3,0,3,6,4,2,7,18,7,1,7,6,5,2,17,4,2,0,3,5,0,0,5,0,1,1,6,1,2,1,7,19,6,76,6,3,8,42,10,5,7,57,6,3,5,27,3,22,18,7,20,1,5,0,0,1,2,4,9,12,1,2,40,61,27,15,85,3,5,3,2,2,3,6,12,7,8,5,62,8,6,4,6,1,1,5,2,0,0,2,4,16,9,5,63
309,15,6,0,2,9,5,2,6,22,7,2,8,6,10,2,19,1,2,1,8,3,5,0,4,0,3,2,2,4,2,1,6,20,3,80,6,4,1,42,4,6,4,47,8,7,7,33,6,31,11,5,20,0,4,2,1,2,2,3,6,15,4,3,40,50,25,7,94,4,6,2,2,1,1,6,16,5,1,8,56,4,4,4,4,0,2,3,1,0,1,10,6,14,11,1,59
310,6,2,1,2,6,2,3,4,12,6,0,7,11,7,3,24,2,2,1,3,4,3,1,2,0,4,0,8,1,1,1,6,13,5,81,1,7,5,48,16,5,4,47,10,4,5,30,3,25,14,2,33,1,5,1,0,0,3,5,6,11,1,6,32,75,29,14,91,2,2,2,1,3,5,4,9,5,9,6,47,5,2,5,3,3,2,4,2,1,1,4,8,19,11,1,61
311,6,2,1,3,4,6,3,5,12,6,1,16,7,7,1,20,1,3,0,6,4,5,1,3,0,2,0,1,1,1,0,8,17,6,85,8,4,8,54,6,8,5,63,6,4,2,34,6,24,7,2,30,0,3,3,1,1,7,4,6,11,0,3,49,61,22,10,111,2,4,7,2,2,3,8,4,3,6,1,49,2,0,1,2,1,5,2,2,0,2,0,4,11,13,1,56
312,8,5,3,6,6,3,1,6,20,6,1,6,11,3,6,21,4,6,1,6,5,5,0,4,1,1,0,3,2,2,0,4,15,8,73,7,8,5,50,7,5,8,46,6,6,4,35,4,40,16,2,17,0,4,2,2,0,2,7,11,11,0,2,38,64,26,7,92,4,4,3,6,1,7,2,11,3,4,0,50,5,2,1,1,1,1,5,3,1,2,4,9,20,11,6,47
313,8,2,1,6,9,1,2,7,17,3,2,9,6,8,0,17,2,9,0,3,8,4,1,2,2,0,1,7,2,2,0,3,20,7,72,11,4,3,45,10,4,7,44,6,5,3,39,7,27,10,1,30,0,2,2,1,1,6,2,6,16,2,2,52,67,18,12,93,3,5,8,1,3,3,3,7,5,7,0,53,8,1,5,6,1,2,3,2,0,1,3,6,18,15,1,49
314,9,3,0,4,7,5,2,4,12,6,1,10,13,2,0,17,3,6,1,1,2,0,1,5,1,1,1,4,1,4,0,6,17,3,72,4,6,2,54,6,4,4,34,8,8,4,29,2,29,7,4,16,0,1,2,0,1,4,1,6,14,3,5,60,81,31,16,101,1,2,3,2,0,2,6,9,7,10,2,57,4,1,8,6,0,1,2,4,0,2,3,11,18,11,0,57
315,8,5,0,6,6,3,1,2,30,3,0,9,10,11,5,27,2,3,1,6,5,1,3,3,1,1,0,9,2,1,3,4,19,5,83,10,9,5,42,9,4,7,51,11,8,4,28,5,22,11,1,29,1,3,0,3,2,8,1,10,15,2,1,32,60,17,7,96,2,5,2,4,1,6,5,9,4,1,2,42,6,4,4,5,2,5,2,3,0,1,3,11,16,10,5,48
316,5,5,0,5,5,3,6,3,15,2,0,9,6,16,3,17,1,4,0,11,6,1,1,4,2,2,0,9,3,1,0,4,21,4,77,8,3,2,43,8,7,4,59,6,3,8,28,5,24,9,2,16,0,7,0,0,0,6,1,6,16,0,4,29,74,27,16,103,2,2,2,2,3,6,4,12,4,0,6,51,3,2,1,7,0,3,2,2,1,1,2,9,22,12,3,61
317,4,4,1,8,8,3,2,7,14,0,0,8,13,5,2,23,2,5,0,3,5,3,0,5,0,0,1,1,0,1,0,6,15,4,75,13,10,4,52,5,5,10,49,8,5,7,25,5,25,14,3,25,0,6,1,1,1,2,2,6,20,1,5,40,50,26,10,115,4,2,2,4,4,3,6,5,8,4,5,61,7,3,3,6,1,2,3,2,0,0,3,5,13,13,2,50
318,9,6,0,4,5,4,2,3,20,3,5,13,9,7,2,16,5,6,0,1,0,7,0,4,0,4,2,3,2,2,0,9,19,1,86,7,2,11,52,6,4,4,56,5,8,7,19,7,29,14,5,22,1,3,1,1,0,5,0,10,12,1,5,43,71,22,9,92,5,6,2,2,2,5,4,10,9,3,0,60,5,3,1,3,0,3,1,1,0,1,2,5,6,10,0,58
319,6,3,0,4,6,1,4,4,21,4,5,7,7,4,1,11,5,3,0,8,6,2,1,2,1,0,1,7,1,3,1,3,16,8,93,3,3,6,40,11,6,6,42,7,3,10,30,2,35,8,1,25,0,3,2,0,0,5,2,11,12,2,4,45,65,34,6,87,5,2,3,4,3,4,3,14,6,1,1,63,7,5,3,3,1,3,3,2,1,1,2,8,17,12,2,56
320,5,3,0,6,10,6,1,4,27,5,1,13,8,13,0,19,3,1,1,7,6,1,0,2,0,0,0,3,0,2,1,3,14,9,84,5,3,9,40,3,10,8,58,4,5,5,35,8,32,20,3,21,0,4,1,0,0,6,3,7,10,2,5,41,69,22,14,94,2,2,7,2,2,3,0,6,6,3,2,49,2,1,3,1,1,0,6,2,0,1,2,10,14,11,1,56
321,5,5,0,5,10,4,0,1,15,1,0,8,8,7,1,23,3,3,2,2,7,1,2,4,1,2,1,4,1,2,0,5,16,4,77,6,5,6,50,10,7,6,52,6,6,6,34,5,28,12,4,34,0,3,2,1,1,3,0,7,16,0,2,37,78,27,7,85,3,3,3,5,5,10,5,14,5,7,3,32,8,2,2,6,3,3,10,2,0,1,0,9,23,16,5,39
322,7,4,3,2,6,5,1,3,21,3,3,9,14,4,1,21,2,4,0,4,3,3,1,1,0,0,0,5,1,3,2,3,20,3,76,4,6,2,45,7,5,3,56,11,8,8,31,8,37,20,2,30,1,1,1,0,2,2,2,9,13,1,0,43,65,30,16,94,5,1,5,5,2,9,4,9,6,8,0,43,4,1,1,4,0,2,6,1,0,0,4,6,11,14,2,46
323,6,7,1,2,4,3,2,7,18,0,2,11,15,11,1,22,0,3,0,3,3,2,1,4,1,4,0,7,2,1,0,4,24,8,79,4,6,9,41,6,5,10,46,10,2,7,27,10,20,14,2,24,0,2,1,3,0,2,4,7,13,1,3,44,49,23,13,96,4,1,5,5,5,5,6,9,8,2,2,44,5,4,2,5,1,3,2,4,2,3,5,6,20,7,6,67
324,5,4,1,8,1,7,1,7,25,3,1,7,10,5,1,23,1,1,1,8,6,6,0,2,0,4,0,7,1,5,1,0,24,4,71,9,3,4,48,4,10,5,51,5,5,6,30,12,30,9,3,31,1,3,2,0,1,3,1,9,18,1,1,41,64,20,11,99,3,5,5,1,2,7,5,10,6,5,4,58,2,5,2,4,0,5,1,1,0,2,2,4,12,7,2,49
325,10,3,1,2,13,6,3,3,17,6,1,14,13,5,5,25,6,2,0,6,3,3,1,3,2,4,0,6,2,2,0,4,16,7,71,11,5,3,47,14,5,3,56,5,5,5,30,7,22,19,1,24,2,0,1,2,1,4,2,12,19,1,2,37,77,23,10,75,1,1,3,0,2,6,3,12,4,5,1,60,4,3,2,3,0,2,4,2,0,2,3,7,15,8,3,49
326,11,0,0,5,7,3,4,7,21,2,2,9,9,16,1,16,0,1,1,4,3,2,3,5,1,1,0,4,4,2,1,7,20,3,75,5,2,2,42,5,7,9,40,7,3,5,28,4,38,21,2,24,1,4,0,0,1,3,4,10,22,2,2,38,59,19,11,101,6,3,6,4,4,5,0,10,7,6,6,55,4,3,1,5,0,3,1,2,1,0,3,9,19,11,1,54
327,7,7,0,5,13,2,0,7,15,2,1,13,11,7,0,22,1,3,0,2,3,3,0,2,2,3,0,7,2,2,0,7,24,4,91,5,3,3,42,11,7,3,49,4,8,4,21,7,26,7,2,23,1,3,3,2,2,3,2,6,13,4,8,50,57,29,20,95,4,6,11,2,4,2,2,12,7,3,4,47,5,1,3,6,0,3,2,1,1,2,0,6,13,10,3,49
328,4,7,0,6,6,2,5,4,14,3,2,13,11,9,1,18,6,3,0,2,4,5,0,7,1,2,0,5,2,1,0,3,16,6,89,7,8,4,42,8,5,5,50,10,8,7,29,10,24,18,3,27,1,3,1,1,0,2,1,10,17,1,1,35,66,22,10,98,5,6,9,1,1,6,8,6,4,1,1,55,4,5,3,4,0,3,2,3,0,0,3,6,18,4,0,51
329,11,5,0,7,9,3,3,5,18,2,2,8,9,4,2,20,2,6,0,5,4,2,5,3,1,1,1,4,1,2,2,8,14,7,92,4,6,2,42,6,4,6,43,5,4,2,31,0,28,13,3,29,2,3,2,2,0,2,3,3,10,3,5,38,58,24,8,105,2,2,3,3,5,3,4,8,4,3,4,56,6,1,4,6,0,2,2,3,0,2,5,7,21,21,3,56
330,4,5,0,4,9,7,2,3,14,4,4,7,9,9,2,16,8,5,0,4,6,0,0,0,3,1,1,6,3,2,0,5,16,6,75,9,5,6,51,8,2,5,42,6,5,4,31,5,24,19,4,26,1,6,0,2,3,1,3,6,15,2,3,46,72,22,18,86,1,4,5,5,6,3,4,8,10,9,5,56,4,3,2,4,0,5,2,2,0,0,1,5,16,12,1,49
331,13,3,0,2,5,1,3,3,18,4,1,15,7,11,2,19,2,9,0,4,6,3,0,3,0,3,1,2,0,1,0,5,15,4,77,8,13,6,40,6,5,7,58,6,4,4,36,2,25,13,2,18,0,3,2,0,1,2,1,8,23,1,2,36,71,20,15,91,4,7,7,5,1,5,2,5,5,4,4,48,5,4,5,9,0,1,2,2,2,0,3,5,25,7,2,60
332,9,2,1,6,5,4,1,3,18,2,1,9,4,7,0,24,5,2,0,7,5,6,0,2,1,0,0,5,4,3,2,6,12,5,95,6,6,6,41,9,7,6,56,4,2,9,26,7,26,14,2,20,0,3,1,3,2,3,4,11,12,0,5,47,59,32,13,90,3,3,4,2,4,1,4,5,7,6,6,56,3,3,3,5,1,0,4,0,0,0,3,11,19,13,0,46
333,11,5,1,5,14,6,0,8,21,2,1,6,6,6,2,23,4,5,1,3,2,1,1,2,1,6,0,5,1,1,3,2,18,10,73,5,4,4,48,14,2,5,43,5,6,2,30,10,26,12,2,24,0,3,4,0,3,6,4,11,14,1,4,49,67,17,13,95,1,3,4,0,2,5,2,9,2,5,3,54,6,1,4,7,0,3,2,3,1,0,1,4,18,13,3,55
334,10,2,1,8,7,0,4,7,20,2,5,6,9,6,2,20,1,3,0,2,4,1,1,2,1,3,0,3,2,0,0,5,12,2,90,8,5,2,49,8,5,6,48,5,3,7,31,5,21,11,3,33,2,3,3,1,2,1,2,15,12,0,3,32,62,33,13,82,5,6,6,5,5,5,2,9,9,3,2,60,8,1,6,3,0,3,3,2,1,0,3,4,15,14,1,62
335,4,7,0,11,5,4,1,7,23,3,1,14,5,13,3,19,1,3,1,4,2,2,0,3,0,1,1,6,3,2,1,9,16,13,70,11,4,5,46,6,5,4,45,4,6,8,33,4,28,16,3,24,0,3,2,2,0,3,5,6,14,1,4,47,61,16,10,86,2,2,6,4,2,3,4,12,5,6,1,56,4,4,1,7,0,3,3,0,0,0,3,9,24,15,1,53
336,9,7,0,6,8,5,4,4,20,4,2,13,7,6,3,21,3,3,1,6,5,3,2,0,3,2,0,8,1,4,4,2,13,10,82,4,3,2,35,4,8,4,57,10,7,2,33,8,24,9,5,27,0,1,2,0,0,2,0,7,18,2,5,36,58,34,9,108,2,3,5,4,1,4,3,9,8,6,1,55,5,1,1,2,0,2,3,1,0,0,3,7,13,17,2,47
337,7,5,1,7,5,2,3,3,21,4,3,7,8,7,2,16,3,2,0,5,5,1,0,4,0,1,2,2,2,0,2,6,25,3,95,3,3,9,46,5,9,8,53,6,7,7,35,3,28,11,4,22,1,1,0,2,2,4,2,11,13,1,3,37,72,25,10,83,1,3,3,2,4,2,4,13,4,9,4,49,5,5,4,5,0,0,3,2,1,2,2,7,13,13,2,53
338,13,6,1,3,6,1,2,7,12,5,2,7,9,12,5,20,1,2,0,5,4,4,0,3,3,0,2,5,0,4,1,7,17,7,78,4,6,3,50,6,7,8,41,9,4,8,30,7,23,10,2,24,1,1,2,1,0,1,1,8,20,1,1,34,75,29,9,92,4,2,8,7,4,3,5,8,6,4,3,59,7,1,1,6,0,0,0,1,2,2,6,9,14,13,1,52
339,7,6,2,4,10,6,2,2,16,6,0,8,14,4,2,17,1,4,0,4,2,1,0,6,1,0,3,11,0,1,0,2,22,2,78,8,6,4,56,6,5,6,53,11,4,4,27,4,27,11,3,27,0,5,4,3,1,5,1,7,13,0,4,47,62,21,11,112,3,6,5,3,3,6,7,7,7,1,4,43,9,2,3,3,0,1,1,2,0,1,2,5,17,12,1,44
340,7,3,1,9,12,3,3,5,25,5,0,9,11,8,3,20,7,4,0,6,5,2,2,2,1,4,2,2,0,1,0,2,21,8,92,10,4,5,33,8,8,3,43,5,6,8,39,2,19,19,3,26,0,2,1,1,1,6,4,10,15,3,5,45,53,28,7,74,1,3,1,7,6,2,4,9,9,5,4,49,4,5,3,2,0,3,2,3,0,0,2,10,15,20,2,48
341,8,5,0,7,4,3,1,6,15,4,1,7,13,10,5,23,5,5,0,2,0,3,0,3,2,1,0,1,2,6,0,9,24,4,80,6,12,3,37,6,3,4,59,5,8,7,32,8,36,10,2,19,1,5,2,1,0,4,1,10,20,0,0,30,67,32,11,84,5,3,2,4,2,6,5,18,6,7,0,54,6,6,0,2,1,4,4,0,0,1,3,6,12,10,1,48
342,8,7,1,3,7,0,2,4,18,7,1,13,7,8,1,19,0,5,0,7,4,3,1,7,1,1,1,0,1,1,1,6,16,6,61,7,4,2,37,5,6,7,46,2,7,6,42,7,24,10,0,28,0,7,1,2,2,3,7,11,12,0,3,38,66,19,17,96,2,4,6,3,4,7,3,12,3,2,6,67,8,3,7,6,1,2,3,1,0,0,1,9,16,10,3,59
343,9,4,0,4,4,2,2,8,14,5,1,6,9,5,1,20,3,3,1,6,1,3,1,1,1,2,0,6,0,3,0,4,26,3,85,7,6,6,39,7,6,10,55,5,7,6,28,6,23,8,3,31,0,1,0,0,0,6,2,5,18,0,2,49,77,23,16,86,6,4,6,0,3,6,5,8,7,2,5,63,7,2,3,3,0,1,1,1,2,2,2,6,17,20,0,37
344,3,2,0,4,4,2,0,7,15,5,4,5,14,6,5,17,3,4,0,2,4,3,1,1,0,1,1,5,0,4,2,7,18,3,66,7,2,5,44,3,7,7,64,6,6,7,27,1,24,12,1,21,1,2,1,2,1,3,1,11,16,0,2,44,85,23,12,99,3,3,0,4,4,2,6,17,8,2,2,65,8,0,2,10,0,1,2,2,1,0,2,13,16,8,1,53
345,7,1,0,1,6,5,3,10,15,4,4,11,13,10,3,21,4,4,1,9,6,6,0,4,0,3,2,9,0,3,2,3,19,4,69,8,1,3,56,8,4,5,43,5,11,5,29,4,24,10,3,17,0,2,0,2,2,3,4,12,17,1,5,45,76,21,7,94,0,4,3,5,3,2,4,11,3,10,6,51,2,2,2,8,0,1,1,0,1,4,2,10,15,10,1,50
346,6,5,0,4,13,6,1,1,12,5,1,11,10,15,3,20,3,2,0,4,6,5,1,3,1,3,0,5,1,0,2,8,23,3,78,7,6,0,39,7,11,6,53,2,10,5,30,4,32,15,4,29,0,3,0,0,0,6,0,14,10,2,4,34,59,25,10,96,0,4,8,5,4,2,3,9,5,10,6,67,3,4,3,6,1,2,1,0,0,1,2,5,13,11,3,38
347,9,6,1,6,11,4,1,10,12,6,3,14,5,12,1,20,3,3,1,6,3,1,0,3,2,2,1,1,0,0,0,8,22,9,81,8,3,4,39,7,10,2,52,5,6,2,39,2,29,10,2,24,0,5,0,1,0,6,3,6,12,0,1,33,73,20,8,87,4,5,8,4,2,1,8,12,5,4,2,47,9,4,3,12,3,0,2,2,0,1,3,6,13,18,2,54
348,10,6,1,5,7,5,0,3,19,4,2,8,9,8,0,25,2,1,0,6,6,3,1,2,1,0,1,6,2,3,0,9,14,3,82,7,7,5,40,9,4,6,51,7,4,8,32,6,21,21,3,21,1,2,1,3,2,1,3,4,10,0,3,42,74,23,8,93,3,3,3,4,5,5,2,11,7,3,3,46,3,4,2,5,1,2,2,7,0,1,1,3,18,14,0,66
349,13,2,2,7,9,1,2,6,21,3,2,10,6,9,1,19,4,4,0,4,3,3,2,4,0,4,0,4,0,1,0,7,15,3,78,9,7,6,41,3,4,2,44,7,6,13,33,6,28,14,4,13,0,2,2,1,1,1,2,4,11,0,3,37,58,27,16,114,7,1,5,1,2,4,2,6,3,8,1,63,5,2,4,4,1,4,6,0,0,0,2,6,21,19,2,53
350,6,3,0,3,14,5,3,6,21,2,2,6,10,10,4,13,7,3,1,3,5,3,0,2,3,0,0,6,2,1,3,5,13,3,79,6,4,4,55,7,8,4,54,2,5,3,32,2,26,14,1,20,1,5,4,1,0,3,3,7,12,1,2,45,67,40,6,114,2,2,3,5,1,2,8,6,9,7,2,37,5,5,0,5,0,9,3,2,0,0,2,6,15,13,1,45
351,9,4,1,3,5,6,2,4,21,3,3,5,8,17,3,23,4,3,1,12,3,2,2,3,0,2,0,5,0,1,1,4,20,7,91,4,5,5,45,6,8,11,55,4,5,6,39,2,22,15,5,29,0,1,0,2,0,0,1,11,22,0,2,30,52,27,6,94,2,3,5,0,5,1,2,10,5,4,5,53,4,2,1,3,0,7,6,1,0,0,9,5,21,12,2,40
352,8,2,1,3,11,0,4,10,21,5,3,11,9,7,0,20,1,1,1,6,1,3,3,7,1,2,0,6,2,2,1,2,19,11,80,7,2,6,39,10,8,2,55,4,6,4,29,3,25,13,0,17,1,3,0,0,0,4,3,12,14,3,5,36,60,28,9,101,8,3,5,5,5,2,1,6,4,4,2,63,5,4,1,3,1,4,6,1,0,3,1,10,16,15,2,47
353,4,5,0,0,17,3,4,4,20,2,4,11,11,12,1,18,1,4,0,3,3,2,1,2,0,3,1,2,3,3,2,7,16,4,70,7,7,9,34,11,6,5,39,5,4,12,29,5,30,11,3,24,1,5,0,2,1,3,2,4,21,1,8,36,68,34,10,107,4,6,13,1,3,2,5,7,3,2,3,48,6,3,6,3,1,0,1,0,2,3,2,7,15,14,0,53
354,3,4,1,5,13,7,2,5,12,5,1,12,6,11,2,14,4,5,2,4,5,5,0,4,2,0,0,6,4,1,0,6,12,2,73,4,4,4,48,7,8,7,40,4,1,8,26,6,26,19,2,26,0,1,2,2,1,2,2,7,22,0,5,29,82,30,11,98,3,3,5,5,2,7,4,5,10,2,3,54,5,3,3,0,0,6,1,6,0,2,2,5,16,14,3,59
355,6,7,0,2,16,4,3,4,17,5,1,9,9,9,6,18,3,2,1,0,4,3,1,1,3,3,0,7,1,5,1,6,17,9,77,5,4,8,41,7,3,4,55,9,5,4,23,10,17,12,3,27,2,4,4,0,1,2,4,16,12,1,5,35,69,21,11,93,2,6,6,4,1,6,1,13,4,3,0,46,2,6,2,8,1,1,1,1,1,2,3,9,22,13,0,59
356,7,4,2,4,9,5,0,5,16,2,1,9,10,8,4,17,0,4,1,4,4,4,0,5,0,2,1,3,1,6,0,5,19,3,80,5,4,6,44,6,3,4,46,6,6,5,36,9,19,15,3,22,2,5,0,1,0,5,3,11,20,1,7,32,57,16,12,103,3,8,3,3,2,3,6,5,10,5,3,61,8,5,5,7,0,2,1,1,0,1,5,10,21,10,1,52
357,9,3,2,4,10,3,2,7,20,4,2,6,15,8,1,20,1,3,1,4,3,1,1,1,0,1,1,5,0,1,0,3,23,3,70,8,6,5,36,10,7,4,58,10,5,11,28,6,27,13,1,26,0,7,1,2,1,5,5,5,17,1,6,41,64,34,9,87,1,6,7,3,5,1,3,8,5,2,3,52,7,3,3,7,0,1,0,3,1,1,1,6,18,10,1,58
358,12,4,1,4,9,3,4,4,19,3,7,9,6,7,3,17,2,1,1,4,6,1,2,3,1,2,0,4,2,1,0,3,18,7,74,6,3,8,45,4,5,4,57,3,2,6,30,2,31,16,4,19,1,3,1,2,1,2,3,9,17,3,3,43,66,26,9,109,6,2,5,4,7,4,1,9,4,2,3,55,5,2,1,4,0,1,7,3,0,1,1,9,16,13,1,47
359,6,4,0,5,7,2,2,4,18,1,4,10,12,10,2,25,3,1,0,9,4,3,1,3,1,1,0,5,1,2,0,6,10,3,83,10,6,5,50,8,6,7,41,10,4,7,26,5,17,16,3,16,2,1,3,3,1,7,2,14,12,4,2,37,53,22,16,114,4,7,6,7,3,3,2,10,7,4,0,55,3,1,4,2,1,0,1,4,0,1,1,7,16,11,3,59
360,10,4,0,10,4,4,2,6,25,6,1,8,9,6,3,20,1,3,0,8,5,4,3,5,1,2,0,4,2,4,0,6,17,2,65,10,9,6,37,8,5,5,49,5,4,3,32,3,27,13,0,22,0,4,0,3,1,1,3,8,10,2,3,44,72,29,13,94,3,1,0,2,4,2,4,9,2,2,2,63,3,4,6,4,0,4,2,1,0,0,5,5,15,9,3,70
361,6,5,0,7,14,2,2,8,19,7,2,10,3,9,1,11,2,1,0,3,4,3,0,1,0,1,0,4,2,4,0,0,13,6,93,4,5,4,47,5,8,4,54,6,5,12,29,8,28,10,0,19,1,1,0,0,1,5,3,12,10,4,1,42,69,30,12,106,4,3,8,6,1,2,1,10,6,7,3,53,7,4,1,4,0,1,3,3,0,1,1,11,17,13,0,42
362,12,5,0,7,13,2,1,6,13,4,1,12,8,8,2,22,4,5,0,2,3,3,2,2,1,4,3,6,5,3,6,10,19,3,77,4,5,3,42,5,7,6,43,10,5,8,32,5,23,10,2,22,2,4,0,1,1,2,9,7,15,0,3,44,66,21,3,99,2,4,6,3,2,5,5,11,9,1,2,46,6,2,2,6,1,3,3,1,1,1,4,7,14,12,2,56
363,5,6,1,5,4,3,1,8,18,5,1,9,12,3,1,18,1,6,2,2,0,2,2,3,3,2,2,2,1,2,1,5,16,2,73,8,4,4,41,9,5,3,62,7,2,5,27,3,22,11,2,26,1,2,1,4,0,5,2,7,15,0,4,50,61,27,9,108,3,3,8,2,8,1,4,9,9,2,4,60,6,1,2,8,2,3,4,0,0,0,2,9,24,11,2,49
364,7,6,1,6,8,3,4,7,23,4,1,7,8,5,2,23,1,5,0,2,2,6,0,4,1,1,2,9,3,2,1,2,12,3,81,6,4,7,48,5,6,3,58,10,10,4,27,4,23,12,2,30,3,4,3,2,0,1,1,9,13,1,3,35,66,26,10,94,2,5,4,3,5,7,3,11,5,2,3,52,4,8,1,4,1,3,3,3,0,3,4,8,15,16,0,43
365,10,5,1,4,6,2,0,3,16,7,0,9,12,5,2,20,3,1,0,2,3,2,0,8,1,1,0,5,2,3,0,4,21,9,82,2,7,6,48,8,11,4,52,5,7,5,39,6,20,8,3,20,1,3,2,2,0,1,4,8,9,2,5,37,69,30,15,93,4,2,5,3,3,3,2,14,2,1,3,64,5,2,3,3,1,4,4,1,1,0,2,6,14,14,2,51
366,5,5,1,4,13,4,2,3,18,5,2,10,9,6,3,28,4,2,2,2,2,2,2,4,1,3,1,3,1,0,1,5,16,5,67,8,3,4,41,8,4,5,57,10,3,8,22,4,20,13,4,24,0,4,1,0,0,3,4,13,13,1,2,34,75,33,10,112,3,2,13,4,1,1,3,17,6,4,3,53,3,6,3,5,1,0,3,3,0,0,3,7,17,5,0,50
367,13,9,0,5,15,4,1,4,15,3,1,10,5,11,1,15,5,5,0,4,6,2,1,6,0,7,0,2,1,1,0,6,13,7,82,7,4,7,49,4,3,5,58,6,6,12,27,4,26,6,4,30,2,3,0,0,0,1,4,9,16,1,2,31,72,26,14,105,0,4,2,2,1,2,4,13,9,3,1,48,3,3,4,5,0,2,3,1,0,2,4,5,11,11,2,51
368,5,7,0,4,13,1,3,5,15,3,1,7,4,3,3,18,3,2,0,3,7,1,2,3,1,2,0,9,1,1,0,5,24,3,74,6,7,2,49,8,3,6,49,3,12,4,35,11,38,16,0,34,0,1,4,0,0,4,3,8,15,1,3,33,66,27,10,85,3,3,4,4,6,5,7,9,6,5,2,61,4,3,2,3,0,2,4,3,2,1,2,11,18,8,0,46
369,11,2,1,7,11,7,1,9,11,4,2,14,8,5,0,18,1,3,1,5,4,3,0,2,1,1,0,7,2,1,0,4,16,5,75,5,3,10,37,6,7,6,60,6,6,8,40,5,22,12,5,22,1,2,3,1,1,0,1,8,8,2,3,41,76,19,12,94,4,4,8,6,1,0,1,8,2,2,1,55,6,3,5,4,0,2,2,3,0,1,3,6,19,15,2,63
370,11,8,0,5,6,3,2,6,23,4,2,13,10,4,0,16,5,7,0,6,4,3,1,4,1,2,2,5,1,1,2,4,12,9,93,4,2,7,38,10,6,2,41,3,5,3,23,2,29,9,1,24,0,5,1,0,0,6,3,6,14,2,1,37,65,24,12,106,1,3,5,4,5,4,2,18,9,4,4,47,4,7,2,6,0,1,6,1,0,3,3,10,19,10,1,55
371,9,1,1,3,3,3,0,4,15,2,0,5,5,9,1,22,1,5,0,3,2,2,0,5,1,1,1,9,2,4,1,3,8,8,86,10,3,3,47,5,8,8,58,9,4,4,30,5,23,15,5,22,1,1,0,0,2,5,2,7,15,1,3,49,73,24,13,95,3,6,5,5,0,4,1,9,9,8,5,50,7,6,4,8,0,1,0,0,1,4,2,5,19,10,2,51
372,16,3,0,4,3,3,2,4,20,2,1,12,9,4,1,9,3,5,0,3,6,2,1,6,2,4,1,3,1,2,2,4,19,6,79,11,3,4,34,6,1,6,54,8,6,7,32,6,23,12,2,23,1,1,1,2,2,4,1,6,16,1,2,38,68,21,14,97,2,5,7,6,1,4,5,9,4,6,5,76,5,3,4,7,0,3,4,2,1,0,5,2,16,8,0,55
373,11,5,0,7,8,2,4,2,15,2,2,19,6,6,2,16,4,7,1,3,3,2,2,4,1,2,0,1,0,2,2,11,14,5,93,7,8,9,51,3,4,10,49,9,3,10,27,6,24,14,6,12,2,3,2,2,0,1,5,8,15,1,1,46,75,20,13,87,1,6,0,2,2,2,1,11,7,4,2,44,4,3,8,8,1,1,1,1,1,0,8,4,12,12,2,55
374,13,3,1,1,7,4,2,6,16,1,2,13,8,12,1,18,0,3,2,7,7,3,0,5,0,4,2,7,2,2,1,4,12,7,73,9,8,3,44,12,6,6,47,6,8,4,35,6,23,19,0,27,0,5,1,3,0,3,2,7,16,1,2,53,61,28,9,84,0,2,4,7,5,2,5,8,3,9,4,43,6,4,3,5,1,7,2,1,0,1,5,7,20,9,1,49
375,5,3,0,7,5,3,2,2,19,1,2,9,9,14,3,21,3,3,1,2,3,3,0,6,2,4,1,4,6,0,0,4,19,11,87,8,2,3,51,5,8,3,39,6,5,8,35,3,28,19,2,19,0,2,1,1,1,0,1,6,12,1,2,53,52,32,10,91,1,3,4,1,6,3,5,8,9,4,5,55,6,4,3,7,1,0,3,0,2,1,3,6,15,15,2,55
376,9,3,2,4,8,8,3,5,18,2,4,8,6,4,1,26,2,6,1,5,6,3,1,3,0,0,2,7,3,0,1,3,17,5,75,2,8,4,44,6,7,5,43,8,4,6,21,2,30,18,5,15,2,4,2,4,2,7,3,10,20,0,2,39,69,28,12,93,0,4,2,3,2,4,3,10,4,7,2,50,8,3,4,4,0,3,5,1,2,2,4,9,17,14,0,57
377,8,5,1,4,12,5,2,6,13,2,2,11,10,11,4,18,2,4,0,3,4,3,0,4,1,6,2,1,2,4,1,8,11,4,87,11,6,5,46,8,8,4,49,5,5,8,19,3,27,5,0,23,2,3,0,0,0,3,4,8,19,3,5,54,54,20,13,84,1,1,7,3,5,4,3,9,8,3,5,56,7,1,4,6,2,2,6,4,1,2,2,13,19,8,2,51
378,9,2,0,4,11,6,3,2,23,3,0,5,6,6,2,22,1,2,0,9,2,3,1,1,3,3,0,4,1,7,3,4,17,5,78,8,4,7,40,7,6,6,48,5,5,9,20,6,23,17,2,26,2,2,0,4,0,4,3,13,11,1,2,44,76,24,15,98,4,2,4,2,3,4,0,9,7,5,5,41,3,6,6,5,0,4,5,0,0,1,3,10,21,17,2,45
379,10,1,1,4,10,6,5,7,13,0,2,9,3,8,1,22,0,2,0,3,5,0,0,4,2,3,1,5,5,1,1,3,19,4,86,6,4,4,56,7,4,6,53,7,8,3,28,5,20,16,4,26,3,1,2,2,3,5,1,2,14,4,1,29,61,26,16,99,3,0,5,4,4,7,3,9,7,8,4,42,5,2,0,7,0,1,1,1,0,1,2,11,15,23,2,61
380,7,3,0,5,5,3,4,9,22,5,2,10,8,7,1,14,1,2,1,1,4,4,1,4,2,1,0,6,4,0,0,1,18,12,77,8,7,5,46,6,4,6,47,5,6,5,29,6,21,17,3,15,0,2,1,0,0,4,1,13,13,1,2,40,81,29,16,89,1,3,5,4,4,4,6,4,3,6,7,60,3,3,4,2,1,3,2,1,1,0,3,7,17,13,1,60
381,3,4,0,6,8,3,3,11,17,1,1,8,10,9,3,21,0,5,1,6,3,0,3,3,0,5,2,7,0,0,1,4,23,7,78,10,6,3,45,6,4,2,44,12,6,6,30,7,25,11,2,26,1,1,2,0,1,2,2,12,13,0,1,44,67,28,12,97,2,5,3,4,4,4,8,11,3,3,6,46,2,3,1,8,1,4,3,3,1,1,4,5,12,12,0,57
382,7,2,3,7,13,2,1,6,20,0,0,8,9,8,0,20,3,2,0,4,4,4,1,1,1,4,0,4,2,3,2,9,21,5,82,4,5,6,45,9,4,4,44,8,14,6,23,6,24,16,1,21,0,4,2,0,0,4,3,13,15,1,11,38,62,30,7,89,3,1,4,4,6,1,2,14,5,2,6,74,7,2,2,4,0,5,1,4,0,0,2,6,12,10,1,45
383,5,4,2,4,9,2,1,4,23,1,2,6,8,15,1,18,4,8,0,4,3,3,0,3,1,2,0,5,1,2,0,7,23,6,94,14,7,3,52,6,2,5,34,4,4,8,32,4,27,10,3,22,1,2,1,0,1,2,3,9,13,0,4,28,67,26,10,97,3,5,7,5,3,5,3,14,9,8,3,63,4,4,2,4,0,1,2,3,2,2,1,5,13,7,0,50
384,5,5,2,4,14,3,4,2,18,4,0,7,10,7,1,20,3,5,1,10,1,2,1,9,4,6,0,4,4,5,1,7,17,10,91,2,7,6,48,7,7,2,42,4,5,5,18,2,21,11,0,22,0,2,1,0,0,2,5,10,14,1,6,41,60,20,11,97,4,3,7,7,6,5,5,15,7,3,4,48,5,4,4,6,0,4,1,1,1,0,2,5,23,9,1,54
385,4,4,2,3,7,2,1,5,17,5,2,6,12,6,1,19,4,5,2,3,5,1,3,1,0,1,1,4,1,1,0,10,15,4,96,9,6,3,50,8,11,9,43,10,7,5,33,3,28,9,2,24,0,3,1,0,0,1,1,4,12,0,3,52,64,22,12,97,1,2,4,2,3,2,1,11,5,3,3,48,4,3,8,3,0,1,1,5,0,2,1,11,22,12,2,55
386,2,3,4,3,5,4,4,6,11,1,3,11,6,5,4,19,2,4,1,6,4,2,0,3,1,3,0,5,2,1,0,6,19,7,96,10,5,4,46,7,6,4,59,4,12,4,31,3,25,8,2,23,0,4,3,1,1,2,0,12,12,3,3,37,69,22,7,91,5,5,7,6,0,4,1,12,7,5,4,56,3,2,4,2,0,0,4,2,0,0,3,5,21,12,4,53
387,10,5,0,7,17,3,2,5,17,5,1,11,11,6,4,11,3,3,1,7,4,2,2,6,0,6,0,3,3,3,1,7,16,6,69,7,3,4,52,5,5,4,56,6,3,9,36,3,23,15,3,20,1,3,1,0,1,3,5,9,18,2,6,47,56,23,9,93,0,4,3,1,2,1,2,11,5,1,1,65,5,5,2,4,0,1,4,3,0,0,7,5,20,13,0,47
388,10,4,1,5,11,0,1,3,16,7,0,8,7,6,2,31,2,2,2,4,4,4,0,7,4,3,0,2,0,1,0,8,20,6,73,7,6,5,51,2,7,4,40,3,3,9,28,4,25,17,3,17,0,2,0,1,0,3,4,8,14,2,4,36,80,27,9,99,3,4,3,3,4,3,7,8,7,3,6,50,4,3,1,3,0,4,4,0,0,0,7,13,17,14,3,52
389,13,3,0,7,4,4,2,4,16,5,1,8,6,9,1,18,4,2,2,4,5,4,2,6,1,2,0,3,2,4,1,2,20,4,83,5,3,2,54,11,3,4,40,4,5,11,28,2,26,16,2,15,2,0,1,2,1,4,2,11,22,2,1,43,61,25,9,103,2,3,5,4,2,8,5,7,5,1,3,60,4,7,7,3,0,1,1,4,0,0,0,5,21,10,0,60
390,4,4,0,3,9,4,2,5,19,2,1,10,9,8,2,25,7,4,1,5,4,1,0,3,4,2,0,2,1,0,3,2,25,4,91,4,8,4,50,13,6,4,55,2,2,5,35,4,30,16,2,27,0,4,1,4,0,4,1,11,13,1,0,43,69,27,7,81,1,2,4,2,2,3,4,10,5,6,3,55,4,1,2,4,0,2,1,0,0,1,5,6,12,10,2,54
391,6,6,1,2,11,0,1,7,20,3,2,12,10,6,3,13,3,5,0,7,6,4,1,2,2,2,0,2,3,1,0,8,19,6,78,8,4,5,35,8,7,6,63,10,2,4,27,3,26,11,3,29,0,5,4,2,1,3,0,7,14,3,6,32,60,33,10,100,2,2,4,1,7,3,4,10,3,3,1,56,4,4,3,3,0,2,3,1,1,1,5,10,18,12,3,51
392,6,5,0,5,6,1,0,3,18,3,5,10,10,5,3,13,2,4,2,3,7,2,0,8,6,3,1,3,1,3,0,5,18,5,83,4,5,6,42,7,3,2,49,5,5,4,25,4,26,16,3,25,0,7,0,1,0,2,3,9,15,0,2,28,78,17,12,134,2,5,3,5,8,2,5,7,2,2,2,54,3,2,4,4,0,2,2,2,0,0,1,6,13,11,0,65
393,12,1,1,5,11,3,0,4,14,3,2,12,8,6,1,21,4,1,1,2,5,3,3,4,1,0,0,5,4,0,0,7,19,7,80,11,7,4,58,6,10,8,52,8,5,9,29,4,22,20,2,25,2,3,1,1,0,4,0,9,15,3,1,31,70,21,9,100,3,1,2,3,2,3,3,9,10,4,6,45,6,3,2,5,0,4,1,0,1,1,4,8,12,16,2,44
394,4,9,0,1,10,10,2,7,12,7,3,4,10,5,4,26,3,7,1,2,3,2,1,6,1,1,0,4,3,2,3,4,17,2,75,8,7,8,46,6,5,6,56,8,3,10,25,8,28,16,4,23,1,3,0,3,0,1,2,10,19,1,5,47,74,21,15,80,2,5,7,3,6,1,3,11,7,5,2,48,6,0,0,4,0,4,1,1,0,0,4,8,15,13,4,40
395,5,2,0,3,9,2,4,3,12,7,1,11,14,4,3,19,0,6,1,5,4,1,0,5,1,3,0,5,1,2,1,0,21,5,86,3,11,4,41,10,10,5,45,5,2,4,30,4,29,19,4,20,1,6,1,5,3,1,3,5,11,1,2,44,59,31,13,99,0,1,3,1,4,6,5,11,5,7,5,59,5,2,3,7,1,4,6,1,2,0,3,8,13,6,1,54
396,5,1,0,2,11,3,3,1,10,5,0,11,9,8,0,12,3,1,0,5,4,1,1,5,3,1,0,5,3,1,0,7,16,6,70,11,8,9,42,4,13,3,52,7,4,9,36,5,27,20,8,23,0,5,2,0,0,2,4,8,19,0,2,35,63,30,11,87,5,2,4,3,3,5,2,10,7,8,3,66,7,3,5,2,1,5,2,2,1,1,2,10,17,11,1,50
397,5,2,1,4,7,7,6,7,13,4,3,10,12,5,1,17,3,4,0,2,2,0,3,6,2,0,0,4,2,1,1,3,23,4,88,5,9,3,39,11,6,6,37,8,7,3,27,6,23,13,0,22,2,4,2,2,1,4,3,8,19,3,5,31,58,51,8,106,3,3,5,7,3,3,2,12,8,5,4,45,7,6,4,4,0,0,3,2,0,2,2,7,17,9,2,51
398,7,4,0,4,7,3,1,7,14,1,0,4,11,10,2,16,3,1,0,6,6,2,1,3,1,2,3,4,1,5,0,2,19,6,79,5,1,6,38,5,3,4,47,10,6,4,37,4,25,16,2,24,0,4,2,1,0,5,5,10,13,0,3,36,70,29,8,102,3,3,8,3,2,1,7,10,6,4,1,56,4,6,2,6,1,2,2,2,2,0,4,11,16,7,2,69
399,8,1,1,1,9,4,1,3,16,5,2,4,6,10,2,15,2,2,2,4,0,2,1,2,0,1,0,4,0,1,0,2,23,5,82,3,7,4,42,7,9,8,45,7,3,7,23,4,27,13,6,33,3,3,0,3,3,5,4,12,16,2,3,45,59,29,11,96,2,3,5,2,3,3,7,6,10,5,3,67,1,3,3,8,0,2,1,1,0,2,3,6,16,12,3,60
400,6,4,1,2,2,4,2,3,25,1,3,10,8,5,1,23,1,4,0,3,3,3,2,3,1,3,3,6,1,1,1,10,17,6,69,8,9,2,39,8,1,4,60,6,2,3,36,4,37,14,0,28,1,3,2,0,0,3,3,10,17,1,5,40,67,30,12,87,3,6,4,3,1,5,3,6,5,5,4,50,6,1,2,2,0,3,3,2,0,1,6,11,21,15,1,52
401,9,2,0,6,10,4,2,8,15,0,0,9,8,13,2,13,1,6,0,4,2,4,1,6,1,2,0,9,2,2,1,2,12,6,95,14,2,3,31,9,13,2,53,9,3,5,37,4,25,10,4,22,2,5,1,0,2,2,3,6,13,1,3,39,60,36,8,90,4,3,7,4,3,8,4,7,4,6,6,53,4,5,2,6,1,1,4,4,0,0,5,6,14,8,2,55
402,10,8,0,3,15,4,1,3,19,3,1,6,9,6,1,20,1,3,0,5,3,2,2,3,2,1,1,3,3,1,1,6,13,5,71,7,8,7,45,10,5,8,56,3,2,7,29,8,24,10,1,17,1,2,0,2,2,2,3,10,14,0,5,59,59,24,13,93,9,4,3,2,1,4,2,19,2,3,4,48,11,1,5,10,0,3,3,2,0,0,4,8,11,11,1,58
403,4,3,0,7,8,1,0,6,15,2,0,12,9,4,0,17,5,5,0,7,4,4,1,1,3,6,0,7,1,1,0,3,15,3,92,8,4,9,38,9,6,5,62,5,3,3,26,4,24,17,0,22,1,1,1,2,0,2,4,5,18,2,1,49,67,20,8,104,0,7,5,1,2,1,4,8,9,5,0,57,5,4,1,4,1,2,2,4,1,2,1,10,15,15,0,58
404,14,3,0,6,5,3,2,6,19,4,1,6,13,6,1,25,1,4,2,4,1,1,1,4,1,2,1,3,3,1,1,2,20,5,80,6,6,5,47,8,4,5,57,2,4,6,29,6,18,15,3,24,0,3,2,3,1,1,1,12,14,1,4,36,67,26,14,116,3,3,3,4,4,3,7,6,8,2,3,57,6,3,2,10,0,1,1,0,1,0,2,5,11,7,0,51
405,8,4,2,4,5,2,0,3,23,1,1,10,8,9,3,14,4,3,2,5,4,4,0,5,0,1,0,2,3,1,0,3,17,6,69,4,5,2,51,5,6,3,51,5,3,4,30,3,31,19,1,17,1,5,1,0,2,4,2,7,22,1,5,43,71,29,15,95,2,5,3,4,7,4,6,8,8,0,3,49,5,2,5,5,1,1,2,1,0,1,1,11,11,13,1,72
406,9,1,0,9,10,2,2,4,19,4,1,7,8,11,3,15,2,3,0,9,3,0,3,6,2,1,1,2,3,1,0,6,19,3,85,8,5,6,47,6,3,2,61,8,5,7,33,4,22,11,0,25,0,3,3,1,1,3,4,7,12,3,4,33,62,31,15,87,2,1,4,1,1,7,7,4,5,3,2,53,10,6,4,6,0,2,2,1,1,3,5,3,17,12,0,62
407,2,6,1,6,11,3,3,3,21,2,2,14,6,6,2,21,2,6,0,5,3,3,0,5,0,1,1,6,1,0,0,4,17,5,86,8,7,4,45,7,6,4,74,8,4,6,28,3,23,12,2,22,1,6,3,2,0,4,5,3,16,1,3,34,62,19,10,93,3,6,5,2,4,4,2,11,4,5,1,55,5,4,1,7,0,2,2,2,1,3,4,16,10,9,3,50
408,5,4,1,3,9,4,1,4,13,6,0,13,12,10,4,18,4,4,0,6,2,1,0,4,0,3,0,6,1,3,0,3,20,4,89,7,6,3,53,8,6,5,53,11,8,8,29,5,14,10,2,22,1,4,0,3,1,2,1,7,7,2,3,34,70,36,14,90,3,5,3,5,6,4,3,12,7,1,4,56,2,2,1,7,0,4,2,3,0,4,1,9,9,10,2,53
409,3,7,1,4,8,2,0,5,11,3,2,9,7,2,3,20,3,5,1,5,2,2,2,3,3,1,2,4,3,2,0,10,15,3,85,5,8,4,59,7,6,7,53,7,7,10,31,3,20,11,5,28,0,4,3,1,1,6,1,9,18,1,2,45,66,32,15,84,0,2,6,3,5,1,2,13,7,4,2,47,4,1,2,4,2,0,0,3,0,3,2,14,11,10,1,54
410,10,8,0,6,9,1,1,2,23,3,1,9,10,10,1,24,1,5,1,4,3,0,0,1,2,2,1,7,4,0,0,7,16,4,69,7,4,2,35,10,5,5,53,3,6,7,37,0,28,13,3,29,1,1,1,1,1,3,0,6,15,1,3,35,58,23,13,109,7,3,1,3,3,8,1,8,4,5,5,65,5,2,5,6,1,1,3,1,1,3,1,13,14,9,1,58
411,8,3,0,7,8,4,1,9,15,3,1,12,7,9,4,16,3,6,4,4,3,4,0,4,1,4,1,6,1,2,0,3,19,6,56,4,7,12,40,10,5,3,44,4,5,6,28,5,28,15,2,28,1,1,0,2,2,5,2,12,15,2,2,49,62,24,10,88,0,3,4,3,6,3,5,8,6,7,1,48,4,5,5,8,1,2,3,6,0,0,3,11,19,19,0,63
412,9,3,0,5,1,5,2,3,18,4,2,9,6,10,2,23,1,3,0,7,1,5,0,3,1,1,3,2,0,4,0,5,15,5,82,7,5,3,45,9,6,4,54,6,4,6,32,9,33,15,2,22,0,2,1,1,2,2,0,13,13,1,5,30,67,21,7,91,2,4,3,3,2,3,2,12,4,4,2,60,10,3,6,8,1,1,3,0,2,0,3,11,17,12,2,62
413,5,4,0,6,9,4,2,7,10,0,0,9,11,5,4,18,4,1,0,5,2,3,0,2,2,2,0,5,3,3,1,6,23,5,94,10,4,2,46,5,8,3,48,4,5,10,33,4,27,17,4,28,1,5,2,3,0,1,2,8,18,1,3,35,70,27,6,82,3,3,3,5,1,3,5,8,5,4,4,62,4,3,2,6,0,0,2,2,0,0,4,6,18,16,1,53
414,5,3,1,3,13,4,4,5,18,4,3,7,5,14,1,15,3,0,1,4,8,4,1,2,2,1,1,2,1,3,0,4,16,3,83,10,9,7,47,11,5,3,49,11,6,9,32,3,24,14,1,21,0,2,1,0,1,6,6,11,17,1,2,42,77,30,13,89,2,5,2,3,5,2,0,12,5,4,3,55,5,2,0,5,1,2,5,0,0,1,2,5,15,12,4,39
415,10,3,1,8,17,2,0,4,20,4,1,11,4,7,4,22,3,1,0,8,1,4,0,4,3,2,1,7,0,4,1,4,17,5,81,5,7,6,50,15,4,4,51,8,11,5,43,4,27,13,3,20,0,6,3,3,0,3,3,6,12,1,3,32,64,19,13,99,1,3,3,2,0,2,3,10,3,12,2,54,4,1,4,4,0,0,4,2,0,2,3,5,14,9,0,46
416,5,3,2,3,10,6,3,1,14,3,0,10,9,10,3,14,2,1,1,7,3,5,0,3,0,4,0,7,4,2,1,8,16,8,97,5,2,9,30,11,6,9,46,4,5,8,36,5,23,12,3,22,0,3,0,2,0,4,0,7,16,2,3,36,73,24,7,100,1,2,3,2,2,6,3,10,5,4,3,52,6,3,2,4,0,0,3,2,0,2,2,12,20,14,2,57
417,8,2,0,2,10,2,3,3,12,3,1,10,9,13,2,25,3,4,0,3,6,3,0,5,2,5,0,7,1,1,0,5,9,7,81,5,7,4,37,8,5,3,56,8,7,8,31,6,23,16,2,29,0,2,1,1,3,3,4,6,22,1,7,45,67,34,12,85,3,3,5,6,3,2,3,7,4,5,1,60,4,0,5,5,1,2,0,2,1,0,4,4,11,9,2,53
418,5,5,1,5,7,3,2,3,11,1,2,9,11,16,4,19,3,7,0,4,5,3,0,4,0,0,2,6,0,2,0,7,19,6,82,6,5,2,40,9,13,9,50,4,7,3,29,5,21,18,1,26,0,2,1,0,3,3,3,7,22,1,4,43,53,25,17,94,6,2,5,6,2,3,5,10,4,2,6,39,9,2,2,6,2,3,3,1,1,2,2,6,14,17,2,58
419,10,1,0,6,7,4,2,8,19,3,1,8,7,7,0,15,1,2,0,6,3,2,1,8,0,4,0,4,1,1,1,4,8,6,78,7,3,4,41,1,13,4,51,9,4,1,26,2,28,8,3,28,0,3,0,0,0,6,2,11,15,2,3,40,68,35,9,100,4,4,8,1,1,3,6,10,6,4,1,57,5,4,5,3,0,1,4,2,0,3,8,7,27,13,1,57
420,8,2,0,3,7,8,2,5,14,6,2,9,7,3,0,22,3,4,0,3,2,1,1,9,0,4,1,4,2,3,0,4,18,4,83,8,8,1,47,9,3,3,44,9,8,9,25,6,30,14,2,28,1,2,3,1,0,3,3,9,18,0,1,51,59,28,14,80,10,4,5,1,4,2,11,8,9,6,6,58,4,5,2,4,1,3,4,2,2,0,4,5,10,13,3,43
421,6,2,1,4,13,3,1,6,15,2,2,5,2,9,1,21,6,2,0,5,4,1,1,6,1,5,1,7,4,3,0,6,15,7,85,11,1,7,44,9,7,7,44,5,6,7,36,5,18,17,1,25,1,4,2,0,2,6,1,11,16,2,1,38,63,19,18,105,0,2,3,5,6,3,2,8,4,2,2,55,5,6,4,2,0,5,3,2,0,0,4,5,13,9,1,58
422,8,4,0,7,9,4,1,5,27,9,2,13,7,3,1,21,5,4,1,4,8,6,0,2,0,4,0,3,1,0,0,5,14,3,67,9,2,3,36,11,7,8,55,8,4,5,37,3,25,20,2,26,0,5,0,0,1,2,4,11,15,1,3,45,48,29,7,82,3,9,3,5,3,2,1,8,9,6,4,62,5,5,3,7,0,1,4,1,0,0,2,8,13,18,1,55
423,6,2,1,5,7,5,6,7,15,3,0,10,7,8,2,23,5,3,0,3,1,5,3,4,2,1,2,6,2,1,1,4,20,8,86,8,6,1,48,8,6,9,45,3,10,2,30,2,24,17,3,23,0,4,0,2,2,5,3,7,21,1,6,45,53,16,5,94,1,6,6,4,2,1,4,11,6,3,4,46,8,3,3,6,0,1,3,4,1,3,2,11,9,9,2,68
424,7,7,0,5,6,3,1,5,19,3,0,24,12,5,3,14,3,0,0,2,5,1,2,2,0,4,1,8,2,3,0,6,22,2,72,9,8,2,46,8,2,3,56,3,1,5,30,4,18,23,2,20,0,3,2,1,1,1,2,8,10,2,5,38,61,23,16,100,0,4,1,3,5,3,2,15,7,9,3,63,9,4,6,7,0,2,2,4,0,0,2,6,14,9,1,57
425,6,5,0,3,4,4,1,6,23,7,0,9,11,10,1,23,3,1,1,6,9,1,0,3,0,1,1,8,4,1,0,5,14,6,80,9,5,3,49,9,6,3,47,6,5,5,31,7,30,13,3,25,0,4,0,2,1,3,3,5,10,0,4,46,63,22,8,105,2,8,4,5,4,2,0,9,2,4,2,45,3,5,5,8,0,3,3,1,0,4,1,11,25,9,0,46
426,15,7,0,3,15,2,1,3,22,1,0,6,8,7,1,11,3,3,0,4,4,5,1,2,2,0,0,7,1,3,0,4,27,7,73,7,0,4,52,9,7,3,49,11,6,1,33,7,24,9,1,23,1,3,2,2,0,2,1,8,11,0,0,47,64,34,11,85,1,6,2,3,4,0,5,7,11,12,1,53,7,1,2,3,1,4,2,0,0,3,2,8,19,14,1,63
427,5,1,0,2,12,4,4,9,16,4,0,10,12,10,7,28,2,6,0,4,5,2,0,3,2,2,0,6,2,4,0,4,17,8,72,7,4,5,42,8,6,4,50,1,7,5,32,7,27,16,3,21,0,2,1,0,0,1,4,8,12,2,2,46,75,19,11,90,2,8,4,1,4,3,3,10,10,6,7,54,3,5,3,6,1,7,2,1,0,0,1,10,12,7,2,47
428,4,2,0,3,5,6,2,5,18,2,2,12,9,8,0,25,1,0,1,5,1,2,1,3,1,2,1,8,2,2,0,3,25,4,84,5,2,2,46,12,5,4,54,6,4,12,31,4,21,12,2,24,2,4,1,2,0,3,3,11,12,3,2,45,66,20,13,92,1,5,5,2,3,5,6,8,4,4,8,49,3,6,7,4,1,0,4,2,2,3,2,7,14,16,0,55
429,7,5,1,2,5,2,5,7,14,5,2,9,11,10,2,24,3,2,0,7,3,5,0,5,1,1,0,1,2,1,0,6,23,6,77,11,10,4,46,9,6,3,58,8,3,1,28,4,31,9,2,23,0,2,0,2,2,1,1,6,16,0,3,36,73,21,17,99,1,4,1,2,3,2,4,11,5,2,2,43,5,0,2,7,2,1,5,3,1,0,1,6,13,19,1,65
430,5,6,0,4,7,2,3,10,16,3,4,11,11,9,2,12,1,3,2,8,5,2,1,1,1,0,0,3,0,1,2,3,18,6,88,6,6,1,41,9,7,8,57,11,2,4,37,3,29,16,3,20,1,5,3,1,1,0,4,5,10,0,3,40,57,26,7,95,2,3,3,1,3,1,4,8,8,6,1,58,4,2,0,8,0,3,1,1,0,2,3,4,21,15,2,68
431,6,2,0,2,4,3,1,5,14,5,1,7,11,6,3,18,1,0,1,3,3,4,0,3,0,4,2,6,2,2,0,1,12,7,97,6,5,1,42,10,9,6,54,4,2,4,28,3,33,15,0,25,1,3,1,0,0,3,2,8,14,3,6,46,62,29,13,92,5,4,4,4,6,6,4,6,5,3,5,56,8,1,5,4,0,2,2,1,0,2,4,12,17,11,5,52
432,8,2,1,5,12,4,2,6,16,2,1,11,10,8,1,14,3,5,1,3,2,1,0,2,2,4,0,4,3,1,1,5,15,8,85,8,5,4,42,5,5,2,37,9,5,8,30,9,25,13,5,19,0,3,1,2,0,4,3,10,11,3,4,50,52,26,17,105,4,1,1,3,4,2,8,6,9,4,5,56,6,1,2,4,0,1,4,1,0,1,9,4,20,14,2,58
433,10,6,1,5,7,4,1,3,23,3,1,6,6,6,1,19,2,3,2,7,3,5,0,3,1,2,1,6,1,2,1,7,13,3,94,7,3,5,52,1,5,6,39,5,3,4,26,4,16,16,1,21,1,1,0,2,3,4,2,9,20,1,5,46,61,34,12,99,4,2,4,3,4,5,4,8,5,8,6,51,8,4,3,3,1,5,4,1,0,0,1,8,15,15,4,52
434,11,2,0,6,9,5,2,4,17,5,1,11,14,9,3,17,2,2,0,8,7,3,1,3,1,0,1,8,0,1,0,3,25,1,78,9,8,5,37,9,7,7,50,5,8,6,39,4,30,9,3,20,1,2,1,1,1,3,1,7,7,0,3,33,67,24,11,86,0,7,9,4,4,2,5,9,3,5,2,58,5,3,6,6,0,1,1,4,0,0,2,10,17,15,2,56
435,10,7,0,5,13,3,3,2,18,6,2,13,9,5,5,16,3,5,0,5,4,1,2,4,1,2,0,5,5,2,1,8,21,4,80,7,4,5,47,10,3,3,62,2,3,3,31,3,29,12,1,18,2,3,4,0,2,3,2,7,10,1,2,34,65,29,11,86,5,5,4,3,2,2,2,10,3,3,3,60,8,3,1,5,0,2,1,4,1,2,0,5,21,13,0,58
436,9,2,0,3,11,5,1,5,12,3,0,7,12,7,1,24,3,1,1,4,3,4,0,2,1,2,2,6,1,2,1,7,19,2,78,6,7,4,44,6,8,4,59,8,5,6,34,5,36,15,3,26,0,3,1,1,2,8,1,10,12,1,3,30,65,27,14,95,5,2,6,5,3,1,6,10,7,3,2,49,6,5,3,8,0,0,3,2,0,2,4,9,16,12,1,40
437,10,2,2,1,4,0,1,7,25,2,4,4,7,6,1,19,1,6,0,3,5,1,1,5,4,3,3,7,0,3,3,4,15,7,70,12,3,3,52,9,3,6,44,2,6,7,30,5,23,20,0,27,0,4,1,2,2,0,3,11,13,2,1,42,58,25,8,126,1,3,5,4,1,6,1,10,6,4,3,52,4,3,3,2,0,4,2,1,0,2,4,6,22,12,1,52
438,8,6,1,7,11,3,2,4,16,3,0,14,5,7,2,16,2,5,0,6,2,2,2,6,1,1,0,4,1,1,1,8,16,3,77,12,7,4,45,4,2,8,50,3,4,1,25,6,26,16,1,24,0,4,2,0,1,2,1,8,11,1,3,50,66,27,9,106,2,1,4,2,3,4,7,15,6,7,3,55,3,4,3,3,0,3,0,5,1,0,3,5,22,9,3,55
439,5,4,0,2,8,2,3,4,19,3,0,14,12,9,0,15,2,6,0,3,3,1,2,4,2,1,2,3,2,1,1,4,14,8,90,8,4,5,37,9,4,2,56,5,4,5,27,5,28,10,0,18,2,8,2,1,1,3,3,8,9,2,3,47,86,18,9,95,2,5,2,4,8,2,5,8,6,2,4,60,5,5,3,5,1,3,2,1,0,1,1,8,13,14,1,56
440,4,4,1,2,8,1,1,7,18,3,5,11,10,5,3,14,3,2,0,8,1,3,1,1,2,2,0,8,3,5,0,7,19,9,88,7,7,2,57,11,5,3,57,8,6,2,30,5,21,10,1,21,0,4,0,1,0,7,3,14,8,2,3,46,64,34,7,86,4,2,1,0,2,10,5,9,8,3,2,60,3,4,2,2,0,1,2,1,1,1,2,7,17,15,2,43
441,8,2,1,6,6,4,1,6,21,0,2,8,6,10,0,18,3,3,0,7,3,3,2,3,3,2,0,5,1,4,0,3,18,5,93,4,1,6,44,7,3,6,51,6,10,3,22,5,25,11,4,27,0,2,0,2,2,4,2,14,19,1,4,37,74,26,9,83,1,9,5,5,4,2,4,9,5,3,2,52,6,4,2,2,0,2,5,1,1,2,8,12,15,19,1,48
442,5,2,0,2,13,7,1,4,19,4,2,6,12,9,0,29,4,4,1,5,5,1,3,6,1,1,0,10,3,1,0,10,19,5,67,7,3,6,51,4,5,5,50,5,3,8,25,3,23,8,1,20,1,6,2,1,1,2,2,11,13,3,4,44,74,28,9,93,3,5,5,4,2,2,3,7,5,2,3,55,9,5,4,3,1,2,5,2,2,1,2,8,15,11,1,51
443,9,6,2,4,7,3,3,4,29,2,0,9,12,7,3,22,2,11,1,7,6,0,2,3,0,2,0,2,1,4,0,7,15,5,74,7,6,3,41,8,7,5,59,6,5,8,35,6,24,12,1,19,1,0,3,1,1,3,2,8,17,1,2,34,68,28,7,105,3,1,3,4,1,5,3,5,1,6,3,53,8,5,5,5,0,4,3,2,0,1,2,6,19,11,1,43
444,7,3,2,3,9,3,2,5,14,5,2,11,4,7,4,27,2,4,0,3,2,4,1,6,2,1,0,9,2,0,0,3,13,8,88,8,3,5,41,8,6,4,54,6,7,4,33,3,24,18,2,19,2,2,5,0,0,3,1,4,15,0,7,26,68,32,10,103,4,0,4,4,2,1,7,12,7,2,3,61,5,8,1,6,0,2,1,0,0,0,3,7,17,9,2,53
445,11,6,0,5,8,6,2,6,12,3,1,16,12,7,4,15,3,1,1,5,3,1,0,2,2,2,2,10,1,0,2,12,14,5,75,9,8,3,46,5,3,5,55,4,2,7,43,2,22,15,1,15,0,5,1,3,2,5,2,7,10,0,1,37,64,35,11,112,2,3,5,2,3,6,3,9,8,2,4,49,2,3,3,6,0,3,2,1,1,2,3,5,17,14,1,46
446,10,1,1,4,6,6,0,1,10,4,3,4,7,6,0,14,5,2,0,6,1,1,0,5,1,0,0,5,3,2,0,5,18,5,84,8,5,5,47,7,2,5,54,5,6,4,35,8,30,18,4,23,1,4,0,0,1,3,2,10,18,1,5,32,60,31,16,90,1,4,4,4,2,5,3,6,9,3,5,59,6,4,2,9,0,6,3,3,0,2,3,7,20,10,1,59
447,10,2,1,1,15,4,2,7,14,4,0,6,10,7,2,31,3,1,1,6,1,3,3,4,1,1,0,0,3,3,0,5,18,2,77,8,5,3,46,8,4,6,61,7,5,9,32,6,30,14,3,28,2,4,0,2,0,5,1,6,18,2,2,42,69,15,7,91,2,4,3,5,3,4,2,12,9,5,3,40,8,0,2,5,0,1,2,1,2,0,4,7,17,8,1,61
448,11,1,3,3,12,7,3,6,19,4,1,9,5,6,2,17,2,4,0,3,4,4,0,8,0,2,0,6,0,1,0,3,23,5,76,8,2,4,47,7,1,5,46,2,9,3,23,5,36,12,5,26,1,3,1,1,1,2,5,13,17,1,3,32,68,33,15,92,3,9,3,0,4,2,3,9,3,4,2,49,6,3,3,5,1,5,7,2,0,2,2,7,15,10,2,60
449,5,3,1,2,9,6,5,8,16,5,0,7,9,9,1,26,2,4,1,4,3,2,1,3,2,0,2,6,1,1,4,2,20,8,82,5,2,5,45,11,14,5,59,5,9,0,28,1,29,11,1,27,0,3,3,1,1,5,4,7,5,2,3,38,72,19,8,91,6,4,11,2,3,3,1,9,6,10,4,51,3,6,1,2,2,4,1,2,0,1,2,9,12,15,3,48
450,4,4,0,5,11,5,0,5,20,3,0,7,8,7,2,26,3,4,1,2,4,2,1,5,0,1,0,6,2,4,1,3,24,4,84,6,10,1,47,9,6,6,47,6,2,5,35,1,37,16,2,26,1,2,3,0,2,4,1,11,19,0,3,32,65,27,6,82,2,6,3,5,3,2,3,9,7,9,1,52,5,8,4,3,0,2,0,4,1,0,3,4,12,7,2,65
451,7,2,0,6,10,3,3,4,20,4,1,10,4,9,2,24,2,2,1,6,4,2,1,4,2,2,0,6,2,2,1,6,13,6,98,8,6,5,49,6,17,4,41,8,6,7,39,1,27,14,2,24,0,4,0,1,0,8,0,11,14,1,1,32,59,21,15,85,6,6,4,4,2,3,7,15,2,8,4,45,4,2,5,6,2,1,1,1,0,2,2,4,15,8,2,54
452,6,3,2,2,8,10,3,6,14,5,4,4,8,10,4,16,2,4,1,2,1,1,0,5,4,2,5,5,1,4,2,7,14,4,78,9,7,3,44,4,6,3,41,9,2,4,28,12,35,8,3,28,1,2,2,1,2,2,0,9,13,3,2,52,66,27,12,101,2,5,3,2,3,3,3,6,3,5,3,47,6,3,4,4,0,1,3,2,0,3,4,7,17,11,2,60
453,4,5,0,5,7,5,3,3,20,3,0,8,8,9,0,22,5,2,0,7,6,0,2,2,2,0,0,9,0,2,1,4,19,5,79,3,2,2,50,11,8,4,37,8,2,4,39,3,20,12,0,24,3,5,3,1,2,3,1,9,12,5,2,40,59,26,12,96,1,1,1,2,5,6,4,8,7,3,1,53,4,4,0,6,1,2,7,1,0,2,8,9,18,15,5,71
454,9,5,2,6,12,3,4,2,26,3,3,12,7,4,2,25,1,5,2,1,3,3,2,6,2,1,0,2,0,3,1,3,18,2,72,6,4,6,53,4,7,7,61,8,2,3,31,2,27,13,8,22,0,2,0,2,2,2,4,11,17,1,4,32,65,23,11,86,2,3,6,2,3,4,4,9,6,1,1,56,8,5,4,7,1,3,1,2,1,3,3,7,17,11,2,50
455,6,2,0,6,13,3,0,2,18,5,1,5,9,12,2,28,2,5,0,4,2,2,0,4,1,1,3,4,2,3,0,4,17,2,86,8,5,5,50,2,6,1,56,6,5,5,35,4,22,15,5,30,1,4,1,0,0,1,0,10,11,1,3,39,63,25,10,91,3,3,1,3,2,6,2,9,5,8,2,52,5,5,3,7,0,4,6,1,1,3,5,8,13,14,0,55
456,9,1,0,2,8,4,1,5,20,3,0,10,10,6,1,18,5,1,0,4,5,3,2,7,0,1,1,4,3,3,0,3,16,7,99,7,3,4,43,12,14,3,36,4,7,5,34,3,28,15,1,31,4,4,1,0,0,2,1,9,17,0,3,34,76,27,13,86,2,4,8,8,4,5,3,8,5,5,4,47,3,4,2,3,0,2,3,0,0,0,2,5,19,14,0,51
457,5,2,0,4,9,4,2,4,13,6,0,10,4,8,1,20,1,2,1,2,2,1,2,0,0,0,1,2,2,3,0,3,18,2,89,11,9,2,39,8,6,8,47,7,8,8,38,4,24,11,3,29,1,5,0,4,0,5,2,8,17,0,3,39,69,23,11,96,7,4,3,5,0,5,2,12,6,1,3,58,4,5,4,5,0,1,5,4,0,0,2,9,19,8,3,57
458,8,3,0,3,6,3,0,3,17,1,1,11,8,6,3,26,3,3,1,2,0,2,2,1,0,2,2,5,2,0,0,1,15,8,86,9,7,4,51,6,7,2,51,10,2,8,25,5,29,20,0,30,0,6,1,1,0,3,2,13,13,1,4,37,82,26,7,88,1,6,1,7,2,6,3,8,5,4,6,52,3,2,4,3,1,1,6,0,0,0,4,5,12,11,3,60
459,8,3,0,5,11,3,1,5,24,6,1,6,4,8,2,17,1,4,1,5,3,2,1,4,0,2,3,3,2,2,0,3,22,3,83,4,2,4,46,8,8,6,47,6,3,9,39,5,24,11,4,18,1,2,4,3,1,6,2,2,17,1,5,39,58,22,10,92,2,4,9,2,2,4,3,8,6,2,5,55,7,6,6,5,1,3,3,1,2,0,3,8,14,14,5,63
460,7,4,1,2,4,4,1,5,13,4,0,14,7,6,2,20,4,2,0,10,4,3,1,8,1,1,0,8,1,4,0,8,17,4,100,5,6,5,57,7,7,3,50,5,7,6,28,4,23,16,1,22,1,6,0,0,0,4,5,13,6,2,5,34,81,25,9,91,2,1,4,2,2,10,3,8,6,6,2,50,3,3,3,7,0,1,3,2,0,1,3,1,15,11,0,47
461,11,5,0,7,5,6,2,7,17,5,1,9,10,9,2,15,5,6,0,2,4,1,0,4,2,3,0,5,2,1,2,6,18,2,74,2,6,6,47,8,11,8,46,9,7,4,31,6,24,17,3,20,0,3,2,0,0,3,2,15,11,0,4,28,71,29,8,105,3,4,2,2,4,4,4,6,6,4,4,60,5,3,0,6,0,2,1,5,0,0,5,6,14,11,3,52
462,6,6,2,3,11,4,1,2,18,2,1,11,7,9,2,16,2,5,1,0,5,2,1,5,1,1,0,4,4,4,0,12,23,6,64,8,3,5,30,7,5,6,66,4,6,8,24,6,21,17,7,26,0,5,0,0,2,2,3,3,18,1,5,40,54,38,13,88,2,3,3,1,4,5,4,9,8,2,3,54,6,11,5,3,0,1,5,0,0,3,4,6,20,8,3,65
463,3,6,1,7,7,2,6,5,13,4,1,7,7,5,1,21,4,2,1,5,4,2,1,1,0,0,0,6,3,2,1,5,26,3,81,7,3,5,39,6,8,6,56,4,3,6,33,4,24,14,4,27,0,2,0,0,0,4,1,9,16,2,3,27,73,29,11,98,6,3,7,1,1,2,5,8,5,5,2,58,5,8,2,6,0,2,3,2,0,0,3,5,12,9,3,70
464,9,4,3,2,5,3,3,4,19,2,3,8,6,6,1,19,5,2,0,4,3,2,0,8,1,1,0,5,3,2,0,3,15,7,69,5,5,2,48,5,8,9,53,6,4,6,21,9,18,10,4,26,1,8,0,0,3,5,5,12,15,0,4,41,79,29,5,100,2,3,5,4,3,4,4,12,5,3,2,51,2,3,4,2,2,6,3,1,1,2,0,10,23,12,3,55
465,6,2,1,5,6,3,0,5,16,4,1,7,8,4,2,27,3,2,0,5,3,2,1,6,2,1,0,7,2,2,0,5,21,4,88,12,10,5,52,4,1,6,46,7,6,4,30,3,28,16,2,19,0,3,2,2,2,5,5,4,13,1,0,35,72,32,14,95,1,4,4,4,2,3,2,9,8,7,3,59,5,1,1,8,0,3,0,0,0,1,2,4,20,15,0,47
466,7,5,0,3,3,1,5,6,23,2,2,11,14,8,0,15,1,4,0,6,4,1,0,4,1,1,1,5,3,3,0,5,18,6,92,5,5,3,46,9,0,2,47,7,9,8,34,6,27,11,3,34,0,2,6,2,1,4,2,6,6,1,2,38,76,25,9,85,2,2,2,4,3,4,9,7,5,12,2,50,5,1,0,5,1,2,3,3,1,2,3,8,12,10,1,60
467,8,4,1,3,6,6,2,3,22,1,2,9,12,12,1,23,4,7,2,6,3,3,1,1,1,4,0,2,1,2,0,7,27,4,88,10,4,5,46,8,7,0,53,3,6,7,30,3,25,14,3,23,2,3,2,4,0,7,0,10,11,2,2,48,68,16,7,87,2,7,2,3,6,6,4,11,7,5,2,41,8,4,2,5,1,2,2,2,0,2,4,6,12,13,0,47
468,6,4,1,7,8,1,1,4,25,2,1,11,6,8,0,16,2,1,0,6,6,3,3,4,2,2,1,5,8,5,0,4,12,5,79,1,2,3,43,11,6,6,54,8,4,7,39,4,27,14,5,39,1,3,2,0,1,5,3,2,15,0,3,41,50,36,14,84,2,1,3,5,2,3,8,7,9,5,4,52,12,2,5,4,0,5,3,2,2,0,6,7,12,11,2,44
469,2,6,0,4,13,5,2,6,23,6,2,10,8,6,2,21,1,1,0,8,7,2,0,5,0,1,1,5,1,2,2,8,14,7,84,4,6,9,28,6,6,7,44,6,8,3,20,2,28,13,2,19,1,3,0,0,3,1,2,10,21,0,4,34,65,31,6,97,5,0,4,6,4,8,8,10,10,3,3,66,4,3,2,3,1,1,2,1,1,0,3,9,9,16,1,63
470,9,11,1,5,7,4,1,10,22,2,2,11,10,3,3,20,5,5,1,9,3,4,0,5,0,1,0,3,0,2,2,4,11,7,76,5,13,2,51,4,5,6,50,5,7,5,26,4,19,12,2,30,2,7,1,2,1,4,0,5,12,0,1,37,67,31,9,87,2,2,7,1,7,4,4,9,6,5,3,55,3,4,2,5,2,4,6,1,0,1,1,8,16,13,2,56
471,4,6,0,4,7,0,2,6,15,4,2,7,2,10,0,22,5,1,0,7,4,2,0,3,2,5,1,7,3,0,0,5,15,8,79,9,11,2,53,8,8,4,57,7,7,6,31,1,33,24,2,23,1,3,3,0,0,1,1,7,16,1,2,36,84,20,11,98,2,4,6,4,4,5,5,7,7,5,2,46,5,1,6,2,0,1,0,1,0,2,2,4,12,10,1,48
472,7,8,1,3,10,2,1,4,12,3,3,7,11,5,3,23,4,3,0,6,6,3,2,3,2,2,4,5,4,3,1,3,30,4,73,8,2,5,39,6,8,9,55,5,9,3,18,4,29,5,4,21,0,4,2,0,2,5,6,13,14,1,0,26,73,31,12,91,2,1,1,4,3,4,7,3,6,4,5,61,4,3,2,4,0,1,3,4,1,1,4,6,14,23,2,56
473,11,3,2,2,11,3,2,2,18,3,3,6,8,5,4,19,1,3,1,4,3,0,2,6,0,3,1,6,2,2,0,2,14,3,87,11,6,3,45,5,2,5,54,5,5,4,34,8,31,20,2,19,1,3,1,3,0,7,6,9,24,0,1,47,74,22,11,98,1,3,2,1,4,3,7,3,5,6,6,47,4,4,1,5,0,3,3,1,0,0,5,7,11,13,1,46
474,14,4,0,3,14,5,3,5,21,5,3,12,11,5,4,18,6,5,0,8,4,2,1,3,1,1,0,4,5,2,0,5,21,3,90,7,4,4,36,8,6,7,34,5,5,5,27,4,28,14,3,23,0,1,2,1,1,3,3,6,18,1,3,52,61,22,14,78,3,3,6,3,3,6,3,12,6,4,2,51,3,4,6,4,0,3,4,6,1,1,2,5,17,13,3,52
475,8,5,1,5,12,1,2,7,13,5,1,9,6,9,5,19,6,4,1,5,4,5,1,5,2,2,0,4,0,1,1,3,13,4,78,9,7,8,42,9,10,6,49,5,7,6,28,2,32,12,1,28,1,4,3,0,0,5,3,10,17,0,2,44,59,26,4,96,1,3,7,1,6,2,2,6,4,2,5,61,6,3,2,2,1,3,2,0,1,4,2,11,15,12,1,53
476,7,4,1,3,7,4,2,4,22,3,1,10,8,13,1,15,3,4,0,9,6,3,1,2,0,2,0,7,1,6,1,6,17,5,97,7,7,4,34,10,5,4,47,6,5,8,43,5,28,13,2,30,0,0,1,1,0,3,3,7,9,1,3,39,68,33,11,108,5,2,3,0,2,5,3,4,4,4,1,39,4,5,4,5,2,1,0,2,0,0,1,11,9,13,0,51
477,12,2,0,3,5,1,2,0,16,4,0,6,8,12,5,14,3,6,0,5,3,2,1,2,1,0,2,5,1,2,0,3,17,6,78,8,7,4,51,7,6,4,51,11,1,6,41,7,21,14,1,25,2,3,2,3,1,2,2,10,18,2,1,39,73,26,16,94,8,1,6,2,4,2,3,12,3,3,3,47,6,5,3,6,0,1,1,4,2,1,4,3,14,16,1,53
478,3,4,1,6,8,4,2,5,13,3,0,4,7,3,1,31,0,5,3,5,2,4,1,7,1,4,0,6,1,1,2,7,22,4,65,5,6,8,50,8,7,5,47,4,4,4,34,6,21,10,4,26,0,4,0,2,0,3,4,11,15,0,4,47,62,31,10,93,3,3,7,6,3,5,3,14,6,5,5,59,5,4,1,2,0,2,5,0,0,3,2,5,12,11,1,58
479,9,6,1,3,13,5,2,6,19,3,1,5,11,8,2,14,1,2,3,3,5,3,0,6,1,2,0,8,1,4,2,6,19,1,77,6,2,6,43,8,1,8,54,7,7,8,32,7,30,19,0,20,0,5,0,1,2,5,3,7,14,2,2,36,64,26,17,83,3,2,3,6,7,1,4,10,7,6,5,49,6,2,3,3,2,2,4,3,1,0,5,8,23,6,1,51
480,6,0,1,7,12,6,3,6,12,1,1,15,11,6,3,20,4,8,1,5,1,5,1,5,1,1,0,3,2,2,0,6,18,5,72,8,4,2,44,6,6,5,46,6,8,7,33,6,25,15,2,29,0,5,2,0,0,6,2,7,10,1,4,43,62,37,12,98,8,5,4,3,5,1,5,11,7,6,3,45,3,2,1,6,2,3,2,4,0,1,3,7,18,11,0,43
481,12,3,1,5,13,6,4,4,22,3,2,8,10,5,2,23,5,3,0,7,6,2,0,3,1,1,1,5,0,1,0,6,13,4,85,3,5,5,32,7,6,10,41,9,4,2,34,2,32,20,6,22,0,7,1,2,3,6,1,7,17,1,2,42,57,32,13,85,1,3,4,3,4,5,3,10,9,7,1,53,8,0,1,4,0,3,6,4,1,1,2,5,21,9,4,46
482,14,1,0,4,12,3,0,4,16,4,2,15,10,6,3,18,4,4,0,7,4,3,2,2,2,4,2,3,3,3,0,5,19,6,83,5,4,2,36,2,8,4,56,10,7,6,29,7,21,10,1,18,1,4,2,0,2,3,3,7,19,2,8,46,58,25,11,84,2,2,1,4,5,4,5,12,5,5,3,50,4,2,4,5,2,3,7,1,1,0,3,8,13,13,1,66
483,6,2,1,3,14,3,0,4,15,5,1,7,8,4,2,19,5,6,1,3,1,6,1,1,1,2,0,4,3,4,0,6,17,7,75,7,8,2,61,8,6,5,48,6,5,5,25,1,29,12,6,21,2,4,3,3,0,3,3,10,11,0,5,48,70,25,14,87,2,6,9,3,3,2,6,13,5,3,4,59,4,4,2,7,2,1,5,0,2,3,1,5,7,10,2,50
484,9,4,0,3,8,5,2,5,17,4,1,15,6,9,2,19,1,5,0,4,2,3,0,2,1,0,2,4,1,1,2,8,19,10,82,6,7,5,52,5,7,4,44,3,5,4,37,5,21,11,0,28,0,5,0,0,0,5,3,10,15,1,2,41,73,32,12,96,0,5,7,2,2,5,4,3,6,4,3,53,3,1,2,3,1,2,3,1,0,2,2,10,12,14,1,54
485,6,3,0,6,8,6,0,4,17,3,3,10,12,8,2,18,2,3,0,8,4,2,0,4,0,1,1,3,1,3,1,4,20,8,90,14,4,2,36,6,5,5,43,4,5,3,43,1,19,12,2,22,1,4,0,1,0,7,5,12,14,2,0,59,68,22,11,95,3,6,7,4,2,2,3,7,3,2,3,51,5,4,4,4,0,1,1,1,2,0,0,4,15,18,2,58
486,6,2,0,8,10,1,3,7,20,2,2,8,8,9,3,20,3,6,2,5,4,3,1,1,0,0,2,6,0,0,0,6,15,6,96,4,8,2,42,6,4,4,48,5,6,9,39,4,23,17,4,20,1,1,1,3,3,4,0,11,14,1,4,28,67,32,10,100,1,5,2,4,5,3,4,7,6,2,8,48,4,5,2,7,0,3,0,5,1,3,4,4,10,11,1,55
487,9,2,1,6,9,4,3,3,12,3,1,11,7,12,3,12,5,3,1,7,6,1,1,5,0,3,0,5,1,3,0,3,22,3,89,10,9,6,33,12,9,4,62,7,6,5,17,7,18,11,1,16,2,1,1,1,0,3,2,8,18,1,7,32,77,35,7,102,4,6,4,2,2,3,4,9,6,5,4,59,5,3,0,4,1,1,2,1,0,1,6,8,20,8,2,44
488,6,10,1,5,10,7,0,3,15,4,0,10,8,10,3,23,2,3,1,10,3,1,0,3,1,2,0,3,1,3,1,4,18,8,76,7,5,7,25,7,2,6,58,5,3,11,32,2,29,14,3,22,0,3,1,0,1,2,3,12,15,0,5,36,68,33,6,98,3,6,6,6,1,10,4,11,2,4,4,66,6,4,2,4,0,2,1,1,0,0,3,7,18,7,0,46
489,12,4,0,5,7,5,1,4,20,4,3,5,12,7,3,17,5,4,1,1,2,1,1,5,0,2,0,5,4,2,1,5,13,5,71,3,8,7,39,9,8,3,47,3,3,3,42,5,26,22,2,14,1,3,2,0,1,3,3,12,16,0,5,36,73,33,10,102,2,3,2,3,1,4,6,11,5,3,3,47,7,1,5,6,0,3,3,1,2,2,5,13,12,14,1,54
490,6,1,0,2,4,1,1,1,19,4,2,5,8,7,7,20,4,5,1,5,1,3,1,1,1,2,1,3,3,0,1,5,18,6,84,6,10,0,39,7,4,5,61,3,9,10,29,7,39,17,7,15,0,4,0,2,1,4,1,6,16,1,2,35,76,22,7,85,4,2,9,3,4,7,6,7,6,6,6,45,1,7,3,4,0,0,6,6,1,1,1,6,15,16,2,63
491,7,3,1,2,8,3,4,4,9,2,1,11,12,12,5,25,6,3,1,3,2,2,1,1,0,1,0,7,2,2,0,5,18,5,96,10,8,4,38,5,10,5,43,8,5,9,33,2,29,21,6,20,1,2,3,1,3,3,2,9,13,1,2,35,65,14,11,96,0,4,5,1,1,5,4,10,9,3,3,53,6,3,0,8,1,2,3,0,1,1,7,6,18,10,1,54
492,7,4,0,0,8,5,2,6,18,3,3,11,8,3,2,22,2,3,0,4,3,3,0,7,2,3,1,12,4,1,1,5,20,8,75,4,4,0,51,9,6,6,47,6,3,4,32,4,28,8,2,19,0,1,1,2,2,3,2,4,19,2,4,46,72,25,10,103,4,9,4,6,5,3,4,15,7,5,1,48,7,3,1,5,0,1,4,0,1,1,0,8,14,13,3,43
493,7,3,0,3,8,4,0,1,23,3,3,9,9,7,1,21,2,4,0,5,2,3,2,3,1,4,1,6,1,2,1,4,20,7,80,5,3,6,38,9,8,6,58,6,7,8,42,6,21,15,4,23,0,2,1,2,0,3,3,7,8,1,2,48,55,26,10,109,4,1,3,5,3,3,1,9,5,3,3,51,4,4,5,5,1,2,6,3,0,3,2,9,15,15,2,41
494,9,2,1,5,6,2,1,5,18,6,2,9,7,5,4,25,1,6,2,4,1,2,1,5,0,1,0,4,1,0,0,9,13,4,74,6,7,4,36,7,10,7,50,8,10,0,30,7,24,12,1,28,1,3,1,0,2,5,1,9,10,0,9,49,74,13,13,99,5,2,4,2,4,5,3,17,7,4,2,42,6,5,3,3,0,1,2,2,0,1,4,9,12,19,2,63
495,8,2,0,5,7,5,2,2,21,3,1,8,9,11,0,18,4,3,0,6,4,0,0,0,0,1,0,5,2,2,0,9,23,6,94,9,3,4,42,8,6,3,56,6,10,7,25,3,19,12,4,26,3,4,1,0,0,0,2,11,11,3,3,37,68,26,13,100,2,3,9,2,5,6,5,5,6,6,0,40,3,2,4,4,1,3,5,3,1,2,5,7,12,10,1,62
496,11,4,1,3,1,4,2,7,21,3,1,5,9,7,0,16,2,3,1,4,5,3,1,4,1,3,2,3,6,1,1,4,16,5,101,9,2,2,39,14,9,7,49,5,5,4,21,9,26,12,4,29,2,6,1,2,0,4,3,5,18,1,5,30,66,13,7,111,2,3,2,2,4,5,2,8,6,6,0,67,5,4,1,4,0,2,0,1,1,2,1,5,17,11,0,58
497,7,3,0,3,8,1,0,7,19,1,1,4,5,5,3,16,2,2,0,2,3,7,3,10,0,4,0,6,4,1,0,3,21,2,76,11,8,3,41,8,7,7,55,5,6,7,35,4,27,10,0,30,1,7,2,0,0,2,1,5,21,0,3,35,52,32,17,103,2,1,5,1,0,8,3,16,9,7,1,58,3,2,5,4,0,4,3,2,0,2,1,8,12,9,3,57
498,11,4,0,5,10,5,2,7,16,3,0,12,6,6,2,18,1,4,0,2,2,1,0,1,1,5,3,10,0,3,1,7,23,4,68,8,9,6,41,7,4,3,45,5,7,5,28,4,24,12,2,22,0,10,1,1,0,3,2,11,21,2,3,39,65,44,11,97,3,5,3,4,4,2,0,8,10,3,5,41,2,2,5,5,1,4,4,4,0,0,6,4,19,8,3,60
499,10,2,0,6,8,6,2,6,14,6,1,10,12,10,3,19,2,5,1,4,9,2,1,5,1,0,2,8,2,2,0,6,21,8,68,4,4,4,43,8,10,5,48,5,8,5,36,4,21,10,1,32,1,2,2,3,2,0,2,4,18,0,0,44,51,33,11,101,3,5,1,8,2,5,3,10,8,1,3,42,5,2,3,3,0,0,2,0,0,0,5,5,17,16,2,65
500,3,2,1,7,11,4,3,4,14,7,0,7,8,4,0,12,3,3,1,3,3,2,1,3,1,2,0,6,2,1,1,11,17,7,77,8,4,4,42,8,8,5,50,5,6,10,28,4,27,16,2,28,0,3,0,2,0,3,1,7,15,1,3,44,65,31,9,101,1,4,4,5,3,6,9,8,7,7,2,59,7,3,4,6,2,1,5,3,1,2,2,7,11,11,0,49
501,9,5,1,7,11,5,6,4,21,2,3,7,12,3,0,28,1,2,1,5,4,5,0,2,1,2,2,1,1,0,0,8,15,4,85,9,8,3,34,5,1,6,55,4,4,5,42,11,18,12,4,26,1,2,2,0,0,4,3,8,13,0,4,46,70,28,7,91,2,2,5,8,2,4,4,8,11,4,3,46,2,5,1,4,1,4,3,4,1,0,5,9,12,11,1,49
502,8,5,3,2,10,4,0,5,20,5,1,6,6,11,3,11,1,3,0,2,3,8,2,0,1,1,0,3,2,0,0,4,18,4,76,11,3,4,49,2,6,4,49,11,6,4,33,8,34,19,4,20,0,5,3,1,1,2,1,14,18,2,3,37,57,37,11,109,1,2,6,4,5,3,1,14,5,4,1,52,5,2,2,4,0,1,4,1,0,2,3,7,13,11,2,49
503,9,5,0,5,8,5,2,7,17,3,1,8,8,10,1,19,2,6,1,6,3,0,2,3,1,0,2,7,3,1,0,5,25,2,82,10,5,7,48,11,4,3,66,8,1,2,24,2,25,16,1,21,1,4,0,0,0,3,3,6,14,1,1,41,62,20,6,90,4,6,5,1,5,5,7,11,5,5,3,58,6,4,3,8,1,0,6,2,0,2,3,5,18,10,0,52
504,8,5,0,2,9,8,0,9,14,5,1,9,9,8,1,25,3,2,1,4,5,0,2,3,0,1,0,7,1,3,1,4,14,7,72,8,5,6,49,8,4,3,51,4,3,7,33,6,20,12,1,22,2,7,1,1,0,1,1,10,15,0,4,32,77,32,9,105,3,8,9,2,3,6,6,8,4,3,1,54,3,3,3,4,0,3,0,4,0,0,1,4,16,18,0,52
505,9,6,0,4,10,3,0,3,23,1,2,7,10,4,4,18,3,6,1,5,5,4,2,4,2,2,0,8,1,1,0,10,15,3,70,9,3,8,46,9,11,6,45,3,10,2,30,11,24,18,2,27,0,1,0,1,1,7,3,6,12,0,2,31,69,30,13,99,2,6,6,4,6,6,1,6,4,5,2,54,6,5,3,0,1,0,0,3,1,0,4,10,20,14,1,45
506,3,6,1,8,12,3,2,2,17,5,2,13,4,12,1,23,1,2,0,9,3,5,0,7,2,0,2,9,2,1,0,6,17,4,83,9,4,8,47,4,11,6,45,4,2,7,35,7,35,14,2,21,0,1,1,1,1,3,3,6,15,0,3,33,72,27,14,89,0,6,0,3,2,5,3,7,5,6,1,52,6,3,1,2,0,0,1,2,0,2,3,5,14,17,2,55
507,5,5,2,8,16,5,1,5,30,5,3,6,8,6,1,17,4,5,2,4,3,2,1,4,0,2,2,3,1,0,0,3,16,9,74,2,4,2,46,8,8,7,40,4,5,8,27,2,34,12,3,24,1,1,4,1,2,3,2,8,14,2,2,46,73,25,11,86,4,6,4,4,4,5,4,8,8,2,3,56,2,1,2,4,0,1,2,3,1,1,4,11,19,10,2,54
508,6,2,0,7,8,5,0,4,12,2,1,6,5,9,1,17,3,5,1,2,1,1,2,6,0,1,0,5,1,1,1,0,10,5,101,3,8,8,44,8,4,5,57,12,3,4,35,5,33,14,2,26,0,1,0,1,2,2,2,9,14,0,2,42,78,24,10,92,2,3,4,1,1,4,2,12,6,2,1,60,3,4,6,5,3,3,3,2,1,1,2,8,19,13,0,48
509,12,5,0,8,8,6,2,2,10,6,0,15,9,7,5,22,2,8,1,4,3,3,3,3,0,4,0,10,1,1,1,6,11,6,65,7,5,4,35,8,4,7,59,8,3,5,38,3,18,18,2,22,1,2,0,0,2,2,2,8,13,1,4,60,68,27,9,102,2,4,1,3,6,8,4,10,7,5,1,46,5,1,1,4,1,1,0,3,0,0,1,9,17,15,1,48
510,12,3,1,5,7,2,0,3,15,4,2,8,12,5,3,16,3,7,3,8,4,3,0,2,1,1,1,2,2,1,2,2,21,10,67,8,3,4,52,7,6,5,57,6,6,6,36,4,30,12,1,19,1,4,3,2,1,7,0,10,14,1,2,50,63,31,8,90,2,3,7,4,3,2,1,7,8,7,2,55,4,6,1,2,0,0,3,5,0,0,2,7,16,15,1,50
511,7,2,2,4,3,3,1,7,18,2,0,11,7,7,1,21,1,7,1,3,5,4,1,2,0,1,1,5,1,0,0,2,22,8,71,11,3,7,45,11,3,2,54,9,5,7,32,6,40,12,6,21,0,6,3,4,0,6,4,3,12,1,2,38,59,25,8,101,2,6,6,1,6,4,8,8,4,4,3,53,4,1,0,5,0,4,3,4,3,0,2,6,18,12,0,56
512,5,5,0,4,10,6,2,6,20,5,2,11,10,7,2,23,2,3,0,3,10,1,0,3,1,3,0,6,3,2,1,2,14,6,68,12,1,3,40,11,7,7,47,2,2,6,40,5,29,15,2,19,0,4,0,1,1,3,3,9,17,2,2,38,69,23,13,91,7,1,3,4,5,3,2,9,6,6,5,62,3,8,4,3,0,1,3,1,0,1,1,11,16,7,0,58
513,4,3,3,6,9,4,3,4,21,1,4,11,14,13,1,12,5,8,0,7,3,2,1,2,2,2,1,4,1,3,1,5,16,2,80,3,6,3,48,8,6,3,53,8,9,2,33,5,22,16,2,21,1,3,2,1,0,3,2,7,21,0,2,43,58,20,10,107,3,5,7,0,1,2,0,7,6,7,3,50,5,3,2,5,2,5,1,5,0,0,5,8,15,5,0,62
514,12,5,1,4,6,3,5,8,21,1,2,9,8,11,2,15,4,3,0,6,2,2,0,2,0,6,0,2,1,4,1,2,26,7,89,7,1,3,40,2,5,5,50,5,5,5,35,5,29,14,2,26,1,1,0,1,2,4,2,4,8,1,6,50,54,33,12,103,2,1,6,4,8,4,3,6,3,8,4,45,4,2,0,7,0,3,5,2,0,1,3,6,18,11,1,52
515,6,6,1,3,14,2,4,9,15,4,2,13,11,8,2,18,2,4,2,3,9,0,0,7,2,3,0,4,1,2,0,3,18,2,94,8,3,6,44,7,6,0,59,9,5,8,27,8,20,20,2,29,3,3,1,3,2,2,2,6,23,1,3,41,69,23,12,81,4,4,7,6,3,3,4,8,4,3,1,53,3,3,0,3,0,1,3,4,1,1,3,4,14,13,0,37
516,3,6,0,4,9,2,3,1,12,5,1,8,13,9,0,17,1,4,0,5,3,4,1,6,1,2,1,7,4,6,0,2,15,5,84,7,11,4,32,7,4,4,57,4,5,7,26,5,39,17,1,22,1,6,1,1,1,4,2,13,15,0,2,27,62,24,11,99,4,4,3,3,0,4,3,9,5,6,3,68,8,6,4,1,1,3,1,4,1,0,3,9,23,14,3,42
517,9,3,1,9,13,6,3,6,23,1,3,11,5,8,1,18,1,3,0,5,3,3,1,5,2,3,0,2,3,0,0,5,18,6,85,4,5,4,54,7,6,5,51,6,4,4,36,8,25,13,1,27,1,3,2,0,0,3,3,8,9,1,3,38,64,15,12,90,3,3,2,3,2,3,2,12,7,3,4,56,2,7,1,7,0,5,2,1,0,2,8,8,14,11,2,53
518,8,2,0,5,11,4,3,4,17,1,2,6,14,14,1,20,1,3,3,3,7,2,0,4,2,2,0,4,0,1,1,5,7,6,83,5,6,4,40,4,9,4,53,7,4,7,31,6,31,18,7,25,1,2,3,1,1,1,7,9,15,1,1,37,57,23,10,98,3,2,5,6,2,3,6,12,3,3,4,64,3,5,7,0,1,1,2,0,0,1,3,16,11,12,3,48
519,4,2,0,3,8,5,1,7,14,3,0,4,8,10,3,20,3,4,0,1,3,2,4,2,2,2,0,2,4,1,0,5,10,6,87,6,3,6,41,8,6,3,42,8,7,8,37,6,28,17,1,29,0,4,3,0,0,4,1,7,22,1,5,41,63,31,13,90,4,4,4,2,5,2,4,10,8,5,3,63,7,1,6,3,0,4,1,3,0,2,0,8,19,11,2,48
520,4,4,1,2,9,1,1,9,17,3,2,7,9,3,1,19,2,2,0,5,6,1,0,4,0,1,0,2,1,0,5,4,22,11,81,7,7,5,39,8,11,7,41,9,6,4,40,3,26,8,2,24,1,2,2,4,1,3,3,7,21,0,4,41,59,23,10,118,6,2,5,7,1,3,0,5,6,2,7,54,6,3,6,4,1,3,1,0,0,0,0,5,17,10,2,59
521,7,1,0,4,4,7,3,5,20,1,2,5,14,6,1,19,1,3,2,5,4,3,3,2,1,4,0,4,2,2,1,4,17,3,85,5,8,2,51,7,5,3,45,9,4,2,32,6,32,17,1,27,0,1,1,3,3,2,2,10,11,2,0,49,60,26,15,87,7,1,2,4,1,2,5,9,4,5,2,56,1,2,3,5,3,5,1,2,1,1,3,9,19,14,3,57
522,9,3,1,4,11,2,0,6,14,2,0,6,10,11,1,17,4,4,0,3,3,1,1,3,1,3,1,7,1,1,0,1,19,8,70,8,3,2,48,5,10,3,44,8,5,5,27,9,33,16,3,24,0,1,1,1,1,1,4,9,21,1,2,41,69,22,12,94,4,5,5,2,4,4,1,13,2,8,5,53,6,4,4,4,0,2,0,4,0,0,4,6,19,12,1,67
523,11,4,1,5,10,4,1,0,18,4,0,13,15,5,1,15,3,1,0,2,3,2,1,2,1,0,0,9,1,2,1,6,17,5,93,12,5,3,45,3,5,6,51,8,7,6,23,3,19,12,4,37,0,4,3,0,0,3,4,7,22,0,4,40,50,37,14,99,5,3,3,5,2,3,4,11,2,6,3,45,5,5,3,4,0,0,4,1,2,0,7,5,22,12,0,46
524,8,4,1,4,7,2,2,5,18,2,0,8,10,12,2,24,5,1,0,7,2,1,0,1,1,5,3,6,1,2,1,8,23,5,71,6,3,4,48,7,5,2,55,3,2,9,35,8,24,16,3,23,0,1,1,1,0,5,7,7,15,0,2,36,67,23,5,97,3,2,3,9,5,3,2,8,8,5,3,46,5,3,4,7,2,4,4,0,0,2,3,9,21,7,1,59
525,10,5,0,6,10,4,0,5,21,2,2,5,10,2,0,26,4,2,0,2,6,1,1,8,1,0,0,3,3,2,1,11,22,3,67,4,4,3,35,4,5,10,58,5,8,8,42,1,25,11,2,27,0,4,2,1,0,4,1,11,21,1,4,38,62,30,13,96,2,3,5,2,2,3,2,6,5,3,3,52,6,1,5,3,0,0,1,3,1,3,3,7,20,20,1,53
526,10,4,0,6,9,2,1,11,16,5,2,12,9,9,2,11,4,5,0,4,2,4,2,2,1,3,0,8,2,1,2,5,18,5,96,6,5,5,54,8,5,3,45,5,4,6,35,2,20,11,3,18,0,4,0,0,0,2,4,5,12,0,4,46,63,22,10,77,2,1,3,4,3,8,4,11,8,2,4,55,6,0,7,4,2,4,2,2,1,0,4,4,19,17,2,64
527,3,9,1,4,13,2,4,3,14,3,2,12,7,11,2,17,3,4,0,3,6,2,1,3,1,2,0,2,0,4,0,3,16,4,80,6,7,6,31,6,7,7,59,7,4,7,27,4,20,18,3,30,0,2,1,0,0,1,1,6,17,0,2,39,82,24,12,101,1,10,2,4,5,4,6,7,4,2,7,47,8,5,5,6,0,3,2,1,0,1,4,8,23,12,1,44
528,13,1,0,5,6,6,2,4,21,4,2,10,7,8,0,11,4,7,1,5,6,4,0,1,1,1,1,6,3,0,0,4,18,7,77,7,3,8,42,6,10,6,52,4,3,6,29,3,25,16,2,23,1,3,3,3,3,5,2,9,16,1,3,42,63,36,12,81,2,3,3,0,3,0,9,5,11,4,2,59,5,4,2,6,1,3,5,0,1,0,3,11,18,12,1,53
529,11,1,0,5,11,5,1,7,16,4,2,12,5,9,4,18,4,1,0,4,3,3,1,3,1,6,0,5,1,2,1,4,27,7,67,8,4,4,51,10,8,4,42,7,4,3,17,1,34,18,3,15,0,5,1,2,2,1,4,10,17,0,1,46,79,21,16,83,0,4,6,4,4,4,4,12,12,4,1,64,6,1,2,4,1,3,2,1,0,0,1,8,15,9,0,56
530,11,4,2,1,8,3,1,5,24,3,1,15,5,5,0,22,3,4,0,3,2,2,1,4,2,0,0,7,3,1,1,2,16,5,77,7,6,4,44,7,6,4,43,8,6,7,31,4,28,10,1,27,0,6,0,1,1,2,3,8,20,0,5,38,73,34,11,78,1,5,7,3,5,5,4,5,6,0,4,49,8,4,3,5,0,1,2,2,0,2,2,5,21,20,2,63
531,5,2,0,2,11,4,0,1,21,3,0,8,11,6,4,16,3,5,2,5,5,2,1,6,2,0,0,4,1,3,1,6,12,8,77,4,4,4,42,9,1,5,48,2,0,6,22,5,32,18,9,34,2,1,2,0,1,5,3,5,19,1,2,43,65,25,7,105,2,2,4,3,2,4,4,11,4,4,1,65,8,6,1,4,1,3,1,1,0,2,6,6,20,10,1,56
532,10,3,0,7,9,2,3,5,23,4,1,17,7,5,1,4,0,2,2,3,5,4,0,5,0,1,1,5,1,1,0,2,24,3,94,11,3,7,42,12,8,9,46,0,5,3,32,5,18,18,2,25,0,4,1,0,1,3,1,9,14,0,4,38,68,19,12,101,3,2,5,3,4,9,5,9,5,2,2,62,4,2,1,4,0,3,1,2,0,0,0,13,18,12,1,53
533,6,5,1,4,6,4,2,6,10,4,0,8,8,8,3,18,4,3,0,3,5,6,0,6,0,1,1,8,1,3,1,6,18,4,94,10,5,5,50,3,10,5,50,5,9,5,33,5,24,18,1,17,0,1,1,2,0,2,1,10,9,0,3,45,73,25,12,79,8,2,7,2,4,4,3,5,4,3,3,53,5,2,0,7,0,2,2,1,0,1,2,10,18,14,2,61
534,10,2,1,4,6,2,3,6,20,1,1,8,11,12,2,24,1,3,1,4,5,1,0,4,1,2,0,5,2,1,1,7,12,8,63,8,4,6,56,7,3,5,48,8,5,8,25,2,37,11,0,12,1,2,2,1,1,2,3,9,16,2,6,45,71,24,6,88,7,1,5,2,4,3,6,9,8,8,4,58,6,1,2,4,1,2,6,5,0,3,1,8,23,8,2,55
535,8,5,0,6,6,3,2,2,17,6,1,9,6,6,1,22,2,1,2,5,5,3,1,3,2,2,0,3,4,3,0,5,16,4,96,3,5,7,45,4,6,6,52,8,6,3,29,7,24,12,3,17,0,4,0,1,0,2,2,12,14,0,3,42,63,15,11,97,2,3,8,4,4,5,4,10,4,6,3,56,4,1,3,6,1,1,3,2,0,1,6,5,19,20,2,57
536,10,5,0,4,6,3,3,3,21,3,2,9,10,11,1,20,4,7,2,6,5,6,0,3,2,3,0,2,2,1,0,4,24,3,86,8,9,2,43,7,7,9,46,5,6,0,22,5,24,21,3,19,0,5,1,0,1,2,2,6,12,2,3,45,88,22,9,75,4,6,1,4,4,4,5,13,6,5,2,60,8,1,1,4,1,2,5,2,1,1,3,6,19,9,3,40
537,9,0,0,2,9,3,1,10,18,1,5,7,12,3,3,22,2,2,0,4,8,3,2,8,3,4,0,2,1,3,0,3,20,6,78,7,6,3,43,7,5,8,47,4,5,11,32,5,24,12,1,22,1,1,1,1,0,4,2,6,9,0,4,43,67,23,7,103,5,2,3,6,7,6,4,6,6,1,4,72,6,2,1,3,0,2,4,0,1,1,1,6,18,12,2,51
538,6,3,1,5,10,1,4,5,18,4,2,8,13,10,5,19,6,5,0,7,6,2,0,1,0,3,2,5,0,2,0,6,24,4,82,10,1,3,38,10,6,4,48,6,4,4,30,6,25,17,3,23,0,6,0,0,0,5,1,11,14,1,2,33,65,30,12,94,3,4,3,2,2,4,4,13,4,1,0,64,3,1,4,1,0,1,3,2,0,1,3,9,21,14,2,50
539,11,6,2,3,6,5,0,3,23,3,0,8,7,14,0,20,4,4,1,5,2,1,0,3,1,1,2,6,4,2,2,2,17,5,62,4,2,3,48,4,5,3,52,10,7,6,27,6,28,18,3,22,0,1,3,1,0,2,2,12,21,3,2,42,57,23,13,92,1,4,5,1,4,5,3,6,5,8,5,65,5,3,4,4,1,3,3,2,0,0,2,7,18,14,3,62
540,9,5,0,4,12,7,1,7,22,4,2,14,7,4,2,12,4,11,0,4,3,1,1,0,0,3,2,3,2,2,1,9,11,4,76,7,2,4,63,6,1,1,48,8,5,1,35,3,20,15,1,21,1,6,2,0,2,7,4,8,11,1,2,36,81,17,16,95,0,3,4,7,2,4,2,8,6,6,4,58,4,2,1,4,0,1,7,3,0,3,2,12,11,15,2,50
541,12,0,0,5,13,6,1,8,15,3,2,7,12,7,3,25,1,1,1,9,2,3,2,1,1,0,0,8,2,1,0,5,13,3,73,4,10,5,42,11,3,4,43,11,6,10,32,0,22,17,1,26,1,3,1,1,2,5,3,5,15,3,1,41,61,29,17,77,3,3,4,6,6,4,4,17,6,8,4,45,7,3,2,6,1,1,5,1,0,1,4,11,15,9,2,65
542,6,3,0,6,10,0,2,1,17,2,1,4,10,5,3,19,2,4,0,3,3,4,1,2,1,2,1,7,3,0,0,7,19,6,91,8,4,6,46,5,8,4,53,11,7,7,26,4,25,12,4,23,0,2,1,0,1,5,4,3,19,0,3,31,82,18,10,89,0,7,3,4,3,4,0,12,7,5,0,62,7,2,3,5,0,8,1,5,0,2,4,5,20,10,1,54
543,9,3,1,2,5,6,7,3,17,3,0,6,13,5,0,22,1,7,0,9,5,0,1,4,4,1,1,6,5,0,0,3,16,2,87,7,11,5,41,7,10,5,48,7,3,4,32,2,23,13,1,21,0,2,1,1,2,3,4,11,15,1,3,29,51,29,6,106,3,6,5,3,3,4,4,11,3,3,2,59,6,8,6,7,1,2,1,4,2,1,0,7,17,14,2,58
544,9,5,2,1,7,4,0,5,22,0,2,5,10,10,1,19,4,3,0,3,4,2,2,5,0,0,0,4,2,3,2,8,13,8,67,12,4,5,51,6,6,6,52,5,4,4,37,5,12,12,3,25,2,2,3,1,1,0,1,10,26,0,3,41,65,27,13,98,3,3,3,4,0,5,6,17,4,3,3,57,8,7,2,9,0,3,3,1,1,1,5,7,16,7,3,45
545,3,5,1,6,9,4,1,1,16,3,2,8,7,7,1,23,0,6,1,8,3,3,0,4,1,2,1,5,0,2,0,4,17,7,77,4,4,6,42,8,6,1,60,7,4,4,30,3,25,5,6,25,1,4,0,1,1,3,2,5,14,2,4,30,89,28,11,93,6,2,3,2,2,4,3,8,4,5,6,61,5,4,1,8,1,1,2,2,1,0,3,8,15,15,1,61
546,9,0,1,4,8,7,3,4,25,3,0,10,7,8,1,20,3,4,2,2,3,1,1,3,1,2,1,7,2,1,2,2,17,6,84,5,6,3,49,3,4,7,51,7,4,6,29,6,23,12,2,22,0,3,0,1,3,5,3,9,18,0,4,32,70,25,9,94,3,2,3,3,5,2,1,15,7,7,2,46,2,4,6,4,0,1,9,1,0,0,2,9,18,25,3,51
547,10,6,1,4,11,5,1,4,20,2,1,11,5,7,1,22,3,5,1,8,4,2,2,3,2,1,2,14,1,0,0,3,11,6,76,11,5,1,39,8,10,5,51,4,5,6,32,4,28,11,0,23,2,2,1,0,0,4,3,9,16,0,3,40,73,30,13,96,2,4,3,2,5,6,5,6,6,3,2,52,5,4,4,7,0,1,4,5,1,0,1,6,21,8,3,44
548,8,4,0,2,11,3,2,2,19,6,1,7,12,12,3,16,1,4,1,4,2,2,1,2,1,0,0,3,1,2,0,9,19,5,78,6,4,2,41,2,5,10,57,6,3,7,25,5,35,20,3,33,0,3,1,0,1,1,5,12,16,2,2,46,61,41,7,96,1,5,4,4,4,1,4,14,5,8,2,39,6,3,2,4,0,4,3,2,0,0,1,7,18,15,2,41
549,8,9,0,2,10,1,2,10,12,1,1,5,10,5,2,10,2,4,0,2,2,1,0,2,1,1,0,6,2,3,2,7,20,5,84,7,4,9,52,5,5,4,41,4,5,10,31,2,23,14,4,29,1,5,2,2,1,3,1,6,16,2,4,30,69,25,12,107,3,7,4,4,3,2,7,9,8,5,5,42,3,4,3,9,0,9,0,2,1,1,3,6,22,19,2,50
550,4,4,1,5,10,1,4,3,19,2,2,5,8,9,2,17,3,3,0,5,5,1,0,4,0,1,0,5,5,1,1,5,10,5,94,8,7,0,45,10,3,5,54,4,2,3,30,4,34,12,3,19,2,0,2,1,0,5,4,5,18,0,6,33,75,22,14,102,2,6,2,4,4,3,6,3,6,2,4,55,5,0,3,5,0,5,1,7,0,3,4,12,13,13,1,55
551,8,3,0,3,6,1,4,7,21,1,2,7,7,7,5,17,1,8,1,4,7,4,1,1,0,3,0,4,3,3,2,9,17,4,78,8,2,1,48,8,6,8,56,5,6,5,31,6,32,16,0,22,1,2,2,2,1,9,1,4,20,1,7,48,56,25,8,94,3,1,5,3,2,4,6,9,6,6,1,57,3,4,3,3,0,1,4,1,0,2,3,13,14,12,3,41
552,7,3,2,4,14,3,0,2,19,3,3,13,10,6,0,16,0,1,1,4,3,1,2,3,2,3,0,3,2,3,1,4,19,6,75,4,5,4,50,9,4,6,45,8,7,6,23,7,22,20,2,20,0,4,1,0,0,2,2,13,14,1,7,48,67,28,7,92,1,5,3,3,3,6,4,9,4,5,4,54,3,2,3,6,1,8,7,2,1,2,3,8,12,12,1,62
553,12,6,1,2,8,1,1,6,13,4,0,10,13,7,2,29,2,4,0,2,5,1,0,7,0,0,0,3,3,2,2,5,23,4,98,7,1,3,49,5,1,5,45,7,4,2,33,2,19,12,0,27,3,1,2,1,1,3,3,6,13,1,4,52,62,24,12,95,3,3,3,2,3,4,6,10,6,5,5,55,5,2,1,6,0,6,1,1,0,1,4,7,15,9,2,54
554,11,8,1,3,6,1,1,3,15,2,1,7,9,4,1,20,2,6,0,6,3,4,1,6,0,3,0,5,2,0,1,7,18,5,76,8,4,3,42,5,5,6,55,6,6,4,24,7,22,9,1,16,1,2,1,1,0,5,1,6,24,0,5,42,80,30,7,101,5,3,2,4,5,4,5,7,7,5,5,51,4,5,3,4,0,3,1,0,0,0,3,10,23,16,1,57
555,12,4,0,7,5,5,2,6,21,3,3,12,8,4,2,21,1,6,0,6,2,0,1,9,1,1,0,8,3,0,0,10,25,3,76,7,9,1,35,8,7,4,56,6,4,7,27,9,21,8,2,18,1,0,1,0,2,1,4,14,14,2,4,45,61,27,12,89,1,6,2,5,6,6,4,9,9,5,2,47,7,2,3,2,4,1,2,1,0,1,10,9,20,6,2,55
556,8,5,0,2,12,3,1,3,17,1,2,6,13,7,3,15,3,6,0,9,5,1,0,4,1,6,1,7,3,0,0,7,19,5,70,9,5,7,43,14,4,5,52,10,4,3,28,7,24,10,1,24,2,4,2,1,0,1,3,9,10,1,5,45,75,20,13,89,1,7,2,6,3,2,4,12,10,3,3,54,7,6,1,6,0,2,1,3,0,1,3,6,16,15,2,49
557,8,4,0,9,7,2,3,4,15,3,2,9,11,12,1,25,1,4,0,3,1,6,0,6,1,0,1,2,3,4,2,7,15,7,65,10,9,8,45,15,4,4,51,4,9,4,33,10,26,16,5,26,3,3,2,2,0,3,3,13,13,1,2,39,63,25,8,83,3,6,6,7,3,8,3,11,2,2,5,38,4,4,3,4,0,3,1,2,1,0,3,8,19,16,0,53
558,5,3,1,4,6,2,0,9,26,2,3,15,11,9,2,14,2,2,1,1,4,2,0,3,0,0,0,7,1,2,0,4,17,7,77,5,8,5,47,6,8,4,59,8,5,3,23,7,30,17,1,23,0,2,0,2,1,4,1,13,21,2,4,28,68,22,10,95,1,2,10,5,0,3,4,10,8,5,4,50,5,3,2,8,0,0,3,4,0,2,1,17,23,11,1,44
559,5,4,0,9,8,6,1,5,15,1,1,6,11,8,1,19,2,6,0,4,3,5,1,3,1,4,0,5,1,5,1,5,16,9,85,8,7,5,59,8,5,4,46,5,5,7,35,2,28,15,1,24,0,2,1,2,0,7,1,6,21,0,2,36,64,22,15,88,5,2,8,6,1,2,6,12,4,6,2,54,1,5,3,4,0,2,4,0,0,1,3,7,15,11,2,47
560,9,2,0,6,6,4,2,5,16,1,3,10,10,4,5,17,2,3,0,9,1,2,0,4,1,2,0,7,3,1,0,9,17,10,75,12,9,7,43,8,7,9,49,3,11,9,36,5,29,12,1,17,1,3,0,1,1,3,3,3,14,1,3,37,62,22,6,92,2,2,5,5,1,6,0,10,8,6,3,56,6,5,3,4,0,2,5,4,1,2,3,6,21,16,1,52
561,7,3,1,8,10,2,1,5,20,4,0,10,3,13,2,21,2,0,0,3,3,1,0,4,0,0,0,8,2,1,1,5,18,8,56,3,5,1,37,10,10,8,50,9,6,4,38,4,31,17,1,25,0,3,1,1,1,3,2,12,15,0,1,40,83,30,8,93,5,1,4,2,3,3,5,10,7,7,3,54,8,6,5,4,0,2,2,2,0,0,5,11,15,13,1,48
562,3,2,0,2,7,1,1,2,16,3,2,6,9,8,3,19,1,5,0,4,0,3,0,3,0,2,2,6,1,3,0,5,13,6,99,5,4,6,49,8,6,2,46,9,0,9,38,5,27,18,0,27,0,4,2,4,1,2,2,5,13,1,3,41,70,25,13,87,2,7,3,3,4,2,3,15,3,7,6,60,3,8,5,2,1,3,5,1,1,3,2,6,21,6,1,48
563,5,4,0,4,7,3,2,6,14,3,2,9,8,8,1,16,2,5,2,5,0,3,3,4,0,1,0,8,0,3,1,8,20,3,83,2,7,3,47,2,7,6,57,4,13,6,31,6,26,13,4,22,0,2,2,1,2,4,3,6,11,2,5,46,67,20,9,106,5,0,3,3,5,3,2,4,5,2,3,65,3,3,5,12,0,1,2,2,1,3,3,5,16,12,2,45
564,1,5,1,4,10,6,1,5,23,2,4,15,11,8,3,24,0,2,1,3,4,3,3,5,1,0,0,4,1,2,1,5,19,8,83,7,3,4,45,14,5,4,52,9,7,6,30,3,27,9,0,26,0,6,3,1,1,5,3,9,14,1,1,43,65,23,9,88,4,5,4,3,0,3,7,8,5,4,2,46,6,2,5,4,1,2,2,4,0,3,3,6,12,10,0,58
565,3,5,2,11,4,0,4,4,19,2,0,11,6,5,2,18,3,5,1,2,5,0,2,7,1,3,0,3,2,4,0,7,21,4,79,9,3,6,48,4,9,7,48,7,5,11,36,6,26,13,2,29,0,3,1,1,0,3,4,6,15,1,5,28,63,31,11,98,2,2,7,4,4,3,1,6,7,3,3,42,4,4,6,6,0,2,4,2,0,0,4,6,25,13,2,54
566,7,4,0,5,9,6,1,2,9,1,1,9,12,3,3,23,3,1,1,4,5,4,0,4,2,1,1,8,0,2,0,7,11,6,91,5,4,1,57,8,7,6,64,7,3,4,34,6,20,24,6,26,2,0,2,1,1,3,3,9,19,2,4,46,60,23,15,90,1,5,1,4,4,3,5,8,5,3,1,41,3,7,0,5,0,2,2,1,1,0,1,14,15,10,3,47
567,7,4,1,3,6,4,0,5,23,3,1,10,6,8,2,24,3,4,0,3,3,1,1,5,0,0,0,7,2,1,0,4,21,11,79,6,3,2,45,6,7,6,39,4,6,8,35,5,15,17,1,16,2,2,2,1,0,3,2,9,15,0,2,45,70,16,10,89,3,7,7,3,4,4,3,8,5,6,4,59,5,7,3,7,2,2,6,0,0,0,4,10,24,11,4,61
568,10,4,1,3,16,6,1,4,13,2,0,7,7,12,3,23,3,5,1,4,4,2,0,4,1,1,0,8,2,0,1,8,20,6,76,7,8,5,47,5,7,10,47,4,7,5,24,8,23,16,3,22,0,1,3,0,3,1,6,10,14,1,0,34,57,23,9,103,4,6,3,2,1,2,4,12,4,2,2,48,3,3,3,7,0,2,5,0,1,1,4,4,33,11,3,59
569,11,3,0,5,11,2,3,7,26,1,1,14,8,8,1,14,2,5,1,7,3,2,0,7,1,2,0,4,0,1,0,6,24,5,65,10,1,4,49,7,7,12,52,4,5,12,30,4,24,9,1,26,0,0,1,3,2,2,1,15,12,3,5,31,66,30,15,80,4,0,4,5,2,8,2,11,6,4,1,55,5,3,3,4,1,1,6,0,0,2,1,9,24,13,2,51
570,11,6,1,8,7,4,3,7,18,2,0,6,8,10,2,20,2,3,0,7,6,4,0,3,0,1,0,3,5,2,1,6,17,4,88,6,7,2,39,9,2,2,49,13,5,3,35,0,28,7,1,23,1,4,2,1,0,1,3,9,18,3,4,42,72,24,18,94,5,4,2,5,2,2,5,8,5,9,8,49,6,2,4,4,0,5,2,3,0,2,0,9,12,5,2,48
571,12,4,3,3,10,4,0,9,21,7,2,9,7,2,0,16,6,4,0,0,5,1,1,3,0,4,0,5,0,2,0,3,19,5,92,8,2,3,49,9,4,3,49,7,8,5,28,7,30,9,2,25,0,2,0,0,0,1,3,13,23,0,3,35,60,25,9,82,1,4,5,5,3,6,3,13,6,2,7,69,8,3,2,6,0,1,3,2,0,1,9,4,14,13,0,47
572,12,3,1,8,8,2,2,3,16,5,2,11,16,13,2,23,2,2,1,4,0,3,1,4,1,3,0,7,1,1,0,5,20,8,84,4,2,2,44,8,8,5,50,5,10,2,40,4,28,12,3,34,2,2,1,0,1,6,2,7,10,0,2,32,54,28,9,99,1,1,5,1,4,6,1,10,3,4,4,45,8,0,2,7,1,4,0,5,1,0,1,9,15,13,2,57
573,8,3,1,1,11,6,3,6,15,2,2,10,8,5,5,19,1,5,1,7,3,0,1,2,0,3,0,6,2,1,0,8,13,6,87,11,6,2,44,3,3,3,48,4,2,5,35,7,21,21,4,22,1,4,3,1,0,3,5,8,24,2,0,39,71,23,18,99,6,1,5,1,1,4,0,13,7,3,1,48,3,2,2,3,0,4,3,1,0,1,4,7,10,13,2,62
574,10,4,0,2,2,6,0,6,18,3,3,13,11,5,1,24,4,3,2,4,2,2,1,5,0,4,3,2,4,5,0,7,13,4,85,5,5,6,48,8,8,4,56,5,6,5,34,5,31,16,1,25,0,0,1,2,2,3,3,9,12,0,2,36,67,26,6,83,4,3,3,2,1,4,3,8,2,5,2,56,6,6,0,6,0,3,4,2,0,0,1,6,12,11,1,71
575,7,3,0,3,11,5,2,9,23,2,1,2,6,4,2,19,3,3,0,7,3,3,1,2,2,2,2,3,1,0,0,2,15,2,73,9,7,3,47,5,5,7,51,9,3,5,37,1,25,10,4,24,0,3,1,1,1,4,3,9,11,3,4,40,78,19,13,98,2,3,6,3,3,4,4,6,7,5,1,51,3,6,5,2,1,2,3,1,1,1,3,5,25,15,3,66
576,12,3,0,4,5,4,2,4,14,5,4,8,9,8,3,24,4,2,0,3,4,5,0,1,1,6,0,1,1,2,0,4,12,5,90,10,4,3,35,8,10,8,51,4,6,2,39,3,35,5,1,22,3,7,1,0,0,2,1,4,12,2,2,40,51,28,13,85,0,4,3,4,2,3,4,11,9,2,0,73,3,4,4,4,1,2,1,3,0,3,1,5,17,23,0,67
577,12,1,0,4,10,3,2,7,18,4,3,11,7,14,1,15,1,2,0,6,3,0,0,8,0,1,1,3,2,3,0,10,15,6,78,7,5,9,52,11,1,11,60,7,2,7,38,3,19,12,3,23,1,2,4,0,0,1,0,8,13,2,3,37,75,28,12,75,2,2,3,3,3,2,3,12,2,4,1,51,8,0,2,7,1,4,0,6,1,0,4,7,14,14,3,59
578,7,7,0,2,7,3,3,4,13,2,4,15,9,10,0,22,4,2,1,5,4,4,0,3,3,0,0,1,1,4,0,3,14,7,73,4,6,2,44,10,4,7,53,6,7,7,41,3,35,22,0,17,2,5,2,2,1,1,4,15,11,0,4,45,62,23,11,93,2,2,6,4,0,3,4,8,6,5,1,54,6,7,0,3,1,1,3,0,0,1,8,8,22,10,5,44
579,12,5,0,4,8,3,2,10,12,4,2,9,8,7,1,21,0,4,0,4,5,1,2,4,0,4,0,3,3,4,0,1,18,8,85,6,5,3,40,8,12,0,47,2,4,5,21,4,19,11,8,27,0,4,1,0,1,2,4,7,16,3,5,37,63,25,15,93,4,5,5,3,2,9,3,11,7,7,2,59,5,8,3,9,0,3,4,2,0,0,0,6,19,12,2,58
580,9,2,3,2,12,5,0,4,20,1,2,10,9,7,1,21,3,5,1,5,4,2,0,2,0,4,2,7,1,2,0,5,26,3,84,6,2,4,49,8,5,7,38,7,9,6,24,4,28,18,4,26,2,6,2,0,1,4,5,9,16,0,5,42,64,27,12,82,3,3,5,3,0,4,4,7,6,3,2,56,6,3,2,2,1,2,2,1,2,1,3,12,21,12,3,45
581,9,2,2,10,8,1,2,5,16,3,2,4,11,5,1,22,1,6,0,5,3,3,2,7,1,0,0,3,2,3,3,7,16,3,85,8,9,4,39,7,4,3,52,2,7,4,32,1,23,13,4,15,0,0,1,3,0,5,1,6,11,3,3,38,60,28,17,100,3,2,3,4,2,6,3,7,5,7,1,64,5,5,3,5,0,1,2,1,1,0,4,6,27,12,3,62
582,4,3,2,4,10,4,1,3,15,5,3,3,12,5,2,21,0,5,1,3,0,2,1,4,0,5,1,6,2,1,2,4,22,8,82,7,5,3,38,6,7,6,57,7,6,4,27,5,29,17,3,21,0,0,1,1,0,4,2,10,11,0,3,54,67,21,11,82,6,2,4,2,3,5,2,11,6,6,3,67,5,3,5,2,0,3,3,2,1,0,2,6,20,11,0,59
583,3,5,1,6,8,1,3,4,14,4,3,20,6,7,1,17,0,3,1,2,6,4,0,3,0,2,0,5,1,3,1,5,17,3,74,10,3,4,53,8,7,5,50,6,7,8,33,3,40,16,1,23,0,4,1,0,0,4,0,11,17,0,3,35,66,18,15,85,3,2,9,4,2,7,2,8,4,6,1,74,8,1,1,2,0,2,2,1,0,0,2,5,16,15,3,51
584,6,4,2,4,9,6,1,3,20,3,2,17,3,8,3,20,2,5,1,12,0,1,1,4,0,3,0,13,1,3,0,7,18,2,78,10,7,5,54,7,6,7,54,5,2,4,33,3,25,9,2,31,2,6,3,1,0,1,1,11,20,0,2,39,51,28,6,83,3,2,5,2,2,1,2,11,7,2,3,58,2,6,6,6,1,2,1,1,1,2,0,5,19,10,5,55
585,9,5,0,7,9,5,2,4,12,1,2,9,14,5,4,16,3,1,0,4,6,4,0,1,0,1,0,2,1,4,1,7,22,4,69,6,4,3,55,10,4,5,61,4,7,6,38,4,20,15,0,28,0,2,3,0,0,2,4,8,17,2,1,35,64,26,10,112,3,4,3,1,3,1,6,14,4,5,3,42,8,5,3,5,0,0,5,3,0,1,6,5,17,15,1,47
586,2,5,0,8,12,6,0,3,12,2,0,11,9,5,5,17,0,3,1,3,3,3,1,7,2,0,0,3,1,2,0,5,15,7,59,3,8,5,35,7,2,11,52,10,7,13,38,6,31,17,3,22,1,3,5,1,3,6,1,10,14,0,3,40,64,34,9,89,5,6,6,3,2,3,3,7,5,5,2,65,2,2,3,3,0,1,4,1,2,2,7,5,20,15,2,54
587,6,2,1,6,10,2,1,9,16,2,4,14,10,10,3,25,4,6,0,6,1,5,2,4,2,3,1,6,3,3,0,4,15,4,77,10,2,7,48,7,5,4,42,5,3,6,29,4,21,14,2,24,0,4,2,0,1,3,2,7,12,3,1,56,63,24,9,104,1,4,8,3,3,3,1,8,7,3,3,42,2,9,2,4,1,2,1,3,1,0,5,12,14,14,1,52
588,6,3,1,5,5,2,2,6,22,1,2,10,6,7,4,23,6,1,2,8,5,3,0,1,2,0,0,4,1,2,2,5,17,4,75,6,5,5,47,7,7,1,55,2,7,5,34,4,20,11,2,26,0,3,2,2,2,4,3,6,18,1,5,34,63,26,16,89,0,5,7,2,2,8,3,11,8,4,5,59,9,2,5,4,0,2,6,2,0,1,4,10,10,10,4,56
589,7,6,0,4,7,5,1,6,19,3,3,5,16,6,1,18,4,5,2,3,1,3,5,4,2,3,0,4,1,2,1,4,18,6,68,9,6,5,50,6,3,6,51,9,6,6,33,3,35,17,4,28,1,2,1,2,1,6,4,16,12,1,5,39,57,27,13,81,5,2,3,2,0,4,3,7,8,3,2,52,4,2,2,6,2,1,1,2,1,0,4,11,19,14,3,49
590,10,0,0,4,5,6,3,8,14,4,2,12,9,6,2,12,2,5,0,6,2,1,3,7,2,1,2,5,4,1,0,6,21,5,76,3,5,3,48,10,5,4,51,4,5,3,26,8,28,16,5,25,0,2,1,0,0,2,1,7,14,2,2,43,67,22,10,92,2,2,5,6,4,5,6,9,3,9,3,56,4,5,5,6,2,3,2,1,0,4,2,8,18,12,0,58
591,12,1,0,3,12,7,1,7,18,3,0,7,10,8,3,10,2,5,1,7,3,1,0,8,1,3,1,7,1,5,1,7,20,5,74,6,2,3,50,9,6,6,53,8,7,7,31,3,22,9,1,25,2,4,0,1,1,3,2,5,11,2,2,29,73,24,11,88,2,5,7,3,5,6,4,11,7,7,4,62,9,3,1,2,1,3,1,2,1,0,1,9,8,11,1,64
592,13,1,1,3,6,3,3,5,20,2,0,12,10,11,3,34,5,5,2,3,2,1,0,2,1,0,0,7,2,1,0,7,14,5,67,8,2,7,35,9,9,8,67,5,7,4,25,6,31,13,1,30,1,5,3,1,0,5,5,8,6,3,6,35,49,33,9,95,6,3,1,0,2,5,4,9,5,5,2,61,2,1,2,5,0,2,2,1,0,1,5,10,14,12,2,56
593,7,3,1,5,6,6,1,5,11,3,2,11,5,7,0,15,3,3,0,4,3,2,0,3,2,3,1,4,0,2,1,4,21,5,97,5,5,2,57,6,7,1,47,7,5,5,26,4,22,7,3,25,4,2,1,1,3,2,4,14,19,2,11,35,73,32,7,84,3,4,10,2,8,3,4,6,7,3,3,53,2,1,3,3,0,2,5,1,0,1,3,3,22,12,2,60
594,11,6,0,1,7,4,1,6,18,3,0,13,9,7,1,15,3,7,0,3,3,4,1,7,1,0,0,4,5,2,0,3,14,4,84,8,4,1,44,9,6,4,68,9,3,7,23,4,30,19,1,19,0,4,1,1,0,2,2,13,14,1,1,43,50,31,13,94,3,4,5,7,2,7,2,12,5,4,1,45,5,5,7,5,2,2,3,2,0,1,2,9,17,13,2,52
595,8,3,2,4,10,4,2,9,20,6,3,8,7,12,1,14,4,4,0,4,3,6,1,1,1,3,0,2,1,1,0,8,19,4,85,7,8,3,41,13,4,6,59,8,10,6,34,4,23,12,0,26,1,4,2,3,0,5,3,4,15,1,4,26,58,19,13,87,7,0,6,4,4,4,4,7,9,1,0,62,2,4,2,3,1,2,3,3,0,2,5,6,23,19,2,46
596,10,4,1,4,5,3,2,3,16,5,3,9,14,5,1,11,3,2,0,1,5,1,0,1,1,1,0,3,1,2,1,5,22,4,76,7,5,4,46,10,6,5,53,9,1,5,43,3,21,18,1,22,1,2,0,1,2,5,4,12,18,2,6,37,68,26,8,87,3,2,4,2,3,7,1,11,4,3,7,60,2,5,2,6,0,3,3,1,1,2,2,8,16,12,0,67
597,5,6,3,5,9,2,1,4,11,7,2,9,2,6,6,18,1,4,1,6,3,4,1,0,2,1,0,5,0,2,1,8,23,9,85,10,3,6,47,6,2,4,50,9,6,10,36,7,22,13,3,18,0,2,1,1,1,3,1,9,10,2,2,35,64,39,9,100,3,4,7,1,7,4,6,11,4,4,4,40,6,0,3,4,0,2,3,2,0,3,2,8,20,10,2,57
598,8,2,2,10,8,4,4,4,16,2,2,9,7,8,2,18,4,6,0,1,5,3,2,6,1,0,0,4,4,4,1,3,16,4,81,9,3,6,51,5,5,1,51,4,3,6,14,6,29,18,0,17,0,6,1,3,1,2,8,7,18,1,2,39,70,29,9,97,2,8,7,1,3,3,3,5,6,2,4,49,4,1,7,4,2,5,3,1,0,2,3,7,17,16,2,61
599,10,3,2,5,8,6,2,9,14,3,1,7,9,6,4,19,2,3,0,1,8,1,2,2,0,2,0,5,2,0,1,3,19,9,76,10,6,6,43,7,5,5,55,6,4,7,36,4,32,15,2,18,1,2,0,1,0,2,4,7,16,1,2,34,61,31,10,96,4,2,7,4,3,7,4,13,5,4,3,43,10,0,3,6,0,1,5,2,0,1,2,7,17,12,1,61
600,9,5,1,5,11,5,1,6,16,2,3,9,12,8,3,25,5,4,1,6,8,1,2,6,0,6,0,4,1,2,0,5,16,6,76,11,4,4,38,8,10,2,47,3,2,5,44,5,15,11,1,18,0,3,0,0,0,0,2,8,16,3,3,39,71,26,12,95,3,5,5,3,1,3,4,8,7,4,2,50,8,2,2,8,1,1,3,6,3,2,3,4,14,18,1,53
601,10,3,1,4,13,1,3,1,23,2,0,13,9,11,2,14,2,2,0,4,2,3,1,1,0,3,1,6,1,1,0,7,16,4,89,3,6,3,46,4,2,6,48,11,7,5,33,5,21,16,2,20,2,1,1,3,2,3,2,9,16,1,3,35,70,26,8,92,3,5,6,4,4,6,3,8,2,6,2,65,8,7,3,7,0,2,1,0,0,0,4,9,15,12,1,52
602,5,7,1,7,10,7,1,4,29,4,2,8,2,10,3,17,3,7,1,5,3,4,1,4,0,0,1,1,1,0,1,4,12,4,91,1,11,4,54,11,9,8,56,10,6,7,28,4,20,17,6,22,1,0,5,1,3,3,0,7,13,0,4,33,64,28,9,79,3,2,5,4,2,2,8,8,12,5,3,47,6,1,5,8,0,2,4,1,1,0,5,5,17,8,2,50
603,8,1,0,4,13,5,1,3,9,3,1,7,8,8,4,19,2,3,1,3,4,2,0,0,0,2,0,3,1,2,0,7,23,5,94,10,5,4,35,7,1,6,50,9,3,8,36,3,27,18,3,17,1,2,1,1,4,3,3,15,19,1,1,43,72,26,14,89,4,3,5,0,5,1,1,12,9,6,4,52,3,3,4,5,0,2,3,6,0,1,4,3,19,12,1,49
604,4,2,0,8,9,3,3,9,15,9,2,12,5,9,1,19,1,4,1,2,3,4,1,7,1,2,1,1,3,1,0,7,18,5,81,2,5,3,42,8,2,5,55,6,4,9,37,4,23,13,6,31,1,4,0,0,2,4,0,3,19,2,1,31,63,28,6,100,4,6,8,4,1,2,7,12,2,4,3,57,3,1,2,5,1,3,5,1,0,2,1,6,12,12,3,61
605,6,8,1,2,11,1,0,7,23,3,2,6,5,5,1,23,2,1,0,10,4,2,0,4,2,1,0,10,0,1,2,5,12,5,91,10,5,5,46,4,4,7,48,6,6,4,25,1,29,15,3,23,1,7,1,2,0,1,2,8,11,2,5,43,59,36,12,97,1,3,4,3,3,4,0,9,3,3,3,58,6,3,3,5,0,3,3,3,0,3,6,8,16,9,1,53
606,8,3,1,9,8,2,2,2,17,3,2,17,9,10,3,19,2,3,0,2,2,4,3,6,1,1,1,9,2,1,0,5,13,7,80,7,8,2,45,12,4,2,54,6,6,8,31,2,20,10,1,28,1,3,2,0,0,4,0,4,6,0,1,42,68,25,11,105,2,5,3,1,1,1,5,12,5,4,2,54,4,3,2,6,2,3,6,2,1,1,1,6,13,16,4,60
607,6,4,0,7,4,4,1,4,22,5,1,11,5,8,3,18,3,3,0,7,3,0,1,3,1,1,0,2,2,0,0,5,16,5,68,8,7,2,50,2,3,6,41,5,6,6,36,7,36,13,3,14,1,2,2,0,1,4,1,10,21,2,6,36,60,33,16,108,5,8,7,2,1,4,4,9,8,6,0,43,6,3,4,5,0,1,3,3,3,3,7,7,17,10,2,58
608,8,2,1,2,12,3,4,7,15,2,2,10,4,9,2,16,2,4,0,3,2,3,2,4,0,3,0,7,1,0,1,5,20,6,81,6,8,4,31,8,7,2,59,6,5,2,26,3,29,12,3,26,1,0,2,1,5,4,3,7,15,1,4,48,82,31,12,93,2,3,4,3,4,4,1,18,2,5,4,51,0,1,2,4,0,1,2,2,0,3,1,13,16,13,3,49
609,6,5,1,2,6,6,2,8,17,3,0,4,11,7,1,27,3,4,1,5,3,3,0,4,1,2,0,8,3,2,3,5,14,5,101,7,4,3,41,10,7,5,46,10,3,6,26,3,25,6,4,15,0,4,1,0,0,8,3,5,12,2,1,39,72,22,15,106,4,3,4,2,1,3,3,11,5,5,3,55,8,4,1,4,1,0,1,3,1,0,6,13,19,10,0,46
610,6,2,1,7,9,2,1,4,17,3,1,12,9,12,5,17,7,7,0,4,2,3,1,3,3,2,1,4,3,4,1,3,15,6,75,4,5,3,49,10,5,8,43,3,3,3,27,3,27,12,1,22,1,2,0,2,2,1,3,7,21,1,6,36,69,20,10,94,2,4,3,5,8,6,4,9,8,5,4,66,4,4,4,6,1,3,4,2,1,0,3,2,15,15,2,55
611,14,4,1,9,9,2,0,9,17,4,1,6,6,12,0,15,1,4,0,5,2,4,1,4,0,0,0,3,2,0,2,5,22,6,76,7,5,5,38,6,6,6,46,7,1,10,27,3,22,16,1,36,0,4,1,2,0,5,3,10,12,0,4,54,60,24,8,98,5,2,8,3,4,4,4,17,3,7,3,48,4,5,3,4,0,3,2,2,0,1,2,9,17,2,2,63
612,4,6,1,10,9,3,3,5,19,3,1,10,13,8,1,24,2,4,0,5,4,7,3,2,0,3,0,6,4,2,0,6,15,8,87,4,10,3,42,11,10,3,44,1,2,4,37,4,28,9,2,20,0,4,1,1,0,2,3,10,13,1,1,44,73,24,12,88,3,2,3,5,5,3,4,13,4,2,2,52,5,4,1,4,1,3,2,2,0,7,2,6,14,9,1,52
613,2,3,0,6,7,0,2,4,18,5,4,17,7,6,1,28,6,3,0,5,1,2,0,3,3,1,0,2,1,5,3,9,17,7,74,8,6,6,47,5,4,6,53,6,6,7,27,6,26,18,3,21,0,3,5,0,0,2,3,7,14,1,1,49,59,28,9,87,3,4,5,3,3,1,4,17,1,7,6,48,2,1,2,5,1,3,4,3,0,2,3,4,25,11,2,55
614,13,3,0,5,9,4,1,3,22,5,1,10,9,3,5,25,4,2,0,5,3,3,1,4,2,0,1,6,3,2,0,4,16,5,73,9,2,5,43,8,5,4,48,7,3,8,37,6,33,15,3,23,3,2,1,1,2,3,1,9,17,1,4,39,68,19,14,111,2,6,7,4,2,6,2,7,6,3,5,36,2,1,1,6,0,1,3,0,1,2,0,10,14,13,0,54
615,6,5,0,5,7,5,0,6,17,6,4,9,10,7,2,23,3,3,0,6,3,5,0,3,3,3,0,7,2,1,0,6,22,5,84,8,9,5,36,4,8,3,46,3,8,3,23,3,29,14,1,26,1,2,1,1,1,4,3,1,13,0,3,35,78,19,16,90,3,7,10,6,2,2,2,9,7,6,1,49,9,5,4,6,0,1,2,6,1,1,3,5,20,13,0,55
616,5,5,0,5,10,3,1,2,17,1,0,5,3,13,3,10,1,4,1,3,2,1,2,4,1,2,0,4,3,3,0,9,13,2,81,6,6,3,60,9,5,2,42,4,5,5,33,2,23,18,4,26,0,3,4,0,1,5,3,10,15,1,5,37,73,35,8,89,0,1,10,5,3,1,2,16,7,3,1,55,7,2,1,9,1,3,5,0,0,1,5,8,20,17,1,55
617,4,4,1,6,8,1,1,4,17,1,1,10,8,9,1,17,5,2,1,2,4,3,3,1,1,1,1,6,0,5,0,7,18,1,83,7,7,2,37,11,7,10,50,5,9,6,30,3,28,13,3,21,0,3,0,1,0,5,3,6,18,1,4,47,68,30,9,91,2,3,4,2,4,8,5,9,4,4,2,59,2,4,5,3,0,0,6,2,0,3,1,12,18,11,1,54
618,4,4,2,4,6,4,2,7,11,3,6,10,13,6,3,20,4,3,1,5,6,1,0,1,0,2,0,5,2,4,1,3,15,5,95,9,7,3,32,9,6,6,52,5,5,4,27,5,23,9,3,24,0,1,0,1,0,6,0,10,17,0,0,47,67,27,13,95,3,2,6,2,1,1,6,9,13,6,2,52,1,3,3,1,1,2,2,1,0,1,7,5,21,16,5,57
619,4,6,0,8,8,6,2,1,19,3,1,10,7,12,2,17,2,6,0,10,7,2,0,5,0,2,0,4,1,5,3,9,15,2,73,8,5,6,41,11,8,9,61,5,7,4,31,5,31,14,4,22,1,2,0,1,1,1,0,7,15,3,4,34,64,29,12,86,2,3,4,4,3,2,6,8,5,4,2,42,6,3,3,4,1,1,2,2,1,0,2,10,14,13,1,68
620,9,2,0,2,9,3,0,4,19,6,1,10,11,12,0,22,0,4,0,4,9,1,0,4,0,5,0,6,3,1,0,7,21,3,84,6,12,3,34,6,5,7,50,5,4,7,31,3,27,14,6,29,1,3,2,2,1,6,1,6,23,1,2,45,53,23,13,91,2,5,5,2,3,4,6,13,3,6,4,48,3,4,3,10,0,3,2,2,0,3,1,8,20,8,1,47
621,9,8,1,5,13,2,1,0,17,2,1,9,8,10,2,23,0,2,0,6,5,2,2,4,0,1,1,3,1,2,0,3,12,3,87,8,14,1,58,5,5,2,46,7,5,2,29,1,24,10,3,28,0,2,0,0,1,3,3,6,10,1,1,40,74,30,9,99,1,6,4,6,4,5,5,7,4,3,1,55,6,4,1,3,1,3,0,1,1,3,4,5,19,20,2,54
622,5,3,0,4,11,1,0,5,22,5,1,11,8,10,1,20,2,5,0,7,4,0,1,7,1,5,0,3,0,3,0,5,11,7,78,6,2,6,43,7,6,4,58,3,3,3,26,3,23,9,3,19,1,7,1,0,0,1,1,12,14,1,5,45,72,27,19,106,2,4,9,4,2,9,2,8,8,2,1,48,6,3,4,4,0,3,2,1,0,2,1,13,13,9,1,57
623,6,10,0,3,8,3,3,4,13,4,1,8,8,2,2,23,7,4,1,3,4,3,1,4,2,2,0,6,5,2,0,9,21,4,67,15,8,5,45,2,9,6,48,8,7,6,39,4,25,12,5,29,0,2,1,2,1,1,2,10,13,3,4,35,58,20,8,99,3,6,6,2,6,3,4,14,6,5,1,56,4,6,6,4,1,1,4,0,1,1,2,8,16,12,1,46
624,8,4,1,1,5,8,2,5,14,5,0,9,7,12,2,24,3,4,1,6,5,2,0,3,0,0,1,4,2,0,2,2,20,4,89,3,5,2,42,3,3,5,58,5,3,5,38,3,21,17,2,24,0,4,2,1,1,5,2,16,17,0,3,39,59,21,17,96,3,1,6,3,5,4,6,9,6,3,3,55,2,3,4,6,0,1,4,2,0,1,2,9,17,11,0,57
625,8,5,1,5,10,2,4,5,18,5,3,10,4,4,0,30,4,3,1,4,4,4,0,5,1,2,0,4,4,2,0,2,17,6,100,5,4,6,52,11,7,11,49,4,7,10,36,4,18,12,2,14,0,5,3,0,1,5,4,4,9,0,3,29,47,30,10,80,0,4,3,5,5,5,3,9,5,5,3,67,3,2,4,8,2,5,7,1,1,2,5,4,13,8,3,59
626,8,6,1,9,14,3,0,8,15,2,2,8,10,9,1,19,2,1,1,7,3,1,2,1,1,8,0,5,4,2,0,6,24,2,75,13,5,5,59,4,5,6,43,7,5,7,17,1,23,18,3,25,0,2,3,0,1,5,1,8,16,2,6,32,67,26,9,79,2,5,6,5,2,10,5,13,8,8,4,56,5,2,1,7,0,6,4,3,1,0,4,4,18,13,2,43
627,8,5,0,2,5,2,5,10,26,6,2,11,8,8,1,22,3,4,0,8,3,2,2,3,2,3,2,5,0,3,1,5,19,5,69,6,3,1,47,10,6,3,45,6,9,5,33,1,14,11,2,28,2,3,1,2,2,4,6,13,9,3,2,37,68,31,10,91,1,2,4,2,4,4,3,12,11,6,5,50,4,1,3,4,0,2,6,2,2,1,4,6,20,10,2,55
628,6,5,0,7,8,3,3,10,18,4,1,9,11,9,0,20,5,6,1,4,2,3,2,7,2,1,0,5,0,2,1,3,18,8,58,9,4,4,49,4,3,8,42,4,4,5,32,1,32,19,4,25,0,6,0,4,0,4,4,10,16,2,6,35,55,30,10,107,3,8,4,1,4,6,2,12,8,6,1,55,9,3,3,1,0,5,4,0,0,2,1,6,17,15,3,41
629,8,4,1,3,6,5,1,7,15,1,2,14,6,4,3,21,2,8,1,3,6,4,0,4,3,2,3,3,1,0,0,4,17,5,93,3,8,6,44,10,3,5,35,7,8,6,32,5,21,18,2,27,1,3,2,1,1,5,1,10,11,0,2,51,71,18,9,98,3,2,6,4,1,3,2,8,4,5,3,49,7,2,3,5,0,0,5,4,1,1,3,9,21,10,0,55
630,6,3,1,4,8,5,4,5,17,5,1,6,8,5,2,15,3,6,1,5,2,2,0,4,0,3,0,6,0,3,0,9,17,9,69,6,8,4,37,5,1,5,51,4,4,5,38,4,28,13,1,22,0,1,2,1,1,0,1,9,16,1,1,47,58,24,20,126,2,1,5,1,5,4,1,15,8,3,1,50,1,0,2,7,0,1,4,2,1,1,4,9,15,10,1,68
631,12,6,1,8,10,6,1,4,20,3,4,9,6,7,3,12,0,0,0,4,2,2,2,5,3,1,2,6,0,1,0,7,19,3,75,9,6,4,52,13,9,9,37,7,8,7,32,3,27,14,2,23,1,6,2,1,1,6,3,5,11,1,5,40,52,22,10,99,2,4,5,8,2,3,3,18,5,5,3,59,7,5,1,6,1,3,4,2,0,1,1,5,10,13,0,53
632,8,3,0,4,10,8,1,2,14,3,0,5,14,8,0,23,6,6,0,2,3,5,1,3,1,6,0,2,1,2,1,5,20,7,89,5,5,7,45,9,5,6,52,10,3,6,32,7,20,9,4,23,1,8,0,2,0,5,1,6,15,0,1,45,69,27,9,95,6,3,4,4,5,3,3,6,6,2,1,45,6,1,0,11,0,2,5,0,1,3,3,10,14,13,4,44
633,9,5,1,7,8,6,1,3,16,4,4,12,8,6,1,18,1,3,0,1,5,2,1,7,2,2,0,7,3,6,0,5,12,6,88,7,6,5,49,10,10,7,50,13,6,7,25,6,30,12,1,26,0,2,0,1,0,7,3,9,14,1,5,39,63,18,8,97,3,2,9,4,2,0,2,9,7,5,4,46,7,0,4,4,0,3,5,1,1,1,1,5,13,14,3,48
634,7,1,1,7,8,4,2,8,14,2,2,11,13,7,1,18,8,2,0,2,5,3,1,3,2,2,1,6,1,1,0,6,23,7,69,7,2,2,41,6,9,7,55,5,2,6,31,4,37,11,2,26,3,3,1,0,1,3,3,6,10,1,1,52,70,25,11,102,4,3,5,4,2,4,2,10,3,4,2,52,4,2,3,4,0,1,1,1,1,2,4,3,28,9,1,48
635,12,1,3,5,12,1,0,7,19,2,0,5,9,7,2,25,3,4,2,4,13,2,1,8,2,3,0,6,3,4,0,5,19,3,78,8,3,5,57,9,10,3,44,4,3,9,30,6,24,15,2,20,0,3,1,0,0,1,8,4,12,2,1,45,65,24,9,90,3,5,4,3,4,2,8,11,9,4,3,34,2,7,3,4,1,2,2,0,0,0,5,9,19,10,4,55
636,10,3,0,7,7,4,3,2,13,2,1,11,7,4,3,24,1,2,0,4,2,5,0,3,1,6,0,6,3,0,1,9,22,6,84,9,5,5,37,8,5,5,38,3,4,2,26,11,26,11,3,35,1,0,1,0,2,2,3,13,6,0,2,44,76,28,15,93,5,3,3,5,3,4,0,12,9,3,4,42,5,3,5,4,0,0,3,2,0,1,3,6,20,11,1,68
637,8,5,1,4,8,2,3,6,13,3,1,11,10,4,3,17,3,3,1,7,4,2,0,3,0,2,1,6,2,3,2,6,26,7,91,6,13,7,40,3,6,8,51,4,3,8,23,10,34,20,3,16,0,4,1,3,0,3,0,10,10,0,3,41,55,20,11,102,4,2,3,3,5,3,5,8,2,3,2,55,2,4,3,3,2,3,2,4,0,0,1,8,18,13,3,53
638,2,4,0,2,4,6,2,4,18,2,2,10,14,6,3,22,3,6,1,7,4,3,0,5,1,0,0,9,3,1,0,5,15,8,68,6,2,8,40,6,6,9,52,8,3,8,31,6,28,19,4,27,0,7,2,1,0,5,2,8,12,0,3,42,67,16,9,94,4,4,4,3,5,5,4,8,7,0,2,61,2,1,5,5,0,4,3,3,3,3,5,9,14,15,2,48
639,4,2,0,1,6,1,1,6,21,2,2,10,15,10,1,18,1,3,0,6,5,4,2,4,1,3,0,2,0,1,2,2,20,6,89,10,8,4,44,17,4,2,56,7,5,4,26,4,23,8,4,15,0,4,3,3,0,3,5,2,15,0,4,37,68,25,8,106,3,6,3,2,3,1,7,4,7,2,4,54,4,2,0,6,0,5,0,1,0,1,4,5,21,13,3,64
640,9,0,0,6,10,3,4,5,11,3,2,7,7,7,1,16,2,7,2,7,6,2,0,7,0,4,0,4,1,1,0,6,14,3,80,14,5,3,37,12,12,5,39,9,9,8,43,7,25,12,5,20,2,2,1,3,3,3,2,10,20,2,2,31,65,27,14,86,2,5,1,5,0,4,2,16,6,6,0,53,6,4,3,2,2,0,4,0,2,0,3,8,17,8,4,62
641,5,4,0,4,10,4,4,3,22,1,1,6,7,8,0,20,3,2,0,2,5,2,1,1,2,0,0,8,1,2,2,4,25,6,87,7,3,4,36,10,11,2,54,3,7,8,31,5,32,18,2,20,0,2,1,1,1,6,4,11,10,3,2,44,74,14,11,86,4,5,4,5,5,6,5,9,8,2,2,57,8,1,4,4,0,4,3,2,0,0,2,6,12,7,2,58
642,12,6,0,6,10,4,1,7,16,3,2,9,9,7,2,25,2,5,1,1,2,5,1,4,3,0,3,4,2,5,1,8,23,1,75,12,4,2,43,5,7,2,50,6,4,6,20,7,22,9,2,28,1,2,2,0,1,3,2,5,18,0,1,36,79,27,7,93,3,2,4,7,1,3,2,15,6,5,3,55,8,3,2,6,0,1,0,1,0,3,5,11,23,9,0,51
643,5,5,1,1,10,4,1,4,17,4,1,11,5,6,2,17,4,3,0,0,4,2,2,4,3,1,1,2,1,1,1,6,18,5,79,7,7,1,54,12,5,8,50,11,5,1,36,6,23,10,3,22,0,5,1,1,0,2,2,10,12,1,2,36,75,35,7,95,7,4,5,2,3,2,3,7,5,3,6,54,2,2,2,5,1,1,6,2,1,1,2,6,22,9,1,60
644,6,5,2,9,7,5,3,7,18,2,3,7,8,8,1,20,3,2,0,2,3,0,2,5,3,1,0,7,0,1,1,8,19,7,80,7,6,4,51,10,9,6,50,0,2,5,28,7,31,16,1,26,0,3,2,0,0,4,3,9,13,0,1,53,64,26,9,88,3,1,3,3,3,3,6,16,5,3,1,50,4,2,2,4,0,1,1,2,0,1,2,9,21,7,0,58
645,8,5,0,5,7,4,2,3,16,5,1,6,6,8,2,22,3,4,1,4,1,4,0,6,2,0,2,6,2,3,2,5,9,1,89,6,5,9,56,5,9,7,47,4,7,7,21,2,22,18,2,24,0,5,1,1,0,3,2,10,14,1,2,37,68,26,15,85,3,4,2,5,3,4,3,12,4,2,2,57,7,3,5,9,0,3,2,4,0,0,2,8,6,16,5,64
646,9,6,1,6,14,0,2,2,15,4,2,4,10,9,3,23,1,1,1,4,5,4,1,0,0,1,0,5,2,2,0,3,24,5,89,6,7,8,55,7,7,6,38,4,9,5,38,7,24,19,4,13,2,3,1,0,0,3,0,1,20,1,6,41,55,24,10,105,2,1,3,5,0,4,5,9,9,2,4,45,4,4,3,11,1,2,5,3,1,1,3,8,17,9,0,52
647,10,2,0,7,8,1,2,5,16,1,1,12,12,19,2,19,1,4,1,1,3,1,1,4,3,3,1,0,2,1,1,5,12,9,89,5,6,2,41,8,8,3,51,13,4,5,27,3,22,16,0,20,2,3,1,3,1,5,4,7,13,1,3,50,64,29,10,97,3,3,1,4,1,3,4,8,8,11,5,48,7,2,7,3,0,3,3,3,0,1,1,8,11,12,1,53
648,12,5,0,4,14,6,2,3,19,3,0,5,5,5,1,15,4,4,1,4,1,3,2,2,1,0,1,5,1,1,1,5,16,5,77,7,6,4,45,5,3,3,52,3,9,5,25,10,29,11,3,21,2,5,0,1,2,7,3,10,11,0,2,38,75,26,14,92,3,2,8,4,2,2,6,16,6,2,1,64,8,3,1,4,1,3,4,0,0,4,2,4,16,11,1,60
649,7,4,0,1,10,7,2,2,16,3,2,7,6,6,1,18,1,5,2,6,5,2,0,3,2,2,0,7,0,2,1,5,21,4,106,7,2,4,35,9,6,9,50,13,10,4,23,4,30,12,2,19,0,4,0,2,0,2,3,9,13,1,6,46,63,30,10,85,3,7,3,4,2,1,0,12,5,6,1,50,8,1,4,8,1,2,1,1,0,0,3,10,16,10,0,62
650,9,3,0,3,10,5,0,6,19,3,0,11,12,10,0,20,3,7,1,5,2,3,0,2,1,6,0,7,1,2,0,4,21,3,69,8,4,7,45,10,7,10,38,6,2,7,31,3,24,17,0,22,2,4,1,1,3,5,2,8,15,1,2,45,65,33,12,86,3,2,5,4,3,5,6,5,6,10,3,56,2,2,3,7,0,2,2,2,0,1,2,10,22,13,0,50
651,6,1,3,6,8,4,5,5,18,7,3,7,9,10,2,12,1,6,1,4,5,1,1,5,0,3,0,3,4,0,1,2,14,3,81,5,8,8,58,11,8,6,45,9,5,7,37,2,25,18,2,23,0,5,0,1,2,4,6,4,21,1,7,40,62,26,11,90,3,3,3,3,3,5,3,8,4,2,5,50,4,3,4,5,1,0,3,1,0,0,3,4,18,8,0,56
652,6,1,2,7,16,7,1,2,18,3,1,6,11,8,1,21,2,3,0,5,5,3,0,8,2,0,0,5,3,2,3,4,14,4,85,9,1,2,27,5,10,5,67,5,5,5,38,2,33,15,4,27,0,1,4,1,0,3,2,4,19,1,2,48,54,27,11,92,3,3,6,1,3,7,3,7,11,5,4,48,5,5,3,2,0,4,3,1,1,0,2,9,9,13,2,52
653,12,4,1,2,6,4,0,4,19,2,0,13,6,8,1,20,2,4,0,5,5,3,2,2,0,1,0,8,5,2,1,8,14,5,80,8,7,7,48,7,8,4,42,8,2,6,33,4,25,10,1,29,1,2,0,0,0,5,2,14,14,1,3,36,60,30,13,90,6,2,1,4,4,3,3,17,5,1,2,55,7,4,6,3,1,1,3,3,0,0,2,11,21,13,3,50
654,9,2,1,2,9,2,2,7,12,1,6,11,11,10,2,13,1,5,3,4,5,1,1,4,0,2,2,5,1,2,0,4,18,2,80,4,5,3,53,10,4,8,52,4,11,11,39,3,20,10,1,16,1,4,1,1,0,5,3,10,14,1,1,42,56,28,9,99,4,4,4,1,2,2,5,8,9,3,0,60,5,1,6,5,1,4,4,2,1,1,1,8,15,11,1,63
655,5,2,3,5,9,6,1,7,16,4,2,8,10,7,2,18,3,3,0,6,5,2,0,6,0,2,3,3,2,5,2,3,20,8,84,10,5,2,48,5,4,6,41,8,10,6,26,5,17,16,3,15,0,6,1,1,1,1,4,13,16,3,4,34,69,33,10,101,3,5,3,3,4,4,5,12,9,7,5,46,2,0,4,6,0,1,2,2,0,0,5,7,12,7,2,58
656,5,4,0,1,11,4,1,6,27,4,3,8,3,8,2,32,1,2,0,5,2,4,0,1,1,2,0,1,2,2,1,3,16,5,94,10,6,4,43,11,9,5,45,6,3,4,33,1,30,14,3,20,1,3,0,3,2,1,1,5,24,0,4,40,66,24,6,104,3,3,5,1,4,2,2,9,5,2,1,49,4,2,9,4,0,5,2,0,1,3,3,4,16,13,1,55
657,7,3,1,5,7,4,6,9,26,3,1,5,8,9,1,27,4,1,0,8,4,3,1,8,1,5,2,7,4,3,0,6,14,5,78,5,2,4,44,7,3,3,58,7,3,7,31,3,27,17,0,22,3,4,2,1,1,4,5,8,11,0,3,37,52,28,11,88,2,5,4,1,5,3,3,8,8,7,0,55,4,4,2,5,0,2,3,2,0,2,1,10,9,15,2,61
658,9,4,0,2,9,3,2,9,25,1,0,7,10,13,0,22,3,3,0,3,2,0,1,3,0,1,2,5,1,2,0,1,9,7,72,5,8,3,44,9,6,5,52,5,3,3,28,7,21,20,1,30,0,4,1,1,1,2,2,8,14,1,6,42,62,22,17,108,1,4,4,3,4,2,0,15,6,5,5,43,5,4,3,8,0,4,3,1,1,0,1,12,16,13,3,62
659,6,2,0,5,5,3,3,7,19,5,1,12,5,4,2,22,4,1,0,1,1,3,0,3,2,4,2,3,0,3,0,7,13,4,74,3,8,5,52,5,2,3,60,9,6,6,40,3,27,15,1,18,0,4,3,1,0,3,2,8,15,1,6,46,75,23,17,85,3,3,2,3,2,4,2,5,3,4,1,63,6,4,4,8,1,3,1,0,0,1,2,10,14,11,0,62
660,6,6,1,4,7,5,0,3,19,2,1,11,6,6,2,19,3,3,1,6,3,2,2,4,2,6,1,4,2,1,1,5,19,4,77,9,5,3,45,9,8,4,44,8,4,3,26,1,22,13,2,24,0,2,0,3,2,4,3,11,22,0,2,47,69,26,10,86,4,1,5,5,2,6,3,11,7,4,3,65,3,3,3,3,0,2,6,6,1,3,1,9,17,12,0,54
661,7,6,0,3,9,7,1,4,17,2,0,10,10,9,3,25,2,3,3,1,5,6,0,4,1,2,1,6,2,2,1,7,20,5,87,8,5,4,41,6,7,5,47,5,5,8,32,6,17,13,3,27,0,2,2,2,0,3,6,7,17,0,3,35,73,24,13,80,3,5,4,3,5,7,3,15,5,4,2,56,4,5,1,4,0,3,2,1,0,1,3,9,12,6,2,58
662,11,0,2,6,9,2,1,5,23,2,3,18,7,12,2,21,3,6,1,5,2,1,2,7,1,1,1,3,1,3,1,4,13,8,86,10,4,9,34,8,4,6,55,10,6,6,31,6,25,9,0,25,0,1,0,2,0,3,2,8,18,1,6,34,79,25,12,83,2,2,2,5,5,5,5,6,7,5,1,43,1,2,4,5,0,2,1,2,0,1,4,9,17,12,3,54
663,5,2,1,7,11,4,2,4,23,5,2,10,8,12,3,20,2,4,1,4,7,1,0,4,4,4,0,2,1,2,0,5,26,5,88,5,4,4,33,7,9,2,62,9,5,5,20,2,25,15,5,26,0,0,0,2,1,5,0,9,18,1,2,40,67,17,10,105,4,5,3,0,2,3,5,8,8,4,4,39,8,4,0,9,0,1,3,1,0,1,2,16,15,13,0,48
664,17,4,2,4,8,1,1,6,7,4,2,10,9,5,2,18,3,5,0,6,4,6,0,8,0,2,0,2,0,1,1,3,21,7,81,8,8,5,42,4,10,4,56,6,3,6,36,4,24,19,2,22,1,4,2,0,0,2,4,7,19,1,6,36,54,22,13,88,4,6,2,3,3,2,8,15,7,4,1,58,3,4,6,7,0,0,3,1,2,0,6,5,20,8,0,54
665,5,4,1,4,9,0,2,4,14,7,1,4,9,6,1,20,1,4,0,6,2,3,0,3,0,1,2,7,3,2,0,5,26,4,76,7,3,4,46,2,7,3,41,4,6,6,30,6,30,11,4,23,2,9,2,0,2,4,3,13,16,1,3,50,62,24,17,89,4,3,4,2,3,3,1,11,7,2,1,59,8,6,3,5,0,5,6,2,0,0,5,10,16,16,1,51
666,7,5,3,7,13,2,0,4,15,2,1,5,11,7,2,28,2,0,1,6,1,3,1,2,0,1,2,4,3,3,0,3,16,11,67,8,3,2,46,8,6,6,50,3,6,1,30,4,25,18,2,17,1,4,2,1,1,5,2,9,15,0,3,51,63,33,8,99,1,1,7,4,3,3,2,10,3,7,1,55,7,2,1,5,0,1,4,0,1,0,6,8,19,11,3,65
667,11,4,0,8,7,5,0,4,8,7,3,18,14,12,1,21,4,2,0,7,3,3,0,3,1,4,2,8,0,3,0,1,14,4,99,16,7,1,48,5,2,5,62,8,4,8,32,1,33,11,6,20,0,3,0,0,0,4,4,8,18,2,4,31,50,29,5,76,1,7,0,2,2,4,7,4,6,6,6,56,4,1,5,5,2,1,2,2,1,0,1,13,13,6,3,56
668,4,5,0,3,9,4,3,4,26,4,1,12,4,9,3,17,2,2,1,3,3,1,2,3,0,1,0,6,4,1,1,4,18,7,81,7,6,2,43,7,1,4,43,5,6,9,26,7,19,19,2,21,2,3,3,2,2,6,2,9,23,0,2,37,77,35,13,94,2,5,8,1,1,2,10,8,4,8,4,48,4,5,6,5,0,4,3,3,0,2,3,4,17,12,0,46
669,8,5,0,7,5,5,1,5,24,1,0,8,5,4,4,15,2,5,2,8,5,2,1,3,2,3,1,5,2,1,0,10,17,4,85,7,5,4,35,4,3,3,43,6,8,4,38,4,31,12,3,27,2,0,1,1,2,2,3,6,14,0,3,43,74,31,18,88,3,7,3,4,1,2,5,7,4,5,2,63,2,4,2,3,1,4,5,2,0,1,6,3,9,16,1,55
670,9,4,1,5,6,3,2,3,18,2,1,10,13,8,3,16,3,1,0,7,1,3,1,3,2,1,0,7,2,2,0,0,13,11,89,8,3,5,51,9,5,3,55,1,8,7,39,4,26,8,2,15,0,2,0,0,0,4,3,9,21,4,4,41,70,22,10,97,6,1,5,1,4,5,3,9,3,4,0,53,3,6,2,8,0,3,2,0,0,0,2,5,25,10,1,53
671,5,5,0,2,12,2,0,4,21,2,3,7,10,5,4,16,6,5,0,8,6,2,0,3,1,3,0,5,1,2,2,6,11,7,85,15,9,3,53,6,4,2,50,6,2,6,28,2,19,18,2,23,1,7,1,1,0,4,2,14,18,0,2,35,65,23,7,102,5,3,2,1,1,3,3,12,7,3,1,52,2,0,5,6,2,3,5,7,0,1,4,9,20,10,1,51
672,11,7,0,10,13,6,5,12,20,0,1,2,10,11,0,28,1,0,1,7,5,1,1,0,2,1,0,3,0,0,2,4,20,7,78,6,4,7,41,5,5,13,49,9,7,2,29,2,22,14,1,24,1,4,1,2,0,6,2,12,14,3,3,40,67,32,12,86,4,2,1,5,0,5,3,15,9,4,3,53,3,2,0,10,0,2,3,1,0,0,2,6,13,5,4,51
673,8,3,0,4,8,4,1,5,11,2,2,10,10,6,1,19,2,5,1,5,4,2,4,3,0,3,2,7,3,1,0,4,16,8,97,4,6,2,53,7,9,4,56,5,4,8,29,5,19,14,1,31,1,2,1,1,1,2,2,7,14,1,2,44,67,35,11,77,4,7,5,4,5,6,3,4,8,2,2,42,5,4,3,4,0,3,0,1,1,0,2,12,16,12,0,59
674,8,5,2,4,2,4,3,8,16,2,1,8,8,8,2,23,4,2,0,5,3,1,1,5,1,1,0,8,2,2,1,7,18,2,104,10,5,3,52,9,4,1,49,2,0,6,31,2,31,11,3,17,0,6,0,1,0,3,0,6,22,0,5,39,64,30,7,93,2,2,3,4,3,9,3,10,8,2,5,58,2,4,7,1,0,2,6,1,1,2,2,8,18,11,1,42
675,12,3,1,0,3,5,4,3,15,1,2,10,14,7,2,18,0,2,0,10,3,1,1,1,1,1,1,5,2,2,2,5,20,6,75,3,8,4,58,8,5,5,52,5,10,10,26,5,29,17,2,26,2,3,1,1,1,2,3,8,18,1,3,41,70,21,9,104,5,1,1,6,1,3,3,5,8,4,2,44,3,3,3,4,0,0,2,4,0,2,0,9,26,11,2,49
676,10,1,1,3,9,2,0,9,16,3,3,12,9,10,3,25,0,1,0,8,1,3,2,4,0,1,2,4,1,3,0,5,18,4,89,9,6,6,52,9,10,1,54,8,5,6,29,5,27,15,4,29,1,5,5,0,0,5,3,9,13,0,4,40,64,30,4,92,3,1,6,4,3,6,3,11,5,3,4,35,4,2,1,5,0,3,1,3,0,2,3,5,20,8,0,47
677,9,4,0,3,11,6,1,9,19,8,5,8,7,8,1,24,2,2,1,4,8,1,2,3,0,1,1,7,2,4,0,3,22,5,74,10,7,0,46,9,5,6,59,6,1,8,33,2,26,15,1,27,0,1,1,2,3,2,7,5,19,0,3,35,51,19,10,108,5,3,4,2,4,3,2,9,9,5,2,49,4,2,1,2,0,2,3,3,2,0,3,5,21,10,4,49
678,14,4,3,6,9,3,2,2,16,2,2,4,7,18,2,14,9,6,2,4,4,1,0,8,1,3,0,4,2,2,1,3,24,7,78,8,3,8,38,10,5,4,40,7,5,8,39,1,26,10,1,23,0,5,1,2,0,4,1,12,8,0,3,29,68,26,7,104,3,3,2,4,3,4,5,4,8,5,4,56,4,3,5,5,0,3,5,4,1,1,7,7,17,6,1,57
679,8,5,0,9,10,6,1,5,13,1,1,11,10,8,2,24,0,2,1,5,3,1,1,4,2,1,0,5,2,1,0,7,22,3,102,7,3,2,46,5,6,3,47,7,5,3,30,3,26,15,2,18,1,1,0,0,0,2,3,8,9,1,2,35,65,21,15,110,3,4,1,4,3,6,3,8,6,4,4,56,4,2,6,5,0,4,2,3,0,1,4,12,17,12,2,47
680,7,3,1,5,6,5,6,6,14,1,4,7,13,8,5,20,3,3,1,7,5,3,1,4,2,0,3,3,4,1,0,10,17,8,74,7,5,3,50,4,8,9,57,3,5,3,20,7,27,18,2,21,1,2,0,2,1,1,1,7,7,3,2,33,72,26,18,100,3,3,6,2,3,3,11,11,5,5,1,33,4,4,2,7,1,2,2,4,0,1,3,6,18,18,1,56
681,5,4,1,5,5,2,0,6,15,2,1,5,8,6,0,15,1,4,0,5,1,2,1,1,1,2,1,7,1,0,0,6,28,6,85,8,10,4,54,9,4,5,45,5,6,7,30,4,21,21,0,29,0,4,2,0,0,1,4,5,16,2,4,45,64,22,13,82,4,4,5,4,5,6,8,9,11,7,0,55,1,3,5,7,0,3,6,0,1,2,2,8,12,13,4,57
682,10,6,0,2,11,4,2,2,15,4,3,6,14,4,2,15,3,3,3,7,5,2,2,4,0,3,2,7,1,2,0,4,20,5,86,6,6,6,35,6,8,4,52,3,8,3,37,8,22,19,1,20,0,7,2,1,0,6,2,6,13,0,3,41,79,29,6,87,3,3,4,5,3,2,3,14,5,6,5,47,8,3,5,4,0,4,0,2,0,0,5,7,13,12,1,51
683,9,5,0,6,9,5,1,6,17,1,1,7,8,11,2,28,5,3,1,3,6,1,0,3,0,1,1,7,1,0,1,4,23,2,96,2,4,1,51,8,5,4,50,6,8,2,27,5,15,14,3,29,1,3,1,0,2,5,1,10,15,0,7,39,74,26,11,108,3,2,3,2,3,5,1,7,6,5,3,39,3,6,2,5,0,1,1,0,0,1,4,6,14,9,3,55
684,9,2,0,6,7,2,2,3,21,5,0,15,8,8,2,18,3,5,0,1,9,1,0,6,1,0,0,3,2,0,0,8,21,6,83,5,4,9,42,9,7,6,50,5,5,4,28,3,26,11,0,27,0,5,2,1,0,5,2,10,20,0,5,32,49,26,12,102,3,7,4,7,5,4,3,12,3,2,4,38,8,5,4,7,0,3,4,2,2,2,3,9,21,12,1,56
685,6,6,0,4,5,2,3,5,15,2,2,6,11,9,3,20,3,3,0,7,2,4,1,7,2,2,2,5,1,1,2,3,12,6,88,9,4,6,50,7,8,4,45,8,3,13,22,6,23,14,2,26,3,4,2,0,2,3,1,13,8,1,3,47,63,34,12,91,0,4,7,3,1,6,1,10,7,1,5,55,5,5,5,3,2,2,4,0,0,0,3,4,18,12,0,50
686,8,6,1,6,9,4,0,6,11,4,3,5,7,11,0,20,3,5,0,3,2,4,1,2,1,2,0,6,1,2,1,4,16,6,83,8,4,4,45,6,8,5,65,8,8,6,33,4,22,11,0,21,0,2,0,0,0,8,4,13,16,1,3,43,64,21,6,102,3,1,6,4,2,4,4,5,3,4,2,56,2,1,2,5,1,5,2,1,3,0,4,7,18,14,1,56
687,11,4,0,1,6,1,3,4,22,4,3,11,3,7,5,14,5,2,0,4,3,2,0,2,3,1,1,3,3,0,2,2,25,5,83,10,8,4,52,1,6,4,64,7,7,10,26,3,18,18,0,27,1,3,2,2,0,4,1,5,20,1,4,38,52,29,9,100,1,3,5,4,1,7,5,8,5,6,2,52,5,5,3,3,1,1,1,3,0,0,4,5,25,12,0,52
688,8,8,0,4,10,3,2,5,17,5,1,9,10,3,5,16,3,12,1,4,2,2,0,6,1,0,0,2,2,1,2,3,23,4,66,17,8,4,39,6,3,1,35,8,4,5,39,4,30,19,2,27,0,6,2,1,0,6,3,10,7,2,4,35,64,35,17,101,2,1,3,4,2,7,1,12,2,1,3,64,6,2,0,8,0,6,2,3,0,1,1,4,17,15,1,48
689,8,7,0,5,9,6,1,6,14,4,3,8,9,7,1,21,1,2,0,4,4,3,1,8,2,1,1,4,2,1,0,3,16,1,90,7,3,4,49,8,4,3,46,5,1,7,40,4,26,12,0,28,0,2,3,2,0,1,0,7,7,3,3,36,68,31,6,93,0,2,5,4,1,4,2,12,10,5,4,54,3,3,2,7,0,3,3,2,0,1,3,9,18,15,2,64
690,5,5,1,5,6,2,2,6,17,1,2,5,7,11,0,27,3,2,0,2,6,3,1,6,2,6,0,5,1,3,2,7,21,4,91,6,4,3,58,6,7,2,51,4,6,1,31,8,24,16,1,27,0,1,2,2,1,3,2,6,11,1,1,45,77,24,15,83,0,5,5,1,4,3,8,5,5,5,3,48,3,3,5,3,0,4,3,2,1,2,3,8,15,11,0,49
691,13,8,2,4,14,4,3,6,13,6,1,8,9,5,2,20,2,4,2,4,3,2,1,4,0,3,1,5,2,1,3,5,12,7,86,10,3,5,46,6,4,10,56,7,6,2,33,4,24,19,5,24,2,1,0,0,1,4,4,10,19,0,0,33,53,18,12,83,3,10,1,6,1,0,6,19,2,6,0,48,6,3,3,6,1,8,5,1,0,3,4,11,13,13,3,49
692,6,7,2,7,10,1,1,6,14,4,1,7,8,9,2,20,5,2,0,4,7,0,0,2,0,1,1,3,4,3,1,4,17,9,78,10,11,7,36,2,8,4,55,5,4,4,34,4,21,12,3,22,1,0,4,1,0,2,3,5,13,1,2,45,63,29,11,88,1,3,6,5,7,4,6,16,4,5,6,55,9,5,5,3,0,2,3,2,1,2,5,4,15,8,4,58
693,12,5,0,3,6,5,2,5,15,2,1,2,9,8,1,19,2,5,0,2,2,3,0,6,1,2,1,9,2,2,0,1,18,5,79,9,5,5,44,5,3,4,52,8,5,10,25,5,24,18,3,25,1,5,0,1,3,3,2,6,12,1,2,47,57,24,12,96,2,6,4,0,4,5,3,16,8,13,8,52,6,2,3,5,2,2,4,1,0,2,1,8,16,6,3,61
694,5,3,2,2,12,5,1,5,19,4,0,14,22,8,6,19,1,1,0,6,4,3,1,1,1,3,1,8,3,2,0,8,18,6,79,3,5,5,56,12,7,6,56,3,5,7,24,4,28,15,2,19,2,1,1,1,0,3,0,9,9,2,1,38,58,24,8,81,4,6,8,0,4,3,4,6,10,9,2,58,4,2,3,5,0,3,2,4,1,1,4,6,24,10,2,47
695,8,5,0,5,3,4,1,2,22,3,2,10,10,8,4,28,2,8,0,5,5,1,0,9,1,2,0,6,2,2,0,7,19,7,84,8,8,5,35,6,6,3,52,10,6,7,30,3,25,13,4,28,0,5,1,0,0,5,1,10,19,0,3,45,60,38,13,89,3,4,2,2,5,3,4,8,7,5,1,49,2,1,2,4,2,3,3,0,1,1,2,6,10,13,2,42
696,12,6,0,1,2,4,2,3,24,3,0,9,9,5,1,26,5,5,0,10,6,7,0,0,1,3,0,6,2,2,1,1,18,4,80,5,7,6,33,9,7,9,61,8,11,5,26,7,29,6,3,30,2,1,0,1,1,4,3,2,11,0,3,39,54,26,11,91,3,2,8,1,3,4,1,12,4,6,3,58,4,2,5,5,1,3,2,2,1,2,5,6,20,13,2,53
697,14,3,0,6,7,4,2,4,25,3,2,8,9,7,1,24,4,3,0,1,4,5,3,4,1,1,1,1,0,2,0,6,14,4,87,8,9,5,34,8,8,6,49,4,2,3,41,5,32,20,5,23,0,3,3,1,0,4,3,8,18,0,4,24,77,21,12,87,2,4,2,2,1,4,4,9,8,2,4,51,7,4,5,5,1,1,3,3,1,0,5,1,15,20,1,48
698,9,3,0,4,7,2,0,6,15,4,2,10,4,7,1,24,2,3,0,8,3,2,1,3,0,1,1,4,0,0,0,10,21,5,78,10,4,9,38,4,9,4,59,5,4,8,38,5,20,21,1,28,2,1,3,2,0,2,4,10,11,0,4,34,68,19,10,88,4,1,4,2,2,3,1,11,5,6,4,45,6,4,3,4,0,2,5,3,0,3,7,8,11,17,1,73
699,9,5,0,5,5,3,1,7,16,6,1,7,5,9,3,32,2,1,0,5,6,5,2,3,1,2,1,5,1,1,0,1,16,5,84,7,9,4,42,4,7,2,56,5,6,5,28,5,31,9,0,16,1,7,2,3,0,6,1,6,14,0,1,45,60,30,14,91,3,2,3,2,1,2,2,11,6,2,3,47,8,5,4,4,0,2,3,3,1,0,1,9,24,12,1,67
700,8,3,1,4,8,3,0,7,22,4,2,12,13,4,1,14,2,3,1,5,1,4,1,2,2,4,0,7,0,1,1,10,18,3,82,10,6,3,29,7,6,3,57,4,5,4,34,7,20,16,0,32,0,3,0,0,0,3,4,11,14,1,0,30,66,23,10,124,1,5,1,6,4,7,5,7,8,3,1,46,4,5,9,6,0,2,3,1,0,1,5,5,15,15,1,49
701,9,5,0,1,8,6,3,3,16,3,2,14,7,4,4,18,3,4,0,6,3,1,1,6,0,1,0,5,1,2,0,4,12,1,94,8,6,2,45,10,6,8,51,6,5,6,21,5,39,18,1,19,2,3,0,0,1,2,1,7,17,2,5,45,63,30,4,97,1,3,5,3,5,3,3,9,5,4,2,51,4,5,2,5,1,3,2,2,0,0,3,7,13,19,4,54
702,6,3,0,5,10,2,3,5,25,6,5,6,7,7,3,13,3,4,1,7,2,2,1,5,2,2,0,5,6,1,2,1,12,4,88,8,3,9,47,4,3,5,56,9,5,5,36,4,24,11,2,28,0,2,1,0,1,2,3,11,11,2,1,30,71,22,11,86,1,9,5,2,3,3,3,7,4,2,2,55,3,3,3,6,1,3,2,4,2,0,3,14,24,7,1,61
703,8,6,1,0,8,6,2,6,19,3,2,11,8,8,1,21,2,5,0,4,4,1,1,4,0,4,1,3,1,4,0,3,18,7,88,7,6,5,44,5,5,6,41,5,9,4,27,5,23,8,1,22,0,2,3,2,0,7,1,13,17,1,3,49,70,32,13,91,2,2,6,1,2,4,6,9,0,5,3,48,7,2,3,4,0,3,3,1,0,0,2,6,15,12,1,66
704,8,2,0,4,7,0,3,2,17,4,2,5,9,8,0,21,5,3,0,3,4,2,1,4,2,3,0,2,1,1,2,2,16,5,75,8,8,5,48,6,6,6,41,12,4,3,47,2,26,7,2,24,0,1,1,2,1,3,0,9,15,2,4,42,66,21,18,97,3,4,5,5,4,10,0,3,7,1,4,58,2,1,1,5,0,6,1,4,1,1,3,9,25,11,1,65
705,18,3,0,4,8,3,0,4,15,2,2,8,6,5,4,15,1,3,1,3,2,1,1,3,1,3,1,3,1,2,0,6,23,4,82,9,4,3,51,7,12,6,58,5,9,7,20,7,23,12,1,25,1,2,2,0,2,6,3,11,15,2,3,41,88,17,8,90,0,4,4,4,3,4,6,12,7,5,3,57,1,4,4,4,0,1,0,2,0,0,5,5,18,12,0,47
706,5,3,1,6,11,2,1,7,14,3,2,14,10,6,3,16,0,2,1,6,4,4,0,0,0,2,0,3,4,3,0,3,15,4,80,12,3,2,41,6,8,2,58,11,6,8,30,6,28,9,4,21,1,2,1,1,1,2,1,7,16,0,3,40,65,25,14,95,0,5,2,3,5,2,4,11,6,8,3,51,9,2,5,10,1,2,4,4,0,0,3,3,20,12,1,60
707,6,2,0,7,8,3,2,2,20,2,5,10,3,12,2,18,1,1,0,5,6,2,0,7,0,1,1,6,0,0,2,4,17,3,100,7,9,6,35,13,8,9,46,10,2,9,44,4,27,9,2,25,1,5,0,3,0,3,4,7,13,1,3,36,60,23,12,93,1,5,5,4,3,1,5,6,1,4,3,46,4,3,3,1,0,3,2,5,3,1,4,7,21,10,3,59
708,8,5,4,4,11,6,2,5,16,1,3,9,12,8,2,16,3,5,1,2,5,4,0,4,1,0,0,5,0,0,0,7,16,6,82,1,9,3,46,2,8,5,58,7,6,8,24,4,30,11,2,23,0,3,3,2,1,4,5,12,10,2,2,45,61,29,12,90,2,2,6,7,1,4,4,6,6,7,1,52,3,3,5,6,0,1,5,0,1,2,3,10,21,12,0,49
709,8,5,1,5,8,4,2,4,18,5,3,8,13,7,2,18,1,5,0,5,4,5,1,3,0,0,1,4,1,3,1,4,13,9,85,9,4,6,44,5,5,5,53,2,4,6,26,3,25,19,3,32,0,0,1,0,3,2,6,8,15,1,4,33,55,21,14,91,2,1,4,4,2,8,5,14,9,1,3,52,8,1,4,2,0,1,2,1,0,1,3,9,14,22,1,65
710,11,3,2,2,4,6,2,6,23,5,0,10,9,5,0,24,7,2,0,6,5,2,3,2,2,0,0,3,1,1,0,2,23,5,80,9,3,2,38,13,9,1,54,2,1,5,24,5,27,10,1,29,2,3,0,1,1,2,5,8,17,2,4,48,65,33,6,95,3,3,5,6,3,5,0,9,2,11,0,57,5,4,3,3,0,1,2,0,0,1,5,10,18,11,1,51
711,6,4,0,2,12,4,2,4,14,7,0,6,10,5,3,15,5,5,1,3,2,0,1,4,1,4,3,2,0,6,0,7,8,7,78,7,6,8,42,8,4,2,44,4,5,6,46,7,30,14,0,21,1,6,1,1,1,4,1,6,13,3,4,41,70,24,10,95,4,2,8,2,0,5,4,11,6,5,0,63,4,6,3,4,2,4,3,0,0,0,7,8,12,16,3,52
712,5,4,0,4,8,3,2,4,9,6,1,11,8,4,4,22,0,0,0,4,6,1,2,2,1,0,1,6,3,1,0,3,23,8,99,10,6,6,50,7,5,4,55,5,6,8,31,6,25,18,1,20,0,0,1,0,2,6,3,8,19,0,2,40,65,30,7,79,3,3,4,6,3,0,3,14,5,3,4,57,1,1,4,7,0,2,5,4,1,1,3,10,18,8,2,48
713,5,3,0,6,9,9,2,5,15,4,0,16,8,8,2,23,5,4,0,2,3,4,0,5,2,3,1,6,3,4,1,6,12,5,93,7,4,4,52,5,9,3,54,6,9,4,33,4,18,17,1,20,0,6,0,1,0,2,3,9,15,0,2,50,50,24,4,105,5,4,5,6,3,4,6,7,2,4,6,47,5,3,3,3,1,1,3,4,0,0,3,8,22,7,1,42
714,15,3,1,8,9,4,2,6,12,4,2,14,6,6,1,23,0,6,0,8,5,2,3,4,1,2,0,5,3,2,1,5,14,5,84,2,1,3,57,11,12,9,34,7,1,4,28,3,25,16,2,17,1,3,2,2,1,2,4,6,14,1,3,38,52,32,19,87,3,8,5,1,4,4,1,14,10,8,3,47,6,2,4,6,0,2,6,3,1,1,6,11,14,14,2,49
715,9,4,0,5,7,4,1,2,18,1,6,7,11,8,3,20,2,5,0,1,4,3,0,5,3,1,0,6,2,3,1,2,14,6,69,5,6,3,37,5,10,5,59,6,10,8,36,3,30,10,0,25,0,5,1,4,2,4,2,10,20,4,4,39,73,20,12,89,2,6,8,5,0,3,5,8,2,4,2,57,5,0,3,3,1,3,4,0,0,1,5,9,19,15,1,49
716,10,6,0,3,10,5,0,7,18,4,1,9,4,6,1,18,3,3,1,5,4,2,1,2,1,1,1,6,2,1,0,7,18,12,69,7,9,9,38,9,7,1,52,10,6,5,26,3,27,11,1,33,1,2,0,0,1,3,1,10,12,2,6,44,73,27,7,97,1,5,3,3,4,5,5,8,9,8,2,46,4,4,5,7,0,1,5,0,2,1,4,7,15,14,1,50
717,6,4,0,4,9,2,0,6,16,3,1,12,8,3,0,28,3,4,1,1,2,3,2,2,1,1,0,4,2,1,1,5,21,3,78,5,10,8,46,6,7,8,53,6,7,4,35,4,33,13,2,34,0,3,0,2,1,4,2,7,14,0,2,39,58,29,7,95,1,0,1,3,1,2,5,4,9,2,7,53,7,5,2,6,1,6,4,2,2,0,3,4,17,8,3,61
718,9,2,1,5,10,5,4,4,16,5,0,7,9,5,2,21,2,4,1,2,1,5,1,3,0,1,1,5,1,2,0,6,23,7,93,6,3,4,36,9,12,7,59,5,3,7,26,5,26,9,4,27,1,2,2,0,0,6,3,9,11,1,4,42,69,18,10,89,5,2,8,3,3,6,3,10,4,3,1,59,3,5,2,3,0,3,4,1,0,0,4,12,19,14,1,44
719,7,5,2,4,6,7,2,4,22,5,2,10,7,4,0,25,2,4,0,5,4,3,0,7,1,0,0,3,2,1,2,5,22,10,72,5,4,7,44,9,3,4,36,5,3,5,29,0,32,8,1,25,0,5,2,0,2,4,3,8,12,0,3,47,69,29,12,88,1,4,5,6,1,8,5,18,5,3,0,55,2,3,1,6,0,3,3,0,1,1,5,9,24,20,3,49
720,5,7,2,7,4,4,0,2,16,5,1,13,6,16,3,24,4,5,1,3,3,2,1,4,0,3,1,5,1,1,1,6,21,3,76,4,15,3,51,2,10,1,41,11,7,6,30,3,27,10,2,23,1,1,1,0,0,2,2,6,16,0,3,55,62,33,10,92,2,5,6,1,0,4,6,5,9,4,4,46,4,0,1,3,0,0,3,3,1,2,3,10,20,9,2,61
721,12,3,1,3,10,2,2,7,28,2,2,9,6,9,1,22,3,2,0,4,10,4,0,4,1,2,0,3,2,1,2,5,15,3,84,7,5,3,44,6,6,7,62,5,7,4,46,3,15,9,2,27,0,1,2,0,1,4,2,8,17,2,2,37,63,15,10,72,4,8,6,6,3,5,6,16,4,3,6,60,8,4,5,1,0,4,5,1,1,2,6,6,13,6,3,50
722,7,5,1,3,9,3,2,5,15,5,0,13,7,10,1,25,2,7,1,7,5,0,0,9,3,2,2,7,4,1,0,3,19,2,67,12,8,6,44,6,2,6,58,7,3,10,20,3,25,9,4,22,0,4,1,1,0,3,0,6,12,1,1,37,57,26,11,114,0,5,3,6,1,11,2,11,5,7,2,44,2,2,4,8,0,3,4,2,1,1,4,6,16,17,2,60
723,5,5,0,3,17,5,2,3,17,0,0,13,8,9,1,18,3,7,1,5,4,2,0,2,3,1,0,10,1,0,2,4,16,7,94,7,7,7,42,9,4,4,53,5,7,3,23,1,27,15,2,16,0,5,1,2,0,6,2,9,16,1,6,43,71,31,12,76,4,1,7,4,4,2,4,4,5,3,3,61,3,0,6,5,1,2,2,1,1,1,3,5,16,13,1,57
724,5,6,0,2,6,7,3,7,17,2,0,8,6,12,2,21,1,1,1,3,4,4,0,7,1,4,1,2,1,2,1,7,22,10,87,8,4,5,43,11,3,8,54,3,3,2,13,1,25,14,3,23,1,2,2,1,2,3,1,7,19,1,5,48,64,34,8,88,2,2,5,0,2,1,6,9,9,6,5,47,4,5,2,5,1,1,4,1,0,0,0,14,15,17,1,64
725,5,4,2,9,10,4,3,4,16,2,2,11,5,12,3,15,5,1,2,6,1,3,0,2,0,3,1,2,1,5,0,7,15,5,100,9,8,7,47,7,10,3,38,5,3,6,28,4,17,11,2,23,2,2,1,0,1,3,1,7,18,2,9,53,64,17,7,97,4,5,9,3,0,4,0,4,9,3,3,59,6,1,2,5,0,3,3,1,1,0,6,7,21,13,2,48
726,9,4,2,4,6,2,3,3,26,2,1,6,7,5,3,20,2,3,0,4,3,3,2,2,0,0,2,5,1,2,3,6,14,3,99,10,7,3,40,8,8,4,52,3,7,8,35,6,19,13,2,20,1,6,3,0,0,0,2,6,11,1,2,53,59,24,14,102,2,4,2,2,6,1,2,11,5,3,1,61,5,2,0,4,1,4,2,2,0,1,4,3,14,7,4,61
727,6,2,0,2,10,1,1,3,14,5,2,9,13,5,1,13,1,0,1,2,2,3,1,5,1,3,0,3,1,2,0,9,16,3,98,7,3,5,50,7,7,7,46,8,3,2,35,5,28,12,1,23,0,1,2,2,2,5,2,4,17,1,4,26,74,27,12,112,5,5,3,3,5,6,6,7,9,6,2,49,4,2,3,5,0,5,2,2,0,2,2,6,22,9,1,51
728,6,6,0,6,10,4,4,7,19,7,1,11,6,5,0,21,0,4,1,3,5,1,0,7,0,2,0,7,3,1,0,8,21,8,89,7,10,3,32,6,8,6,42,5,4,4,37,4,24,9,3,27,2,8,1,3,1,3,3,11,12,1,2,42,58,25,7,98,3,5,6,6,3,0,5,8,2,6,4,49,3,1,3,2,0,0,5,2,0,1,6,12,17,11,3,56
729,9,4,1,2,12,5,3,2,18,5,2,7,7,14,1,17,0,3,2,3,5,1,1,2,0,4,0,9,1,2,3,5,13,5,83,10,10,9,43,5,8,5,45,5,5,7,28,4,35,12,0,25,2,3,1,1,3,5,4,14,16,1,1,34,61,27,17,98,3,5,2,3,4,4,2,11,0,5,1,45,7,1,4,1,0,2,2,0,1,2,4,6,18,9,3,60
730,6,4,2,2,10,4,2,3,12,5,3,11,7,11,3,25,4,6,0,3,3,2,4,3,0,0,0,6,3,1,1,5,15,6,93,3,2,2,48,8,6,6,55,9,6,9,31,5,25,10,4,25,1,4,1,0,1,4,4,6,15,3,2,36,58,19,11,103,3,4,3,1,3,5,3,9,6,4,3,42,8,6,3,5,0,1,2,6,1,0,5,5,19,13,2,51
731,8,3,0,3,7,3,0,3,20,1,0,12,16,8,4,24,6,3,2,8,1,1,2,4,1,2,0,3,3,3,0,2,23,4,70,7,8,2,49,10,2,5,55,10,5,4,31,3,20,10,2,21,1,4,1,0,0,4,2,10,7,0,3,28,67,20,11,110,1,3,4,2,5,6,4,8,6,4,2,55,11,4,3,6,0,1,2,4,3,0,4,7,16,17,1,59
732,6,4,0,4,5,2,4,6,21,3,2,6,9,7,1,19,1,3,0,2,4,1,2,4,3,1,0,3,2,3,0,6,22,1,92,7,3,3,43,5,5,6,58,7,6,7,30,6,31,12,1,29,0,4,0,2,2,2,1,8,19,0,1,37,72,33,7,85,3,1,3,1,5,7,4,11,5,1,7,62,8,1,6,3,0,3,1,4,0,0,6,6,15,12,1,43
733,7,2,1,9,10,2,2,5,19,5,2,11,12,8,0,21,4,2,1,5,1,0,0,8,2,4,0,7,2,3,3,3,14,11,90,7,6,7,45,14,6,7,53,4,10,4,26,1,27,12,2,15,0,1,1,0,0,3,0,11,12,1,4,47,55,17,12,93,4,5,5,3,1,4,4,12,7,6,1,55,8,2,1,4,1,0,3,0,0,3,6,7,15,10,1,53
734,8,5,0,7,7,3,1,3,15,2,1,9,8,1,2,21,0,6,1,4,3,2,3,4,1,4,0,3,1,2,0,2,13,6,90,6,10,10,42,7,6,5,43,7,6,4,22,8,18,20,3,21,1,1,1,1,0,1,2,7,21,2,3,38,74,31,12,103,2,5,6,6,1,5,4,10,5,4,4,61,7,2,4,1,2,5,3,3,1,2,1,5,16,14,2,45
735,8,3,0,3,11,7,3,3,11,2,2,12,8,4,0,21,0,7,0,3,2,5,0,0,0,1,0,8,3,2,1,4,13,4,86,2,3,6,59,6,3,4,62,1,2,3,38,5,26,12,1,24,0,3,3,1,1,3,4,5,16,3,2,41,59,25,7,107,2,2,7,3,5,3,8,6,5,4,4,54,8,5,2,8,3,5,1,1,0,1,1,3,12,15,2,56
736,10,4,1,8,7,4,3,5,19,1,1,8,10,13,1,23,0,2,0,3,1,5,0,2,0,3,1,9,1,1,0,3,17,4,85,6,3,7,52,5,8,6,46,4,5,4,35,3,23,14,7,20,0,1,4,1,0,7,1,11,16,0,4,36,55,28,10,106,1,9,5,2,1,3,2,9,8,5,2,50,4,0,2,5,1,0,3,0,2,0,4,4,20,10,2,63
737,6,3,0,6,10,1,0,7,15,1,2,12,9,6,5,14,2,3,1,1,6,2,2,2,2,5,1,6,3,2,3,8,14,4,98,5,13,2,36,10,5,2,50,4,3,2,27,5,29,18,2,15,1,6,0,0,1,2,3,6,12,2,7,37,75,35,15,103,3,1,4,5,4,2,3,5,2,3,3,52,6,3,2,5,2,2,2,3,1,2,4,6,18,14,1,47
738,9,3,0,0,10,5,4,5,28,2,1,9,9,14,2,27,4,4,0,5,6,3,0,7,0,1,1,4,4,1,1,5,10,7,83,7,4,4,49,11,9,4,38,7,9,9,40,5,18,7,2,27,0,1,2,0,0,2,0,8,20,1,4,41,68,25,11,95,4,3,5,1,2,0,4,11,6,2,1,43,5,5,1,1,0,1,1,1,1,3,5,10,20,10,1,51
739,8,3,0,6,8,8,3,5,16,1,2,14,9,7,3,12,0,3,0,2,5,1,1,7,0,4,3,8,2,2,1,5,18,5,92,3,5,4,60,4,9,5,47,8,5,7,23,3,24,13,4,21,2,1,2,0,2,6,3,6,21,1,2,42,64,31,11,89,6,2,2,3,2,3,4,14,4,6,1,46,6,6,2,4,0,1,1,4,0,1,1,6,26,10,4,43
740,10,5,1,7,12,5,2,2,14,2,0,12,9,7,1,17,3,5,1,5,4,5,3,4,2,1,0,11,2,4,0,3,15,3,93,5,10,8,43,8,9,3,52,12,3,1,22,5,15,18,3,24,0,2,0,0,0,4,2,10,16,2,2,40,73,23,6,96,4,4,3,4,2,2,6,14,3,1,7,50,4,4,3,8,1,4,4,1,2,1,2,6,13,11,1,48
741,6,1,0,9,10,2,2,4,18,3,1,10,9,9,2,15,5,8,1,1,5,4,0,2,1,1,0,6,1,5,1,7,14,4,81,10,6,8,44,9,5,6,51,6,7,1,50,3,23,18,3,24,0,1,0,3,0,4,1,15,15,2,6,47,57,26,5,89,0,4,6,6,4,6,4,11,3,4,7,40,3,8,5,4,1,1,2,0,1,0,6,4,10,12,2,53
742,8,8,0,5,7,3,2,2,17,2,1,13,6,6,2,21,8,5,0,5,3,4,2,4,1,1,1,10,1,3,1,5,16,5,95,8,7,8,50,8,4,6,55,7,3,4,30,0,30,8,2,24,1,3,0,3,1,6,0,12,16,0,3,43,54,25,7,97,1,2,0,2,2,1,3,13,7,1,5,60,10,3,3,4,0,1,3,1,2,3,1,10,8,15,1,40
743,5,5,0,0,13,3,3,4,21,4,3,4,10,12,3,21,2,2,0,4,3,4,0,2,1,1,0,6,1,1,1,3,18,2,76,13,3,5,37,7,10,5,44,13,4,7,36,7,32,10,2,23,0,3,2,1,0,1,4,10,20,0,5,38,70,30,12,89,5,5,2,3,3,5,2,8,6,2,3,65,4,5,3,2,2,2,1,3,0,0,4,6,19,10,4,45
744,5,2,0,4,9,4,1,6,19,4,3,7,5,6,0,19,2,4,1,7,8,5,2,1,1,2,0,9,2,2,1,9,15,7,81,9,6,4,45,8,6,5,55,6,6,9,30,6,17,11,5,20,0,2,5,2,1,5,3,9,9,5,0,42,60,30,10,91,3,1,0,3,2,2,4,8,3,5,5,54,2,4,2,5,1,2,3,3,0,1,6,10,16,16,0,64
745,8,7,0,7,17,5,1,7,10,1,0,9,10,5,3,23,3,3,0,4,3,2,1,6,0,1,1,4,3,2,1,1,11,6,81,5,4,1,35,9,6,4,53,6,3,7,27,5,29,18,1,28,0,2,2,0,1,8,2,2,17,0,6,44,58,40,11,91,2,4,5,3,4,3,2,11,4,4,1,66,5,4,2,3,1,3,4,1,1,1,3,13,18,17,0,44
746,7,4,1,5,7,3,2,5,16,2,0,13,11,8,4,24,1,6,1,4,5,3,1,3,1,2,0,6,0,2,2,5,19,5,78,11,6,4,48,7,6,5,59,7,11,3,24,4,23,16,4,29,0,0,1,3,1,4,2,7,15,1,4,40,64,26,10,92,4,2,4,4,3,9,3,7,5,4,2,44,3,6,3,4,0,3,4,1,0,0,1,2,21,19,2,47
747,10,3,0,7,8,5,5,8,13,3,2,11,7,9,3,21,2,4,1,4,7,4,0,4,0,1,2,4,0,0,0,5,26,4,73,10,8,6,50,9,7,4,52,7,7,8,32,2,18,14,2,26,0,4,0,3,1,3,1,8,12,3,1,50,48,27,8,94,5,6,3,2,6,1,4,11,7,3,2,50,8,6,4,3,0,1,4,1,1,2,4,6,14,12,1,52
748,7,6,1,5,10,1,2,3,12,4,0,10,7,11,0,20,4,5,0,8,3,0,1,4,2,2,0,8,2,0,0,3,19,10,70,7,4,2,40,8,5,9,55,5,8,6,30,5,28,11,5,25,1,1,0,2,2,5,2,7,12,3,4,40,71,29,13,104,3,4,3,3,5,5,7,4,5,8,3,54,3,3,4,5,0,2,2,1,1,0,1,10,12,8,2,53
749,11,4,1,6,11,3,3,1,21,5,2,10,6,9,1,12,4,3,0,6,4,2,0,2,1,2,0,5,2,3,2,4,28,4,86,10,10,8,34,6,6,4,54,8,7,4,37,3,20,16,3,39,0,2,1,0,0,2,3,8,13,2,2,38,61,22,12,104,3,1,4,3,1,4,7,9,6,4,1,56,2,4,2,3,0,0,2,3,1,0,6,8,11,9,1,46
750,4,2,1,3,6,2,1,1,22,0,2,11,4,14,0,24,4,4,0,6,4,1,0,0,1,1,0,7,1,2,0,4,21,9,75,9,6,3,45,9,5,8,52,2,3,7,30,2,19,17,5,23,1,1,0,1,0,4,1,9,11,3,0,42,64,30,14,107,5,1,5,4,4,3,1,6,3,5,2,66,2,4,7,5,1,4,5,0,0,1,3,9,8,16,3,57
751,9,2,1,9,9,5,1,3,17,3,3,5,9,13,4,19,2,5,0,2,7,1,2,4,1,1,2,6,2,3,2,4,16,8,64,4,5,3,48,5,4,2,47,9,3,4,43,2,33,9,1,21,2,4,1,2,2,1,5,4,23,0,1,53,63,29,7,105,2,3,4,5,3,8,3,5,10,3,3,52,3,3,3,5,1,0,1,1,1,2,6,7,22,11,0,44
752,6,5,0,3,10,3,1,5,23,3,2,3,9,7,2,12,1,6,0,5,3,0,0,6,2,2,0,2,1,3,0,7,25,6,89,10,5,6,47,7,3,3,52,6,6,5,35,4,19,21,0,22,0,4,2,1,1,6,2,8,14,1,3,42,52,28,8,96,0,3,2,3,0,3,5,10,3,9,4,50,5,4,3,6,0,5,2,2,1,2,1,15,27,11,1,52
753,8,3,0,3,7,4,1,10,19,1,3,9,8,10,0,26,0,2,0,9,5,7,1,2,3,3,1,2,0,2,0,6,14,5,72,8,4,7,52,5,4,3,48,4,4,5,38,4,36,16,3,27,0,2,2,2,2,4,2,13,12,2,2,36,71,22,12,87,1,5,3,3,3,3,9,8,7,10,2,47,5,2,0,2,0,3,3,4,0,1,3,9,16,10,1,55
754,6,3,0,11,7,1,1,7,32,4,2,7,8,6,1,22,2,1,0,3,6,3,2,6,1,2,2,4,3,1,0,2,14,6,79,4,10,2,45,8,6,3,42,2,2,6,27,9,27,14,0,25,1,2,0,1,0,7,0,8,19,1,2,42,59,35,6,87,5,1,5,2,2,4,2,11,5,6,2,63,7,11,3,3,1,0,6,2,0,1,1,9,19,20,2,50
755,6,6,0,5,8,5,3,6,17,2,0,11,11,6,2,22,3,2,0,7,3,3,0,5,1,3,0,5,1,6,1,3,16,5,74,8,7,3,38,9,5,4,55,13,5,2,31,5,20,20,2,23,2,1,1,0,0,0,2,6,12,2,2,53,59,27,13,89,3,2,6,3,7,3,5,7,7,4,4,55,5,3,4,4,1,3,2,1,0,1,5,10,13,15,2,58
756,11,3,1,6,5,5,2,2,21,4,0,3,14,6,7,19,2,1,2,6,5,0,1,2,2,1,1,2,0,1,0,6,24,7,78,6,2,5,49,4,7,6,54,6,8,6,30,4,19,17,5,22,0,6,1,1,0,1,3,9,9,2,4,37,64,24,11,107,1,3,6,6,1,4,2,8,5,3,4,51,7,6,0,4,1,4,0,5,1,2,5,8,20,10,0,54
757,4,4,0,6,18,3,1,8,19,5,3,4,9,6,2,19,3,4,0,5,1,2,1,4,2,1,2,3,1,3,0,4,20,7,88,8,4,4,33,4,2,3,51,5,5,5,39,4,29,11,2,25,1,1,1,3,1,1,2,10,16,0,6,39,62,29,14,94,7,4,3,3,1,5,2,10,9,7,3,51,2,2,9,3,0,3,2,0,0,1,1,10,21,13,0,52
758,15,6,0,3,10,4,3,6,26,3,1,12,9,4,0,22,2,2,0,3,4,7,1,5,3,0,0,1,1,0,1,1,15,6,83,5,5,8,45,10,3,4,45,6,1,0,27,4,29,10,1,18,0,3,0,3,4,3,6,8,16,0,3,33,64,30,10,97,7,4,7,1,5,4,5,10,4,8,7,64,6,5,1,5,0,2,2,0,0,1,3,4,21,11,1,52
759,8,5,0,6,10,6,4,5,22,0,1,7,11,8,0,11,3,5,0,2,1,1,1,6,1,6,0,6,2,6,1,2,27,6,80,4,7,9,42,2,3,4,41,3,9,11,29,1,28,13,1,30,1,2,2,2,3,3,6,10,17,1,2,51,63,13,11,92,4,1,6,1,3,2,3,12,2,3,0,51,7,2,2,4,0,5,2,0,1,2,9,10,18,11,3,60
760,10,5,1,6,5,2,1,2,27,1,3,15,11,11,2,36,3,3,1,4,1,4,0,5,1,0,1,5,1,0,0,6,25,7,69,8,5,6,51,7,5,6,40,5,7,5,34,4,21,8,2,21,0,3,0,5,2,2,1,8,11,0,2,43,63,30,6,103,1,2,2,2,4,3,3,13,4,3,4,42,9,4,0,5,0,2,2,2,1,3,4,11,12,12,1,61
761,3,3,0,1,8,1,3,7,16,2,1,13,9,8,1,12,4,6,1,4,3,3,2,4,1,3,0,7,4,2,0,4,16,6,81,10,6,4,33,3,4,3,61,7,1,3,32,4,21,9,4,19,0,3,4,2,0,5,4,6,15,2,1,45,71,28,12,104,1,3,9,3,6,5,6,12,5,2,3,56,2,4,4,5,2,1,4,1,0,2,4,8,13,14,1,59
762,8,4,1,7,7,1,0,9,17,3,3,14,7,8,3,20,7,2,0,2,2,4,0,2,1,2,5,7,2,1,0,2,17,10,85,9,5,2,41,8,4,4,53,5,6,9,28,5,24,16,2,21,0,3,3,1,0,7,1,9,8,0,2,48,70,20,14,77,4,3,2,4,1,4,5,9,4,9,5,49,7,5,2,11,0,2,1,2,1,3,3,10,17,13,2,54
763,9,7,3,3,7,2,4,3,24,2,1,6,9,7,1,20,0,4,1,4,4,1,2,1,0,3,1,1,0,2,1,8,17,7,83,6,5,4,47,3,4,7,54,6,2,10,27,3,28,14,4,27,2,0,1,1,1,3,1,9,9,1,3,40,67,33,15,87,5,4,5,3,3,3,5,12,4,6,2,66,2,3,2,3,0,3,2,1,0,1,3,5,16,8,0,61
764,7,5,0,6,7,4,5,9,23,1,0,12,6,14,2,25,1,5,0,1,3,4,1,6,3,4,0,1,2,4,2,6,19,5,62,8,6,5,46,10,5,6,57,2,2,5,32,3,33,16,5,26,0,1,0,1,0,3,1,7,10,0,1,28,76,27,18,76,4,3,6,7,6,4,2,17,8,4,1,44,7,6,4,5,0,3,2,1,2,0,3,10,19,9,1,51
765,8,2,1,1,9,4,3,7,15,4,0,9,11,8,1,21,5,5,0,4,5,1,2,4,1,1,0,5,5,4,0,3,14,7,72,7,9,5,48,10,6,5,49,5,5,8,27,3,24,11,2,24,0,2,1,1,0,2,3,12,14,2,3,33,50,17,13,123,4,3,6,2,5,5,2,11,9,6,3,49,9,0,4,3,0,3,2,0,0,1,4,7,17,16,5,58
766,6,1,0,5,10,5,4,5,15,2,2,12,7,8,5,15,1,4,1,5,4,3,0,5,1,4,0,3,1,0,1,5,22,7,71,5,8,5,47,9,7,5,56,5,6,6,38,3,21,15,1,15,1,5,0,1,0,6,5,14,15,2,4,44,73,21,10,82,1,4,5,4,2,4,2,15,3,2,1,43,5,6,5,11,1,2,1,1,0,2,2,2,19,18,2,62
767,8,4,0,5,8,3,1,7,14,3,0,7,6,10,1,16,1,5,0,4,3,3,1,1,1,4,1,4,1,0,0,6,11,7,89,8,3,5,52,9,6,3,68,8,7,9,26,5,26,19,2,26,2,2,2,1,1,8,1,7,11,2,1,40,69,30,10,99,2,2,1,6,2,3,2,10,8,4,5,39,7,3,1,3,0,3,1,1,0,3,3,6,14,14,0,54
768,11,5,0,6,7,7,2,8,20,1,3,7,10,6,2,24,4,3,0,3,4,4,0,6,0,4,1,7,1,4,1,7,18,5,87,6,8,5,46,7,3,2,56,6,4,7,24,9,21,13,1,26,0,3,1,1,0,7,0,8,19,2,5,32,59,21,16,89,0,8,2,4,0,6,6,9,4,6,1,49,6,4,4,5,0,3,6,1,0,3,3,4,16,13,2,50
769,6,6,1,3,6,1,1,7,17,2,5,8,4,7,1,16,2,7,1,2,1,3,1,5,3,2,1,5,1,2,0,2,17,3,65,5,5,6,44,14,9,1,44,9,1,5,40,6,32,13,3,24,1,5,3,0,1,4,3,10,16,0,4,42,68,22,9,77,4,5,4,4,3,2,5,17,4,3,6,70,5,5,5,7,0,1,2,2,1,2,2,6,16,8,3,68
770,5,5,1,2,8,10,3,4,16,6,1,8,12,9,2,18,2,3,1,6,5,4,2,4,0,2,0,4,3,3,0,6,22,11,80,9,3,3,39,4,5,11,54,10,6,9,31,5,24,12,1,19,1,2,2,2,2,5,0,4,10,0,4,35,58,18,15,102,2,6,6,3,4,5,6,16,8,2,5,53,10,3,1,6,1,2,5,1,0,2,3,6,18,13,0,40
771,6,2,1,3,9,5,0,4,17,2,3,10,11,14,3,23,4,4,2,3,3,1,1,2,0,8,0,4,0,5,1,7,16,4,78,6,3,5,41,6,4,3,51,7,6,3,41,5,26,18,5,16,1,3,1,2,4,1,2,4,15,0,2,43,53,20,16,102,3,1,4,2,3,4,6,10,7,4,1,64,3,1,2,4,1,5,2,3,0,0,5,7,17,10,1,59
772,12,4,0,3,16,4,0,3,20,2,3,8,15,9,1,17,2,2,0,1,2,4,0,1,1,2,2,7,3,3,0,6,17,12,76,6,7,3,47,12,2,5,57,2,5,6,23,4,18,22,2,26,0,2,1,2,1,2,2,13,13,1,2,37,59,25,15,115,1,4,1,0,1,3,5,11,7,2,4,50,4,3,4,5,1,1,2,1,0,0,3,10,19,16,2,45
773,9,6,3,5,8,4,2,4,21,2,2,15,7,5,2,21,1,5,0,4,3,3,0,4,2,1,2,3,2,2,2,7,16,5,76,3,4,6,35,7,5,8,37,7,3,2,25,3,24,10,3,23,0,0,2,2,1,2,2,16,12,1,2,45,63,19,12,112,6,6,6,2,3,2,4,15,7,4,5,57,8,1,5,8,0,2,6,1,0,0,2,10,13,9,1,67
774,6,5,1,8,6,3,3,8,15,6,5,6,9,5,0,17,1,3,1,6,4,3,2,1,1,2,0,5,1,2,0,3,18,8,104,12,7,4,47,12,6,8,52,8,6,4,35,1,22,8,4,24,2,4,0,2,1,0,3,7,18,1,2,41,65,23,8,80,3,4,3,1,2,2,5,11,6,7,2,53,3,4,2,4,1,1,6,3,0,0,2,6,8,14,4,58
775,10,4,1,6,10,9,1,9,27,2,2,4,8,8,3,16,3,5,0,6,2,3,2,4,0,4,1,5,1,3,0,4,14,9,79,7,7,5,42,8,7,6,51,9,10,9,29,3,31,16,4,25,1,4,2,2,0,5,1,6,10,0,5,35,72,26,12,92,4,9,0,3,3,3,1,14,4,11,3,37,2,1,4,5,1,3,1,1,0,0,4,9,17,9,3,41
776,13,2,0,5,5,3,3,3,13,2,1,4,11,6,4,17,4,5,0,8,8,4,1,3,1,7,0,5,0,0,0,4,17,5,74,4,4,5,47,7,7,6,58,8,4,2,33,5,33,8,2,27,0,2,2,0,0,4,1,11,16,0,3,36,51,40,13,100,3,3,5,2,4,4,3,3,5,9,1,58,4,1,2,9,0,1,1,1,1,1,3,9,19,11,4,56
777,13,8,1,3,9,2,3,4,20,4,5,10,12,7,4,11,1,1,1,5,5,5,2,4,0,2,0,3,5,1,1,5,11,9,74,6,4,5,46,4,5,8,57,6,4,8,22,5,25,20,5,34,2,2,1,0,0,7,4,6,15,0,1,38,58,27,14,94,1,11,1,5,3,3,5,17,5,3,4,50,6,3,2,2,1,3,2,5,1,0,0,12,11,15,1,44
778,8,3,0,1,9,6,2,6,15,4,3,6,11,4,2,18,1,3,2,8,4,2,1,4,1,1,2,6,2,4,0,5,13,8,81,9,2,4,43,10,5,6,56,6,7,4,28,7,33,11,5,25,2,5,0,2,0,3,1,5,21,1,2,40,62,16,10,87,2,2,4,6,6,6,2,10,12,4,3,58,6,6,2,4,0,2,2,2,2,1,2,6,15,13,1,57
779,6,4,0,6,11,4,2,2,19,2,0,5,10,6,3,18,5,4,1,3,7,2,1,3,2,4,2,6,2,2,1,6,16,9,73,7,4,4,42,3,7,4,44,7,12,8,28,6,36,17,0,28,1,2,1,2,0,1,2,9,13,2,4,36,78,35,15,102,4,3,6,4,3,3,1,9,4,3,4,37,3,2,1,11,0,4,2,0,1,3,4,5,13,8,0,55
780,8,0,0,5,14,3,1,5,8,3,0,12,12,3,2,27,1,5,1,2,5,2,1,2,1,0,0,5,1,1,0,9,17,2,89,3,9,4,49,6,9,3,52,4,6,11,30,5,22,23,1,24,1,3,0,2,1,3,2,7,15,0,4,46,77,30,12,94,3,3,1,3,3,4,6,8,4,7,5,46,3,2,2,6,1,1,1,1,0,0,3,11,18,9,2,42
781,15,3,1,1,15,2,0,3,26,6,2,9,6,8,0,19,3,1,0,6,3,1,0,3,0,1,1,4,0,2,0,5,20,4,80,8,4,3,42,5,5,5,45,5,6,4,35,2,33,18,3,21,0,2,0,2,1,3,1,12,10,2,2,42,67,31,10,104,2,3,2,2,3,5,2,16,5,2,5,59,5,2,3,4,0,4,0,1,0,2,4,5,14,16,1,50
782,6,6,0,6,18,1,2,6,16,3,0,3,5,8,5,25,1,3,0,6,4,1,1,2,3,5,1,4,1,3,0,4,11,1,96,10,7,1,41,11,4,5,49,3,5,3,32,2,33,16,7,35,1,3,1,0,0,5,1,10,11,2,2,40,59,23,9,94,3,7,3,2,3,5,5,10,6,1,1,53,5,4,3,5,0,2,1,2,0,1,2,4,9,15,4,62
783,8,4,1,4,10,0,1,4,24,2,4,13,8,7,3,11,2,2,0,4,6,2,1,4,1,1,0,4,0,2,0,9,23,4,76,6,6,3,36,7,2,9,49,6,2,6,37,5,27,13,1,22,0,2,0,0,0,2,3,9,7,0,6,42,73,32,13,103,4,1,2,1,2,3,3,11,3,6,3,49,6,2,3,2,1,3,2,2,0,0,4,10,22,15,2,64
784,5,5,1,7,7,1,1,8,12,4,2,5,9,7,2,23,0,4,1,6,2,3,1,5,1,3,2,5,1,5,2,6,23,2,64,9,3,5,40,7,5,4,62,8,4,7,27,4,31,7,4,25,0,4,1,2,1,4,4,8,16,0,2,34,62,24,9,113,2,6,2,4,2,5,5,7,3,5,2,60,4,6,2,8,1,2,4,3,1,2,4,12,10,14,3,50
785,9,4,1,3,10,2,1,9,20,3,2,8,9,7,5,18,3,4,0,2,3,2,1,3,2,2,0,4,0,1,1,4,13,6,77,7,5,6,55,10,7,1,54,6,8,8,31,7,20,20,2,19,0,0,0,0,1,5,0,12,11,0,2,36,70,23,16,90,3,5,2,3,0,9,7,9,6,9,5,58,7,2,4,1,0,1,1,2,0,2,6,7,18,13,1,48
786,11,7,1,2,6,7,4,5,15,5,2,8,9,12,2,26,5,1,0,4,3,2,3,2,2,2,1,3,1,1,1,3,15,7,76,4,5,5,40,5,8,7,48,7,4,3,34,4,26,23,3,16,1,3,0,2,2,3,4,9,8,0,7,49,59,27,9,115,1,7,9,2,1,2,3,8,4,4,1,46,6,4,5,6,2,3,0,2,0,0,2,6,16,8,2,56
787,6,1,0,5,12,2,4,7,21,1,5,10,9,8,3,25,4,8,1,8,6,2,3,3,1,2,1,3,1,0,0,4,15,2,74,11,3,7,46,4,1,6,51,7,3,6,28,5,34,10,4,25,2,3,1,1,2,3,2,8,13,1,5,29,67,33,13,100,3,3,1,3,1,7,2,11,5,4,4,48,4,2,2,5,0,2,4,2,1,1,3,7,15,8,0,61
788,11,5,2,7,11,5,1,7,15,3,0,9,8,4,1,17,6,5,1,2,3,2,0,8,1,6,1,3,2,1,1,1,16,2,84,8,6,4,38,5,6,6,45,9,2,6,37,5,21,21,0,19,1,5,1,1,1,4,3,5,14,1,2,40,69,31,8,91,4,5,6,0,2,5,5,6,10,4,3,51,4,2,2,5,1,1,1,1,1,0,2,3,23,10,1,76
789,4,3,1,4,7,3,2,4,12,4,3,10,9,7,1,19,1,2,0,5,2,1,1,7,0,6,0,5,2,4,0,0,8,5,79,6,5,6,50,11,4,11,55,5,3,6,32,2,29,21,0,28,0,1,2,1,2,6,2,9,12,0,2,50,54,24,8,81,5,3,4,6,6,2,5,8,6,3,2,65,3,4,4,3,0,3,5,2,1,1,3,8,19,13,2,65
790,7,6,0,4,12,2,3,3,14,3,1,10,10,8,0,21,3,2,0,5,4,0,1,1,1,2,0,5,4,4,3,8,22,3,73,8,7,4,47,9,6,8,50,10,6,8,19,6,22,12,4,22,1,3,0,0,0,3,2,10,13,1,4,42,71,34,10,94,3,2,5,2,5,4,5,12,10,3,4,41,6,2,2,7,2,1,4,2,1,0,3,8,13,17,2,53
791,8,4,0,2,9,3,1,4,25,2,3,8,11,12,1,24,2,2,0,4,2,1,1,6,2,1,1,6,4,2,0,3,17,3,86,7,3,4,45,11,4,3,40,10,6,2,28,10,24,13,6,21,1,8,1,2,1,3,2,12,12,2,4,39,61,41,10,82,8,3,5,2,7,4,4,5,8,2,1,53,1,6,4,4,1,6,3,2,0,1,5,5,14,13,1,54
792,7,4,0,3,11,1,0,2,18,6,4,7,9,10,3,20,3,4,0,4,1,3,0,6,0,1,1,4,0,4,1,1,16,6,73,11,7,6,51,10,6,6,53,6,7,7,31,3,19,20,3,23,0,3,1,0,2,4,5,10,10,0,2,37,67,32,7,93,1,7,6,2,1,3,7,12,5,7,2,47,4,5,5,6,0,2,3,3,1,0,2,5,19,11,1,58
793,9,6,1,4,14,5,2,10,19,1,0,7,8,4,2,15,3,4,0,4,5,1,0,4,2,3,2,5,3,1,1,6,18,2,82,2,10,6,55,10,4,6,50,5,1,9,34,3,24,8,6,22,0,4,2,1,1,1,2,7,15,1,6,54,67,19,14,80,3,1,6,1,3,3,4,8,6,7,4,52,6,3,1,6,1,0,0,0,0,2,3,6,16,10,3,63
794,5,2,0,5,14,7,2,4,17,3,0,10,10,12,1,16,5,3,0,0,3,2,0,5,1,2,0,1,4,4,0,6,13,5,80,6,5,3,43,6,7,8,49,9,4,5,36,6,26,13,1,27,0,3,2,2,0,7,1,12,15,1,7,45,66,27,5,76,1,4,5,3,2,2,6,10,5,5,4,59,0,3,2,4,1,0,1,4,0,1,5,15,21,10,3,59
795,8,2,0,10,14,1,4,1,11,2,1,11,13,9,4,23,0,2,0,8,4,3,0,8,0,2,2,3,1,1,2,5,24,9,67,10,4,6,43,6,6,5,53,6,6,9,29,4,29,13,3,26,0,3,0,0,4,2,2,10,13,0,3,34,61,26,6,112,1,4,3,5,9,4,2,8,7,3,1,43,8,1,4,5,0,0,3,1,2,1,5,6,22,10,1,52
796,12,3,1,7,8,2,4,10,23,4,4,8,8,9,3,20,1,2,0,0,2,2,1,3,0,2,1,8,0,1,2,4,17,2,93,11,6,2,43,7,6,1,50,2,3,1,41,2,25,12,3,21,2,2,1,4,0,2,2,4,14,0,2,44,63,28,10,98,2,7,5,4,1,4,4,11,7,1,5,54,6,2,5,1,0,0,3,0,0,0,6,7,18,13,5,50
797,8,2,1,5,7,3,0,6,12,3,1,10,7,7,3,18,5,2,1,7,5,7,0,6,0,0,1,7,2,3,0,5,16,2,92,6,5,8,50,5,3,4,50,7,4,9,25,5,21,9,2,22,0,4,1,0,2,6,2,17,14,0,2,34,76,23,9,105,5,2,4,3,4,6,5,10,5,1,3,54,5,0,3,5,2,3,3,0,0,0,4,4,14,17,2,52
798,7,5,1,6,7,3,3,8,23,2,2,8,9,9,3,21,3,5,0,4,3,2,0,2,2,3,1,8,2,1,2,7,18,4,76,5,5,5,32,2,4,5,51,9,2,8,37,3,26,12,1,24,0,3,2,0,2,6,2,6,14,0,3,30,66,27,15,93,1,1,4,6,1,6,4,8,5,2,3,55,9,6,2,5,0,5,1,3,0,0,2,4,23,18,1,65
799,9,3,1,4,11,2,2,7,17,1,0,14,15,6,4,21,3,3,2,5,6,2,1,1,0,1,1,10,1,3,2,3,19,6,66,8,3,5,37,14,2,8,56,6,4,7,26,5,24,14,5,24,0,3,1,0,1,4,4,12,16,0,6,46,62,23,10,87,3,4,3,1,2,3,4,12,2,2,3,55,1,10,5,7,0,3,4,2,0,1,1,8,15,19,0,55
800,8,5,0,2,8,3,3,8,14,5,1,10,8,8,1,18,3,3,0,3,6,1,1,5,2,2,1,2,0,0,2,3,8,3,88,6,7,4,37,10,7,7,52,7,1,5,27,5,23,10,2,24,0,6,1,1,0,4,4,14,13,3,5,40,67,31,17,92,1,6,6,3,3,6,4,13,2,4,10,51,8,2,0,8,1,3,0,3,0,2,2,5,19,13,3,55
801,5,4,0,3,13,6,1,3,16,3,3,8,5,4,4,23,5,8,0,4,3,2,0,6,1,2,1,3,4,5,0,6,24,4,69,15,6,6,52,7,9,7,42,6,3,5,39,3,25,12,3,16,0,3,4,1,0,1,3,8,17,2,1,52,73,22,10,92,3,3,3,3,3,3,3,10,2,2,5,49,4,2,4,6,1,1,1,2,1,0,1,3,18,17,2,55
802,7,3,1,4,9,4,3,6,20,5,2,5,10,5,2,14,3,3,1,2,4,1,1,4,1,4,1,5,2,0,1,3,14,4,96,8,6,7,38,8,8,3,63,7,3,7,26,7,27,11,0,24,0,1,3,2,0,3,3,11,15,1,4,45,64,24,9,89,3,8,5,1,1,8,2,11,2,5,4,48,8,4,2,7,0,1,2,0,0,0,5,7,17,13,1,58
803,11,3,0,11,7,2,2,2,13,4,1,4,5,6,4,13,5,3,0,5,4,3,0,4,1,2,2,1,2,3,0,4,17,8,93,8,4,6,40,10,6,3,66,5,8,6,45,3,24,16,1,27,2,2,2,1,0,1,2,5,12,0,5,38,66,27,10,84,2,3,2,1,2,3,2,12,9,5,3,51,8,5,2,10,0,3,3,2,2,0,3,7,19,11,0,50
804,9,3,2,5,9,2,2,5,15,5,1,12,12,9,4,17,2,5,0,4,3,2,2,4,0,6,0,6,5,2,2,7,14,4,83,3,8,5,39,6,12,5,37,7,7,7,35,5,31,14,3,31,1,1,0,1,0,3,5,7,14,0,3,35,63,19,16,94,2,4,3,1,7,7,4,11,4,4,7,53,4,2,2,2,0,1,1,2,1,1,2,5,18,6,4,62
805,4,2,2,2,9,4,1,6,19,6,1,8,2,7,3,18,5,2,0,7,5,4,0,6,1,3,1,6,5,1,0,7,20,2,83,9,3,6,57,4,4,7,51,3,9,8,27,7,26,13,2,22,0,0,4,1,3,3,3,8,24,1,3,35,65,28,8,95,2,5,2,1,3,7,1,6,5,2,3,58,4,4,3,9,3,2,5,4,0,3,1,2,7,14,0,53
806,4,7,0,1,12,8,1,7,22,4,4,10,10,9,2,19,4,4,0,3,5,4,0,2,0,2,0,8,3,2,1,7,13,3,90,12,5,7,47,8,3,4,57,4,4,6,41,8,23,12,7,27,1,3,2,0,2,0,2,12,14,2,2,32,62,25,8,107,2,6,4,2,1,2,6,4,4,4,4,42,4,3,5,7,0,2,2,1,0,0,1,7,9,8,1,49
807,6,5,2,5,6,4,5,3,12,6,2,12,14,6,2,20,0,3,0,4,2,3,1,1,1,1,1,4,3,4,0,4,15,1,108,8,4,3,51,5,0,5,55,8,5,5,32,5,22,10,0,21,0,3,1,4,1,3,2,5,14,0,4,38,74,21,12,96,5,2,2,1,1,4,4,12,4,5,1,46,7,2,5,3,0,3,2,2,1,3,2,7,15,13,3,62
808,4,1,1,2,9,3,1,7,30,2,1,9,14,4,2,16,2,4,1,6,4,0,0,6,0,0,0,3,0,3,0,3,20,7,94,5,4,5,40,6,4,10,43,6,2,4,35,3,23,16,2,23,0,3,2,0,1,7,3,8,16,2,4,35,55,21,10,98,3,6,4,3,3,2,4,9,10,3,5,67,6,7,0,4,0,7,2,1,1,2,3,7,14,12,1,59
809,4,7,0,7,13,4,1,2,17,6,3,5,7,10,3,20,2,4,0,4,3,3,0,3,1,7,1,2,2,1,1,5,20,4,84,10,9,3,40,7,7,2,55,4,5,5,34,8,19,16,3,36,0,2,2,2,0,4,1,8,21,1,2,31,75,25,17,96,1,6,4,2,3,5,2,4,9,4,4,42,9,8,3,6,1,3,1,4,2,1,0,5,12,10,0,43
810,7,1,0,6,10,4,1,6,22,4,2,5,8,6,1,20,3,3,0,5,1,2,1,4,2,1,0,4,2,2,0,5,21,7,94,14,5,6,34,4,8,4,56,4,2,7,28,6,30,14,2,17,2,1,1,0,1,2,3,11,18,2,1,38,77,18,14,80,4,3,5,4,3,3,3,16,7,2,3,53,4,3,4,8,0,1,5,3,1,1,4,4,22,11,0,53
811,6,1,1,6,7,4,2,1,29,6,1,11,12,8,3,16,2,2,0,5,7,1,0,4,1,1,4,5,2,2,1,10,16,3,77,5,8,4,47,9,5,7,44,2,2,8,27,8,26,12,3,19,0,3,4,3,0,5,2,13,14,4,1,31,71,16,7,90,4,2,3,3,3,4,5,10,6,9,1,73,2,1,2,3,1,0,3,3,4,1,6,8,14,13,1,58
812,6,1,0,5,11,2,2,1,18,3,1,12,8,7,1,23,1,5,1,7,2,4,1,2,2,4,0,5,4,0,1,8,17,7,77,11,8,1,40,5,15,3,47,8,4,5,26,3,20,21,2,25,1,4,2,1,3,4,0,4,17,0,4,43,71,31,13,82,1,1,2,2,3,8,2,15,7,7,2,45,4,2,0,3,0,2,6,2,1,1,2,8,21,14,3,63
813,6,2,0,5,5,3,2,4,18,3,0,7,5,8,1,17,0,3,1,3,2,0,2,13,0,1,0,5,1,3,3,10,23,6,87,10,5,7,53,10,6,10,42,5,4,5,31,9,27,16,1,24,2,7,0,2,0,4,4,6,12,1,3,45,56,25,13,93,4,5,4,6,4,3,5,7,5,4,4,55,6,4,0,6,2,2,2,1,0,0,2,8,15,5,1,53
814,5,2,2,3,7,0,1,7,15,3,0,9,12,11,0,23,3,2,2,3,1,4,1,3,1,2,0,8,3,2,0,6,18,3,85,7,3,8,44,7,11,7,63,3,10,5,35,3,22,11,4,19,1,1,1,2,1,4,3,7,15,0,0,36,59,31,12,93,1,3,5,2,1,4,3,11,8,2,1,53,3,5,4,5,0,4,6,2,3,1,2,2,21,10,1,62
815,12,3,0,2,8,7,3,3,18,4,3,9,6,10,3,14,2,3,0,7,3,6,1,6,2,2,1,7,3,1,4,6,14,4,95,7,8,3,45,7,7,5,44,5,11,3,27,2,25,15,1,20,1,3,1,0,2,7,2,8,14,0,3,35,71,20,11,86,3,5,3,4,4,4,3,10,13,4,4,50,2,2,4,6,1,3,2,3,1,1,3,6,17,14,1,56
816,4,8,1,4,6,3,3,5,16,4,2,10,5,6,2,20,2,6,1,2,4,6,2,5,0,3,0,1,2,1,0,6,17,3,79,10,6,4,34,10,11,10,56,5,5,5,31,7,32,18,2,30,0,2,0,1,1,2,3,6,8,0,7,44,62,27,15,95,1,3,3,1,3,6,1,5,6,7,2,53,7,6,1,3,0,3,3,0,0,0,2,7,19,11,2,57
817,9,6,0,2,8,3,2,4,15,6,1,8,13,12,1,20,2,4,0,8,5,4,1,3,0,1,0,2,2,4,4,5,14,4,86,4,9,6,28,5,4,11,67,6,5,6,19,5,22,16,2,16,2,5,2,2,0,4,0,9,14,1,2,40,62,22,11,110,3,1,5,3,2,2,5,4,8,2,3,64,4,5,3,6,0,3,1,2,1,1,2,10,18,12,2,52
818,6,3,0,5,11,1,2,6,18,1,2,9,8,4,2,25,6,7,0,6,6,3,1,2,0,3,3,3,1,1,0,2,17,7,78,5,7,4,34,6,7,7,53,7,4,5,28,2,26,18,5,18,1,3,1,4,0,2,1,14,22,0,4,41,58,29,10,94,2,0,4,8,6,1,6,16,4,9,5,56,6,4,5,4,0,1,2,4,0,0,6,4,15,13,0,50
819,8,2,0,5,6,9,2,4,13,2,0,16,4,7,4,30,3,3,0,10,2,1,0,3,1,0,1,12,1,1,1,7,18,3,84,8,6,3,47,7,4,5,43,5,6,3,25,4,25,14,5,19,2,3,0,1,1,6,2,9,12,3,3,42,79,20,6,75,1,7,4,3,5,4,8,13,8,4,2,50,6,5,6,1,0,4,2,5,0,3,8,6,14,13,2,60
820,10,6,0,5,7,8,1,2,18,3,3,4,11,6,0,19,0,5,0,5,6,7,0,5,1,3,0,5,2,2,1,5,16,4,84,6,5,4,54,2,4,4,42,6,6,7,27,9,19,11,6,25,2,6,1,1,2,4,2,7,17,1,4,46,72,32,13,92,3,3,6,5,2,3,4,7,5,2,2,40,5,5,4,4,1,3,8,1,1,2,3,10,14,12,2,50
821,6,4,1,1,6,7,1,4,20,4,2,9,14,4,1,22,0,4,1,3,5,1,0,2,1,2,0,9,2,1,0,4,16,2,76,9,2,5,42,9,7,4,56,2,7,4,40,5,23,14,3,24,3,5,0,1,2,4,4,8,14,0,2,34,65,25,11,100,3,2,5,6,7,5,6,10,3,2,6,48,6,1,5,8,0,5,3,1,1,1,2,5,8,16,1,65
822,11,2,0,2,12,3,1,4,21,4,2,9,11,2,3,17,0,4,1,4,3,2,1,3,0,2,0,5,2,2,0,6,20,2,84,8,6,9,37,6,5,4,44,3,7,4,30,6,23,9,1,19,1,5,3,3,1,4,5,13,16,1,4,48,78,28,11,95,3,5,2,6,4,4,0,7,7,3,4,52,9,5,2,5,0,3,1,2,0,0,3,9,18,10,3,51
823,11,3,1,5,12,3,3,6,23,2,1,11,12,9,3,19,2,2,2,2,3,5,4,2,1,6,0,3,2,2,0,5,17,2,80,11,7,4,58,6,7,5,46,5,8,4,34,6,24,17,3,18,0,4,1,0,1,2,4,9,9,0,4,41,54,31,8,99,4,4,3,4,5,5,3,11,6,5,3,42,3,1,2,7,1,0,1,1,1,1,2,3,21,15,1,51
824,4,5,1,5,6,4,1,3,13,11,1,12,8,5,2,26,1,2,0,4,2,2,1,4,3,2,0,1,2,0,0,5,20,6,78,6,7,7,46,13,7,4,62,6,1,6,32,2,33,11,2,29,0,2,1,0,2,3,3,9,11,0,2,39,74,28,13,96,5,3,3,4,2,1,2,6,2,4,3,38,4,2,5,6,1,2,2,0,0,0,4,7,23,8,2,64
825,6,6,0,4,8,2,3,4,23,2,0,11,6,8,2,21,4,3,0,4,2,4,0,6,0,0,1,4,0,2,2,7,18,6,92,10,4,5,50,7,2,4,27,7,2,5,31,5,24,18,4,22,1,6,0,0,4,2,3,16,9,0,2,37,63,26,11,95,1,5,6,5,5,4,4,14,6,1,2,52,3,3,2,3,1,4,5,3,1,2,1,11,18,9,3,63
826,11,2,0,1,9,3,1,5,16,2,0,12,11,5,0,18,5,3,1,6,4,2,2,0,0,3,0,2,2,3,2,2,17,11,88,9,5,3,51,5,8,4,63,7,5,1,32,5,21,7,2,21,1,4,1,2,1,7,0,9,11,1,6,45,58,27,13,98,3,3,6,5,3,8,6,9,5,5,1,50,3,5,3,5,1,3,4,0,0,4,1,5,16,12,1,51
827,6,6,3,6,15,3,3,1,19,1,0,10,13,11,1,19,4,1,2,7,2,3,3,7,2,2,1,1,3,1,1,4,16,7,87,7,7,3,43,8,8,4,34,12,4,5,30,7,26,16,2,24,1,3,2,1,4,5,2,11,18,0,4,45,58,23,11,81,3,3,3,6,7,6,4,5,3,7,1,42,4,2,2,3,0,1,3,1,0,3,4,13,24,16,1,53
828,13,8,1,6,10,5,3,6,19,3,1,14,7,9,0,20,2,4,0,5,2,4,0,3,1,2,0,4,1,0,0,5,19,6,94,4,1,5,40,7,8,7,49,6,4,11,20,8,25,15,2,25,1,4,1,2,0,2,2,7,15,1,0,36,81,23,14,83,4,1,5,4,1,7,4,11,2,2,4,54,6,5,1,5,0,2,2,5,0,0,2,4,23,9,1,50
829,3,6,0,5,13,5,4,2,24,2,3,8,6,6,0,18,3,2,1,5,1,2,1,4,1,4,0,3,3,2,1,4,17,5,94,4,6,4,38,5,4,4,48,5,2,3,37,4,24,13,2,18,0,3,0,1,1,5,0,11,14,0,0,44,73,22,8,94,1,1,3,4,4,6,3,11,7,7,2,64,3,5,6,6,0,4,1,1,1,2,3,10,22,13,0,55
830,5,2,0,10,8,5,1,5,16,5,0,11,10,8,2,18,3,2,0,3,5,3,2,4,1,3,0,7,1,1,1,4,15,7,79,7,5,7,46,4,7,2,62,6,2,7,32,6,27,14,6,20,1,3,0,0,0,4,2,15,13,3,3,37,65,26,8,101,1,4,9,5,2,2,3,6,7,2,5,45,4,4,4,5,2,1,2,2,2,3,3,7,25,10,1,46
831,7,7,0,6,8,3,2,6,17,2,2,13,6,8,5,17,4,6,0,3,2,1,2,5,1,0,0,3,5,3,0,4,17,6,73,6,8,2,31,5,7,5,37,6,8,7,28,6,25,14,5,27,1,4,1,3,2,5,1,7,19,1,3,40,67,32,10,98,3,7,6,3,0,4,9,11,4,7,3,53,2,2,1,6,1,2,4,1,2,1,0,6,15,16,4,62
832,3,5,0,7,6,4,4,12,26,7,1,9,3,7,1,18,1,5,0,6,6,1,1,3,4,3,0,5,1,2,2,4,28,9,80,7,1,1,41,8,7,8,39,5,0,4,33,1,27,15,2,27,0,4,1,0,2,2,0,13,16,1,3,37,54,33,12,80,4,2,5,3,7,3,5,23,5,3,6,55,3,3,2,6,0,6,3,2,0,2,2,5,16,13,1,57
833,5,2,0,6,6,2,2,6,16,2,2,10,16,10,2,24,3,1,0,5,4,3,0,4,1,2,1,6,4,1,0,8,24,1,82,9,8,9,37,8,3,4,58,5,4,7,33,7,22,17,3,31,1,4,0,1,0,6,2,11,17,1,2,38,75,31,10,78,5,4,5,3,1,6,2,5,5,4,2,46,4,3,4,8,0,2,0,0,0,4,1,7,13,15,1,47
834,4,4,0,5,13,3,2,8,22,2,2,6,12,6,1,21,2,1,1,4,5,1,1,6,2,4,0,3,2,5,1,4,17,5,82,4,4,8,43,3,2,4,56,8,1,8,30,4,32,12,2,26,1,2,1,0,0,5,2,13,19,2,6,40,56,22,12,102,1,5,3,4,1,1,6,11,5,6,3,47,2,3,3,5,0,3,4,3,0,0,4,6,14,15,3,55
835,9,1,0,2,9,5,1,1,20,7,3,11,10,8,1,17,1,5,0,6,3,4,0,4,1,3,1,6,3,0,0,9,13,6,86,4,5,8,52,3,5,5,43,10,5,7,38,4,28,14,1,17,1,6,2,0,0,2,2,7,16,3,3,38,65,28,18,86,5,2,9,4,0,3,5,11,5,5,7,49,1,2,2,6,1,0,1,1,0,0,5,6,21,5,3,59
836,8,6,1,13,6,4,5,5,22,3,2,11,9,7,6,19,2,2,1,5,2,3,0,5,1,1,1,6,2,3,1,2,9,8,69,8,6,4,44,7,4,7,38,5,3,8,30,2,26,17,4,22,1,5,2,1,0,2,2,9,15,1,3,53,58,26,10,102,3,2,2,6,8,5,5,9,3,4,6,49,5,5,1,4,0,1,2,2,1,1,5,9,16,14,1,56
837,3,2,0,3,9,8,3,5,14,1,2,11,6,10,2,16,1,4,0,3,3,5,1,1,5,0,0,7,4,1,1,7,18,10,85,15,4,7,42,7,6,9,43,6,7,7,24,5,20,20,4,31,0,1,1,4,0,4,1,14,11,1,2,44,79,25,10,91,3,3,7,4,2,2,6,12,5,2,2,47,5,3,4,1,0,3,0,2,1,1,2,5,19,7,2,54
838,13,7,1,3,9,0,2,6,16,3,2,7,10,7,1,29,1,4,0,4,3,3,1,4,1,0,5,6,0,1,1,4,23,3,70,10,5,4,61,12,7,9,39,6,9,4,28,11,23,21,2,28,0,7,1,0,1,2,3,5,15,3,6,44,61,19,8,88,1,1,3,1,2,6,3,12,2,4,2,59,2,2,3,2,0,2,8,2,0,0,1,9,15,11,5,50
839,6,5,0,4,10,2,1,5,18,1,1,9,8,7,4,23,4,6,1,6,1,3,3,3,1,4,1,4,0,2,2,4,20,4,81,5,2,5,42,2,5,2,61,8,5,3,31,3,20,15,1,24,0,8,2,3,1,1,2,10,14,0,7,29,72,35,7,100,4,2,2,3,3,3,2,9,11,6,3,46,4,3,2,5,1,4,2,4,0,2,4,6,18,14,5,53
840,9,7,1,5,14,4,2,5,16,4,0,9,6,6,4,15,2,3,0,4,8,6,1,1,1,1,1,6,2,1,1,7,23,4,66,8,12,7,40,6,7,4,59,7,2,2,30,6,28,14,3,16,1,2,1,2,1,4,4,11,11,1,4,53,64,24,9,92,3,5,4,1,3,7,4,8,7,2,1,53,5,0,2,6,0,2,1,3,0,2,5,5,12,9,1,69
841,6,4,1,4,8,2,1,2,11,10,1,12,10,8,2,15,0,5,0,2,3,0,0,3,0,1,1,8,2,3,4,8,16,1,111,8,5,2,37,9,9,10,54,7,7,6,22,3,27,18,4,19,2,3,0,1,1,2,3,6,12,1,2,45,53,25,16,92,1,3,6,6,0,2,3,14,9,3,3,49,6,3,4,7,1,1,3,3,0,3,1,9,13,5,1,65
842,9,5,1,4,6,4,2,4,18,8,2,12,5,7,2,13,3,4,2,4,2,2,0,5,3,3,0,4,1,1,1,8,15,7,89,7,5,4,42,7,9,2,48,9,5,5,35,2,25,19,1,27,0,2,1,2,1,8,1,8,10,3,3,39,64,34,9,96,3,2,5,1,0,4,6,13,6,2,3,42,3,5,4,3,0,1,1,3,0,1,6,8,19,8,1,61
843,7,3,1,0,7,4,3,2,19,3,1,9,7,7,0,23,0,2,1,6,2,2,1,4,1,3,1,5,1,0,0,6,19,5,79,5,6,6,46,6,10,4,33,8,3,7,29,3,28,19,2,26,1,3,2,0,1,3,1,13,12,1,2,41,59,28,10,108,1,1,4,3,1,3,9,8,7,4,2,54,9,4,5,11,0,2,3,0,1,2,3,12,19,13,5,54
844,8,2,0,3,6,5,4,2,19,1,2,10,12,8,0,21,0,1,0,2,7,3,0,2,1,1,0,5,1,2,0,4,20,5,91,10,7,7,38,4,8,8,65,4,0,4,26,3,21,10,2,27,0,2,0,1,3,4,1,7,10,0,5,37,71,30,6,84,1,7,7,4,3,2,4,7,6,2,2,56,5,5,2,7,0,3,5,1,1,0,3,10,19,13,1,71
845,8,1,0,6,7,3,0,3,22,3,0,10,6,13,0,20,3,2,0,4,3,1,0,2,1,3,1,4,2,1,1,4,10,3,84,7,3,5,49,9,6,5,57,7,5,5,37,5,24,15,6,18,1,1,4,1,1,1,2,5,19,1,2,44,72,24,16,98,3,3,7,4,5,3,4,9,7,6,6,52,3,2,4,5,1,1,1,2,2,1,2,5,17,8,1,50
846,5,2,1,5,7,4,2,5,19,4,1,15,11,6,1,22,5,4,0,8,2,0,1,7,0,5,0,6,0,3,1,4,18,6,80,4,7,7,49,13,7,4,46,4,4,8,34,8,19,14,4,22,2,5,0,1,1,3,4,7,16,1,4,38,62,39,5,88,4,3,3,2,7,6,4,7,6,4,6,50,8,3,0,6,0,3,3,2,0,0,2,9,13,8,2,49
847,4,1,0,5,5,1,2,1,20,3,3,6,11,7,1,14,3,5,1,5,5,2,2,5,0,2,2,5,0,4,0,6,20,5,96,3,6,6,37,11,4,3,60,10,5,6,39,3,30,12,1,24,1,4,1,4,0,0,2,11,15,0,2,33,61,22,8,94,3,4,9,8,2,6,8,11,5,7,2,53,4,2,0,6,0,2,1,4,1,4,5,4,15,11,3,50
848,5,4,1,6,4,3,1,5,19,3,2,11,12,6,0,21,1,2,0,5,3,3,0,8,2,4,0,5,2,0,1,7,23,6,79,6,10,2,54,8,10,4,54,5,7,3,29,3,33,15,1,21,0,0,1,1,0,0,1,9,10,3,2,46,78,22,15,96,3,1,2,6,2,2,3,8,1,5,2,55,7,4,5,4,0,2,2,4,0,0,3,3,14,12,0,47
849,7,4,0,3,4,4,1,2,15,3,1,11,7,8,5,27,3,2,1,2,5,2,0,5,1,1,2,6,3,2,0,2,11,4,73,5,7,4,34,6,7,8,45,7,8,5,39,3,22,14,2,20,0,1,2,4,2,3,6,5,19,2,2,35,68,22,11,97,4,4,10,1,4,4,6,20,3,4,2,59,0,1,3,5,0,4,4,4,0,2,1,8,25,11,2,67
850,13,5,0,7,6,4,2,4,17,3,2,7,9,4,3,23,2,4,1,9,7,4,2,2,1,1,0,3,0,2,0,5,14,9,84,6,3,8,50,10,8,4,41,7,4,3,28,5,21,13,1,24,0,2,0,1,4,3,1,11,17,1,2,46,62,21,6,100,2,3,3,2,1,3,2,7,7,4,3,50,3,5,2,5,0,2,2,5,0,2,6,6,20,13,1,69
851,9,8,0,5,7,2,1,5,22,4,0,17,12,4,1,21,1,5,2,3,4,1,0,3,0,0,1,4,0,2,0,6,6,4,89,11,5,6,40,5,5,2,50,5,5,4,26,1,30,8,2,24,1,1,4,0,1,4,4,8,13,4,3,49,61,32,13,98,3,2,6,1,3,4,4,11,4,5,1,55,6,1,2,5,1,6,4,1,0,2,3,12,15,8,1,60
852,9,5,0,4,8,2,2,10,13,2,1,10,13,7,1,15,2,5,0,2,2,2,2,4,2,1,1,2,5,1,0,5,20,6,84,5,5,4,47,7,7,5,56,3,4,5,22,6,24,15,2,24,0,4,1,2,0,2,2,6,16,5,3,39,80,29,9,94,3,0,3,3,4,4,0,13,4,4,2,56,6,6,7,3,0,3,2,0,0,1,1,12,18,10,2,52
853,13,4,0,5,9,5,1,4,23,5,1,9,12,13,4,10,2,2,0,3,2,1,0,3,2,4,0,6,1,3,0,4,20,9,78,8,6,4,55,4,11,2,49,5,6,5,30,5,28,14,2,21,1,8,1,2,1,2,1,4,16,1,2,49,66,22,19,83,0,5,4,3,1,2,3,9,4,2,3,60,6,6,2,5,0,4,4,2,1,3,2,9,21,6,2,40
854,5,3,2,3,11,3,1,4,16,4,2,6,8,11,1,20,3,0,0,4,6,1,1,4,0,3,1,2,2,2,0,4,22,7,94,7,2,5,34,5,9,7,49,4,7,5,33,0,27,17,2,12,0,4,0,2,0,5,2,4,18,0,3,43,67,32,9,87,6,7,1,1,5,2,7,12,3,6,3,68,11,7,3,5,0,1,2,0,1,3,4,9,13,9,1,53
855,6,5,2,0,10,3,2,9,17,4,4,5,9,9,0,21,3,5,1,5,0,1,0,2,0,2,1,4,0,2,1,8,13,3,97,5,8,6,49,5,8,5,34,6,9,6,30,3,16,12,1,24,1,3,1,1,1,3,4,11,25,1,1,40,71,33,8,78,2,2,4,3,3,4,0,8,6,7,5,54,13,3,2,4,2,2,5,3,0,1,2,9,21,9,4,59
856,11,6,1,5,5,5,3,2,21,6,2,12,14,5,2,15,2,2,1,7,5,5,1,3,3,3,0,5,0,5,1,5,15,4,83,4,6,6,39,6,4,4,44,3,4,5,41,9,24,17,2,22,1,0,2,1,0,3,1,6,22,1,3,28,66,26,12,99,3,4,2,3,6,2,4,11,3,7,2,52,3,2,4,3,0,4,3,1,2,0,3,15,12,10,2,61
857,11,7,2,11,11,3,4,3,18,5,0,11,7,7,2,17,1,6,0,5,2,4,1,4,1,2,4,1,1,0,1,5,21,6,77,4,7,5,49,9,5,6,48,9,3,9,32,3,28,15,1,21,0,4,1,0,1,9,1,8,12,0,1,40,66,29,10,89,3,4,6,2,5,5,2,9,8,3,4,52,2,6,6,2,3,0,2,0,0,0,0,6,12,9,4,59
858,7,4,0,4,10,3,2,6,20,4,1,7,15,8,3,20,3,1,0,4,3,3,3,2,0,4,2,6,1,2,2,4,18,8,91,10,3,8,41,8,7,6,56,8,5,5,25,5,25,12,3,34,2,1,5,1,2,4,2,4,9,1,2,37,59,25,10,96,3,5,6,3,2,3,6,8,5,5,5,41,4,1,6,5,0,0,7,2,1,0,1,7,14,12,3,53
859,7,5,0,4,9,3,4,6,13,2,1,12,12,4,2,21,1,4,1,4,2,3,0,2,0,1,2,4,2,1,1,4,20,3,82,12,8,6,38,4,3,3,57,11,3,6,22,2,25,15,2,21,1,4,1,1,1,2,2,7,13,2,2,41,70,26,12,101,1,3,5,3,0,4,4,10,6,4,2,62,3,4,6,4,1,3,1,3,0,1,5,5,16,12,2,64
860,9,5,2,2,6,6,1,7,14,5,2,11,12,5,3,23,1,3,1,7,4,4,0,2,2,1,0,3,1,4,0,6,25,8,82,6,1,4,48,12,8,6,45,5,4,5,30,6,25,9,1,19,1,3,1,0,0,2,5,8,16,0,2,32,61,17,13,105,1,7,2,4,5,4,4,4,5,3,4,54,7,7,3,6,1,3,2,1,0,1,4,7,21,15,4,54
861,16,3,1,4,10,3,2,3,19,3,2,5,15,7,1,31,1,5,0,3,4,2,0,4,0,3,1,5,2,2,1,5,25,6,81,6,8,5,37,10,7,6,39,5,3,4,33,2,19,18,2,23,0,4,1,0,1,5,2,6,15,0,2,31,81,26,9,96,3,2,4,1,4,4,3,8,7,5,5,48,6,2,4,1,0,2,4,4,1,2,6,9,15,10,1,58
862,5,3,0,7,11,6,4,3,19,4,0,17,6,7,1,24,5,2,0,4,1,2,0,3,2,1,3,5,0,2,0,7,23,2,89,3,6,1,43,9,10,2,64,6,1,7,33,4,27,10,2,14,2,3,1,2,0,2,0,9,12,2,6,42,58,29,10,105,3,1,5,3,0,3,4,8,4,3,1,57,7,5,4,6,0,5,0,0,2,0,4,5,8,14,1,54
863,11,5,0,4,6,4,2,2,13,2,6,10,7,7,1,20,0,1,0,2,4,5,0,3,1,4,0,4,2,0,1,5,20,6,94,5,9,0,50,4,4,6,58,4,10,7,31,6,23,13,2,19,1,5,2,1,0,2,1,11,9,1,5,26,73,24,14,97,3,4,2,4,4,1,2,7,6,7,4,51,5,2,10,7,1,2,4,0,1,2,7,7,15,9,3,55
864,9,2,2,0,10,2,5,4,13,3,4,11,10,12,0,20,1,1,0,5,6,3,0,4,1,2,0,2,4,5,0,4,20,7,91,11,3,3,39,13,5,6,46,2,5,5,35,8,20,24,2,27,0,4,0,1,0,1,1,5,16,1,2,33,71,22,12,83,2,8,6,6,5,5,1,10,1,5,3,52,8,4,1,4,0,2,2,5,1,2,1,12,18,14,2,51
865,7,3,0,7,10,3,2,3,21,3,3,14,9,8,2,16,0,2,0,6,3,3,3,7,3,1,1,10,5,3,1,8,16,5,81,11,8,3,52,5,2,4,42,10,8,5,41,7,28,16,3,25,1,5,1,1,0,1,5,6,11,3,0,36,54,24,9,73,4,1,4,4,1,2,5,16,2,9,1,48,6,9,2,3,2,2,2,0,1,0,4,7,18,15,1,62
866,6,6,0,7,8,3,0,9,19,3,2,10,9,6,4,16,0,3,0,4,4,3,1,4,1,2,0,3,0,3,0,5,19,2,87,6,5,7,46,10,5,4,54,6,8,5,34,3,30,12,3,18,0,2,0,0,2,1,2,11,16,2,0,42,61,25,10,94,3,8,4,7,1,2,5,8,12,7,6,47,9,2,1,4,0,2,3,3,0,1,0,11,13,15,2,51
867,4,6,1,4,9,4,1,6,17,3,1,14,8,8,2,20,3,3,1,2,3,3,2,7,2,1,0,5,1,0,2,5,21,4,88,13,4,5,42,10,6,4,54,9,4,5,25,3,17,11,2,23,1,2,2,0,0,3,2,4,13,0,6,42,77,17,11,95,4,7,1,5,3,4,3,8,8,3,6,43,1,1,3,5,1,4,2,1,1,0,3,7,21,15,2,65
868,6,8,0,3,15,7,5,4,14,2,0,7,10,4,1,18,4,6,2,3,1,2,3,1,1,1,1,5,1,4,2,4,21,6,104,7,6,7,42,4,3,4,50,11,3,5,25,1,30,10,1,25,0,4,3,0,0,2,3,4,12,0,7,38,63,30,14,91,0,5,4,6,6,5,3,7,3,2,2,59,5,1,1,7,1,2,2,1,1,2,4,8,21,9,2,50
869,8,2,1,5,10,0,3,4,23,5,2,11,8,4,2,18,1,2,1,7,2,3,1,2,0,2,0,2,4,3,0,6,14,5,80,9,3,5,45,8,12,7,47,12,6,9,30,5,29,16,1,33,1,3,2,0,1,3,1,4,11,1,3,40,66,23,6,103,6,2,7,3,4,6,6,11,8,5,2,45,5,3,6,1,2,1,2,1,1,2,3,9,20,10,0,43
870,12,5,0,2,10,6,1,2,22,2,2,13,8,3,0,12,2,6,0,4,3,3,1,3,1,3,1,4,0,4,0,3,13,5,105,9,2,7,51,1,6,5,51,6,5,4,22,4,21,16,2,34,0,4,0,3,1,0,1,6,15,1,2,38,49,24,7,106,5,3,5,1,6,8,3,14,8,3,3,55,1,2,2,7,1,0,3,1,0,0,5,6,19,14,4,57
871,9,4,0,7,11,3,1,2,19,2,4,10,10,15,4,14,1,5,0,2,3,1,0,3,1,3,1,4,1,2,0,10,12,6,82,4,7,7,43,6,3,5,41,6,4,7,24,3,35,12,2,28,1,4,0,0,0,6,5,6,16,0,4,52,68,23,14,103,4,3,5,3,2,2,0,11,10,3,2,48,5,4,6,5,0,4,1,0,0,0,6,6,22,8,2,47
872,5,5,1,6,9,3,1,4,27,4,2,15,9,10,4,14,3,4,0,4,5,1,0,3,1,3,0,4,4,0,0,4,18,2,75,10,6,5,42,5,4,1,57,9,2,4,24,6,18,16,5,26,1,2,2,1,3,5,3,6,14,1,3,44,57,20,13,92,4,5,2,3,2,4,1,19,6,4,1,60,8,1,6,6,0,3,3,2,1,1,1,6,18,11,2,63
873,9,5,0,4,11,3,3,12,21,0,0,6,12,8,0,13,1,5,2,5,7,4,3,5,0,0,1,5,1,1,3,4,20,5,72,6,8,5,56,9,7,5,44,6,4,5,38,4,23,14,1,21,0,1,3,1,1,6,2,9,14,2,6,38,58,25,7,97,2,6,5,3,4,3,2,7,7,8,1,61,5,5,2,3,0,4,1,1,0,1,2,11,15,12,3,49
874,5,4,0,4,8,4,1,4,18,6,2,10,6,5,2,15,5,3,1,5,1,4,1,1,2,2,1,9,0,2,0,6,16,6,82,5,6,9,60,5,10,2,47,8,4,7,29,4,31,17,6,17,1,3,0,2,1,1,0,13,15,1,3,37,67,28,10,101,2,6,4,4,5,6,2,18,3,5,3,60,2,4,5,3,0,0,1,1,0,1,3,5,13,2,0,51
875,8,5,0,6,11,8,6,4,16,1,1,7,9,11,5,17,1,4,0,4,6,2,4,4,3,2,2,2,1,1,0,1,14,3,87,7,7,6,43,8,4,14,43,6,5,14,22,5,29,14,6,20,0,2,1,0,0,3,5,7,15,0,4,41,69,24,13,106,3,5,4,5,1,3,5,12,3,3,6,44,6,4,2,3,1,4,2,0,0,2,4,6,13,10,0,50
876,9,7,1,3,11,5,1,3,18,6,0,12,13,8,0,19,3,4,0,7,3,2,1,3,1,0,1,4,1,4,1,3,14,7,89,7,5,1,46,5,6,7,59,5,4,7,25,9,20,10,3,20,0,3,0,1,0,3,1,7,15,1,2,41,63,30,13,91,2,2,4,2,4,4,3,14,6,5,1,52,3,3,3,7,0,3,2,4,1,3,2,12,15,5,1,63
877,9,7,1,4,7,2,1,3,17,7,2,12,11,9,1,17,3,4,2,3,4,1,1,3,4,4,0,5,2,3,1,2,20,5,74,11,6,4,49,5,8,8,47,5,4,5,31,1,28,8,1,28,0,4,3,0,0,1,2,8,10,4,3,43,62,23,16,100,2,4,6,5,4,4,2,9,6,5,5,59,3,0,5,6,3,1,3,0,1,0,1,10,19,6,1,51
878,6,5,0,5,10,2,0,2,21,3,1,6,13,6,2,20,2,2,1,4,7,4,3,2,2,3,1,3,2,1,0,9,21,8,85,8,8,6,37,11,1,6,47,5,10,8,23,4,30,11,0,31,1,3,1,0,0,2,4,8,8,1,1,38,65,21,12,110,4,2,1,6,2,2,6,9,7,6,1,48,4,0,1,2,0,4,4,1,1,2,4,12,20,12,1,55
879,6,1,1,4,15,4,3,6,14,6,0,7,6,15,2,17,3,1,0,4,3,2,2,3,1,2,1,5,0,0,0,5,15,8,82,9,7,4,41,10,4,8,52,10,2,12,36,4,20,20,2,25,0,1,1,1,0,2,2,12,16,2,6,54,57,25,14,93,2,0,3,6,0,7,3,8,8,5,4,50,7,6,0,4,0,1,4,1,2,0,2,8,15,10,0,48
880,3,8,1,3,10,7,2,2,23,4,1,15,11,7,1,23,1,2,0,4,3,2,1,6,2,2,1,3,0,6,0,2,23,9,73,8,6,7,44,6,5,2,57,2,3,5,31,8,15,11,4,28,0,2,1,2,0,3,2,7,10,0,2,40,66,27,7,87,4,4,10,4,4,5,6,6,6,2,2,59,7,3,1,3,1,2,2,6,2,2,4,5,16,15,4,56
881,15,5,0,2,6,4,3,3,18,5,3,9,10,8,0,23,2,5,2,3,2,2,2,6,3,0,1,1,3,0,1,6,16,6,87,4,10,5,56,11,5,3,51,5,5,6,23,7,24,10,2,20,1,2,3,1,2,3,2,13,16,2,5,48,59,20,5,86,2,6,5,3,8,2,2,9,8,8,3,58,5,1,6,2,0,0,3,0,0,4,1,12,15,14,1,45
882,11,5,3,4,11,5,2,4,15,2,1,11,4,6,2,16,2,2,0,3,4,1,0,3,1,3,1,5,2,6,0,2,19,3,78,6,5,7,48,9,3,4,42,9,9,10,27,4,27,14,1,30,1,2,1,2,0,3,2,5,18,0,3,34,67,31,9,81,4,7,5,5,4,7,5,13,6,4,2,62,7,5,1,5,0,3,3,0,1,2,1,4,22,16,1,54
883,13,2,0,4,8,2,2,3,16,4,1,10,9,8,0,34,2,1,0,6,4,1,2,4,0,3,0,5,1,3,1,3,13,2,89,6,5,5,52,8,6,7,53,5,3,2,37,3,25,14,3,16,0,3,0,2,2,1,5,6,10,1,7,36,58,18,12,89,3,5,3,4,2,5,5,14,6,2,1,60,4,5,4,10,0,4,1,1,0,1,1,10,19,13,0,61
884,11,4,1,4,8,7,2,3,14,2,0,8,6,5,0,27,2,3,0,3,1,5,1,1,0,3,3,5,1,1,2,2,18,7,85,3,6,4,43,5,3,6,48,11,3,3,29,5,27,13,1,25,1,0,2,1,2,2,3,6,18,1,3,42,70,32,12,89,5,1,3,3,4,4,5,12,9,2,5,42,4,7,0,2,1,3,3,1,1,3,4,8,18,13,3,70
885,9,8,2,4,12,2,1,4,19,3,1,8,6,5,5,22,1,7,0,6,2,2,0,3,1,4,1,7,1,1,0,3,16,7,81,3,1,5,31,11,6,1,59,11,5,5,28,6,21,10,3,20,0,3,3,2,0,6,3,15,20,3,4,43,62,29,18,105,3,3,4,2,0,0,3,9,8,3,3,55,4,0,2,5,0,3,1,0,0,0,4,9,22,14,1,46
886,10,4,0,4,7,1,1,5,15,3,4,7,14,12,2,26,1,5,0,1,5,1,1,2,1,4,3,2,1,3,1,6,17,6,82,8,4,5,50,10,5,6,51,4,6,4,32,7,22,10,1,26,1,3,1,1,1,4,1,10,17,1,4,44,57,19,11,96,4,10,6,4,4,4,3,10,3,2,3,48,3,3,2,5,0,4,7,1,0,1,6,8,15,7,3,55
887,16,1,0,3,7,6,4,3,18,5,4,13,8,9,3,19,1,2,2,6,4,2,1,3,2,3,0,5,3,0,0,1,19,3,79,8,7,5,49,8,1,4,68,11,6,8,30,0,29,13,1,28,1,3,0,2,0,2,1,2,18,1,2,28,59,25,10,105,5,2,4,1,3,4,2,6,10,4,4,39,4,5,4,7,1,1,2,2,1,1,7,8,21,13,0,49
888,10,4,2,5,7,3,2,5,20,2,5,7,14,10,1,30,2,5,1,5,3,2,0,5,0,1,0,6,3,2,0,8,25,6,83,6,7,9,46,2,4,5,71,9,8,7,30,2,29,21,1,21,0,3,1,0,0,6,2,5,17,1,2,38,54,30,13,78,0,4,6,4,2,8,2,10,9,3,5,43,4,3,1,5,0,1,1,3,0,1,1,9,14,9,2,38
889,7,2,1,4,7,1,5,4,22,2,2,10,10,13,3,21,1,2,3,5,2,5,1,3,1,2,2,3,6,1,1,0,13,3,90,7,2,2,58,10,10,5,49,3,4,9,29,4,32,11,2,29,0,4,4,0,2,3,4,13,15,2,2,49,64,18,12,84,3,2,6,8,1,1,6,9,13,3,1,42,3,2,3,4,0,1,2,6,1,0,6,7,15,11,1,43
890,8,6,0,5,8,5,2,5,20,4,1,14,4,7,2,17,3,4,0,9,4,7,0,5,0,2,0,5,4,0,1,3,22,2,86,6,3,6,35,3,8,4,47,10,5,6,33,1,31,19,3,31,1,3,1,0,0,3,4,6,16,1,4,34,58,23,10,109,3,7,5,3,6,2,5,8,7,3,2,64,5,3,2,4,0,2,0,2,1,1,5,10,14,4,1,42
891,7,3,1,2,7,5,1,4,26,2,0,11,6,7,6,29,4,6,0,1,2,3,0,7,1,3,2,5,0,2,4,3,19,2,75,4,8,3,44,7,3,2,44,7,1,10,31,2,26,9,2,26,1,1,3,1,1,2,2,7,20,3,6,60,74,24,17,86,1,3,6,2,5,5,4,11,8,5,0,42,7,0,2,7,1,3,0,1,1,0,3,7,20,16,1,46
892,5,3,4,3,10,2,3,5,20,3,0,9,13,5,2,16,1,2,0,1,1,4,1,6,0,2,1,2,1,0,0,8,15,4,69,4,8,4,41,12,6,6,56,8,4,5,27,4,21,10,3,28,0,4,2,1,0,5,5,6,18,1,6,38,69,33,12,93,1,2,4,1,4,10,2,20,9,7,2,55,4,3,3,7,0,3,2,2,0,1,3,9,16,10,1,58
893,11,4,1,4,9,4,7,5,19,4,2,8,8,14,3,16,2,0,0,3,7,4,0,6,0,1,2,6,1,3,3,7,18,5,66,5,7,5,52,6,5,4,49,6,0,7,33,2,24,21,1,24,3,4,0,1,3,0,3,7,10,0,5,43,65,26,17,83,3,5,6,2,8,7,1,13,3,4,2,56,8,3,3,6,0,4,3,1,0,1,2,6,12,5,5,57
894,11,5,3,5,8,1,0,6,20,2,1,11,11,12,1,9,3,4,0,10,3,2,1,3,0,3,1,4,3,2,0,6,15,7,81,13,5,1,46,4,4,4,44,6,5,8,31,7,23,17,1,21,1,4,1,2,2,1,0,6,14,0,5,45,66,20,11,100,3,4,9,3,1,7,4,9,7,3,4,70,3,2,4,1,1,0,2,0,2,0,4,5,14,13,0,53
895,3,4,0,2,10,8,5,6,14,2,1,8,8,7,3,23,3,2,0,7,2,3,3,5,2,1,0,6,4,3,1,4,20,4,93,5,5,3,47,13,12,7,48,5,7,7,28,6,23,12,2,20,1,3,1,1,0,2,5,6,10,1,5,44,67,23,8,86,7,4,1,4,2,3,8,9,6,2,1,41,1,2,2,6,0,1,5,4,2,0,2,6,16,15,4,66
896,8,2,4,2,8,3,2,7,17,4,3,13,15,5,0,23,3,2,1,7,5,3,2,4,1,2,0,3,1,2,2,7,12,5,64,6,1,2,41,2,5,5,53,6,9,9,35,1,21,8,5,15,0,9,3,1,1,3,3,10,10,0,5,46,62,23,13,105,2,6,5,3,1,4,6,10,7,5,7,63,4,2,1,8,0,4,5,3,1,2,3,7,14,8,1,58
897,9,5,0,3,11,4,1,6,15,6,1,8,4,7,2,18,0,2,0,13,2,6,3,6,0,5,0,2,1,2,1,2,21,4,94,9,10,1,39,8,6,6,45,9,6,6,27,8,27,8,1,26,1,2,3,3,1,2,4,8,17,2,3,33,63,20,9,86,1,5,6,2,5,7,2,9,3,3,5,53,9,6,4,8,1,3,3,2,0,2,7,8,12,10,2,59
898,7,5,2,4,5,4,3,3,14,3,2,11,4,8,2,17,3,4,2,5,7,2,3,2,0,3,0,6,1,1,0,2,22,3,88,6,6,7,45,12,6,7,56,2,5,8,24,4,33,10,3,19,1,5,3,0,1,4,2,14,22,1,3,31,64,19,9,95,3,2,5,3,2,4,4,13,7,7,3,57,5,2,2,9,0,3,3,0,0,3,3,5,14,10,1,55
899,9,4,1,3,10,1,6,5,21,0,1,10,10,5,3,24,2,5,0,5,3,2,0,3,2,3,0,12,0,0,1,9,18,6,85,5,4,5,37,8,4,6,37,8,7,3,39,7,22,15,4,20,0,3,0,2,0,4,1,7,13,0,1,46,60,34,8,98,1,2,5,6,3,4,4,11,5,1,3,54,8,3,3,4,0,3,4,2,0,1,2,8,20,8,3,55
900,8,1,1,3,5,1,1,6,21,2,0,8,7,10,0,24,3,3,0,5,5,4,0,6,1,6,2,2,1,2,1,5,15,2,96,8,5,10,50,9,2,10,43,5,3,3,30,2,17,16,6,21,3,2,2,0,1,7,3,12,16,2,3,37,76,27,15,98,4,1,1,1,5,3,0,8,4,4,3,61,3,5,3,3,0,2,2,0,0,0,0,4,17,9,1,55
901,10,1,2,8,7,3,2,4,9,3,1,12,6,8,2,20,1,4,1,4,4,2,1,5,0,2,1,5,0,0,0,3,23,2,79,6,1,3,55,7,4,7,52,6,3,9,28,5,29,11,4,31,0,5,1,0,1,5,2,7,17,0,3,41,60,23,9,103,7,2,4,2,2,6,2,9,9,5,1,55,5,3,4,3,0,0,4,3,0,3,3,6,14,15,1,59
902,8,4,0,5,11,3,1,2,25,1,2,7,12,6,2,20,4,4,0,6,8,1,1,3,1,1,1,6,0,2,0,3,11,6,87,5,1,8,36,5,13,5,51,7,7,7,28,3,24,13,2,24,0,1,2,2,2,3,4,5,18,1,0,33,59,26,13,101,1,2,7,4,1,6,5,11,7,2,6,47,4,3,4,5,1,3,0,2,0,1,9,6,16,20,2,62
903,6,5,0,9,8,4,2,5,18,1,3,10,7,8,3,21,7,7,1,4,4,2,2,3,0,2,1,5,2,1,2,6,20,8,58,10,8,4,56,6,7,11,36,6,5,8,22,6,20,11,1,17,2,2,0,2,3,4,3,6,14,0,2,34,79,21,16,104,1,1,5,5,5,4,2,10,3,3,4,49,8,4,3,8,0,3,5,0,0,0,4,8,18,18,1,57
904,12,4,0,6,7,6,1,10,17,6,1,9,8,10,4,30,3,5,1,10,4,4,1,4,1,3,1,6,1,3,2,5,15,2,79,10,6,3,37,5,3,4,43,6,7,5,40,5,30,10,1,24,1,3,3,4,0,4,2,8,15,2,3,39,71,23,6,88,1,2,7,3,3,3,5,7,5,4,0,57,3,6,4,6,1,2,1,2,1,2,0,7,13,11,0,52
905,8,3,0,3,7,3,0,2,21,3,2,8,10,5,3,17,2,5,2,2,3,3,3,8,1,2,2,1,1,4,0,10,15,4,79,7,6,7,47,11,7,5,44,3,5,7,29,7,27,19,1,26,2,4,0,1,0,4,4,13,16,1,5,52,58,30,8,99,0,7,4,2,2,3,1,12,6,2,6,52,6,1,7,2,1,1,3,2,0,0,2,5,14,13,3,46
906,6,1,2,1,7,5,1,4,9,1,0,11,8,9,3,22,0,4,0,6,5,3,2,4,2,2,0,8,2,6,1,3,27,5,86,10,4,3,45,3,8,3,44,8,6,5,32,4,17,26,0,35,1,6,3,2,2,5,1,7,17,0,1,34,71,25,6,93,4,1,3,1,6,6,3,9,10,2,1,55,7,4,3,5,0,4,5,0,0,2,3,10,11,11,1,50
907,10,3,0,8,8,6,2,5,17,2,5,12,8,8,3,22,4,4,1,6,3,2,2,3,3,2,0,5,2,2,0,4,25,4,91,7,8,3,43,10,4,4,43,6,4,5,30,3,30,14,6,21,2,2,3,1,1,4,1,13,21,0,2,39,53,20,10,100,4,2,4,2,4,2,4,7,3,5,5,37,4,2,5,2,0,3,1,3,2,3,3,9,19,14,1,55
908,2,4,2,4,12,3,3,8,21,4,3,9,9,7,4,31,2,1,0,4,6,1,1,4,0,3,2,5,1,2,0,3,20,4,87,6,3,0,40,14,6,6,46,4,4,2,26,4,30,19,2,25,1,5,1,0,3,4,3,5,14,1,4,45,59,32,19,82,2,3,2,1,5,4,2,17,4,7,5,50,6,6,1,7,0,2,2,1,1,1,2,11,11,5,4,51
909,3,5,0,3,11,2,2,5,11,3,3,8,5,4,0,24,1,7,1,2,1,3,3,3,1,3,0,3,2,4,2,6,20,5,89,7,8,7,31,5,8,8,54,4,8,8,27,3,34,25,5,18,1,2,2,0,0,2,3,7,17,0,3,45,68,18,16,91,2,6,2,2,2,6,8,18,2,2,3,51,5,2,3,6,0,2,1,1,1,0,4,8,17,16,1,49
910,6,4,0,8,9,3,2,5,13,4,0,14,5,8,3,19,3,3,0,2,8,3,3,3,0,4,1,6,5,6,0,9,18,7,84,9,5,4,41,5,4,4,44,7,2,3,28,9,18,14,3,17,0,1,3,1,1,5,3,12,21,2,5,36,65,28,14,85,1,4,2,4,3,6,5,8,4,5,4,60,4,2,5,6,0,5,1,2,0,2,1,15,15,12,4,53
911,8,3,1,2,2,3,1,4,13,5,3,12,11,5,3,29,3,0,1,5,2,5,1,4,2,2,1,3,3,1,0,5,13,5,79,7,4,2,33,5,6,5,64,10,6,6,29,9,19,10,1,17,0,4,3,3,1,2,0,10,11,0,5,46,65,34,16,119,2,6,3,5,3,1,4,8,8,2,3,59,2,4,3,8,1,0,2,2,0,1,3,11,11,18,0,38
912,10,2,1,7,11,4,4,5,15,4,1,7,11,8,4,21,4,3,0,4,4,0,1,4,0,2,0,6,5,1,1,5,23,4,84,6,4,4,48,8,7,5,39,7,10,4,30,3,27,14,3,15,1,2,1,3,1,2,3,9,10,0,3,48,75,17,9,97,4,4,5,3,3,3,4,12,6,5,3,55,9,4,4,2,0,1,2,3,0,3,2,10,12,15,2,43
913,11,3,0,3,9,4,2,5,19,7,1,10,9,10,2,18,4,2,0,2,6,3,1,2,0,1,0,5,0,2,0,6,14,6,97,7,7,4,49,6,7,4,49,2,7,4,31,4,23,12,3,21,1,1,0,2,0,0,4,10,13,3,0,43,66,25,11,88,0,4,1,4,3,4,5,8,4,3,3,63,3,5,1,7,0,1,3,0,0,3,3,9,8,11,1,72
914,8,1,1,3,9,8,0,6,17,4,0,10,8,10,0,21,5,2,2,7,2,2,1,4,2,3,2,11,0,6,1,4,19,4,90,12,7,6,41,7,11,4,50,4,6,7,24,1,11,14,3,18,1,0,0,0,0,2,0,15,9,0,4,48,73,22,10,88,1,3,6,2,1,2,4,9,4,4,0,51,6,2,2,3,1,3,2,2,0,2,4,10,20,12,1,72
915,8,6,1,4,4,7,1,10,15,4,1,8,8,3,1,15,1,3,0,7,5,0,0,3,0,2,1,4,1,3,1,3,18,4,92,6,4,3,43,7,4,8,45,8,7,6,33,5,29,14,3,25,1,4,2,3,0,2,5,7,13,1,1,44,66,24,7,94,1,4,6,3,2,3,3,9,9,5,1,63,5,3,2,5,0,2,4,4,0,0,3,6,14,14,2,59
916,6,4,0,1,11,3,1,5,17,6,5,9,16,11,0,23,5,6,2,0,6,3,0,4,1,1,2,2,1,3,0,4,25,2,78,7,6,4,35,8,2,2,54,6,5,4,33,6,28,13,4,26,2,2,1,0,0,5,3,6,15,1,5,48,64,31,13,82,1,7,3,4,2,5,0,15,4,7,1,51,3,3,4,5,0,5,4,2,0,3,1,4,18,17,1,46
917,6,6,1,6,10,3,1,2,24,3,4,10,10,7,0,23,0,3,1,3,9,3,2,2,0,3,0,2,0,3,0,4,16,7,83,9,4,3,45,6,7,1,62,4,10,5,26,3,25,11,6,17,0,1,1,1,0,3,1,5,20,1,5,39,76,36,15,99,4,1,2,2,1,9,2,6,6,7,3,57,4,3,1,3,0,1,1,1,0,0,7,6,14,8,1,46
918,9,4,1,5,3,3,1,5,9,1,1,12,8,3,1,18,2,1,0,6,4,3,0,5,4,1,1,7,1,2,1,5,9,2,89,3,8,2,59,6,3,5,51,7,11,8,30,3,22,11,2,29,0,3,2,1,1,3,0,6,18,2,2,37,60,19,13,99,2,3,4,4,6,2,7,10,8,5,2,55,0,5,2,4,1,1,3,2,2,1,3,9,21,11,2,72
919,8,3,0,2,8,3,3,7,20,3,4,7,9,7,1,18,2,7,0,3,3,2,0,4,3,1,0,8,1,1,0,7,7,5,82,7,7,6,48,8,6,7,50,7,10,9,27,5,26,15,2,27,1,3,0,0,1,5,2,8,14,2,3,47,52,29,16,83,1,3,4,5,1,6,3,4,10,3,2,60,6,3,0,5,0,1,2,3,1,2,0,7,20,12,1,63
920,6,3,2,2,3,3,2,3,12,5,1,10,3,5,1,14,5,6,1,3,4,2,2,5,1,1,1,5,2,2,0,3,25,8,81,7,4,10,38,9,3,8,47,7,5,8,24,2,16,15,5,39,1,3,1,2,1,7,3,7,23,0,1,37,68,27,6,104,3,3,3,2,3,3,1,8,5,9,0,61,4,3,4,3,0,4,2,1,0,1,7,5,14,11,3,67
921,12,5,1,5,6,3,5,5,13,8,3,9,5,5,2,21,1,6,1,8,1,5,0,3,0,4,0,7,2,2,1,5,19,5,86,4,7,5,52,7,4,6,47,11,6,2,29,6,25,9,3,26,0,4,1,1,0,4,0,5,18,0,3,40,51,33,13,100,7,4,7,2,2,6,3,13,7,4,1,45,8,5,2,4,0,2,2,2,0,0,2,5,22,13,1,45
922,6,2,0,2,5,2,2,7,14,3,2,11,14,7,1,24,2,4,0,4,4,0,0,3,3,2,5,5,0,1,0,3,29,8,60,7,3,6,42,7,3,7,67,3,4,4,32,4,21,13,1,21,1,4,0,2,0,9,3,9,16,4,3,39,64,28,7,106,3,2,1,7,2,7,3,8,6,6,2,59,4,4,1,4,1,1,4,0,0,1,2,7,17,5,1,67
923,6,2,0,5,9,6,5,4,9,7,0,9,7,8,1,15,1,0,0,6,3,5,1,5,1,0,1,7,1,2,1,5,19,8,76,6,8,9,44,8,6,8,46,5,2,7,35,9,19,8,3,25,1,4,3,0,1,1,2,7,8,1,2,43,73,27,10,94,7,2,8,3,3,4,6,5,6,6,4,61,4,2,5,4,0,6,1,1,0,2,7,7,14,17,2,53
924,9,5,1,5,16,2,1,5,16,8,1,5,8,11,2,32,2,3,0,5,4,2,1,1,1,1,2,3,1,1,3,5,15,3,85,5,4,6,49,8,4,4,52,7,3,6,27,2,25,16,2,17,1,1,1,2,1,2,4,4,12,3,3,41,64,26,12,93,2,3,5,1,2,2,5,10,4,3,3,58,9,1,5,8,1,3,3,2,0,1,1,10,20,8,3,55
925,8,4,0,8,4,4,1,8,20,2,3,14,9,13,2,18,1,6,1,5,3,2,0,3,0,2,0,8,0,0,1,10,16,4,77,8,9,5,40,4,10,9,54,6,2,5,30,7,20,12,0,23,0,4,1,2,1,3,2,12,13,0,4,46,53,20,15,89,2,4,2,6,3,0,2,5,6,4,7,66,7,2,5,9,0,3,4,2,1,1,4,7,20,13,2,47
926,10,3,1,6,9,2,0,5,18,2,0,12,14,10,2,22,2,3,2,7,5,7,0,3,0,1,0,6,1,3,0,5,15,5,79,6,3,3,46,12,7,1,49,5,7,7,32,4,31,14,5,32,0,4,0,0,3,5,0,7,19,0,3,35,53,29,9,97,4,10,5,2,4,1,6,6,0,5,4,49,2,3,2,9,0,2,0,1,0,0,3,5,15,23,0,51
927,6,1,0,3,11,1,0,3,18,6,0,12,6,7,3,22,3,5,1,1,4,2,1,3,1,2,1,7,1,2,1,4,20,4,76,5,4,5,56,6,3,2,44,5,8,4,32,3,28,15,2,22,1,4,1,0,1,3,5,6,14,4,5,32,70,32,11,97,3,4,3,4,2,6,7,12,9,5,4,60,3,3,5,4,1,0,1,3,1,0,2,8,13,4,5,60
928,8,7,0,7,13,3,0,6,18,6,3,11,3,3,1,21,2,4,2,1,3,4,0,4,1,2,0,4,4,0,0,5,12,10,86,5,6,3,53,9,6,8,48,6,6,8,35,6,20,13,2,20,2,1,2,1,0,3,1,10,16,0,3,34,67,31,7,88,1,3,2,4,3,2,4,14,5,4,0,50,14,4,1,3,1,0,4,2,0,2,6,12,18,7,1,59
929,3,3,0,8,5,3,2,7,19,6,5,8,8,10,5,14,6,3,1,6,2,3,1,1,1,2,0,3,2,4,0,3,15,5,69,12,6,8,41,4,6,2,39,6,5,2,29,4,23,17,2,28,1,3,0,0,1,3,2,9,15,0,6,34,76,18,16,108,3,4,8,2,4,11,4,15,7,3,1,61,4,1,5,6,0,2,1,1,3,0,2,5,12,19,2,55
930,8,5,0,9,11,4,0,1,16,4,3,12,9,5,3,20,5,3,0,9,2,1,0,7,0,4,1,5,2,1,0,5,18,8,76,10,5,5,38,9,3,7,50,8,4,3,26,4,20,17,5,17,1,8,1,1,1,4,5,7,19,1,3,41,66,29,7,93,5,2,5,1,2,10,6,7,2,5,4,53,6,2,6,5,1,3,0,3,0,1,2,4,22,9,1,58
931,4,6,0,3,6,3,4,3,19,6,2,12,5,14,3,18,2,4,0,7,3,2,0,3,3,2,1,3,2,2,0,4,12,9,74,8,7,1,54,7,8,5,49,8,8,7,27,4,27,13,4,20,0,6,2,1,1,2,6,9,16,1,3,44,58,23,10,104,2,4,5,4,2,6,4,13,3,7,2,60,4,6,2,5,1,3,3,3,0,0,1,5,13,11,1,46
932,9,2,3,5,14,2,2,4,17,0,0,9,7,10,2,18,0,3,1,4,2,1,1,0,1,4,3,8,2,2,1,7,15,6,84,13,7,6,37,8,8,3,69,7,3,8,32,2,22,11,3,28,2,3,1,1,0,1,2,9,13,1,3,38,65,23,11,100,2,1,6,7,1,5,4,8,6,5,3,51,4,3,6,3,0,3,0,1,0,0,3,9,18,12,2,48
933,11,5,0,6,3,5,2,4,20,2,4,10,7,5,3,18,3,3,0,7,4,4,0,5,1,1,0,6,1,4,0,6,21,6,74,8,6,5,46,6,7,3,54,4,2,4,31,7,22,11,2,32,1,3,0,1,0,6,2,9,15,3,2,30,68,33,8,92,1,4,4,7,4,3,7,9,5,8,5,39,8,8,0,8,2,1,3,0,0,3,6,7,14,18,3,49
934,5,1,0,5,6,3,0,7,21,5,2,4,8,6,2,20,5,4,0,7,2,1,0,3,1,4,1,4,1,2,1,6,26,5,74,6,8,1,33,7,7,3,49,5,3,9,27,4,32,15,1,25,0,4,0,0,0,7,5,6,17,0,1,59,72,24,10,101,2,6,9,3,2,5,1,10,1,2,1,54,5,2,1,8,0,2,2,0,0,0,1,7,18,14,6,55
935,8,1,0,2,10,2,2,3,22,5,2,12,6,13,2,21,1,3,0,7,7,3,0,3,0,3,0,3,3,2,1,5,15,7,77,6,4,6,37,7,3,7,43,5,6,5,31,0,24,15,5,23,0,0,3,1,1,3,1,8,15,1,4,44,75,28,7,108,3,4,3,5,3,3,5,7,5,3,2,46,5,0,3,5,1,6,5,4,0,0,5,11,13,22,4,50
936,4,1,0,7,7,0,3,5,21,0,1,10,6,10,5,22,5,6,1,5,4,6,0,1,0,2,0,6,1,1,2,9,13,9,82,8,4,7,39,11,6,3,53,7,3,5,31,7,26,19,1,15,1,4,2,3,0,4,3,9,13,1,3,39,55,17,11,103,3,4,3,4,2,1,6,16,4,3,3,50,8,1,5,10,1,4,3,5,1,1,6,7,18,7,1,55
937,7,4,1,2,12,6,0,4,16,2,1,10,11,9,3,22,3,5,1,5,3,2,1,7,1,4,0,7,0,1,3,6,22,9,80,5,2,4,50,9,8,2,51,10,3,4,32,5,19,16,3,34,1,4,0,3,2,3,1,4,17,2,4,42,58,26,11,91,0,2,4,1,4,3,5,8,9,2,1,59,3,4,2,3,0,3,3,3,1,0,2,7,17,5,1,52
938,13,5,0,5,8,1,0,2,19,6,2,12,15,6,1,20,0,4,1,8,1,5,0,2,0,0,2,4,1,1,2,3,26,3,89,9,4,3,40,7,5,3,47,4,7,4,38,3,23,14,3,21,1,5,4,1,0,4,0,3,11,1,3,37,65,31,11,88,5,2,2,3,3,5,2,7,8,4,2,59,4,3,1,5,0,4,1,3,0,0,2,10,18,10,3,67
939,6,2,1,9,10,5,3,4,17,2,3,6,5,6,0,19,0,4,0,6,1,1,1,2,0,2,0,8,1,1,0,2,22,4,74,8,6,7,55,6,7,3,51,9,3,6,33,3,21,9,3,27,1,3,1,0,3,2,2,2,12,1,6,44,71,30,7,99,7,4,5,2,6,4,2,8,5,5,4,52,4,6,6,1,1,2,5,2,0,1,6,7,16,16,1,54
940,9,4,1,6,15,3,3,3,16,7,2,10,9,7,0,25,1,5,3,4,6,4,1,2,1,1,0,5,5,3,1,4,22,5,79,10,6,4,53,12,5,3,53,5,4,5,31,5,28,15,0,23,1,6,3,0,0,5,1,5,13,0,2,40,57,21,9,90,3,4,7,1,1,4,2,12,7,3,3,41,8,2,2,3,0,0,2,2,0,1,7,7,17,11,1,62
941,7,4,3,4,10,2,5,6,12,5,1,7,7,4,3,20,2,3,0,2,6,2,0,4,2,1,2,1,1,1,0,2,17,6,74,7,4,2,63,3,5,1,54,9,5,9,24,5,31,9,1,27,0,2,1,3,3,4,2,13,20,1,6,41,64,27,8,94,6,6,5,4,2,3,2,10,4,2,3,61,5,6,2,2,0,0,5,1,1,1,1,6,19,11,1,57
942,9,2,0,5,10,5,3,2,21,4,1,7,4,7,1,17,2,2,0,3,3,2,0,0,0,4,1,5,2,2,0,2,18,7,86,13,8,8,45,7,4,6,36,7,6,7,33,5,20,11,1,26,0,2,2,1,3,4,1,10,14,3,5,43,72,22,17,96,4,1,4,3,3,5,4,8,6,7,4,54,4,4,2,4,0,1,3,2,0,0,7,10,18,13,2,52
943,5,5,0,9,11,6,2,7,17,2,2,12,9,10,3,17,2,2,0,7,7,3,0,4,1,3,1,1,0,2,1,2,17,6,78,5,9,4,45,6,8,4,55,7,5,4,27,3,28,13,1,24,1,7,0,0,2,4,2,15,22,0,1,40,66,18,12,89,0,4,4,5,2,6,3,9,7,3,5,69,2,2,3,2,2,2,2,1,1,1,3,6,11,14,2,48
944,10,2,0,4,11,3,3,4,24,7,1,11,6,10,1,12,2,2,1,3,2,3,2,3,1,1,1,4,2,1,0,6,17,5,83,9,5,1,39,5,7,6,54,1,6,7,25,1,24,15,5,17,0,3,2,1,1,4,3,10,20,1,2,39,65,26,12,100,4,0,7,3,4,2,4,14,9,6,1,55,6,3,2,5,1,3,1,1,0,3,2,8,23,8,1,60
945,9,2,2,6,6,5,1,2,18,5,1,6,11,11,2,20,3,3,0,5,4,1,0,1,1,1,1,7,3,3,0,2,20,8,74,7,5,2,42,6,8,5,44,6,8,8,26,5,31,13,2,26,2,6,1,2,1,4,5,13,17,1,4,43,60,23,15,88,3,1,2,5,4,0,7,7,6,6,3,67,9,3,1,2,1,3,3,1,1,2,4,4,15,16,2,49
946,7,2,2,5,6,4,2,9,12,2,1,7,14,6,2,22,3,2,1,7,3,3,0,3,1,2,0,4,1,4,1,5,12,7,80,5,4,4,50,9,5,5,46,9,4,8,31,4,35,10,3,25,0,3,2,0,0,4,4,7,17,0,3,39,68,31,15,88,3,6,5,2,5,7,5,5,5,5,1,55,3,6,2,2,1,3,1,4,0,1,7,6,17,13,2,48
947,5,5,1,5,13,5,2,7,11,3,0,6,9,7,6,20,2,2,0,4,4,4,2,3,2,2,0,2,2,4,1,5,16,7,88,8,4,7,39,2,12,8,52,3,3,10,35,2,18,14,3,24,1,4,0,0,3,2,2,7,7,0,0,54,67,31,12,97,5,5,3,3,2,6,5,8,3,6,2,48,3,1,7,3,0,5,3,2,2,2,4,6,17,10,1,52
948,9,5,1,3,10,9,0,4,10,7,2,7,6,6,3,20,5,3,1,4,7,3,3,6,1,1,1,4,1,1,0,4,9,2,99,9,6,4,45,3,5,6,44,4,4,6,30,6,24,19,4,19,0,4,0,2,1,1,1,6,15,2,4,41,54,33,14,112,3,3,6,2,4,5,1,17,8,3,2,57,6,5,2,3,1,2,1,1,0,0,2,5,15,8,1,52
949,9,5,1,7,6,0,4,5,11,5,3,5,4,14,2,18,2,5,0,2,3,2,0,5,3,3,0,5,0,3,0,9,18,3,80,6,5,5,34,4,9,4,53,6,7,9,39,9,28,19,5,18,0,3,2,3,0,3,5,10,15,2,0,37,65,22,12,82,6,3,3,2,1,4,2,11,6,4,3,62,5,2,4,4,0,5,4,1,1,0,2,6,19,14,2,61
950,8,5,0,9,9,0,2,8,16,1,0,9,9,9,1,24,1,3,0,3,2,2,0,2,1,2,0,7,2,0,0,4,18,4,84,10,7,3,47,8,5,4,37,6,7,5,29,4,23,10,5,28,0,3,1,0,0,1,3,14,18,1,5,39,75,29,10,104,2,3,4,2,3,3,0,14,6,10,3,49,6,5,1,4,0,2,2,0,1,2,3,10,18,8,1,52
951,10,1,2,4,11,7,1,4,14,2,0,7,12,19,4,13,3,2,0,4,4,2,1,2,0,3,0,5,1,1,2,7,17,7,83,10,4,3,41,10,4,10,45,6,11,8,35,3,27,8,5,29,0,6,0,3,1,4,1,8,10,1,4,33,65,23,8,91,0,3,8,6,1,2,5,15,4,3,3,52,4,3,1,8,2,1,3,3,2,0,4,2,14,11,3,65
952,5,1,2,3,12,2,4,3,6,2,0,10,9,12,4,13,0,6,0,10,4,2,0,5,0,4,0,6,3,5,0,6,18,7,73,8,4,9,38,7,1,2,49,5,1,6,36,7,28,16,4,28,0,2,2,1,0,1,2,11,24,0,4,43,65,24,11,104,2,1,0,1,2,10,3,12,7,5,4,52,8,1,5,3,0,1,2,3,1,3,2,12,16,14,0,50
953,7,3,1,5,15,1,1,3,11,3,2,12,8,9,4,17,5,7,0,11,5,5,0,6,0,2,1,5,1,1,1,2,17,6,73,6,4,3,46,8,4,5,43,7,12,7,33,4,44,12,6,19,1,4,1,1,1,1,2,11,16,1,3,41,50,31,10,100,1,7,6,1,0,2,3,12,6,2,4,63,5,3,2,4,0,3,4,0,1,2,4,4,18,15,2,39
954,5,2,1,1,6,3,0,8,13,3,4,6,11,6,1,19,5,2,1,5,0,7,2,2,2,0,1,2,1,2,1,3,17,5,68,6,2,7,43,7,5,6,75,5,7,7,35,4,29,14,3,28,0,4,1,1,1,5,1,8,21,2,5,38,70,23,13,89,3,4,2,1,7,4,4,12,8,3,2,43,4,6,1,3,0,3,5,3,1,2,4,9,24,7,2,53
955,9,8,0,6,12,5,2,2,13,1,1,8,6,9,2,28,0,5,0,4,2,0,0,0,1,3,0,12,4,2,0,6,18,3,71,11,9,6,50,9,8,5,50,9,7,7,28,7,25,9,3,17,0,5,1,2,0,3,2,7,12,1,1,60,70,34,11,91,3,4,4,3,3,1,5,5,3,6,0,49,6,1,4,2,0,2,2,1,0,0,5,4,20,10,4,50
956,10,3,0,6,10,5,1,2,12,5,2,11,10,8,4,20,3,6,1,6,3,2,1,2,1,1,0,6,1,1,3,8,21,8,72,7,9,4,47,7,7,3,57,8,3,6,29,3,23,23,3,20,1,4,2,3,2,3,2,9,11,1,6,37,64,29,6,97,3,7,5,4,7,4,5,12,5,4,3,58,9,2,3,0,0,0,1,2,0,1,3,6,10,14,2,39
957,9,6,0,5,5,4,2,8,21,2,4,9,8,9,2,28,3,7,0,5,3,4,3,3,1,0,1,8,1,0,0,4,18,6,93,4,2,6,43,7,8,4,65,7,6,5,26,3,28,12,3,21,0,2,0,0,0,6,3,8,14,1,4,40,65,25,9,74,3,3,3,3,2,6,4,9,5,4,5,60,4,3,3,5,0,6,4,0,1,0,2,3,14,6,4,55
958,7,7,0,9,7,1,3,6,26,3,2,4,19,8,2,18,4,6,0,2,8,4,0,5,1,1,2,5,1,1,0,5,16,4,81,5,6,8,51,8,6,1,55,4,6,3,27,5,36,11,1,13,1,0,1,0,0,3,2,6,14,1,2,35,66,37,5,95,3,2,4,7,4,4,1,9,5,3,1,49,8,3,5,5,0,3,2,4,1,4,0,4,18,19,0,50
959,14,4,1,4,10,7,1,3,14,2,1,13,8,5,1,15,0,3,1,6,2,8,0,2,1,3,2,6,2,4,0,4,15,5,83,8,5,4,40,4,2,3,62,8,6,7,31,7,22,12,3,28,1,0,1,2,2,5,2,11,24,2,2,42,68,23,11,79,4,1,8,4,4,4,5,14,12,4,3,49,5,7,4,3,0,1,3,1,0,2,3,10,18,8,2,44
960,6,4,2,3,16,3,1,4,21,4,1,10,9,4,2,25,2,4,2,2,2,5,0,5,0,0,0,4,0,6,1,5,22,4,78,6,6,2,42,10,4,3,45,4,5,10,28,8,35,20,2,23,0,0,0,2,0,7,1,12,15,2,2,39,63,36,10,101,2,1,3,2,4,3,3,5,4,7,3,42,6,3,5,2,3,1,0,3,2,2,5,7,13,9,2,58
961,11,4,2,8,8,6,4,5,15,1,2,6,6,9,3,23,3,4,1,8,2,3,0,6,0,3,2,6,1,2,0,3,13,6,92,3,5,2,41,6,7,5,35,4,4,6,30,8,22,15,3,22,1,4,1,0,1,4,3,6,15,2,4,39,65,19,11,94,1,8,2,1,4,2,3,12,5,3,9,62,6,5,3,4,0,2,3,1,2,1,3,11,22,18,2,50
962,7,8,0,6,9,3,1,4,19,4,1,10,11,7,4,19,0,7,0,4,2,2,0,3,1,0,0,7,1,2,1,4,16,6,78,3,5,3,35,6,8,6,62,4,5,6,35,2,31,25,3,21,2,5,1,2,0,2,2,13,16,1,3,32,47,32,11,102,2,2,3,5,3,2,5,10,5,5,2,63,9,3,0,2,1,3,3,2,1,2,1,5,18,17,0,48
963,13,7,1,2,14,4,0,7,15,2,1,8,9,9,3,23,3,1,0,4,6,2,2,3,2,2,3,4,0,1,0,5,14,6,84,10,8,7,57,6,11,6,44,6,6,4,38,5,30,10,4,26,2,1,3,1,3,7,1,9,13,0,5,40,68,30,6,79,1,0,0,1,4,1,11,14,8,4,0,53,3,4,1,3,0,1,1,1,0,0,2,5,19,9,1,47
964,7,3,2,3,8,4,3,8,20,3,3,7,15,8,1,17,2,5,2,11,4,2,1,4,1,1,0,6,2,2,0,4,20,4,57,5,6,3,43,9,3,4,48,7,4,7,24,6,30,17,2,28,2,4,3,0,0,2,1,11,26,2,5,43,63,21,13,87,2,2,5,1,2,4,6,11,3,6,3,65,6,9,3,6,0,7,5,2,0,1,5,5,10,12,0,50
965,9,5,0,5,6,4,3,1,14,1,1,8,6,7,1,21,4,7,1,5,5,2,1,5,0,1,1,2,0,1,1,7,10,2,84,8,5,3,54,6,4,6,46,8,5,4,33,8,20,11,6,17,0,3,0,0,2,7,4,16,16,1,4,31,62,23,15,95,3,4,5,3,3,5,7,10,7,7,3,54,8,2,3,3,0,2,3,1,1,4,4,8,25,11,2,58
966,3,8,0,4,12,3,3,6,15,4,2,10,6,9,3,16,2,7,0,2,2,6,0,3,1,0,0,7,4,3,0,2,17,3,81,10,3,5,44,7,9,6,47,4,8,7,33,1,29,19,3,22,1,5,2,1,1,6,5,7,10,0,3,42,61,34,13,81,2,4,2,3,6,2,4,11,7,5,2,57,4,0,5,6,1,1,2,0,0,0,2,10,19,9,1,62
967,6,5,0,4,10,2,1,4,30,2,1,10,4,7,5,19,4,1,0,6,3,3,2,4,1,1,1,4,2,3,1,2,12,6,92,8,3,3,47,9,4,6,52,2,6,7,28,6,27,11,1,24,0,2,0,0,0,3,4,3,13,1,2,40,61,25,11,93,1,2,6,3,3,2,2,20,6,4,4,60,8,6,1,4,1,1,2,1,0,3,2,9,18,14,0,57
968,9,4,1,4,7,3,2,5,11,4,1,11,3,5,0,21,1,2,0,2,3,4,1,1,0,0,2,9,5,0,0,4,14,3,87,8,8,4,39,6,1,4,51,9,6,3,35,7,33,14,1,24,0,4,1,2,1,3,5,10,18,0,1,49,69,27,9,86,3,2,3,5,4,4,5,20,3,2,6,55,3,2,3,6,0,0,2,1,0,1,3,9,15,16,3,57
969,8,7,1,5,7,2,1,4,11,1,3,9,6,4,2,16,3,5,1,7,0,3,2,4,0,3,0,6,2,1,1,5,11,5,86,8,2,3,47,5,7,5,55,7,9,5,37,4,18,17,3,21,2,3,0,0,2,2,1,10,19,0,1,48,79,25,16,99,0,3,6,3,5,7,5,7,6,3,5,52,3,3,4,5,1,2,2,3,0,0,5,7,15,14,2,40
970,10,3,0,4,7,4,3,3,28,5,2,14,9,8,2,15,1,1,0,4,2,4,0,3,1,0,0,7,1,1,0,2,24,4,91,7,6,5,34,6,7,6,52,5,7,5,33,4,24,16,4,24,0,8,1,2,3,1,1,6,14,1,4,46,67,24,7,99,2,3,4,2,4,3,6,11,12,2,3,48,2,3,2,2,1,4,5,1,0,1,1,8,12,7,0,59
971,8,5,0,6,9,1,0,4,18,3,2,13,6,8,0,17,0,6,0,2,5,2,1,6,1,1,0,8,0,4,0,4,17,3,94,4,6,5,46,12,5,5,49,8,7,5,31,1,33,12,1,24,0,5,3,1,0,4,1,12,17,0,2,38,69,25,15,99,3,4,8,3,2,2,2,11,4,1,2,52,4,4,4,3,0,2,1,1,0,2,1,8,14,8,4,51
972,8,3,0,7,13,1,2,6,24,3,3,10,9,10,0,16,2,5,0,6,1,4,1,6,1,2,0,4,2,2,0,4,18,6,75,6,4,2,35,8,7,5,40,6,8,7,27,1,22,16,4,22,1,0,1,2,0,4,2,11,14,1,2,45,71,26,13,99,2,8,8,3,8,3,4,9,4,2,3,55,3,5,0,13,2,2,2,2,0,6,4,8,17,10,1,50
973,16,6,1,8,4,4,4,2,17,4,1,8,12,6,2,22,1,2,0,1,8,5,1,0,2,3,0,5,0,1,1,9,17,11,78,8,10,5,39,8,7,7,48,7,5,4,26,7,20,13,2,15,2,1,1,1,1,5,4,5,19,2,3,44,59,28,14,106,1,4,5,3,2,4,3,6,6,4,1,59,7,5,2,5,0,2,2,3,0,2,3,4,21,14,0,44
974,5,6,0,4,12,2,0,5,18,3,1,13,12,10,2,20,2,5,1,3,6,3,1,2,1,1,1,8,2,0,1,3,18,6,91,9,5,3,42,6,7,6,45,5,4,4,29,6,22,11,0,20,0,4,1,1,0,2,2,8,13,2,1,39,60,25,16,125,4,2,3,0,2,4,2,7,11,8,2,57,6,3,1,4,0,0,3,2,0,0,0,6,14,14,3,51
975,10,4,0,5,11,3,3,4,11,2,0,12,11,9,3,18,1,4,0,5,3,2,1,7,1,3,0,3,4,1,2,5,18,4,78,4,3,4,43,7,7,2,47,3,6,5,24,2,37,15,2,29,2,0,1,2,0,4,4,8,18,1,4,43,67,31,12,92,3,4,2,3,6,4,6,15,6,4,4,54,4,2,1,2,1,5,1,2,0,0,4,9,14,12,2,53
976,9,3,0,8,11,1,2,9,16,4,0,10,10,12,2,19,2,4,1,5,1,3,0,5,2,1,1,5,2,4,2,3,12,12,73,6,1,4,50,5,6,2,56,5,7,13,44,9,35,14,1,21,2,9,1,2,0,4,1,10,12,1,4,43,62,25,12,79,4,5,4,3,3,3,3,11,5,6,3,49,4,7,1,3,0,4,0,4,0,0,2,8,15,12,0,41
977,10,1,2,2,7,6,2,5,16,5,3,5,16,6,2,23,2,1,0,7,7,2,1,5,5,1,0,4,1,1,0,7,17,6,90,3,3,3,51,2,8,3,50,6,9,4,27,6,26,11,2,21,0,3,0,0,0,2,4,13,9,4,3,31,77,30,14,91,2,1,3,3,5,5,4,10,6,4,6,58,5,6,3,3,1,2,0,3,0,1,2,5,23,6,2,47
978,5,5,3,7,7,8,3,3,15,4,0,12,11,5,2,22,3,5,1,4,5,1,0,5,1,0,2,6,0,4,1,4,28,2,70,9,3,5,54,11,6,7,46,11,8,2,30,4,22,11,3,20,4,3,3,2,0,1,1,5,25,0,2,45,62,26,9,94,5,8,3,2,3,2,3,16,10,3,2,48,5,4,0,3,0,6,1,4,0,0,3,5,16,13,0,47
979,5,0,0,4,7,2,1,4,22,2,1,11,10,10,3,18,2,2,1,2,1,1,1,7,3,2,1,7,1,0,0,7,11,8,79,9,7,2,46,6,6,4,51,6,5,12,46,6,34,21,2,26,0,7,1,0,1,3,3,9,16,1,3,45,51,20,10,95,4,5,5,4,2,1,4,9,2,5,4,45,2,2,6,4,1,1,4,4,0,1,2,6,11,12,0,64
980,9,4,0,2,12,5,3,4,14,3,1,10,2,13,5,23,2,8,0,8,5,4,1,3,1,1,2,3,3,0,0,7,22,9,74,2,2,2,31,10,8,8,54,8,6,2,29,10,20,16,2,27,0,1,1,2,1,7,3,8,19,1,3,39,69,25,14,102,3,4,2,3,4,4,2,8,4,1,3,58,2,2,6,4,1,2,2,1,0,0,0,8,12,11,0,58
981,7,3,0,6,7,4,3,6,14,4,1,7,11,9,0,21,3,3,0,3,3,5,2,2,2,1,0,3,1,3,0,2,20,6,89,8,6,1,45,10,3,2,58,4,4,7,32,5,25,16,3,23,0,3,3,2,2,3,2,5,16,2,3,32,83,26,11,92,2,5,5,4,1,3,4,14,8,5,3,51,5,1,5,2,2,2,4,2,1,1,2,4,21,9,4,42
982,9,4,3,3,9,3,1,6,22,4,2,7,6,7,0,24,3,8,0,4,2,1,2,0,1,1,1,3,3,2,1,6,19,9,76,11,4,4,40,6,11,4,51,7,4,9,30,8,31,13,2,24,1,2,3,1,1,5,0,6,17,2,1,43,73,22,14,75,4,3,3,3,5,2,5,7,8,5,4,48,4,4,0,5,0,3,2,3,0,2,6,9,20,16,3,49
983,5,5,2,10,14,2,0,5,21,2,2,10,10,9,2,17,1,7,0,5,7,3,0,3,3,1,0,4,1,3,0,3,17,7,90,9,7,3,49,7,6,3,49,4,1,9,30,2,19,14,3,24,1,5,1,1,0,6,3,6,17,0,2,41,71,22,14,86,0,5,4,3,2,5,4,11,4,5,2,50,8,5,7,2,0,0,2,4,0,0,2,4,18,11,2,54
984,6,5,0,3,17,4,2,6,18,1,1,10,9,7,3,25,0,2,0,4,4,3,0,1,0,2,0,5,0,0,0,4,23,5,97,6,8,2,44,8,5,2,46,8,4,3,25,5,25,13,2,32,1,2,1,0,3,4,1,9,16,0,7,39,68,27,6,98,4,1,3,3,1,1,3,12,5,4,3,61,5,3,7,5,0,0,0,0,1,2,1,3,19,7,1,58
985,14,7,2,3,6,5,1,6,15,1,1,13,12,11,3,19,1,3,3,4,5,2,0,3,2,3,1,5,1,2,0,4,16,6,76,6,9,4,47,6,7,6,42,11,4,15,31,5,30,11,1,21,0,4,1,0,1,6,0,9,23,1,1,37,75,22,10,81,2,2,3,1,3,1,2,11,6,2,4,54,5,7,3,7,0,1,1,2,1,1,5,3,22,19,1,48
986,10,5,1,4,5,7,3,5,21,1,0,7,11,11,2,24,3,1,0,10,5,8,0,7,1,2,0,5,1,2,0,3,12,4,91,11,4,7,40,8,8,6,33,6,8,9,30,3,29,16,4,12,2,3,2,0,2,5,1,10,12,0,6,44,62,27,13,92,2,3,2,2,3,2,4,7,7,4,4,44,6,3,1,3,1,5,3,5,0,1,7,9,17,18,1,49
987,6,2,0,2,6,8,4,2,21,2,1,7,7,9,0,20,4,1,0,8,5,4,0,6,0,3,2,6,2,6,1,6,23,6,80,10,6,7,39,4,4,7,44,8,8,6,33,6,23,11,3,29,0,3,1,0,0,3,1,9,16,1,4,34,71,27,8,89,1,4,5,6,1,3,9,13,3,7,1,50,5,3,3,2,0,1,0,2,0,2,8,6,17,8,0,65
988,10,5,0,3,11,2,0,1,11,3,0,14,7,7,3,24,0,4,3,2,2,2,1,6,1,0,1,4,4,1,1,2,13,5,80,4,3,4,60,12,5,6,50,7,6,6,31,2,33,18,3,27,1,2,2,2,0,4,5,7,6,0,3,41,64,30,12,97,5,2,4,3,2,3,2,11,6,6,5,54,2,4,5,3,0,0,3,2,0,1,6,6,12,15,1,51
989,13,5,1,6,9,1,0,9,17,2,2,6,15,10,0,15,4,4,3,4,6,2,1,6,2,4,0,2,1,5,2,3,19,4,62,13,4,6,56,7,6,5,55,8,3,4,39,1,17,18,1,22,1,5,4,2,2,3,4,10,10,0,3,41,53,23,15,87,4,7,4,3,1,6,1,9,3,6,1,51,6,4,8,4,0,4,4,1,2,2,0,7,15,12,3,59
990,10,4,1,2,11,4,2,6,19,4,4,10,10,8,1,22,4,5,0,2,4,4,0,2,1,4,1,11,1,2,1,7,16,2,90,5,5,9,42,7,5,7,41,3,3,6,43,2,17,12,0,26,1,5,2,0,0,4,5,12,11,2,2,41,53,25,7,103,4,5,4,5,5,2,6,9,6,5,1,46,2,5,2,12,0,3,1,2,0,2,2,10,14,12,2,52
991,4,4,0,4,8,1,1,2,18,2,3,8,12,7,1,19,4,2,0,3,2,1,1,7,0,0,3,4,2,0,0,5,15,7,73,5,2,4,44,10,9,6,50,5,6,6,39,7,23,10,2,28,1,4,2,1,0,4,0,10,23,0,2,32,73,29,11,95,2,5,3,3,3,5,3,10,9,1,3,62,5,4,3,4,0,2,4,2,0,0,4,7,19,12,0,59
992,7,2,0,4,5,1,2,8,19,3,3,8,8,12,3,20,2,6,0,6,3,0,0,6,1,1,0,6,1,2,1,1,22,3,88,7,5,3,41,6,6,4,60,7,10,4,35,4,26,11,1,26,0,3,3,1,1,3,1,13,19,0,5,45,60,29,11,76,2,4,9,4,4,4,3,8,8,5,2,45,4,7,2,1,0,2,3,3,1,0,2,12,16,7,3,59
993,11,6,2,4,8,0,1,6,19,3,0,9,6,9,2,18,7,1,0,6,4,3,2,3,2,2,0,4,4,3,0,2,17,5,80,4,5,4,59,3,5,6,41,9,11,6,18,1,21,16,3,21,1,5,1,1,0,5,1,8,19,1,4,47,67,34,9,90,1,6,1,2,0,5,3,8,8,6,3,45,7,2,2,4,0,3,1,3,0,2,3,11,19,12,0,68
994,9,2,1,9,8,2,2,2,15,8,4,8,9,5,1,23,4,5,1,4,2,3,0,3,0,5,0,3,4,2,0,8,18,9,91,9,7,10,53,6,4,4,36,5,3,8,22,2,28,18,3,21,1,5,1,0,2,3,2,9,17,2,1,37,77,22,9,88,2,7,4,3,5,2,4,7,5,4,4,47,6,4,3,5,0,4,1,1,0,1,3,7,18,13,4,51
995,6,4,1,7,17,6,3,11,15,4,3,8,8,7,1,18,2,3,0,4,4,2,0,7,2,3,0,7,2,3,1,4,12,10,74,8,6,3,45,6,7,4,60,5,3,3,21,5,27,16,4,30,2,3,0,2,1,1,0,8,17,1,5,36,63,26,19,100,1,6,5,4,1,6,1,8,8,2,2,51,4,1,4,7,1,2,1,2,0,0,5,7,17,11,2,45
996,1,5,1,2,8,3,1,8,22,4,0,8,10,12,2,23,0,3,0,6,3,2,2,3,1,2,1,1,0,1,1,10,14,5,82,8,5,3,53,12,6,6,52,4,5,7,23,2,36,12,3,27,1,2,2,1,2,2,2,7,19,3,3,36,46,27,6,90,5,4,7,3,3,6,3,8,11,5,3,61,2,0,5,5,0,4,3,0,0,1,3,6,17,16,2,57
997,7,2,2,7,11,1,1,4,27,0,2,12,12,7,1,20,5,4,0,3,3,3,0,1,3,0,0,5,1,0,2,6,22,2,87,10,9,4,39,7,6,5,48,4,5,6,28,3,37,18,4,18,0,2,1,1,0,4,2,15,12,1,3,55,65,26,12,82,3,4,4,6,5,2,3,12,5,4,3,46,3,0,6,3,0,4,2,0,1,3,1,7,15,9,0,54
998,7,2,0,6,6,4,3,4,16,4,2,9,11,8,0,19,1,3,2,4,4,3,2,4,0,1,2,6,1,2,2,0,11,3,73,3,5,5,51,7,7,6,48,11,7,6,29,6,29,11,2,19,1,3,2,0,2,2,1,9,17,2,2,43,75,27,14,89,4,6,7,5,5,4,3,17,6,7,5,50,2,2,5,5,0,6,6,1,0,0,3,5,16,7,3,54
999,6,2,2,9,7,3,2,8,27,2,2,7,10,4,2,20,2,3,1,5,4,3,1,1,2,3,0,3,1,2,0,6,23,3,76,8,5,6,37,6,6,5,49,8,4,3,33,3,29,10,1,22,1,3,1,1,2,1,3,7,14,2,1,37,56,21,15,116,0,3,3,1,6,4,5,10,7,2,1,62,7,3,3,9,2,4,1,2,1,0,4,11,18,15,0,48
