,A[C>A]A,A[C>A]C,A[C>A]G,A[C>A]T,C[C>A]A,C[C>A]C,C[C>A]G,C[C>A]T,G[C>A]A,G[C>A]C,G[C>A]G,G[C>A]T,T[C>A]A,T[C>A]C,T[C>A]G,T[C>A]T,A[C>G]A,A[C>G]C,A[C>G]G,A[C>G]T,C[C>G]A,C[C>G]C,C[C>G]G,C[C>G]T,G[C>G]A,G[C>G]C,G[C>G]G,G[C>G]T,T[C>G]A,T[C>G]C,T[C>G]G,T[C>G]T,A[C>T]A,A[C>T]C,A[C>T]G,A[C>T]T,C[C>T]A,C[C>T]C,C[C>T]G,C[C>T]T,G[C>T]A,G[C>T]C,G[C>T]G,G[C>T]T,T[C>T]A,T[C>T]C,T[C>T]G,T[C>T]T,A[T>A]A,A[T>A]C,A[T>A]G,A[T>A]T,C[T>A]A,C[T>A]C,C[T>A]G,C[T>A]T,G[T>A]A,G[T>A]C,G[T>A]G,G[T>A]T,T[T>A]A,T[T>A]C,T[T>A]G,T[T>A]T,A[T>C]A,A[T>C]C,A[T>C]G,A[T>C]T,C[T>C]A,C[T>C]C,C[T>C]G,C[T>C]T,G[T>C]A,G[T>C]C,G[T>C]G,G[T>C]T,T[T>C]A,T[T>C]C,T[T>C]G,T[T>C]T,A[T>G]A,A[T>G]C,A[T>G]G,A[T>G]T,C[T>G]A,C[T>G]C,C[T>G]G,C[T>G]T,G[T>G]A,G[T>G]C,G[T>G]G,G[T>G]T,T[T>G]A,T[T>G]C,T[T>G]G,T[T>G]T
0,0,0,0,1,0,0,0,0,9,0,0,3,0,2,1,11,0,6,0,3,7,0,0,3,0,1,0,3,0,0,0,7,13,0,15,0,0,0,0,6,1,0,17,2,0,0,9,0,54,18,0,51,0,4,0,0,0,4,4,12,17,0,2,90,120,42,5,162,0,0,0,0,0,2,0,11,5,5,0,89,7,3,1,5,0,2,2,0,0,3,3,15,27,20,0,95
1,0,0,0,2,0,0,0,0,9,0,0,6,0,4,0,9,0,3,0,5,8,2,0,4,0,2,0,10,0,0,0,8,11,0,13,0,0,0,0,3,0,0,10,5,0,0,9,0,36,20,1,41,0,6,0,0,0,8,2,17,21,0,2,66,105,38,7,181,0,2,0,0,0,2,0,16,2,4,0,93,6,4,3,9,0,4,4,0,0,3,6,16,32,20,0,100
2,0,0,0,1,0,0,0,0,11,0,0,3,0,0,0,19,0,5,0,5,3,2,0,2,0,0,1,8,0,0,1,4,6,0,25,0,0,0,0,4,1,0,7,3,0,0,8,0,47,29,0,41,0,3,0,0,0,5,6,14,15,0,2,60,110,56,7,175,0,1,0,0,0,1,0,10,4,1,0,105,3,3,2,6,0,3,3,0,0,0,4,13,23,18,0,111
3,0,0,0,0,0,0,0,0,6,0,2,5,0,3,1,9,0,4,0,4,1,1,0,2,0,2,0,6,0,0,0,2,5,0,10,0,0,0,0,7,1,0,6,3,0,0,7,0,48,24,2,40,0,4,0,0,0,5,4,17,28,0,2,80,94,33,5,176,0,2,0,0,0,0,0,14,7,3,0,113,11,10,4,5,0,2,4,0,0,3,3,10,32,19,0,109
4,0,0,0,1,0,0,0,0,7,0,0,2,0,3,2,13,0,3,0,9,5,1,0,4,0,1,0,4,0,0,1,5,8,0,11,0,0,0,0,5,2,0,4,2,0,0,6,0,47,22,1,29,0,3,0,0,0,6,2,20,25,0,4,70,105,47,8,170,0,1,0,0,0,3,1,11,5,3,0,101,8,4,2,10,0,6,3,0,0,2,2,13,28,27,0,112
5,0,0,0,1,0,0,0,0,7,0,0,3,0,1,1,5,0,6,0,2,4,1,0,4,0,1,0,10,0,0,1,5,13,0,11,0,0,0,0,1,0,0,4,1,0,0,6,0,48,27,0,39,0,2,0,0,0,2,3,14,29,0,2,84,105,52,7,171,0,4,0,0,0,3,0,20,5,3,0,103,7,5,0,3,0,4,2,0,0,3,3,17,33,18,0,94
6,0,0,0,4,0,0,0,0,8,0,1,5,0,4,0,11,0,4,0,2,4,2,0,4,0,0,0,5,0,0,0,1,6,0,12,0,0,0,0,3,0,0,9,4,0,0,12,0,58,27,2,48,0,2,0,0,0,2,5,8,17,0,2,61,110,37,7,185,0,2,0,0,0,3,0,9,1,3,0,122,9,4,4,5,0,2,2,0,0,1,3,14,36,15,0,93
7,0,0,0,0,0,0,0,0,17,0,0,2,0,5,1,11,0,6,0,3,7,2,0,0,0,1,1,7,0,0,0,4,12,0,18,0,0,0,0,4,1,0,9,3,0,0,11,0,51,18,0,35,0,7,0,0,0,4,4,6,22,0,3,60,121,46,10,165,0,2,0,0,0,5,0,5,6,1,0,112,12,4,2,9,0,0,3,0,0,2,2,16,31,25,0,86
8,0,0,0,3,0,0,0,0,11,0,0,6,0,1,0,12,0,4,0,7,3,2,0,1,0,1,0,2,0,0,0,3,11,0,7,0,0,0,0,3,0,0,5,3,0,0,7,0,51,22,0,29,0,4,0,0,0,4,3,13,15,0,5,87,107,59,8,184,0,2,0,0,0,2,0,10,6,2,0,108,6,3,3,2,0,6,3,0,0,1,2,12,34,13,0,102
9,0,0,0,1,0,0,0,0,12,0,0,3,0,1,0,3,0,2,0,3,4,1,0,2,0,4,0,7,0,0,1,1,11,0,13,0,0,0,0,6,1,0,8,3,0,0,9,0,50,33,0,43,0,5,0,0,0,2,3,19,12,0,3,50,125,43,5,179,0,0,0,0,0,6,0,11,7,5,0,94,11,4,2,4,0,3,3,0,0,0,6,21,37,16,0,102
10,0,0,0,3,0,0,0,0,8,0,1,3,0,1,2,11,0,3,0,2,8,3,0,7,0,2,0,10,0,0,1,2,9,0,13,0,0,0,0,5,0,0,5,2,0,0,7,0,55,30,0,38,0,7,0,0,0,7,3,17,19,0,1,85,124,42,9,158,0,1,0,0,0,1,1,6,4,1,0,94,7,8,5,6,0,1,3,0,0,2,2,19,23,19,0,94
11,0,0,0,1,0,0,0,0,6,0,0,4,0,2,1,7,0,1,0,6,3,3,0,6,0,0,0,8,0,0,1,5,14,0,15,0,0,0,0,4,0,0,13,4,0,0,8,0,43,21,1,44,0,11,0,0,0,5,4,13,22,0,3,82,110,48,4,165,0,0,0,0,0,4,0,10,3,5,0,101,8,3,2,9,0,2,1,0,0,3,3,14,25,25,0,94
12,0,0,0,2,0,0,0,0,7,0,0,0,0,1,1,7,0,4,0,5,3,0,0,2,0,1,1,7,0,0,0,6,13,0,7,0,0,0,0,3,0,0,5,5,0,0,9,0,46,26,0,46,0,1,0,0,0,5,3,12,24,0,4,81,110,48,4,167,0,2,0,0,0,3,0,15,2,1,0,103,5,3,2,9,0,5,3,0,0,1,2,18,37,23,0,100
13,0,0,0,2,0,0,0,0,8,0,0,6,0,1,1,8,0,3,0,3,5,0,0,3,0,2,1,8,0,0,1,7,11,0,13,0,0,0,0,5,0,0,10,5,0,0,8,0,45,25,0,40,0,3,0,0,0,8,2,18,14,0,2,78,113,54,9,169,0,0,0,0,0,2,0,10,5,5,0,97,11,2,4,5,0,2,3,0,0,0,4,8,36,17,0,98
14,0,0,0,0,0,0,0,0,9,0,0,1,0,2,0,14,0,6,0,2,3,1,0,6,0,3,0,3,0,0,0,7,13,0,12,0,0,0,0,2,1,0,5,3,0,0,10,0,54,23,1,46,0,4,0,0,0,8,1,13,19,0,5,65,96,48,6,172,0,1,0,0,0,2,0,12,0,3,0,112,10,4,2,13,0,2,2,0,0,1,2,10,26,15,0,119
15,0,0,0,2,0,0,0,0,6,0,0,4,0,1,2,6,0,3,0,3,5,1,0,1,0,0,1,3,0,0,2,7,10,0,16,0,0,0,0,3,2,0,1,3,0,0,7,0,59,21,1,47,0,8,0,0,0,6,3,15,25,0,2,69,122,44,3,175,0,0,0,0,0,4,1,13,4,5,0,98,9,2,2,7,0,3,2,0,0,1,2,15,27,20,0,96
16,0,0,0,0,0,0,0,0,7,0,3,1,0,5,0,9,0,3,0,6,5,2,0,4,0,2,1,11,0,0,1,7,16,0,13,0,0,0,0,8,0,0,8,2,0,0,9,0,41,28,3,49,0,3,0,0,0,5,3,9,21,0,6,76,90,30,13,178,0,3,0,0,0,1,1,12,3,2,0,86,7,7,1,7,0,1,2,0,0,1,0,19,37,21,0,111
17,0,0,0,2,0,0,0,0,13,0,1,3,0,2,0,12,0,5,0,5,6,2,0,0,0,3,1,6,0,0,0,4,19,0,8,0,0,0,0,4,2,0,6,3,0,0,13,0,40,18,0,56,0,1,0,0,0,3,4,8,19,0,5,67,123,42,4,155,0,1,0,0,0,4,0,16,5,4,0,97,11,5,6,10,0,4,4,0,0,3,2,10,23,31,0,99
18,0,0,0,3,0,0,0,0,5,0,1,2,0,0,0,10,0,2,0,3,5,3,0,2,0,2,1,8,0,0,3,1,4,0,18,0,0,0,0,7,2,0,7,6,0,0,5,0,60,23,0,41,0,3,0,0,0,6,3,15,26,0,2,65,120,45,6,162,0,2,0,0,0,4,1,17,3,3,0,99,9,7,0,8,0,0,2,0,0,2,0,15,29,25,0,97
19,0,0,0,4,0,0,0,0,12,0,1,2,0,3,0,15,0,4,0,5,5,0,0,3,0,1,0,3,0,0,0,5,4,0,11,0,0,0,0,3,2,0,3,8,0,0,13,0,57,23,2,42,0,3,0,0,0,5,3,18,24,0,0,74,124,43,4,159,0,5,0,0,0,3,0,19,3,3,0,87,7,8,1,7,0,0,0,0,0,0,7,7,23,22,0,110
20,0,0,0,1,0,0,0,0,4,0,0,0,0,1,1,12,0,2,0,3,9,4,0,5,0,1,0,6,0,0,2,2,5,0,10,0,0,0,0,3,1,0,7,3,0,0,10,0,50,35,0,52,0,4,0,0,0,7,2,8,15,0,2,66,116,49,8,144,0,3,0,0,0,4,1,18,3,2,0,108,10,5,2,5,0,2,2,0,0,4,2,14,50,19,0,96
21,0,0,0,1,0,0,0,0,8,0,1,3,0,6,1,12,0,4,0,1,5,0,0,3,0,2,0,4,0,0,1,3,11,0,14,0,0,0,0,4,1,0,9,4,0,0,10,0,47,23,0,42,0,2,0,0,0,5,5,12,19,0,5,82,115,43,6,173,0,0,0,0,0,9,0,14,4,2,0,82,16,4,3,5,0,3,2,0,0,2,3,12,28,24,0,100
22,0,0,0,2,0,0,0,0,8,0,1,2,0,4,0,8,0,5,0,4,4,2,0,4,0,1,1,7,0,0,0,4,10,0,12,0,0,0,0,3,0,0,7,3,0,0,10,0,47,25,3,40,0,3,0,0,0,3,2,13,26,0,2,78,105,51,4,172,0,1,0,0,0,2,2,13,6,1,0,97,14,5,8,9,0,5,3,0,0,1,2,15,29,20,0,91
23,0,0,0,3,0,0,0,0,11,0,0,3,0,4,0,10,0,8,0,5,5,0,0,1,0,4,1,12,0,0,1,5,11,0,8,0,0,0,0,7,2,0,6,5,0,0,8,0,45,20,1,40,0,4,0,0,0,6,6,11,21,0,6,63,106,55,11,174,0,0,0,0,0,3,2,9,3,0,0,95,8,4,2,7,0,4,2,0,0,1,3,13,31,14,0,110
24,0,0,0,1,0,0,0,0,11,0,0,3,0,1,0,11,0,8,0,3,4,1,0,2,0,3,1,6,0,0,0,3,14,0,14,0,0,0,0,8,1,0,3,5,0,0,11,0,48,23,0,51,0,3,0,0,0,6,1,17,20,0,4,68,119,41,10,180,0,1,0,0,0,2,1,14,3,2,0,88,8,8,1,7,0,1,3,0,0,1,3,19,31,17,0,85
25,0,0,0,6,0,0,0,0,8,0,2,5,0,2,0,14,0,5,0,2,1,2,0,1,0,3,1,4,0,0,0,4,10,0,10,0,0,0,0,5,0,0,5,3,0,0,7,0,45,18,0,46,0,2,0,0,0,5,2,16,24,0,5,80,107,51,10,174,0,1,0,0,0,0,0,12,3,1,0,106,6,2,3,9,0,2,1,0,0,1,4,17,28,22,0,97
26,0,0,0,3,0,0,0,0,13,0,0,2,0,4,1,13,0,2,0,4,7,2,0,3,0,1,0,9,0,0,0,3,8,0,17,0,0,0,0,8,1,0,5,5,0,0,5,0,51,23,1,44,0,5,0,0,0,5,3,19,21,0,5,80,106,40,7,159,0,2,0,0,0,1,0,15,6,4,0,94,5,7,3,6,0,6,3,0,0,5,3,12,26,23,0,94
27,0,0,0,1,0,0,0,0,3,0,1,5,0,3,1,9,0,2,0,1,6,3,0,3,0,1,1,6,0,0,2,3,6,0,12,0,0,0,0,2,0,0,5,11,0,0,15,0,56,19,1,45,0,9,0,0,0,6,1,11,20,0,1,60,112,41,7,178,0,3,0,0,0,3,0,10,5,4,0,99,6,4,2,4,0,3,2,0,0,5,2,20,31,21,0,107
28,0,0,0,3,0,0,0,0,7,0,0,5,0,2,0,12,0,5,0,5,7,3,0,5,0,2,1,5,0,0,1,2,16,0,13,0,0,0,0,4,0,0,1,3,0,0,6,0,45,25,0,46,0,2,0,0,0,2,1,15,22,0,5,72,90,41,8,183,0,1,0,0,0,2,0,16,6,1,0,100,8,5,3,13,0,4,2,0,0,0,1,14,36,28,0,95
29,0,0,0,3,0,0,0,0,10,0,1,1,0,1,1,7,0,2,0,7,4,2,0,2,0,1,1,4,0,0,2,4,10,0,14,0,0,0,0,1,1,0,7,6,0,0,12,0,54,27,1,50,0,1,0,0,0,2,3,16,21,0,4,68,101,47,6,149,0,1,0,0,0,6,2,14,6,2,0,106,12,4,3,10,0,4,1,0,0,0,3,11,43,23,0,95
30,0,0,0,3,0,0,0,0,13,0,0,7,0,2,0,12,0,3,0,7,7,2,0,2,0,2,1,12,0,0,1,5,5,0,3,0,0,0,0,4,0,0,11,3,0,0,12,0,62,32,0,45,0,4,0,0,0,5,0,14,26,0,3,69,110,48,4,172,0,2,0,0,0,2,0,9,3,2,0,84,8,5,2,12,0,0,2,0,0,0,1,14,30,19,0,94
31,0,0,0,0,0,0,0,0,7,0,0,4,0,4,2,15,0,4,0,4,4,1,0,2,0,2,0,8,0,0,0,2,12,0,15,0,0,0,0,4,1,0,9,4,0,0,9,0,60,19,0,47,0,3,0,0,0,5,3,17,21,0,3,66,117,39,6,164,0,2,0,0,0,2,0,14,8,4,0,95,10,4,0,5,0,3,1,0,0,2,8,11,24,28,0,96
32,0,0,0,0,0,0,0,0,5,0,0,5,0,4,0,14,0,10,0,1,7,3,0,4,0,3,0,6,0,0,0,7,7,0,14,0,0,0,0,9,0,0,4,5,0,0,14,0,52,27,3,47,0,1,0,0,0,4,5,13,22,0,1,69,122,44,8,182,0,2,0,0,0,3,1,9,6,0,0,99,8,6,4,3,0,2,2,0,0,2,1,8,23,17,0,82
33,0,0,0,4,0,0,0,0,6,0,1,2,0,3,2,9,0,5,0,5,6,3,0,3,0,0,1,6,0,0,2,6,12,0,13,0,0,0,0,2,0,0,7,6,0,0,11,0,48,17,0,37,0,2,0,0,0,7,3,16,24,0,7,82,105,43,9,163,0,1,0,0,0,5,0,16,4,2,0,96,12,3,1,6,0,1,1,0,0,3,2,13,39,17,0,100
34,0,0,0,2,0,0,0,0,8,0,0,4,0,1,0,9,0,4,0,3,9,1,0,4,0,2,1,8,0,0,0,3,11,0,11,0,0,0,0,4,2,0,3,5,0,0,9,0,45,22,1,39,0,2,0,0,0,5,3,20,18,0,3,64,106,48,5,174,0,0,0,0,0,1,1,16,4,2,0,91,14,6,0,7,0,2,4,0,0,0,9,6,39,17,0,122
35,0,0,0,1,0,0,0,0,10,0,0,3,0,2,1,11,0,3,0,3,6,1,0,3,0,4,2,7,0,0,0,4,13,0,13,0,0,0,0,1,0,0,3,4,0,0,9,0,48,22,0,40,0,2,0,0,0,9,5,14,25,0,5,76,108,50,8,174,0,1,0,0,0,4,0,16,3,2,0,90,5,5,2,8,0,2,1,0,0,0,3,12,29,19,0,108
36,0,0,0,2,0,0,0,0,9,0,0,1,0,2,0,7,0,3,0,6,3,2,0,5,0,0,0,7,0,0,1,5,12,0,12,0,0,0,0,3,1,0,5,7,0,0,6,0,44,21,0,47,0,4,0,0,0,3,3,20,25,0,2,67,115,54,6,166,0,1,0,0,0,5,1,11,2,1,0,103,9,4,1,5,0,2,2,0,0,0,3,15,35,28,0,96
37,0,0,0,0,0,0,0,0,8,0,0,4,0,5,1,5,0,6,0,1,7,1,0,0,0,2,1,5,0,0,0,5,7,0,14,0,0,0,0,2,0,0,9,3,0,0,9,0,50,15,1,46,0,5,0,0,0,4,1,12,24,0,5,70,113,41,10,185,0,5,0,0,0,1,0,20,2,1,0,93,8,7,3,11,0,2,2,0,0,1,1,7,28,21,0,110
38,0,0,0,0,0,0,0,0,11,0,0,5,0,1,0,16,0,3,0,7,4,0,0,0,0,2,1,7,0,0,0,4,8,0,10,0,0,0,0,6,1,0,5,2,0,0,11,0,49,28,0,45,0,4,0,0,0,5,3,10,19,0,1,77,122,53,5,156,0,0,0,0,0,4,2,17,2,1,0,103,10,6,1,5,0,0,0,0,0,1,6,13,38,21,0,89
39,0,0,0,2,0,0,0,0,11,0,0,2,0,3,0,8,0,6,0,5,5,2,0,1,0,0,1,5,0,0,1,2,12,0,10,0,0,0,0,3,0,0,5,3,0,0,11,0,47,38,1,42,0,4,0,0,0,2,3,13,18,0,4,57,118,46,6,186,0,2,0,0,0,4,2,16,3,2,0,98,6,3,4,10,0,3,2,0,0,0,4,13,29,20,0,96
40,0,0,0,4,0,0,0,0,13,0,0,4,0,3,0,4,0,6,0,6,9,2,0,4,0,1,0,7,0,0,0,3,5,0,11,0,0,0,0,4,2,0,8,4,0,0,9,0,49,13,1,50,0,3,0,0,0,3,3,12,22,0,3,75,117,47,7,169,0,0,0,0,0,1,0,14,2,2,0,108,4,4,3,9,0,0,3,0,0,0,2,7,38,16,0,104
41,0,0,0,3,0,0,0,0,10,0,0,2,0,3,1,10,0,4,0,6,4,0,0,4,0,1,0,12,0,0,1,8,11,0,18,0,0,0,0,2,0,0,5,3,0,0,8,0,41,25,1,42,0,4,0,0,0,2,1,11,17,0,8,80,107,47,5,196,0,1,0,0,0,9,0,15,2,2,0,76,9,5,3,10,0,0,2,0,0,2,0,12,32,24,0,93
42,0,0,0,3,0,0,0,0,5,0,0,4,0,4,1,9,0,3,0,6,5,1,0,3,0,3,0,5,0,0,1,4,9,0,7,0,0,0,0,2,0,0,8,4,0,0,6,0,37,28,1,39,0,4,0,0,0,5,6,16,34,0,2,76,120,47,6,167,0,0,0,0,0,5,0,12,3,5,0,94,4,2,1,9,0,1,1,0,0,1,1,16,41,18,0,105
43,0,0,0,0,0,0,0,0,9,0,0,5,0,0,0,15,0,4,0,5,5,4,0,2,0,1,0,9,0,0,1,4,12,0,19,0,0,0,0,7,0,0,5,3,0,0,8,0,36,30,0,53,0,2,0,0,0,4,4,12,23,0,1,72,102,36,8,171,0,1,0,0,0,3,0,16,11,1,0,114,9,2,4,3,0,0,4,0,0,0,3,12,33,25,0,87
44,0,0,0,1,0,0,0,0,9,0,1,8,0,0,1,9,0,4,0,5,5,4,0,1,0,3,1,10,0,0,0,5,9,0,11,0,0,0,0,4,1,0,5,7,0,0,8,0,42,19,2,55,0,6,0,0,0,5,3,22,25,0,2,79,104,44,3,170,0,1,0,0,0,5,0,7,3,7,0,83,6,5,3,8,0,6,3,0,0,1,1,16,31,23,0,98
45,0,0,0,0,0,0,0,0,9,0,0,1,0,2,1,9,0,5,0,2,5,0,0,0,0,2,0,7,0,0,1,2,12,0,10,0,0,0,0,6,0,0,5,1,0,0,12,0,39,31,0,36,0,3,0,0,0,6,1,19,20,0,7,78,109,38,5,172,0,1,0,0,0,4,0,11,8,4,0,119,10,6,1,4,0,3,3,0,0,1,2,14,28,22,0,103
46,0,0,0,3,0,0,0,0,2,0,1,5,0,5,1,11,0,6,0,5,4,1,0,3,0,2,0,7,0,0,1,5,7,0,14,0,0,0,0,1,1,0,8,1,0,0,8,0,50,24,0,36,0,8,0,0,0,4,7,12,17,0,3,76,120,44,10,175,0,0,0,0,0,3,0,10,7,3,0,98,7,4,2,10,0,3,5,0,0,2,1,9,27,30,0,91
47,0,0,0,1,0,0,0,0,5,0,0,3,0,2,1,14,0,4,0,5,8,0,0,4,0,1,0,9,0,0,0,7,12,0,17,0,0,0,0,4,0,0,7,4,0,0,8,0,56,26,0,38,0,3,0,0,0,3,4,17,30,0,3,65,105,51,5,160,0,2,0,0,0,5,0,8,2,2,0,92,10,6,0,10,0,3,3,0,0,2,0,17,22,24,0,110
48,0,0,0,3,0,0,0,0,12,0,1,3,0,0,1,9,0,8,0,3,7,0,0,2,0,3,0,8,0,0,2,3,5,0,13,0,0,0,0,6,0,0,7,4,0,0,15,0,37,22,0,39,0,3,0,0,0,4,4,17,22,0,0,70,123,44,6,180,0,2,0,0,0,4,0,17,5,3,0,90,9,3,4,12,0,3,1,0,0,3,3,12,32,19,0,92
49,0,0,0,0,0,0,0,0,7,0,3,3,0,1,0,8,0,3,0,5,5,1,0,4,0,4,0,6,0,0,0,3,12,0,10,0,0,0,0,3,0,0,5,1,0,0,7,0,52,30,1,54,0,2,0,0,0,1,2,15,19,0,2,79,122,53,12,153,0,2,0,0,0,5,1,13,6,0,0,82,5,3,1,8,0,2,3,0,0,2,6,12,34,14,0,113
50,0,0,0,1,0,0,0,0,14,0,1,4,0,3,0,7,0,2,0,4,6,1,0,2,0,4,1,7,0,0,0,1,18,0,18,0,0,0,0,4,1,0,2,1,0,0,5,0,50,29,0,47,0,4,0,0,0,2,5,20,20,0,6,61,115,41,9,151,0,1,0,0,0,6,0,11,5,3,0,99,7,9,3,9,0,5,1,0,0,2,3,9,34,18,0,108
51,0,0,0,2,0,0,0,0,6,0,0,2,0,3,1,10,0,4,0,5,5,1,0,2,0,1,1,7,0,0,2,4,10,0,7,0,0,0,0,6,0,0,9,3,0,0,10,0,40,17,0,43,0,4,0,0,0,7,1,16,20,0,2,81,125,42,6,173,0,5,0,0,0,3,0,4,3,4,0,93,6,4,2,9,0,3,2,0,0,1,3,16,40,19,0,105
52,0,0,0,5,0,0,0,0,8,0,2,7,0,3,0,4,0,5,0,9,8,4,0,2,0,4,0,8,0,0,0,4,12,0,12,0,0,0,0,4,1,0,8,5,0,0,6,0,57,23,0,44,0,5,0,0,0,4,4,15,25,0,6,68,114,51,5,149,0,1,0,0,0,4,1,13,3,1,0,96,7,3,4,8,0,4,4,0,0,0,4,11,36,16,0,93
53,0,0,0,1,0,0,0,0,8,0,1,2,0,4,0,14,0,4,0,2,3,2,0,5,0,2,0,4,0,0,0,9,13,0,13,0,0,0,0,4,1,0,7,3,0,0,13,0,42,24,0,36,0,1,0,0,0,8,5,12,20,0,6,89,91,37,3,179,0,2,0,0,0,3,0,13,5,2,0,96,12,6,2,4,0,2,5,0,0,0,3,15,28,17,0,117
54,0,0,0,2,0,0,0,0,5,0,0,7,0,2,2,10,0,1,0,2,2,0,0,4,0,0,0,7,0,0,0,5,8,0,8,0,0,0,0,5,1,0,8,3,0,0,11,0,51,25,3,37,0,2,0,0,0,8,2,26,15,0,2,83,102,54,3,180,0,1,0,0,0,5,0,8,6,4,0,85,8,8,4,8,0,2,4,0,0,3,3,15,31,24,0,95
55,0,0,0,1,0,0,0,0,6,0,0,4,0,0,0,8,0,5,0,5,3,5,0,5,0,1,0,4,0,0,1,5,17,0,17,0,0,0,0,6,0,0,10,2,0,0,10,0,39,20,1,44,0,5,0,0,0,4,1,18,19,0,2,72,114,49,5,152,0,2,0,0,0,3,1,16,2,2,0,94,13,4,2,6,0,1,1,0,0,3,3,19,29,19,0,120
56,0,0,0,2,0,0,0,0,3,0,0,5,0,2,1,9,0,4,0,7,8,1,0,3,0,2,1,8,0,0,1,6,12,0,12,0,0,0,0,3,1,0,8,2,0,0,9,0,47,25,0,32,0,3,0,0,0,6,4,13,27,0,3,76,126,43,4,164,0,3,0,0,0,1,0,12,2,1,0,91,8,8,1,12,0,3,3,0,0,3,3,18,26,21,0,101
57,0,0,0,1,0,0,0,0,4,0,1,1,0,3,0,10,0,3,0,4,5,1,0,4,0,1,1,7,0,0,0,6,6,0,12,0,0,0,0,5,2,0,6,3,0,0,9,0,46,22,1,41,0,4,0,0,0,1,1,22,17,0,2,80,116,46,4,173,0,2,0,0,0,1,0,10,5,3,0,115,5,4,3,5,0,2,2,0,0,0,2,15,30,22,0,103
58,0,0,0,1,0,0,0,0,10,0,0,4,0,4,2,6,0,5,0,3,7,2,0,0,0,0,1,10,0,0,2,2,10,0,11,0,0,0,0,4,0,0,7,2,0,0,13,0,40,23,1,38,0,4,0,0,0,4,2,19,23,0,7,60,107,43,12,176,0,2,0,0,0,2,1,19,4,0,0,100,5,0,2,7,0,5,3,0,0,2,0,10,30,29,0,114
59,0,0,0,2,0,0,0,0,6,0,0,6,0,2,1,8,0,8,0,2,2,1,0,5,0,1,0,7,0,0,0,1,15,0,14,0,0,0,0,4,0,0,6,3,0,0,9,0,45,28,0,44,0,1,0,0,0,3,6,12,21,0,5,72,110,50,6,189,0,0,0,0,0,3,0,12,7,3,0,92,11,7,1,8,0,0,1,0,0,3,2,17,28,20,0,90
60,0,0,0,3,0,0,0,0,10,0,0,3,0,3,0,11,0,3,0,3,4,1,0,1,0,2,0,2,0,0,0,3,7,0,12,0,0,0,0,4,0,0,8,5,0,0,15,0,54,15,0,42,0,4,0,0,0,6,3,17,18,0,4,79,101,34,9,177,0,0,0,0,0,5,1,15,3,5,0,98,7,3,5,8,0,3,1,0,0,0,1,13,40,25,0,104
61,0,0,0,4,0,0,0,0,7,0,0,2,0,4,0,15,0,7,0,0,3,0,0,0,0,1,1,6,0,0,0,1,8,0,11,0,0,0,0,5,0,0,7,4,0,0,10,0,49,26,0,45,0,4,0,0,0,3,3,16,22,0,6,62,115,46,6,163,0,1,0,0,0,5,0,16,9,2,0,101,7,6,2,6,0,6,2,0,0,2,2,7,31,27,0,106
62,0,0,0,3,0,0,0,0,9,0,1,1,0,0,0,9,0,4,0,3,9,2,0,4,0,1,1,7,0,0,0,6,17,0,11,0,0,0,0,4,2,0,6,2,0,0,14,0,48,29,0,41,0,2,0,0,0,4,1,15,17,0,3,55,123,42,9,184,0,0,0,0,0,1,0,19,2,3,0,94,2,6,2,8,0,1,4,0,0,0,2,20,21,21,0,105
63,0,0,0,2,0,0,0,0,9,0,1,2,0,1,0,11,0,2,0,3,3,2,0,3,0,1,1,4,0,0,1,2,13,0,11,0,0,0,0,4,0,0,5,3,0,0,9,0,46,14,1,58,0,6,0,0,0,6,4,11,25,0,5,71,124,50,5,164,0,0,0,0,0,2,0,14,6,2,0,98,8,7,3,10,0,2,2,0,0,1,3,8,29,24,0,98
64,0,0,0,2,0,0,0,0,7,0,0,5,0,1,0,8,0,4,0,4,4,1,0,6,0,3,0,6,0,0,1,1,11,0,14,0,0,0,0,4,1,0,7,3,0,0,15,0,63,27,0,49,0,1,0,0,0,6,1,14,15,0,5,89,112,36,10,175,0,1,0,0,0,3,1,10,3,1,0,85,9,2,2,5,0,3,2,0,0,0,0,15,26,17,0,104
65,0,0,0,2,0,0,0,0,10,0,2,8,0,2,1,16,0,7,0,2,2,1,0,8,0,1,2,5,0,0,0,5,9,0,10,0,0,0,0,3,0,0,8,0,0,0,5,0,47,23,0,38,0,3,0,0,0,7,2,14,20,0,3,65,111,53,5,194,0,2,0,0,0,4,1,10,7,2,0,94,8,4,3,13,0,2,1,0,0,1,1,12,19,26,0,96
66,0,0,0,2,0,0,0,0,13,0,0,4,0,4,0,18,0,9,0,4,2,1,0,1,0,2,0,5,0,0,0,10,13,0,13,0,0,0,0,3,0,0,5,0,0,0,8,0,42,22,0,50,0,4,0,0,0,5,3,16,21,0,6,84,94,43,5,170,0,0,0,0,0,3,0,17,3,1,0,88,14,6,4,16,0,0,4,0,0,0,2,13,31,21,0,95
67,0,0,0,2,0,0,0,0,7,0,0,6,0,4,0,10,0,5,0,2,5,1,0,6,0,1,0,7,0,0,1,4,10,0,17,0,0,0,0,3,1,0,4,5,0,0,8,0,53,27,1,42,0,5,0,0,0,9,4,12,16,0,3,64,114,38,1,197,0,1,0,0,0,2,1,15,5,3,0,80,6,2,2,6,0,1,3,0,0,0,3,12,39,21,0,103
68,0,0,0,3,0,0,0,0,8,0,3,5,0,2,1,13,0,2,0,3,4,3,0,1,0,2,0,4,0,0,2,5,8,0,16,0,0,0,0,4,0,0,3,3,0,0,9,0,55,22,1,29,0,5,0,0,0,10,1,15,21,0,3,67,97,41,4,175,0,1,0,0,0,6,3,8,3,5,0,111,4,5,4,4,0,3,3,0,0,1,1,14,34,33,0,107
69,0,0,0,2,0,0,0,0,9,0,1,1,0,4,0,13,0,4,0,8,1,1,0,1,0,2,0,7,0,0,0,1,10,0,6,0,0,0,0,3,1,0,0,2,0,0,12,0,65,35,0,41,0,3,0,0,0,4,0,10,22,0,3,62,117,43,3,173,0,3,0,0,0,5,1,9,3,1,0,100,9,6,2,7,0,2,2,0,0,2,9,18,40,19,0,92
70,0,0,0,0,0,0,0,0,14,0,1,7,0,4,0,7,0,1,0,1,7,0,0,4,0,1,0,3,0,0,0,4,12,0,11,0,0,0,0,5,0,0,5,2,0,0,9,0,42,17,1,55,0,5,0,0,0,4,3,9,31,0,4,77,115,37,7,158,0,0,0,0,0,2,0,14,1,2,0,98,4,8,2,6,0,2,6,0,0,2,4,14,30,29,0,113
71,0,0,0,0,0,0,0,0,7,0,0,4,0,1,1,9,0,4,0,6,3,0,0,4,0,0,0,13,0,0,2,4,9,0,11,0,0,0,0,4,2,0,3,1,0,0,10,0,47,32,0,43,0,4,0,0,0,7,1,20,23,0,5,74,112,40,7,179,0,2,0,0,0,4,2,12,6,0,0,103,13,5,3,8,0,4,1,0,0,2,2,11,32,11,0,87
72,0,0,0,3,0,0,0,0,8,0,1,4,0,3,0,9,0,2,0,4,4,0,0,5,0,1,0,5,0,0,0,4,10,0,12,0,0,0,0,1,0,0,6,5,0,0,12,0,63,29,1,43,0,2,0,0,0,4,3,13,26,0,1,87,98,35,5,138,0,2,0,0,0,4,0,14,6,3,0,115,8,12,3,9,0,4,2,0,0,1,5,13,29,28,0,95
73,0,0,0,1,0,0,0,0,13,0,1,2,0,1,1,8,0,2,0,5,2,0,0,3,0,1,1,6,0,0,1,8,17,0,14,0,0,0,0,2,0,0,6,7,0,0,6,0,35,27,1,45,0,3,0,0,0,3,5,18,26,0,4,62,108,42,9,166,0,0,0,0,0,3,0,21,3,7,0,99,5,2,3,2,0,4,0,0,0,5,6,22,31,25,0,100
74,0,0,0,3,0,0,0,0,7,0,0,5,0,1,2,15,0,3,0,4,4,1,0,3,0,1,0,7,0,0,0,1,14,0,12,0,0,0,0,7,0,0,5,1,0,0,7,0,50,19,0,41,0,7,0,0,0,1,0,18,25,0,4,72,101,57,2,194,0,2,0,0,0,1,0,8,1,3,0,100,7,3,0,9,0,2,2,0,0,2,2,14,25,20,0,105
75,0,0,0,1,0,0,0,0,13,0,0,3,0,2,1,13,0,8,0,5,3,2,0,11,0,3,0,9,0,0,1,2,9,0,14,0,0,0,0,5,1,0,13,3,0,0,10,0,45,21,0,55,0,4,0,0,0,1,2,12,21,0,3,84,106,46,4,160,0,0,0,0,0,5,0,11,3,5,0,91,9,4,0,3,0,2,3,0,0,2,0,13,35,21,0,97
76,0,0,0,1,0,0,0,0,9,0,1,4,0,1,0,11,0,7,0,3,1,0,0,3,0,1,1,4,0,0,1,5,11,0,14,0,0,0,0,3,0,0,10,1,0,0,8,0,58,28,1,35,0,7,0,0,0,6,2,20,19,0,7,72,110,52,6,171,0,3,0,0,0,6,1,8,5,2,0,88,3,8,1,9,0,3,2,0,0,0,2,9,30,22,0,104
77,0,0,0,2,0,0,0,0,12,0,1,3,0,2,1,7,0,2,0,5,7,2,0,2,0,1,0,8,0,0,0,4,13,0,9,0,0,0,0,7,1,0,7,5,0,0,9,0,45,30,1,37,0,6,0,0,0,3,0,18,26,0,4,65,111,58,11,176,0,3,0,0,0,4,0,11,6,2,0,100,8,7,1,4,0,2,0,0,0,1,4,10,23,20,0,93
78,0,0,0,1,0,0,0,0,8,0,0,2,0,3,1,14,0,4,0,3,10,0,0,3,0,0,0,10,0,0,0,5,10,0,15,0,0,0,0,4,0,0,4,4,0,0,7,0,53,23,0,36,0,7,0,0,0,6,2,19,29,0,1,76,101,41,11,156,0,0,0,0,0,5,0,10,6,1,0,98,10,8,1,7,0,2,1,0,0,3,8,14,29,17,0,111
79,0,0,0,0,0,0,0,0,10,0,0,5,0,2,1,5,0,3,0,6,5,1,0,1,0,0,0,3,0,0,1,4,10,0,14,0,0,0,0,3,0,0,7,1,0,0,9,0,43,27,0,38,0,3,0,0,0,5,3,9,19,0,3,70,119,64,7,161,0,4,0,0,0,0,1,15,3,1,0,99,16,3,1,7,0,2,3,0,0,2,7,12,33,24,0,105
80,0,0,0,2,0,0,0,0,12,0,1,4,0,1,0,14,0,2,0,3,3,0,0,5,0,1,0,10,0,0,1,5,13,0,25,0,0,0,0,2,1,0,5,1,0,0,10,0,51,34,0,37,0,5,0,0,0,4,2,15,22,0,3,64,115,53,6,161,0,1,0,0,0,11,0,18,4,5,0,89,2,4,2,9,0,0,2,0,0,4,2,16,24,16,0,98
81,0,0,0,1,0,0,0,0,6,0,0,1,0,5,0,10,0,5,0,4,7,1,0,0,0,1,2,9,0,0,0,2,9,0,11,0,0,0,0,4,0,0,8,0,0,0,11,0,42,19,2,47,0,2,0,0,0,8,0,11,20,0,4,71,110,44,9,170,0,0,0,0,0,3,0,12,1,0,0,111,5,6,4,5,0,0,4,0,0,1,3,17,39,22,0,111
82,0,0,0,1,0,0,0,0,9,0,1,1,0,4,0,11,0,3,0,7,6,0,0,3,0,0,0,5,0,0,0,3,12,0,12,0,0,0,0,5,0,0,8,2,0,0,16,0,44,23,0,38,0,3,0,0,0,4,4,11,22,0,2,77,119,43,5,166,0,2,0,0,0,0,1,14,5,5,0,91,14,3,4,2,0,2,1,0,0,1,6,14,38,19,0,108
83,0,0,0,2,0,0,0,0,10,0,1,3,0,1,0,13,0,8,0,6,2,0,0,2,0,1,0,5,0,0,0,0,7,0,12,0,0,0,0,4,0,0,9,3,0,0,9,0,50,25,0,42,0,4,0,0,0,6,1,20,25,0,1,81,118,39,7,160,0,1,0,0,0,3,1,19,5,4,0,89,8,4,2,4,0,2,4,0,0,0,1,19,34,22,0,101
84,0,0,0,0,0,0,0,0,5,0,2,4,0,3,0,11,0,5,0,4,4,0,0,6,0,3,1,6,0,0,3,4,5,0,12,0,0,0,0,4,0,0,4,3,0,0,15,0,47,20,0,43,0,5,0,0,0,6,4,15,16,0,1,89,101,43,8,161,0,0,0,0,0,5,0,16,6,1,0,96,8,3,5,9,0,1,3,0,0,0,0,16,29,23,0,116
85,0,0,0,1,0,0,0,0,8,0,0,3,0,3,0,11,0,6,0,2,6,1,0,5,0,3,0,5,0,0,1,6,8,0,10,0,0,0,0,8,1,0,3,4,0,0,10,0,44,20,0,45,0,0,0,0,0,5,6,23,21,0,6,81,128,46,7,170,0,2,0,0,0,2,0,14,1,4,0,94,3,7,0,7,0,1,2,0,0,0,5,10,33,15,0,93
86,0,0,0,4,0,0,0,0,4,0,0,1,0,2,1,15,0,2,0,4,2,0,0,4,0,1,1,6,0,0,0,6,11,0,9,0,0,0,0,4,0,0,5,6,0,0,12,0,43,33,0,46,0,3,0,0,0,9,2,14,18,0,8,74,107,36,2,168,0,1,0,0,0,2,0,16,4,7,0,95,14,2,1,6,0,3,5,0,0,3,4,16,25,24,0,109
87,0,0,0,0,0,0,0,0,4,0,0,5,0,3,0,11,0,4,0,7,3,0,0,1,0,3,0,8,0,0,0,2,16,0,15,0,0,0,0,3,0,0,3,6,0,0,14,0,56,20,0,42,0,3,0,0,0,3,1,17,19,0,4,79,110,44,7,183,0,3,0,0,0,3,0,12,1,2,0,102,6,3,1,7,0,2,7,0,0,1,2,10,26,23,0,93
88,0,0,0,3,0,0,0,0,8,0,0,1,0,0,0,6,0,9,0,10,8,4,0,3,0,3,0,10,0,0,0,5,16,0,10,0,0,0,0,1,2,0,0,3,0,0,8,0,49,27,3,45,0,4,0,0,0,3,2,8,23,0,7,67,124,39,4,182,0,1,0,0,0,5,0,12,5,2,0,92,6,2,2,2,0,5,3,0,0,0,1,15,34,20,0,96
89,0,0,0,0,0,0,0,0,9,0,1,3,0,1,0,9,0,3,0,3,3,2,0,2,0,2,0,14,0,0,2,6,12,0,11,0,0,0,0,1,0,0,6,5,0,0,13,0,46,23,1,43,0,6,0,0,0,4,1,18,31,0,4,58,110,37,5,157,0,0,0,0,0,1,0,15,8,5,0,107,11,8,4,6,0,1,3,0,0,0,4,17,33,22,0,103
90,0,0,0,0,0,0,0,0,14,0,1,6,0,2,0,11,0,3,0,2,2,0,0,3,0,4,1,11,0,0,0,4,16,0,9,0,0,0,0,5,0,0,4,3,0,0,6,0,54,21,0,34,0,5,0,0,0,7,1,18,28,0,7,90,111,48,9,162,0,3,0,0,0,2,2,18,4,2,0,83,9,3,5,9,0,1,3,0,0,2,2,10,26,17,0,97
91,0,0,0,0,0,0,0,0,8,0,1,5,0,3,1,12,0,2,0,1,3,3,0,3,0,3,1,9,0,0,0,3,9,0,10,0,0,0,0,6,0,0,7,3,0,0,10,0,53,20,3,43,0,4,0,0,0,6,3,20,25,0,6,78,127,55,3,147,0,4,0,0,0,3,1,9,5,1,0,91,10,4,1,9,0,3,2,0,0,1,1,16,30,17,0,96
92,0,0,0,2,0,0,0,0,12,0,0,0,0,2,0,14,0,4,0,3,2,1,0,2,0,0,0,8,0,0,1,3,11,0,16,0,0,0,0,3,0,0,5,3,0,0,15,0,46,29,1,36,0,2,0,0,0,6,0,18,17,0,2,82,113,39,7,178,0,1,0,0,0,3,3,16,7,2,0,109,9,1,2,9,0,0,1,0,0,1,3,10,30,10,0,100
93,0,0,0,2,0,0,0,0,8,0,0,3,0,7,0,15,0,2,0,1,6,0,0,3,0,1,0,8,0,0,0,5,10,0,16,0,0,0,0,3,0,0,4,3,0,0,8,0,56,19,0,45,0,4,0,0,0,8,5,17,15,0,1,64,121,38,7,162,0,2,0,0,0,6,2,13,2,1,0,114,9,6,1,3,0,1,1,0,0,3,1,8,32,19,0,109
94,0,0,0,0,0,0,0,0,12,0,0,2,0,1,1,5,0,4,0,7,7,1,0,3,0,1,1,6,0,0,1,7,4,0,15,0,0,0,0,4,0,0,7,1,0,0,6,0,45,23,0,45,0,4,0,0,0,7,3,12,22,0,4,76,119,54,6,182,0,1,0,0,0,3,2,8,2,0,0,86,10,3,1,8,0,3,1,0,0,4,5,12,28,22,0,103
95,0,0,0,1,0,0,0,0,5,0,2,2,0,0,0,11,0,5,0,5,5,2,0,5,0,3,1,11,0,0,1,4,15,0,15,0,0,0,0,5,0,0,10,3,0,0,7,0,60,25,0,33,0,2,0,0,0,5,2,13,18,0,4,82,105,40,7,167,0,2,0,0,0,1,1,16,1,0,0,111,10,1,3,8,0,0,3,0,0,3,1,9,38,17,0,94
96,0,0,0,1,0,0,0,0,15,0,0,1,0,2,0,7,0,6,0,4,6,0,0,3,0,0,0,14,0,0,0,4,11,0,14,0,0,0,0,9,0,0,9,4,0,0,7,0,38,24,0,48,0,3,0,0,0,3,3,17,19,0,3,67,119,31,5,181,0,1,0,0,0,3,0,22,2,3,0,86,12,10,4,10,0,3,1,0,0,2,0,20,31,17,0,95
97,0,0,0,2,0,0,0,0,12,0,0,7,0,1,0,10,0,2,0,4,4,3,0,3,0,2,1,10,0,0,2,2,6,0,12,0,0,0,0,5,0,0,4,3,0,0,6,0,46,25,1,38,0,2,0,0,0,9,2,18,26,0,3,71,120,45,5,187,0,2,0,0,0,4,0,15,6,0,0,84,1,6,2,10,0,1,3,0,0,3,5,12,35,16,0,96
98,0,0,0,2,0,0,0,0,5,0,0,4,0,6,0,13,0,4,0,2,4,1,0,6,0,2,1,7,0,0,0,5,11,0,13,0,0,0,0,5,0,0,9,4,0,0,8,0,53,23,1,47,0,3,0,0,0,8,4,11,27,0,4,68,113,38,4,180,0,1,0,0,0,6,1,18,5,0,0,90,5,6,3,4,0,3,1,0,0,3,5,14,29,18,0,92
99,0,0,0,4,0,0,0,0,15,0,0,1,0,3,1,8,0,0,0,3,3,1,0,2,0,1,1,8,0,0,0,3,13,0,16,0,0,0,0,6,0,0,3,2,0,0,10,0,44,17,0,44,0,2,0,0,0,9,5,11,23,0,6,62,134,46,2,158,0,3,0,0,0,3,0,13,2,2,0,99,6,5,6,11,0,7,3,0,0,4,6,22,26,17,0,98
100,0,0,0,0,0,0,0,0,10,0,0,1,0,1,1,11,0,3,0,4,4,0,0,2,0,3,3,9,0,0,0,5,15,0,9,0,0,0,0,4,1,0,10,1,0,0,10,0,50,26,0,30,0,4,0,0,0,5,1,19,22,0,7,73,121,41,4,162,0,0,0,0,0,1,2,17,5,2,0,105,11,3,1,15,0,2,2,0,0,1,1,12,21,20,0,107
101,0,0,0,0,0,0,0,0,8,0,1,4,0,4,0,17,0,2,0,1,0,2,0,0,0,1,2,9,0,0,0,3,8,0,18,0,0,0,0,6,0,0,11,5,0,0,10,0,51,21,0,47,0,1,0,0,0,4,1,15,29,0,2,58,105,41,3,164,0,0,0,0,0,2,0,12,5,4,0,104,6,8,2,7,0,2,1,0,0,1,5,11,25,28,0,123
102,0,0,0,3,0,0,0,0,6,0,0,4,0,5,2,9,0,4,0,3,5,0,0,3,0,3,0,3,0,0,0,5,5,0,12,0,0,0,0,0,0,0,13,5,0,0,11,0,44,14,1,48,0,5,0,0,0,6,4,14,30,0,5,61,103,42,4,178,0,4,0,0,0,4,0,11,4,2,0,98,9,8,5,8,0,0,1,0,0,1,2,16,34,17,0,116
103,0,0,0,0,0,0,0,0,12,0,0,4,0,2,0,13,0,5,0,5,5,1,0,7,0,2,1,3,0,0,0,3,9,0,8,0,0,0,0,3,0,0,3,1,0,0,7,0,56,32,3,45,0,3,0,0,0,4,0,17,15,0,3,75,102,47,9,187,0,3,0,0,0,3,0,9,6,7,0,96,6,6,4,5,0,2,2,0,0,3,6,16,31,24,0,79
104,0,0,0,2,0,0,0,0,7,0,2,1,0,2,2,6,0,3,0,3,11,1,0,5,0,2,0,10,0,0,1,5,5,0,9,0,0,0,0,4,0,0,4,3,0,0,7,0,36,14,2,48,0,5,0,0,0,4,1,19,17,0,3,70,113,39,9,177,0,4,0,0,0,5,4,25,5,3,0,98,7,6,3,6,0,3,0,0,0,5,7,16,21,26,0,104
105,0,0,0,1,0,0,0,0,12,0,0,4,0,3,0,12,0,3,0,1,5,2,0,4,0,0,0,8,0,0,0,4,8,0,10,0,0,0,0,2,0,0,6,5,0,0,10,0,54,28,0,51,0,3,0,0,0,2,1,22,22,0,4,65,115,55,7,162,0,3,0,0,0,1,0,16,3,4,0,100,7,5,1,13,0,2,3,0,0,0,0,11,30,22,0,88
106,0,0,0,4,0,0,0,0,7,0,0,6,0,2,0,6,0,5,0,3,4,0,0,3,0,0,0,6,0,0,0,3,5,0,18,0,0,0,0,4,0,0,6,2,0,0,13,0,36,14,1,43,0,2,0,0,0,3,1,17,21,0,5,69,116,56,13,160,0,0,0,0,0,3,2,18,6,3,0,98,6,2,2,13,0,0,4,0,0,2,2,13,40,26,0,106
107,0,0,0,0,0,0,0,0,5,0,0,2,0,0,1,8,0,2,0,3,5,1,0,3,0,0,0,8,0,0,0,4,13,0,17,0,0,0,0,1,2,0,9,1,0,0,9,0,59,24,0,36,0,0,0,0,0,8,2,18,21,0,3,73,119,32,10,174,0,1,0,0,0,2,2,15,3,3,0,104,7,1,0,8,0,2,1,0,0,2,1,13,33,19,0,110
108,0,0,0,1,0,0,0,0,12,0,2,6,0,2,1,17,0,3,0,5,6,3,0,2,0,1,0,4,0,0,0,13,10,0,15,0,0,0,0,8,1,0,7,2,0,0,9,0,36,34,0,48,0,3,0,0,0,8,1,12,12,0,6,71,106,38,6,162,0,1,0,0,0,4,1,22,5,2,0,93,10,4,2,5,0,4,2,0,0,1,1,6,40,14,0,110
109,0,0,0,1,0,0,0,0,10,0,1,0,0,3,1,9,0,4,0,7,5,0,0,1,0,4,1,4,0,0,0,4,8,0,12,0,0,0,0,0,1,0,6,3,0,0,7,0,53,22,0,41,0,0,0,0,0,4,4,11,27,0,3,78,106,48,8,165,0,3,0,0,0,2,0,14,3,2,0,103,13,1,2,10,0,3,1,0,0,0,1,8,32,25,0,115
110,0,0,0,2,0,0,0,0,11,0,1,2,0,3,0,14,0,4,0,3,2,2,0,8,0,2,1,11,0,0,0,6,9,0,16,0,0,0,0,4,0,0,7,2,0,0,10,0,50,26,2,44,0,4,0,0,0,5,6,16,16,0,5,76,105,54,6,175,0,0,0,0,0,1,0,14,3,2,0,74,9,6,2,8,0,3,2,0,0,2,2,11,20,22,0,109
111,0,0,0,1,0,0,0,0,11,0,0,5,0,2,2,9,0,8,0,7,4,1,0,3,0,2,1,7,0,0,1,4,12,0,14,0,0,0,0,3,1,0,8,5,0,0,16,0,49,19,0,40,0,2,0,0,0,2,3,16,19,0,4,71,112,39,11,172,0,3,0,0,0,4,1,13,5,1,0,95,10,5,2,12,0,2,3,0,0,3,3,11,23,16,0,102
112,0,0,0,3,0,0,0,0,10,0,2,6,0,1,1,8,0,5,0,8,3,1,0,7,0,1,1,8,0,0,0,1,15,0,17,0,0,0,0,1,0,0,8,4,0,0,9,0,51,20,1,39,0,5,0,0,0,6,5,15,16,0,5,81,87,51,8,163,0,0,0,0,0,4,1,16,6,5,0,98,8,5,0,10,0,1,0,0,0,7,4,17,25,22,0,98
113,0,0,0,1,0,0,0,0,10,0,1,5,0,0,1,20,0,2,0,5,7,3,0,5,0,3,0,6,0,0,0,9,18,0,17,0,0,0,0,5,0,0,4,0,0,0,10,0,43,23,0,57,0,3,0,0,0,2,3,10,21,0,5,88,98,44,5,164,0,3,0,0,0,1,1,10,1,7,0,96,9,8,2,8,0,2,1,0,0,2,6,10,28,16,0,91
114,0,0,0,1,0,0,0,0,11,0,1,4,0,1,1,13,0,6,0,1,2,2,0,4,0,1,1,8,0,0,1,8,7,0,10,0,0,0,0,3,0,0,3,4,0,0,8,0,47,29,0,43,0,2,0,0,0,6,4,14,20,0,3,79,117,43,5,177,0,0,0,0,0,3,0,11,3,5,0,100,6,7,0,10,0,1,3,0,0,1,3,10,25,23,0,99
115,0,0,0,2,0,0,0,0,11,0,0,5,0,3,0,9,0,5,0,4,5,1,0,3,0,2,0,10,0,0,2,5,7,0,10,0,0,0,0,2,0,0,9,7,0,0,7,0,49,23,3,56,0,3,0,0,0,6,3,13,25,0,3,89,115,29,5,148,0,4,0,0,0,2,1,14,3,4,0,103,7,4,1,11,0,2,4,0,0,3,3,10,30,19,0,96
116,0,0,0,1,0,0,0,0,7,0,0,5,0,2,0,13,0,5,0,3,3,1,0,2,0,0,0,6,0,0,1,2,8,0,16,0,0,0,0,2,1,0,10,0,0,0,11,0,46,18,1,46,0,7,0,0,0,1,0,11,21,0,3,71,126,59,13,160,0,6,0,0,0,1,0,14,5,3,0,97,4,4,4,7,0,1,4,0,0,1,1,22,24,22,0,98
117,0,0,0,2,0,0,0,0,11,0,0,6,0,3,0,15,0,2,0,6,10,0,0,2,0,1,1,5,0,0,0,5,12,0,7,0,0,0,0,5,0,0,6,3,0,0,9,0,32,21,1,47,0,6,0,0,0,4,2,23,27,0,7,85,106,44,6,158,0,1,0,0,0,2,0,8,6,2,0,89,5,6,3,7,0,1,2,0,0,0,2,16,39,14,0,117
118,0,0,0,0,0,0,0,0,5,0,2,2,0,2,1,5,0,6,0,7,5,1,0,1,0,1,1,10,0,0,1,3,13,0,15,0,0,0,0,2,0,0,9,2,0,0,9,0,50,14,2,43,0,3,0,0,0,4,0,16,25,0,3,72,115,54,5,157,0,1,0,0,0,3,0,16,3,2,0,98,11,3,5,9,0,3,1,0,0,0,3,10,39,18,0,109
119,0,0,0,1,0,0,0,0,15,0,1,4,0,2,0,6,0,6,0,4,4,3,0,1,0,1,0,6,0,0,0,2,12,0,12,0,0,0,0,2,1,0,1,6,0,0,13,0,52,21,2,46,0,1,0,0,0,5,2,11,16,0,3,82,109,46,6,164,0,2,0,0,0,2,1,17,8,1,0,86,10,9,3,6,0,4,0,0,0,2,4,18,33,22,0,103
120,0,0,0,1,0,0,0,0,8,0,0,3,0,4,1,18,0,2,0,3,1,1,0,6,0,1,1,7,0,0,0,6,8,0,16,0,0,0,0,5,0,0,6,2,0,0,10,0,43,20,1,48,0,2,0,0,0,7,4,12,26,0,0,96,115,45,7,152,0,1,0,0,0,2,0,9,6,2,0,87,11,7,5,8,0,0,1,0,0,0,4,12,37,17,0,103
121,0,0,0,1,0,0,0,0,8,0,0,4,0,3,2,13,0,1,0,2,6,0,0,1,0,2,0,8,0,0,2,5,6,0,11,0,0,0,0,3,1,0,7,2,0,0,4,0,57,18,0,56,0,6,0,0,0,4,2,20,27,0,3,64,111,44,5,168,0,2,0,0,0,5,1,15,3,1,0,89,9,7,3,4,0,2,1,0,0,3,2,11,27,28,0,110
122,0,0,0,0,0,0,0,0,7,0,0,3,0,1,0,12,0,8,0,2,1,0,0,0,0,1,0,4,0,0,0,5,18,0,13,0,0,0,0,2,0,0,5,8,0,0,11,0,42,25,0,45,0,2,0,0,0,2,3,16,27,0,5,71,100,49,4,155,0,2,0,0,0,6,1,14,2,2,0,110,10,9,2,9,0,1,1,0,0,1,4,18,47,21,0,93
123,0,0,0,0,0,0,0,0,7,0,0,2,0,3,0,8,0,3,0,3,7,0,0,4,0,2,1,5,0,0,2,1,10,0,16,0,0,0,0,4,0,0,11,4,0,0,10,0,49,24,2,41,0,2,0,0,0,7,4,15,25,0,6,68,124,47,6,182,0,3,0,0,0,5,0,15,4,3,0,89,9,9,3,8,0,3,2,0,0,0,2,7,27,16,0,90
124,0,0,0,0,0,0,0,0,10,0,0,3,0,1,1,14,0,7,0,3,6,0,0,1,0,2,0,8,0,0,1,2,7,0,6,0,0,0,0,2,0,0,8,1,0,0,13,0,42,27,0,37,0,3,0,0,0,8,1,14,18,0,3,75,101,38,8,186,0,3,0,0,0,5,1,16,3,3,0,95,7,7,3,7,0,3,4,0,0,0,4,20,24,31,0,107
125,0,0,0,1,0,0,0,0,6,0,1,6,0,6,0,6,0,5,0,3,2,2,0,2,0,2,1,7,0,0,1,3,11,0,11,0,0,0,0,3,1,0,5,2,0,0,8,0,59,27,0,36,0,3,0,0,0,6,4,15,25,0,0,72,113,56,6,157,0,3,0,0,0,5,0,17,7,4,0,76,6,7,6,11,0,1,2,0,0,1,2,9,35,24,0,110
126,0,0,0,1,0,0,0,0,12,0,1,5,0,0,1,9,0,4,0,8,3,1,0,2,0,1,0,6,0,0,2,3,13,0,15,0,0,0,0,4,0,0,7,4,0,0,6,0,42,26,0,40,0,3,0,0,0,3,6,19,23,0,5,80,94,55,7,172,0,0,0,0,0,2,0,22,8,4,0,97,9,3,1,7,0,2,0,0,0,1,5,9,25,24,0,98
127,0,0,0,0,0,0,0,0,9,0,1,2,0,3,2,7,0,4,0,4,6,0,0,4,0,1,1,8,0,0,0,3,9,0,15,0,0,0,0,6,0,0,5,1,0,0,8,0,39,26,1,55,0,5,0,0,0,4,2,20,22,0,6,80,120,49,4,164,0,0,0,0,0,4,1,13,4,1,0,97,7,3,1,9,0,1,3,0,0,2,3,17,21,18,0,99
128,0,0,0,0,0,0,0,0,6,0,0,2,0,1,1,6,0,3,0,5,5,1,0,3,0,1,0,7,0,0,1,4,16,0,14,0,0,0,0,3,0,0,7,5,0,0,12,0,45,24,0,35,0,4,0,0,0,5,2,11,22,0,8,76,117,25,7,186,0,1,0,0,0,6,0,14,2,1,0,95,6,5,2,4,0,5,2,0,0,0,4,17,32,16,0,118
129,0,0,0,0,0,0,0,0,7,0,1,3,0,4,0,8,0,3,0,5,3,4,0,2,0,1,0,13,0,0,0,3,12,0,8,0,0,0,0,9,0,0,7,1,0,0,8,0,42,22,0,34,0,4,0,0,0,6,2,21,21,0,11,81,121,42,11,160,0,1,0,0,0,1,0,10,3,2,0,104,8,4,3,9,0,1,2,0,0,2,3,14,32,24,0,97
130,0,0,0,2,0,0,0,0,11,0,0,5,0,3,1,17,0,3,0,5,5,0,0,2,0,4,1,4,0,0,0,2,9,0,15,0,0,0,0,2,0,0,2,6,0,0,11,0,49,19,1,41,0,7,0,0,0,8,3,11,24,0,6,67,117,57,6,162,0,2,0,0,0,0,0,12,5,2,0,93,8,7,5,8,0,1,3,0,0,2,2,13,32,14,0,103
131,0,0,0,3,0,0,0,0,8,0,1,5,0,5,2,15,0,3,0,3,2,2,0,5,0,1,2,5,0,0,0,6,7,0,8,0,0,0,0,6,0,0,5,2,0,0,11,0,51,20,1,44,0,2,0,0,0,1,2,8,28,0,5,63,114,42,8,160,0,6,0,0,0,6,1,6,4,3,0,115,7,4,3,7,0,2,2,0,0,1,5,18,23,21,0,110
132,0,0,0,3,0,0,0,0,9,0,1,2,0,4,1,7,0,3,0,3,3,1,0,5,0,1,0,4,0,0,0,2,11,0,9,0,0,0,0,5,0,0,6,6,0,0,13,0,50,27,0,36,0,0,0,0,0,7,1,15,22,0,4,81,117,37,9,173,0,2,0,0,0,5,1,17,5,0,0,98,8,8,5,12,0,5,3,0,0,2,5,11,17,17,0,101
133,0,0,0,1,0,0,0,0,9,0,1,4,0,0,1,14,0,3,0,2,4,0,0,3,0,2,0,9,0,0,0,3,13,0,13,0,0,0,0,8,0,0,4,1,0,0,11,0,52,21,0,45,0,6,0,0,0,7,4,18,19,0,3,71,116,46,9,182,0,0,0,0,0,4,1,11,6,0,0,96,9,5,0,6,0,2,2,0,0,2,2,10,31,18,0,90
134,0,0,0,2,0,0,0,0,9,0,0,5,0,3,1,9,0,1,0,5,10,0,0,3,0,1,1,6,0,0,1,0,14,0,7,0,0,0,0,0,1,0,4,3,0,0,9,0,54,18,1,53,0,3,0,0,0,6,2,14,33,0,4,67,109,43,7,166,0,1,0,0,0,1,0,15,6,2,0,97,8,4,1,5,0,3,1,0,0,1,3,16,38,22,0,101
135,0,0,0,0,0,0,0,0,11,0,1,1,0,0,1,8,0,3,0,10,7,2,0,2,0,3,0,6,0,0,1,7,7,0,10,0,0,0,0,5,0,0,9,5,0,0,5,0,57,25,1,41,0,3,0,0,0,6,1,14,18,0,3,65,111,43,4,189,0,3,0,0,0,4,0,19,3,0,0,84,7,5,1,8,0,2,3,0,0,1,3,12,36,14,0,110
136,0,0,0,0,0,0,0,0,1,0,0,1,0,3,0,8,0,6,0,6,7,1,0,2,0,1,0,8,0,0,1,4,13,0,8,0,0,0,0,5,1,0,10,7,0,0,7,0,52,20,1,50,0,6,0,0,0,3,2,18,31,0,2,92,99,50,5,165,0,2,0,0,0,4,0,13,4,1,0,97,2,6,3,8,0,2,4,0,0,0,3,11,33,19,0,92
137,0,0,0,2,0,0,0,0,10,0,1,6,0,3,0,15,0,4,0,1,3,2,0,4,0,2,0,3,0,0,0,6,10,0,16,0,0,0,0,4,0,0,9,1,0,0,10,0,39,31,0,44,0,3,0,0,0,4,2,19,19,0,0,84,113,50,7,163,0,1,0,0,0,6,1,11,4,4,0,86,9,6,1,11,0,2,2,0,0,1,3,10,21,21,0,110
138,0,0,0,2,0,0,0,0,13,0,3,2,0,4,0,12,0,2,0,2,3,0,0,4,0,2,1,4,0,0,1,3,11,0,12,0,0,0,0,3,1,0,8,1,0,0,7,0,48,24,0,32,0,3,0,0,0,4,5,17,23,0,8,73,110,34,4,178,0,0,0,0,0,5,0,22,6,2,0,97,4,8,3,13,0,4,0,0,0,2,0,15,30,17,0,108
139,0,0,0,3,0,0,0,0,10,0,0,5,0,2,0,8,0,9,0,4,1,0,0,3,0,2,0,3,0,0,0,2,12,0,7,0,0,0,0,5,0,0,3,5,0,0,8,0,42,25,0,45,0,4,0,0,0,6,0,16,30,0,6,80,104,35,10,179,0,2,0,0,0,3,1,7,3,1,0,96,13,4,1,6,0,3,3,0,0,0,3,13,29,24,0,114
140,0,0,0,9,0,0,0,0,6,0,0,5,0,1,0,13,0,1,0,2,7,1,0,7,0,2,0,7,0,0,1,2,6,0,11,0,0,0,0,3,1,0,5,2,0,0,3,0,75,23,0,40,0,1,0,0,0,8,6,12,27,0,3,65,111,56,3,173,0,1,0,0,0,5,1,19,3,0,0,99,13,3,1,5,0,9,3,0,0,0,1,9,23,21,0,86
141,0,0,0,1,0,0,0,0,6,0,0,4,0,3,0,11,0,3,0,4,3,3,0,4,0,1,0,4,0,0,0,3,7,0,14,0,0,0,0,7,0,0,5,5,0,0,4,0,55,29,0,47,0,7,0,0,0,5,3,17,16,0,3,86,98,41,5,172,0,3,0,0,0,7,1,19,2,3,0,106,14,4,3,8,0,3,1,0,0,3,1,12,27,23,0,84
142,0,0,0,1,0,0,0,0,8,0,0,2,0,4,0,7,0,2,0,7,5,1,0,3,0,1,0,6,0,0,1,8,6,0,19,0,0,0,0,6,0,0,7,3,0,0,10,0,44,25,1,51,0,4,0,0,0,4,2,11,21,0,3,67,121,38,6,188,0,1,0,0,0,2,0,16,6,1,0,94,9,5,1,7,0,3,4,0,0,0,2,13,27,19,0,97
143,0,0,0,1,0,0,0,0,11,0,0,3,0,0,0,7,0,3,0,7,7,1,0,6,0,3,0,5,0,0,0,1,9,0,8,0,0,0,0,3,0,0,7,4,0,0,7,0,54,15,2,43,0,2,0,0,0,5,3,11,22,0,5,74,120,41,9,158,0,3,0,0,0,3,1,9,2,2,0,108,7,6,3,10,0,2,1,0,0,1,2,8,41,28,0,106
144,0,0,0,3,0,0,0,0,9,0,2,0,0,0,1,12,0,3,0,5,6,0,0,3,0,2,0,5,0,0,1,5,6,0,14,0,0,0,0,3,0,0,7,4,0,0,8,0,47,25,1,43,0,2,0,0,0,5,0,12,19,0,4,60,109,52,8,172,0,2,0,0,0,7,0,19,2,4,0,116,6,6,1,11,0,1,3,0,0,0,1,12,30,23,0,98
145,0,0,0,2,0,0,0,0,12,0,0,5,0,5,0,12,0,2,0,5,8,1,0,3,0,1,0,6,0,0,0,3,7,0,15,0,0,0,0,4,0,0,12,3,0,0,8,0,35,28,0,41,0,3,0,0,0,6,6,12,17,0,6,85,124,39,9,160,0,2,0,0,0,6,0,18,5,3,0,94,6,6,2,13,0,2,1,0,0,1,2,11,34,15,0,94
146,0,0,0,0,0,0,0,0,5,0,1,4,0,3,0,12,0,10,0,5,6,0,0,3,0,0,0,2,0,0,0,3,12,0,9,0,0,0,0,5,0,0,5,3,0,0,11,0,62,14,0,35,0,8,0,0,0,3,1,17,21,0,5,89,101,37,8,159,0,3,0,0,0,6,1,16,2,2,0,100,10,9,0,7,0,1,3,0,0,1,6,15,33,28,0,98
147,0,0,0,3,0,0,0,0,6,0,0,4,0,4,0,14,0,0,0,3,7,0,0,5,0,0,0,10,0,0,0,10,5,0,10,0,0,0,0,5,0,0,1,2,0,0,10,0,42,28,0,45,0,4,0,0,0,3,1,14,26,0,1,90,106,41,3,177,0,1,0,0,0,3,0,10,4,1,0,111,7,5,1,4,0,2,3,0,0,2,3,13,27,21,0,102
148,0,0,0,0,0,0,0,0,12,0,1,3,0,2,0,8,0,4,0,7,4,3,0,2,0,5,0,1,0,0,0,2,11,0,12,0,0,0,0,7,0,0,8,2,0,0,10,0,48,20,0,41,0,2,0,0,0,10,0,14,23,0,6,67,95,40,4,186,0,3,0,0,0,3,0,8,6,4,0,105,4,4,2,9,0,1,3,0,0,1,5,13,33,21,0,115
149,0,0,0,3,0,0,0,0,9,0,1,5,0,2,0,12,0,3,0,3,3,3,0,3,0,0,0,12,0,0,1,3,13,0,10,0,0,0,0,2,1,0,12,3,0,0,7,0,50,17,0,33,0,4,0,0,0,7,4,19,17,0,4,65,114,36,7,185,0,0,0,0,0,2,0,15,4,1,0,100,9,3,2,6,0,1,3,0,0,3,5,10,24,23,0,116
150,0,0,0,1,0,0,0,0,10,0,1,1,0,2,1,6,0,6,0,5,1,1,0,4,0,2,0,7,0,0,0,2,12,0,12,0,0,0,0,4,0,0,5,6,0,0,8,0,50,28,2,38,0,1,0,0,0,6,1,15,23,0,4,92,98,49,6,180,0,2,0,0,0,4,0,12,1,2,0,96,5,4,1,9,0,1,1,0,0,1,3,17,28,24,0,99
151,0,0,0,4,0,0,0,0,4,0,0,3,0,1,0,11,0,4,0,2,5,1,0,4,0,1,2,4,0,0,0,5,11,0,7,0,0,0,0,4,0,0,7,3,0,0,7,0,57,29,1,45,0,4,0,0,0,9,3,12,24,0,5,79,96,36,7,176,0,2,0,0,0,4,0,15,6,1,0,113,6,5,3,8,0,2,2,0,0,2,4,9,27,17,0,101
152,0,0,0,0,0,0,0,0,8,0,0,5,0,6,0,11,0,4,0,3,3,2,0,5,0,4,1,3,0,0,1,5,8,0,14,0,0,0,0,4,0,0,8,5,0,0,11,0,35,28,0,51,0,0,0,0,0,10,2,12,13,0,4,64,125,39,6,176,0,0,0,0,0,7,0,18,1,3,0,86,7,2,5,3,0,4,5,0,0,1,4,15,34,17,0,112
153,0,0,0,2,0,0,0,0,5,0,1,1,0,4,1,7,0,0,0,4,3,1,0,1,0,0,1,7,0,0,3,3,15,0,8,0,0,0,0,6,1,0,6,5,0,0,8,0,56,20,0,34,0,5,0,0,0,4,1,20,17,0,1,81,109,46,6,181,0,1,0,0,0,5,1,11,5,2,0,90,8,5,3,6,0,6,0,0,0,1,4,13,38,28,0,99
154,0,0,0,2,0,0,0,0,10,0,0,5,0,3,0,13,0,4,0,4,5,2,0,5,0,1,0,4,0,0,0,4,11,0,17,0,0,0,0,5,0,0,3,3,0,0,5,0,53,20,3,36,0,5,0,0,0,6,1,18,24,0,5,69,103,42,5,171,0,3,0,0,0,4,0,9,4,3,0,99,10,3,1,4,0,3,4,0,0,1,2,15,27,16,0,125
155,0,0,0,1,0,0,0,0,9,0,2,1,0,4,0,10,0,4,0,7,4,2,0,2,0,1,0,9,0,0,0,2,15,0,8,0,0,0,0,5,1,0,5,5,0,0,12,0,47,28,2,35,0,7,0,0,0,5,0,14,11,0,4,81,110,37,5,185,0,1,0,0,0,3,0,8,4,4,0,98,11,7,1,7,0,4,3,0,0,2,3,9,30,18,0,107
156,0,0,0,1,0,0,0,0,11,0,1,3,0,1,2,13,0,6,0,5,6,1,0,3,0,3,0,4,0,0,0,4,12,0,5,0,0,0,0,0,0,0,9,3,0,0,9,0,42,20,0,41,0,6,0,0,0,4,0,17,21,0,3,76,111,38,5,178,0,2,0,0,0,1,2,18,2,3,0,99,16,10,0,9,0,2,2,0,0,4,5,10,35,22,0,94
157,0,0,0,2,0,0,0,0,8,0,1,2,0,2,0,8,0,4,0,3,3,0,0,1,0,1,1,8,0,0,3,4,11,0,11,0,0,0,0,6,0,0,5,1,0,0,15,0,53,21,0,44,0,1,0,0,0,6,6,11,23,0,4,73,119,39,9,177,0,2,0,0,0,2,2,20,3,3,0,96,7,6,3,4,0,3,3,0,0,3,5,14,33,16,0,89
158,0,0,0,0,0,0,0,0,7,0,0,2,0,1,0,16,0,7,0,3,4,1,0,3,0,3,0,6,0,0,0,8,6,0,12,0,0,0,0,5,3,0,2,2,0,0,8,0,52,25,0,55,0,4,0,0,0,3,2,6,26,0,6,63,115,41,6,183,0,2,0,0,0,1,0,13,0,2,0,101,10,7,0,6,0,0,1,0,0,1,2,10,29,19,0,110
159,0,0,0,1,0,0,0,0,10,0,1,2,0,6,0,12,0,3,0,3,6,1,0,1,0,2,2,10,0,0,0,4,8,0,19,0,0,0,0,3,5,0,9,2,0,0,13,0,47,19,0,51,0,2,0,0,0,8,0,17,16,0,5,72,113,33,7,158,0,1,0,0,0,6,0,10,5,0,0,95,7,8,2,8,0,2,1,0,0,2,2,16,40,17,0,107
160,0,0,0,1,0,0,0,0,7,0,1,4,0,3,0,8,0,2,0,4,2,0,0,4,0,2,0,4,0,0,1,2,16,0,8,0,0,0,0,5,0,0,4,4,0,0,14,0,57,26,1,41,0,3,0,0,0,3,5,19,8,0,3,68,118,57,4,173,0,2,0,0,0,3,0,19,6,1,0,95,10,5,5,9,0,4,2,0,0,2,2,16,33,16,0,88
161,0,0,0,2,0,0,0,0,5,0,3,5,0,2,0,14,0,3,0,4,5,2,0,2,0,1,0,6,0,0,1,5,18,0,7,0,0,0,0,4,1,0,6,4,0,0,10,0,52,25,0,39,0,2,0,0,0,9,1,16,30,0,2,68,112,47,4,177,0,1,0,0,0,5,0,12,4,0,0,92,1,7,2,7,0,1,0,0,0,2,4,15,29,22,0,102
162,0,0,0,0,0,0,0,0,8,0,0,3,0,2,1,15,0,2,0,2,8,1,0,0,0,1,1,4,0,0,0,5,11,0,20,0,0,0,0,9,1,0,4,7,0,0,5,0,45,34,0,42,0,2,0,0,0,5,5,10,21,0,3,72,96,41,5,169,0,1,0,0,0,4,0,12,4,3,0,115,5,2,3,10,0,3,1,0,0,1,6,7,35,14,0,114
163,0,0,0,0,0,0,0,0,8,0,0,3,0,2,0,12,0,4,0,3,5,4,0,0,0,4,0,6,0,0,0,7,7,0,14,0,0,0,0,3,0,0,10,2,0,0,6,0,54,30,1,44,0,3,0,0,0,6,1,13,26,0,6,70,122,37,3,165,0,0,0,0,0,2,1,18,6,5,0,79,8,8,4,9,0,4,0,0,0,1,2,9,36,26,0,101
164,0,0,0,1,0,0,0,0,8,0,1,2,0,2,2,8,0,4,0,6,6,0,0,1,0,3,0,8,0,0,0,3,7,0,12,0,0,0,0,7,0,0,5,3,0,0,6,0,45,30,1,51,0,3,0,0,0,5,5,8,23,0,3,80,117,44,7,164,0,3,0,0,0,7,1,20,6,2,0,87,3,6,5,10,0,2,2,0,0,1,4,12,32,21,0,95
165,0,0,0,2,0,0,0,0,10,0,1,0,0,1,0,8,0,5,0,6,5,0,0,1,0,0,0,6,0,0,0,10,6,0,10,0,0,0,0,2,0,0,5,2,0,0,7,0,55,20,0,45,0,3,0,0,0,9,2,19,24,0,4,67,114,62,7,188,0,2,0,0,0,2,0,15,3,1,0,88,7,11,3,5,0,2,1,0,0,1,2,15,34,23,0,79
166,0,0,0,1,0,0,0,0,6,0,0,4,0,4,0,11,0,7,0,4,8,1,0,3,0,0,0,7,0,0,0,7,9,0,10,0,0,0,0,8,0,0,5,4,0,0,13,0,44,22,1,50,0,6,0,0,0,2,4,4,20,0,4,82,99,51,6,155,0,2,0,0,0,5,1,7,6,0,0,103,10,8,1,8,0,3,4,0,0,4,3,24,34,11,0,104
167,0,0,0,3,0,0,0,0,11,0,1,1,0,7,0,8,0,3,0,5,4,2,0,0,0,1,1,9,0,0,2,2,14,0,8,0,0,0,0,3,1,0,10,7,0,0,14,0,59,21,2,52,0,2,0,0,0,5,3,17,30,0,4,55,100,46,6,161,0,0,0,0,0,3,0,18,8,2,0,94,7,7,1,12,0,2,6,0,0,1,4,10,22,16,0,107
168,0,0,0,3,0,0,0,0,9,0,0,6,0,1,0,14,0,7,0,5,4,1,0,4,0,3,0,6,0,0,2,6,7,0,12,0,0,0,0,3,0,0,11,5,0,0,12,0,41,26,2,52,0,3,0,0,0,3,3,12,21,0,8,81,118,45,4,159,0,0,0,0,0,2,1,12,5,3,0,85,4,8,2,8,0,2,2,0,0,1,8,16,23,23,0,96
169,0,0,0,0,0,0,0,0,10,0,0,3,0,1,2,12,0,1,0,5,2,0,0,1,0,2,0,5,0,0,1,4,8,0,16,0,0,0,0,4,1,0,13,5,0,0,4,0,52,21,0,36,0,2,0,0,0,4,3,22,12,0,3,71,104,52,3,192,0,6,0,0,0,2,0,10,3,1,0,95,9,8,1,9,0,3,1,0,0,2,4,13,27,28,0,101
170,0,0,0,1,0,0,0,0,5,0,1,6,0,0,0,14,0,7,0,6,6,0,0,1,0,1,1,11,0,0,0,3,11,0,23,0,0,0,0,4,0,0,8,4,0,0,10,0,42,21,1,46,0,5,0,0,0,3,3,10,22,0,1,69,119,53,6,156,0,4,0,0,0,2,1,21,1,3,0,83,8,7,3,12,0,4,1,0,0,0,8,15,27,20,0,100
171,0,0,0,2,0,0,0,0,9,0,0,7,0,1,0,15,0,6,0,1,3,1,0,3,0,4,0,7,0,0,0,4,6,0,16,0,0,0,0,3,0,0,6,4,0,0,8,0,47,18,2,48,0,5,0,0,0,5,2,7,24,0,5,80,121,50,11,166,0,3,0,0,0,0,0,11,4,0,0,85,7,0,6,6,0,1,2,0,0,0,5,13,47,18,0,95
172,0,0,0,1,0,0,0,0,6,0,1,6,0,0,0,16,0,4,0,3,3,1,0,4,0,0,0,4,0,0,0,1,11,0,16,0,0,0,0,3,4,0,7,3,0,0,13,0,54,21,2,46,0,2,0,0,0,8,7,15,28,0,8,70,88,53,6,150,0,2,0,0,0,10,1,11,8,3,0,103,8,7,2,10,0,0,0,0,0,2,7,9,40,16,0,96
173,0,0,0,0,0,0,0,0,8,0,0,3,0,3,0,11,0,4,0,5,4,4,0,3,0,1,1,4,0,0,0,5,17,0,9,0,0,0,0,5,1,0,5,7,0,0,8,0,51,20,1,43,0,3,0,0,0,5,2,9,20,0,2,74,105,54,8,170,0,1,0,0,0,4,1,10,6,2,0,92,9,7,5,11,0,4,1,0,0,4,1,10,29,28,0,100
174,0,0,0,3,0,0,0,0,3,0,0,4,0,3,0,12,0,4,0,6,5,0,0,5,0,1,1,4,0,0,0,2,8,0,10,0,0,0,0,4,0,0,6,3,0,0,7,0,41,22,0,43,0,5,0,0,0,2,2,18,22,0,4,63,114,63,6,159,0,4,0,0,0,2,2,9,5,1,0,98,4,1,2,8,0,3,3,0,0,1,3,15,34,29,0,121
175,0,0,0,4,0,0,0,0,4,0,3,4,0,2,0,10,0,5,0,3,3,0,0,5,0,3,0,10,0,0,1,2,8,0,13,0,0,0,0,2,2,0,5,1,0,0,5,0,52,31,0,44,0,3,0,0,0,3,4,18,29,0,2,77,104,42,9,162,0,1,0,0,0,1,0,16,4,4,0,93,9,7,2,12,0,4,0,0,0,0,1,10,29,19,0,113
176,0,0,0,3,0,0,0,0,10,0,0,1,0,2,0,7,0,6,0,7,4,0,0,4,0,1,0,5,0,0,2,5,10,0,12,0,0,0,0,0,1,0,4,2,0,0,11,0,48,22,2,44,0,0,0,0,0,9,6,20,28,0,3,75,113,29,7,180,0,2,0,0,0,2,0,14,1,2,0,84,15,6,8,9,0,1,4,0,0,1,4,22,14,28,0,100
177,0,0,0,5,0,0,0,0,11,0,1,4,0,4,0,10,0,5,0,5,7,0,0,0,0,3,0,4,0,0,1,3,13,0,12,0,0,0,0,5,0,0,5,3,0,0,13,0,37,19,0,40,0,2,0,0,0,9,2,16,18,0,4,71,140,44,7,143,0,2,0,0,0,7,0,10,4,4,0,104,7,8,1,7,0,1,3,0,0,1,1,14,24,29,0,107
178,0,0,0,1,0,0,0,0,8,0,1,3,0,5,1,13,0,6,0,5,3,0,0,3,0,3,0,8,0,0,0,2,14,0,14,0,0,0,0,4,2,0,7,2,0,0,13,0,43,27,0,42,0,4,0,0,0,7,3,16,21,0,3,79,119,49,10,148,0,1,0,0,0,4,1,11,3,1,0,98,9,5,3,4,0,3,2,0,0,0,2,17,31,24,0,92
179,0,0,0,2,0,0,0,0,9,0,0,3,0,5,1,12,0,3,0,9,5,1,0,2,0,3,1,5,0,0,0,3,10,0,13,0,0,0,0,5,1,0,5,6,0,0,10,0,49,25,1,32,0,2,0,0,0,6,5,13,24,0,4,64,110,53,2,168,0,2,0,0,0,1,1,21,3,1,0,86,12,4,2,5,0,6,2,0,0,0,6,17,37,25,0,97
180,0,0,0,3,0,0,0,0,12,0,0,4,0,1,2,6,0,4,0,2,3,2,0,5,0,1,1,6,0,0,2,3,12,0,10,0,0,0,0,5,0,0,8,6,0,0,9,0,51,29,1,42,0,4,0,0,0,4,5,16,21,0,1,71,121,44,10,177,0,3,0,0,0,8,0,15,1,3,0,95,4,2,0,15,0,2,2,0,0,3,1,8,29,17,0,88
181,0,0,0,5,0,0,0,0,7,0,0,3,0,1,2,10,0,2,0,3,6,2,0,3,0,3,0,3,0,0,0,3,8,0,12,0,0,0,0,2,0,0,5,6,0,0,6,0,34,18,0,51,0,5,0,0,0,6,3,15,19,0,4,64,101,59,5,177,0,3,0,0,0,2,1,11,3,2,0,99,8,7,1,12,0,5,1,0,0,1,5,22,23,29,0,112
182,0,0,0,0,0,0,0,0,11,0,0,7,0,5,2,10,0,2,0,4,5,1,0,5,0,0,0,5,0,0,2,1,9,0,10,0,0,0,0,1,0,0,13,1,0,0,12,0,51,20,0,37,0,3,0,0,0,4,3,16,26,0,4,79,118,38,6,172,0,2,0,0,0,1,0,13,3,4,0,89,8,7,2,8,0,3,4,0,0,0,1,16,34,17,0,105
183,0,0,0,1,0,0,0,0,9,0,0,1,0,3,0,13,0,4,0,5,6,0,0,5,0,1,1,10,0,0,2,3,8,0,8,0,0,0,0,4,1,0,5,7,0,0,8,0,40,27,0,55,0,3,0,0,0,6,0,17,27,0,1,64,105,41,7,183,0,3,0,0,0,4,0,11,3,2,0,97,9,6,1,9,0,0,1,0,0,5,2,11,28,26,0,101
184,0,0,0,2,0,0,0,0,5,0,1,5,0,2,1,7,0,4,0,4,5,1,0,3,0,3,0,4,0,0,0,1,9,0,16,0,0,0,0,3,0,0,4,7,0,0,7,0,36,25,0,47,0,5,0,0,0,5,3,18,26,0,3,83,108,47,7,162,0,0,0,0,0,10,0,20,4,3,0,92,5,7,0,6,0,2,1,0,0,0,4,17,30,15,0,115
185,0,0,0,1,0,0,0,0,6,0,0,4,0,3,1,13,0,5,0,2,3,1,0,3,0,4,0,6,0,0,0,3,12,0,16,0,0,0,0,6,0,0,6,1,0,0,10,0,32,36,1,43,0,3,0,0,0,5,7,21,27,0,4,69,100,58,6,177,0,1,0,0,0,3,0,12,10,1,0,75,17,4,2,6,0,2,0,0,0,3,0,14,27,19,0,109
186,0,0,0,1,0,0,0,0,6,0,0,5,0,2,0,8,0,4,0,2,3,3,0,3,0,0,0,9,0,0,2,4,16,0,9,0,0,0,0,1,0,0,8,3,0,0,12,0,48,31,1,36,0,5,0,0,0,3,1,15,22,0,4,91,111,37,10,179,0,2,0,0,0,2,2,12,3,2,0,100,10,2,2,8,0,1,1,0,0,1,2,14,22,26,0,93
187,0,0,0,3,0,0,0,0,9,0,0,2,0,2,0,10,0,5,0,3,3,1,0,3,0,3,2,6,0,0,1,5,14,0,9,0,0,0,0,2,0,0,7,6,0,0,13,0,46,29,2,32,0,1,0,0,0,5,4,21,33,0,4,76,110,41,8,170,0,2,0,0,0,3,1,13,10,3,0,103,4,4,0,8,0,0,3,0,0,1,1,15,30,20,0,88
188,0,0,0,3,0,0,0,0,8,0,1,3,0,1,0,11,0,4,0,4,5,1,0,3,0,0,0,6,0,0,1,5,12,0,13,0,0,0,0,3,1,0,7,4,0,0,5,0,46,18,1,46,0,4,0,0,0,5,5,15,20,0,4,64,112,51,8,171,0,0,0,0,0,6,0,15,2,2,0,98,12,6,3,11,0,0,7,0,0,3,3,9,32,23,0,97
189,0,0,0,0,0,0,0,0,8,0,2,2,0,1,1,13,0,6,0,2,4,2,0,3,0,2,1,8,0,0,0,2,12,0,12,0,0,0,0,5,1,0,8,2,0,0,7,0,41,20,2,48,0,1,0,0,0,12,3,11,20,0,5,67,117,47,5,162,0,2,0,0,0,4,0,12,4,3,0,97,12,3,2,10,0,3,3,0,0,1,4,18,29,19,0,109
190,0,0,0,0,0,0,0,0,11,0,0,2,0,1,0,17,0,2,0,2,5,1,0,3,0,5,0,9,0,0,0,6,14,0,15,0,0,0,0,4,1,0,9,6,0,0,9,0,44,28,3,48,0,3,0,0,0,4,5,17,19,0,1,61,98,48,5,180,0,2,0,0,0,7,1,12,1,2,0,93,10,2,3,7,0,1,2,0,0,2,5,10,29,23,0,102
191,0,0,0,1,0,0,0,0,4,0,0,7,0,1,2,7,0,3,0,3,2,2,0,1,0,1,1,3,0,0,0,3,11,0,8,0,0,0,0,8,0,0,2,5,0,0,16,0,57,27,0,51,0,1,0,0,0,6,4,13,17,0,3,93,108,45,6,187,0,0,0,0,0,4,0,16,5,0,0,89,9,4,1,9,0,1,3,0,0,1,1,7,33,15,0,93
192,0,0,0,0,0,0,0,0,8,0,0,9,0,2,0,9,0,7,0,5,4,1,0,4,0,4,0,6,0,0,2,2,9,0,7,0,0,0,0,4,1,0,4,2,0,0,13,0,42,29,0,38,0,3,0,0,0,6,3,14,26,0,3,77,112,49,3,168,0,1,0,0,0,5,1,13,5,1,0,94,8,5,5,10,0,2,2,0,0,2,1,7,31,23,0,108
193,0,0,0,2,0,0,0,0,7,0,0,4,0,2,0,13,0,0,0,7,6,0,0,4,0,2,1,6,0,0,0,2,9,0,12,0,0,0,0,7,1,0,3,4,0,0,6,0,55,25,0,34,0,4,0,0,0,5,4,17,20,0,5,69,100,42,9,194,0,0,0,0,0,2,0,17,2,2,0,88,5,5,1,5,0,3,3,0,0,1,2,16,29,21,0,117
194,0,0,0,1,0,0,0,0,8,0,0,7,0,2,0,11,0,6,0,3,3,0,0,3,0,0,0,7,0,0,0,4,11,0,10,0,0,0,0,7,0,0,6,1,0,0,11,0,48,31,2,41,0,4,0,0,0,5,5,9,15,0,2,83,111,59,7,165,0,1,0,0,0,9,0,6,4,3,0,94,11,7,3,6,0,3,3,0,0,2,2,14,38,22,0,84
195,0,0,0,1,0,0,0,0,9,0,0,2,0,3,0,14,0,5,0,6,3,1,0,3,0,0,1,7,0,0,1,6,7,0,14,0,0,0,0,3,0,0,3,1,0,0,8,0,38,23,0,38,0,2,0,0,0,4,2,25,18,0,3,84,97,51,10,181,0,0,0,0,0,5,0,10,7,3,0,104,8,7,6,8,0,0,1,0,0,4,1,10,26,28,0,98
196,0,0,0,2,0,0,0,0,5,0,3,2,0,1,0,15,0,3,0,2,3,3,0,1,0,1,1,6,0,0,1,3,11,0,13,0,0,0,0,6,0,0,7,0,0,0,8,0,46,23,1,41,0,4,0,0,0,7,1,15,23,0,3,70,118,38,6,169,0,2,0,0,0,6,0,16,6,1,0,84,9,9,3,5,0,2,3,0,0,0,2,15,36,20,0,119
197,0,0,0,3,0,0,0,0,9,0,1,6,0,0,1,13,0,1,0,2,4,3,0,4,0,2,0,5,0,0,0,3,13,0,12,0,0,0,0,1,2,0,8,5,0,0,8,0,50,26,0,46,0,6,0,0,0,8,5,16,22,0,7,72,115,43,7,157,0,2,0,0,0,1,1,11,6,1,0,86,3,4,4,9,0,1,5,0,0,1,4,13,23,16,0,123
198,0,0,0,1,0,0,0,0,13,0,0,3,0,2,0,12,0,8,0,5,5,1,0,2,0,3,2,6,0,0,0,3,14,0,16,0,0,0,0,5,0,0,7,5,0,0,13,0,38,22,1,38,0,0,0,0,0,6,1,22,20,0,4,61,112,42,3,183,0,5,0,0,0,5,1,16,3,1,0,100,7,3,2,5,0,2,3,0,0,0,5,11,31,19,0,102
199,0,0,0,1,0,0,0,0,11,0,1,0,0,0,1,12,0,4,0,4,6,2,0,4,0,2,0,8,0,0,0,0,7,0,10,0,0,0,0,6,1,0,8,3,0,0,10,0,57,21,1,45,0,6,0,0,0,2,4,22,28,0,8,77,86,41,5,169,0,2,0,0,0,8,0,14,10,1,0,113,7,3,1,5,0,2,2,0,0,0,3,12,22,19,0,103
200,0,0,0,1,0,0,0,0,5,0,1,1,0,1,1,11,0,3,0,5,5,1,0,1,0,1,0,15,0,0,0,8,11,0,13,0,0,0,0,4,1,0,7,3,0,0,4,0,51,37,0,44,0,2,0,0,0,9,4,11,23,0,3,77,104,49,4,170,0,3,0,0,0,2,1,9,6,2,0,95,12,6,2,8,0,1,1,0,0,2,5,14,33,21,0,86
201,0,0,0,3,0,0,0,0,12,0,0,4,0,0,0,8,0,3,0,9,2,0,0,3,0,3,0,6,0,0,0,3,13,0,10,0,0,0,0,3,0,0,7,4,0,0,7,0,44,19,0,40,0,6,0,0,0,4,2,9,14,0,4,83,104,53,9,150,0,3,0,0,0,4,1,16,6,1,0,106,7,6,2,8,0,3,3,0,0,0,4,19,37,22,0,111
202,0,0,0,3,0,0,0,0,8,0,1,3,0,2,3,12,0,7,0,4,5,0,0,1,0,4,0,4,0,0,0,6,12,0,10,0,0,0,0,3,1,0,10,1,0,0,8,0,47,33,1,43,0,6,0,0,0,1,5,15,19,0,2,64,103,46,7,170,0,2,0,0,0,3,2,18,5,1,0,91,10,3,2,13,0,4,3,0,0,2,1,9,27,18,0,116
203,0,0,0,1,0,0,0,0,13,0,0,4,0,0,0,10,0,2,0,3,7,2,0,5,0,0,1,8,0,0,0,4,12,0,11,0,0,0,0,3,0,0,2,7,0,0,16,0,46,22,1,43,0,5,0,0,0,3,4,12,19,0,3,68,99,56,7,166,0,2,0,0,0,4,1,10,5,2,0,102,3,8,3,14,0,1,4,0,0,4,0,12,35,10,0,115
204,0,0,0,4,0,0,0,0,6,0,0,4,0,3,3,13,0,1,0,6,4,5,0,4,0,0,1,11,0,0,0,4,10,0,17,0,0,0,0,4,1,0,4,0,0,0,6,0,56,24,2,46,0,4,0,0,0,4,2,21,28,0,2,72,111,41,3,172,0,1,0,0,0,3,0,19,3,6,0,95,8,2,3,6,0,3,2,0,0,2,4,11,33,23,0,77
205,0,0,0,3,0,0,0,0,12,0,0,4,0,3,3,11,0,5,0,4,6,0,0,2,0,3,0,2,0,0,0,4,9,0,13,0,0,0,0,2,1,0,7,3,0,0,7,0,38,25,0,52,0,2,0,0,0,4,4,15,29,0,2,71,114,41,7,183,0,0,0,0,0,3,0,8,5,5,0,98,6,7,0,11,0,4,2,0,0,0,2,10,22,26,0,100
206,0,0,0,1,0,0,0,0,9,0,1,1,0,1,0,15,0,9,0,7,4,1,0,3,0,2,1,15,0,0,1,8,5,0,7,0,0,0,0,3,2,0,6,0,0,0,13,0,61,24,1,40,0,4,0,0,0,3,4,9,20,0,6,80,97,60,12,160,0,0,0,0,0,4,1,16,2,1,0,87,8,9,1,6,0,0,3,0,0,2,4,8,32,18,0,102
207,0,0,0,1,0,0,0,0,17,0,0,7,0,3,1,14,0,4,0,2,5,1,0,1,0,2,0,6,0,0,1,4,6,0,11,0,0,0,0,5,1,0,6,5,0,0,9,0,55,17,1,35,0,4,0,0,0,5,3,14,17,0,4,87,107,50,7,153,0,2,0,0,0,1,0,14,6,2,0,95,8,6,2,12,0,3,2,0,0,2,1,9,28,23,0,113
208,0,0,0,3,0,0,0,0,7,0,0,1,0,0,0,11,0,8,0,6,3,1,0,2,0,5,1,9,0,0,1,4,2,0,18,0,0,0,0,2,0,0,5,2,0,0,14,0,47,22,0,40,0,5,0,0,0,4,1,16,15,0,4,94,96,42,8,179,0,1,0,0,0,2,1,17,8,1,0,96,9,5,2,8,0,4,1,0,0,1,4,13,35,19,0,95
209,0,0,0,3,0,0,0,0,6,0,2,2,0,2,1,9,0,3,0,6,6,1,0,4,0,4,0,7,0,0,0,4,12,0,7,0,0,0,0,3,1,0,6,2,0,0,6,0,50,22,2,59,0,9,0,0,0,3,3,17,31,0,5,75,110,47,6,170,0,2,0,0,0,3,0,9,3,2,0,99,2,5,2,3,0,1,3,0,0,5,1,14,25,16,0,99
210,0,0,0,1,0,0,0,0,5,0,2,3,0,0,0,11,0,3,0,5,5,1,0,3,0,0,1,13,0,0,0,5,8,0,10,0,0,0,0,5,0,0,6,1,0,0,7,0,49,33,1,40,0,7,0,0,0,7,2,12,23,0,2,67,102,51,8,178,0,4,0,0,0,2,0,17,2,3,0,97,7,2,3,4,0,2,2,0,0,3,3,15,34,16,0,107
211,0,0,0,3,0,0,0,0,6,0,0,1,0,3,0,6,0,3,0,3,4,4,0,5,0,2,0,9,0,0,0,2,15,0,5,0,0,0,0,1,1,0,4,2,0,0,15,0,43,21,0,48,0,2,0,0,0,3,5,11,18,0,4,75,121,53,5,166,0,2,0,0,0,3,1,15,4,4,0,98,5,5,3,8,0,4,1,0,0,1,3,17,34,21,0,102
212,0,0,0,0,0,0,0,0,7,0,0,2,0,1,0,6,0,4,0,4,8,2,0,3,0,3,1,10,0,0,0,3,6,0,13,0,0,0,0,2,0,0,8,6,0,0,7,0,54,20,0,44,0,3,0,0,0,7,2,8,22,0,4,84,108,44,7,161,0,0,0,0,0,6,1,23,4,4,0,93,10,3,2,11,0,1,1,0,0,1,4,17,27,20,0,108
213,0,0,0,2,0,0,0,0,8,0,1,5,0,4,1,10,0,3,0,3,2,2,0,3,0,1,1,9,0,0,0,5,9,0,16,0,0,0,0,6,0,0,7,4,0,0,11,0,42,24,0,56,0,0,0,0,0,6,4,10,23,0,2,59,109,53,3,196,0,0,0,0,0,1,0,13,2,5,0,101,6,7,4,6,0,2,1,0,0,2,2,17,26,13,0,92
214,0,0,0,2,0,0,0,0,9,0,1,3,0,1,1,9,0,3,0,4,4,0,0,3,0,5,0,7,0,0,0,10,6,0,14,0,0,0,0,1,2,0,9,0,0,0,17,0,43,26,1,47,0,1,0,0,0,4,1,16,22,0,1,79,108,42,8,164,0,2,0,0,0,3,0,6,3,2,0,102,12,3,4,9,0,1,2,0,0,2,1,12,24,20,0,118
215,0,0,0,0,0,0,0,0,12,0,1,1,0,3,0,9,0,4,0,1,4,1,0,3,0,0,0,8,0,0,1,1,22,0,8,0,0,0,0,2,1,0,5,3,0,0,11,0,53,30,1,42,0,5,0,0,0,5,5,17,20,0,6,69,107,34,5,169,0,2,0,0,0,4,0,13,1,1,0,111,7,4,2,3,0,1,3,0,0,1,0,13,30,25,0,110
216,0,0,0,4,0,0,0,0,11,0,0,3,0,1,0,6,0,10,0,0,1,0,0,5,0,1,1,4,0,0,0,1,11,0,7,0,0,0,0,0,1,0,7,3,0,0,7,0,59,22,1,54,0,2,0,0,0,1,2,11,23,0,5,66,111,45,11,178,0,2,0,0,0,7,1,8,4,4,0,105,10,3,3,6,0,1,2,0,0,2,3,8,27,22,0,107
217,0,0,0,4,0,0,0,0,10,0,0,4,0,2,0,12,0,5,0,5,6,3,0,3,0,1,1,7,0,0,0,0,14,0,14,0,0,0,0,7,1,0,7,3,0,0,8,0,58,24,2,41,0,5,0,0,0,4,4,20,25,0,8,69,112,39,3,159,0,1,0,0,0,4,0,15,2,3,0,104,9,4,3,5,0,3,1,0,0,2,1,14,23,20,0,96
218,0,0,0,1,0,0,0,0,8,0,0,3,0,5,1,7,0,2,0,5,3,0,0,3,0,3,1,7,0,0,0,4,7,0,16,0,0,0,0,3,0,0,5,3,0,0,6,0,43,9,1,46,0,7,0,0,0,5,4,16,19,0,0,61,131,38,4,202,0,0,0,0,0,1,1,12,3,3,0,106,9,5,7,5,0,1,4,0,0,4,4,10,36,12,0,98
219,0,0,0,1,0,0,0,0,12,0,2,3,0,3,1,9,0,5,0,1,7,1,0,2,0,2,0,8,0,0,0,4,13,0,10,0,0,0,0,1,1,0,8,9,0,0,13,0,43,31,1,44,0,1,0,0,0,4,4,22,22,0,6,74,112,45,10,175,0,3,0,0,0,3,0,14,5,1,0,91,8,6,0,9,0,3,0,0,0,3,2,7,26,20,0,89
220,0,0,0,1,0,0,0,0,9,0,1,5,0,2,0,9,0,3,0,3,7,3,0,1,0,2,0,12,0,0,0,1,5,0,8,0,0,0,0,0,0,0,7,2,0,0,16,0,45,21,0,42,0,4,0,0,0,6,6,12,17,0,4,86,120,38,8,168,0,1,0,0,0,4,0,15,6,2,0,101,3,4,4,4,0,2,0,0,0,1,5,16,27,21,0,110
221,0,0,0,0,0,0,0,0,11,0,1,3,0,3,2,9,0,2,0,6,6,1,0,4,0,3,1,11,0,0,0,1,4,0,14,0,0,0,0,4,2,0,5,0,0,0,13,0,50,25,1,45,0,4,0,0,0,4,3,5,24,0,7,85,112,40,5,172,0,2,0,0,0,3,1,12,4,1,0,96,7,8,3,4,0,1,3,0,0,3,2,10,36,17,0,99
222,0,0,0,1,0,0,0,0,4,0,1,5,0,4,0,16,0,5,0,7,5,1,0,4,0,0,0,5,0,0,0,4,10,0,18,0,0,0,0,3,1,0,4,4,0,0,9,0,54,23,0,49,0,2,0,0,0,7,3,14,20,0,5,78,115,61,5,149,0,1,0,0,0,1,1,13,7,1,0,87,8,2,1,8,0,1,1,0,0,3,3,13,25,27,0,101
223,0,0,0,0,0,0,0,0,8,0,1,2,0,0,1,11,0,5,0,2,5,4,0,4,0,1,0,9,0,0,0,4,17,0,11,0,0,0,0,0,1,0,6,5,0,0,4,0,49,25,0,49,0,8,0,0,0,0,3,19,16,0,4,67,100,40,9,176,0,3,0,0,0,2,1,11,5,2,0,104,6,8,2,11,0,2,1,0,0,2,1,17,31,18,0,107
224,0,0,0,1,0,0,0,0,18,0,2,2,0,2,1,7,0,2,0,4,1,2,0,5,0,0,0,3,0,0,1,3,6,0,14,0,0,0,0,4,1,0,11,3,0,0,14,0,42,19,0,40,0,1,0,0,0,7,2,14,18,0,5,72,118,49,7,185,0,0,0,0,0,4,2,14,2,1,0,93,10,3,4,4,0,2,3,0,0,0,3,17,36,29,0,87
225,0,0,0,1,0,0,0,0,7,0,1,5,0,2,0,12,0,4,0,6,4,0,0,0,0,3,2,5,0,0,2,6,8,0,15,0,0,0,0,3,2,0,7,2,0,0,14,0,48,22,2,50,0,1,0,0,0,2,6,15,15,0,5,73,107,49,5,174,0,2,0,0,0,4,1,19,4,3,0,87,12,4,4,7,0,3,2,0,0,0,3,7,33,20,0,100
226,0,0,0,1,0,0,0,0,4,0,0,2,0,4,0,13,0,8,0,3,1,1,0,0,0,1,0,9,0,0,0,6,13,0,21,0,0,0,0,3,0,0,7,7,0,0,5,0,51,22,0,32,0,3,0,0,0,8,2,12,26,0,3,78,119,35,8,173,0,1,0,0,0,2,1,11,4,1,0,102,12,5,3,9,0,1,5,0,0,3,6,17,30,13,0,93
227,0,0,0,0,0,0,0,0,9,0,0,2,0,1,1,7,0,7,0,5,5,1,0,0,0,1,0,6,0,0,2,4,8,0,8,0,0,0,0,5,0,0,4,4,0,0,4,0,37,24,0,38,0,4,0,0,0,13,3,14,20,0,2,94,125,51,10,166,0,2,0,0,0,4,1,14,3,3,0,93,14,2,2,7,0,2,4,0,0,1,4,11,29,21,0,98
228,0,0,0,1,0,0,0,0,16,0,0,5,0,5,0,9,0,4,0,8,3,1,0,0,0,0,1,7,0,0,1,6,9,0,18,0,0,0,0,4,0,0,10,6,0,0,13,0,43,22,1,41,0,2,0,0,0,2,3,20,18,0,1,64,104,48,2,170,0,3,0,0,0,2,1,10,6,3,0,108,9,8,2,5,0,7,2,0,0,3,8,14,28,23,0,90
229,0,0,0,1,0,0,0,0,11,0,1,2,0,3,1,8,0,2,0,5,7,0,0,1,0,2,1,7,0,0,1,3,12,0,13,0,0,0,0,3,1,0,12,8,0,0,10,0,41,23,0,43,0,8,0,0,0,2,2,11,17,0,2,85,120,29,7,185,0,0,0,0,0,1,1,11,5,1,0,91,15,5,6,7,0,0,2,0,0,2,2,13,24,17,0,107
230,0,0,0,1,0,0,0,0,8,0,0,1,0,3,0,10,0,1,0,5,3,2,0,3,0,3,0,3,0,0,0,6,6,0,13,0,0,0,0,0,1,0,6,4,0,0,4,0,47,31,1,46,0,5,0,0,0,2,3,19,23,0,5,69,99,46,10,179,0,2,0,0,0,4,0,13,5,6,0,109,15,3,3,4,0,3,2,0,0,4,3,9,23,18,0,106
231,0,0,0,1,0,0,0,0,6,0,0,4,0,2,3,9,0,4,0,2,4,3,0,2,0,0,0,9,0,0,2,3,9,0,11,0,0,0,0,3,1,0,2,4,0,0,11,0,51,15,0,48,0,4,0,0,0,2,5,17,17,0,2,85,101,56,5,180,0,3,0,0,0,5,2,13,5,1,0,97,15,4,1,3,0,2,2,0,0,2,7,15,33,15,0,92
232,0,0,0,1,0,0,0,0,7,0,2,2,0,0,1,12,0,4,0,5,8,0,0,3,0,0,0,8,0,0,0,2,15,0,14,0,0,0,0,5,0,0,5,5,0,0,9,0,48,22,1,37,0,4,0,0,0,5,2,16,23,0,3,67,118,27,7,179,0,2,0,0,0,3,1,16,4,3,0,90,8,7,3,14,0,1,1,0,0,2,3,9,28,22,0,116
233,0,0,0,1,0,0,0,0,7,0,1,3,0,3,0,10,0,4,0,8,5,1,0,3,0,1,0,11,0,0,2,4,10,0,17,0,0,0,0,4,1,0,2,5,0,0,4,0,50,22,0,54,0,4,0,0,0,6,2,12,21,0,1,94,120,42,9,163,0,1,0,0,0,1,1,8,2,1,0,97,7,3,5,4,0,3,3,0,0,4,0,17,33,17,0,86
234,0,0,0,3,0,0,0,0,8,0,2,3,0,3,2,9,0,1,0,5,5,1,0,4,0,2,0,5,0,0,0,8,9,0,20,0,0,0,0,1,1,0,4,4,0,0,14,0,56,18,0,38,0,4,0,0,0,8,3,14,22,0,6,87,101,52,5,181,0,3,0,0,0,7,2,12,3,3,0,91,4,4,2,6,0,4,4,0,0,1,3,10,27,23,0,82
235,0,0,0,2,0,0,0,0,6,0,0,2,0,1,0,12,0,8,0,4,2,1,0,1,0,1,0,5,0,0,0,3,17,0,7,0,0,0,0,4,2,0,7,8,0,0,5,0,50,18,0,42,0,0,0,0,0,3,2,23,18,0,3,65,127,41,6,188,0,1,0,0,0,6,1,9,9,1,0,99,9,11,6,5,0,3,0,0,0,2,2,13,27,19,0,93
236,0,0,0,2,0,0,0,0,7,0,1,2,0,1,2,16,0,5,0,3,6,0,0,0,0,0,1,5,0,0,1,4,13,0,7,0,0,0,0,2,1,0,6,2,0,0,7,0,30,27,1,42,0,3,0,0,0,8,2,14,18,0,5,82,109,48,11,179,0,0,0,0,0,6,1,18,4,2,0,88,10,5,3,9,0,1,1,0,0,1,5,13,36,27,0,97
237,0,0,0,1,0,0,0,0,11,0,2,1,0,1,2,10,0,6,0,9,8,0,0,4,0,0,2,6,0,0,0,5,15,0,12,0,0,0,0,5,0,0,8,5,0,0,13,0,56,22,0,47,0,2,0,0,0,2,1,9,16,0,3,80,119,47,11,154,0,1,0,0,0,2,0,12,4,2,0,82,8,4,2,4,0,4,2,0,0,1,7,11,25,25,0,109
238,0,0,0,2,0,0,0,0,7,0,1,8,0,3,0,8,0,6,0,3,4,0,0,2,0,3,1,7,0,0,1,5,15,0,13,0,0,0,0,3,0,0,6,6,0,0,6,0,31,26,1,43,0,5,0,0,0,7,1,14,25,0,5,89,104,33,6,165,0,1,0,0,0,6,1,10,4,3,0,104,11,3,4,10,0,2,2,0,0,3,2,8,38,20,0,103
239,0,0,0,2,0,0,0,0,5,0,0,5,0,1,0,12,0,4,0,9,8,1,0,4,0,0,1,5,0,0,2,6,5,0,8,0,0,0,0,3,0,0,7,4,0,0,12,0,48,29,1,43,0,1,0,0,0,5,3,16,15,0,5,77,117,51,9,157,0,0,0,0,0,5,1,14,4,3,0,96,2,4,0,8,0,4,3,0,0,6,4,20,28,22,0,95
240,0,0,0,4,0,0,0,0,8,0,0,4,0,6,0,9,0,2,0,4,4,3,0,3,0,1,0,10,0,0,1,0,19,0,11,0,0,0,0,10,0,0,6,4,0,0,9,0,48,24,1,46,0,3,0,0,0,0,2,13,21,0,1,81,103,41,10,173,0,2,0,0,0,8,0,12,3,4,0,92,3,6,1,7,0,0,5,0,0,0,1,11,30,23,0,107
241,0,0,0,1,0,0,0,0,11,0,2,5,0,2,0,7,0,5,0,4,5,2,0,5,0,1,1,7,0,0,1,8,9,0,12,0,0,0,0,5,0,0,12,2,0,0,11,0,43,28,1,40,0,2,0,0,0,8,6,17,23,0,5,84,108,40,6,163,0,2,0,0,0,7,0,14,6,3,0,97,12,5,1,6,0,1,1,0,0,0,3,21,26,18,0,85
242,0,0,0,1,0,0,0,0,12,0,4,4,0,5,1,10,0,3,0,4,7,0,0,1,0,1,0,5,0,0,0,3,11,0,14,0,0,0,0,5,1,0,6,5,0,0,16,0,52,15,0,53,0,3,0,0,0,4,3,15,25,0,2,83,116,48,7,170,0,2,0,0,0,3,0,13,4,3,0,90,9,4,3,5,0,1,1,0,0,2,2,12,24,16,0,91
243,0,0,0,1,0,0,0,0,8,0,0,2,0,2,1,12,0,7,0,2,10,0,0,1,0,2,1,9,0,0,1,5,13,0,7,0,0,0,0,7,0,0,3,3,0,0,12,0,44,26,0,40,0,3,0,0,0,5,1,16,23,0,2,89,118,41,5,133,0,2,0,0,0,6,1,13,8,3,0,97,9,9,2,10,0,1,6,0,0,1,4,20,23,22,0,108
244,0,0,0,1,0,0,0,0,7,0,0,2,0,1,0,14,0,8,0,4,13,1,0,6,0,1,0,4,0,0,0,1,10,0,11,0,0,0,0,1,1,0,9,2,0,0,9,0,51,25,1,36,0,8,0,0,0,4,6,18,17,0,5,74,122,41,9,171,0,2,0,0,0,5,1,14,4,2,0,100,4,6,3,3,0,3,1,0,0,4,6,11,26,18,0,93
245,0,0,0,3,0,0,0,0,11,0,0,3,0,1,0,13,0,5,0,6,6,0,0,5,0,2,0,8,0,0,1,4,13,0,12,0,0,0,0,7,0,0,6,3,0,0,8,0,47,15,0,41,0,1,0,0,0,4,3,23,25,0,2,66,113,51,10,172,0,2,0,0,0,1,0,11,1,3,0,86,9,3,5,12,0,3,2,0,0,3,1,21,23,29,0,95
246,0,0,0,1,0,0,0,0,16,0,1,5,0,3,0,9,0,2,0,2,5,1,0,3,0,0,0,5,0,0,0,0,15,0,11,0,0,0,0,3,2,0,6,2,0,0,14,0,44,24,0,52,0,8,0,0,0,6,2,11,20,0,4,78,117,50,2,149,0,1,0,0,0,9,0,17,5,1,0,101,2,9,4,12,0,2,3,0,0,1,4,10,24,24,0,98
247,0,0,0,0,0,0,0,0,6,0,0,4,0,4,0,11,0,2,0,4,7,1,0,2,0,3,2,6,0,0,2,4,8,0,9,0,0,0,0,6,2,0,13,7,0,0,7,0,49,23,1,40,0,2,0,0,0,4,2,16,20,0,5,68,94,53,5,159,0,2,0,0,0,7,0,12,3,3,0,122,9,4,1,6,0,3,2,0,0,3,4,12,31,24,0,101
248,0,0,0,2,0,0,0,0,8,0,2,7,0,4,0,14,0,9,0,2,3,0,0,4,0,1,1,5,0,0,1,3,10,0,11,0,0,0,0,4,2,0,5,2,0,0,7,0,45,25,0,45,0,6,0,0,0,4,4,11,17,0,3,73,106,49,9,164,0,3,0,0,0,4,0,21,9,2,0,98,13,7,2,2,0,2,3,0,0,0,5,12,29,20,0,100
249,0,0,0,2,0,0,0,0,12,0,0,2,0,2,0,7,0,9,0,1,9,2,0,4,0,2,2,6,0,0,0,2,9,0,16,0,0,0,0,4,0,0,12,10,0,0,8,0,33,26,1,42,0,3,0,0,0,10,5,15,15,0,2,73,113,56,7,164,0,1,0,0,0,3,0,11,6,0,0,94,9,1,5,5,0,5,3,0,0,1,3,14,31,25,0,97
250,0,0,0,2,0,0,0,0,9,0,0,5,0,2,1,15,0,2,0,2,6,1,0,5,0,1,2,5,0,0,0,4,16,0,11,0,0,0,0,6,0,0,4,4,0,0,8,0,42,13,0,41,0,6,0,0,0,3,1,10,16,0,3,78,116,69,5,160,0,0,0,0,0,2,0,7,4,1,0,90,5,8,2,13,0,6,0,0,0,0,3,13,36,30,0,106
251,0,0,0,1,0,0,0,0,4,0,2,1,0,4,0,16,0,1,0,6,4,1,0,2,0,0,0,6,0,0,1,4,9,0,7,0,0,0,0,3,3,0,6,3,0,0,15,0,45,20,2,37,0,2,0,0,0,5,1,12,29,0,3,74,112,44,8,188,0,0,0,0,0,5,1,10,3,2,0,97,6,8,3,6,0,1,5,0,0,0,2,12,26,24,0,108
252,0,0,0,1,0,0,0,0,9,0,1,3,0,2,0,8,0,3,0,4,5,3,0,6,0,1,2,9,0,0,1,6,10,0,14,0,0,0,0,5,0,0,5,3,0,0,4,0,53,21,3,36,0,5,0,0,0,8,3,15,36,0,3,73,103,44,8,156,0,3,0,0,0,4,1,13,3,1,0,103,6,8,1,4,0,1,0,0,0,4,3,11,38,17,0,107
253,0,0,0,3,0,0,0,0,13,0,0,5,0,4,2,16,0,5,0,4,2,2,0,2,0,0,2,7,0,0,0,3,12,0,11,0,0,0,0,5,0,0,6,3,0,0,10,0,58,22,0,48,0,4,0,0,0,5,0,15,19,0,2,67,87,50,7,169,0,2,0,0,0,2,0,13,6,0,0,103,9,7,3,5,0,2,2,0,0,1,1,15,32,17,0,110
254,0,0,0,0,0,0,0,0,9,0,0,4,0,4,0,8,0,6,0,4,3,0,0,4,0,2,0,8,0,0,0,1,13,0,9,0,0,0,0,1,0,0,6,2,0,0,7,0,45,26,0,38,0,4,0,0,0,9,3,18,21,0,6,71,106,42,6,162,0,3,0,0,0,3,0,12,4,1,0,108,10,7,3,11,0,4,4,0,0,3,2,18,31,15,0,113
255,0,0,0,4,0,0,0,0,11,0,1,2,0,5,1,8,0,6,0,4,3,2,0,0,0,1,0,5,0,0,1,3,11,0,14,0,0,0,0,5,0,0,5,5,0,0,15,0,30,21,1,27,0,3,0,0,0,6,3,23,18,0,5,72,123,49,4,184,0,0,0,0,0,3,2,16,4,4,0,86,11,8,2,7,0,5,2,0,0,0,0,9,23,17,0,120
256,0,0,0,3,0,0,0,0,4,0,1,4,0,2,0,10,0,3,0,5,7,5,0,3,0,1,0,11,0,0,0,5,10,0,17,0,0,0,0,5,1,0,5,3,0,0,10,0,45,23,2,45,0,2,0,0,0,12,2,17,24,0,3,74,113,44,6,161,0,3,0,0,0,4,1,9,4,2,0,107,6,6,2,3,0,4,2,0,0,0,5,14,33,22,0,85
257,0,0,0,6,0,0,0,0,7,0,1,2,0,3,0,9,0,1,0,4,3,1,0,7,0,4,1,7,0,0,0,4,15,0,7,0,0,0,0,6,2,0,7,3,0,0,2,0,58,21,0,48,0,2,0,0,0,4,4,21,19,0,6,80,113,53,5,180,0,0,0,0,0,5,0,10,11,6,0,72,2,4,4,8,0,4,1,0,0,0,2,10,30,15,0,100
258,0,0,0,0,0,0,0,0,9,0,2,3,0,1,0,16,0,3,0,12,7,2,0,4,0,2,1,7,0,0,0,3,7,0,16,0,0,0,0,5,0,0,4,3,0,0,10,0,38,35,0,40,0,6,0,0,0,6,1,17,23,0,0,73,100,42,5,144,0,1,0,0,0,5,3,15,4,1,0,105,6,9,3,6,0,8,2,0,0,1,3,21,34,19,0,107
259,0,0,0,2,0,0,0,0,11,0,0,4,0,1,0,14,0,4,0,7,7,4,0,1,0,0,0,3,0,0,0,5,8,0,12,0,0,0,0,3,1,0,6,1,0,0,11,0,54,23,0,58,0,5,0,0,0,3,4,14,11,0,4,69,121,46,8,176,0,1,0,0,0,5,0,13,5,1,0,84,5,2,2,5,0,1,2,0,0,2,2,14,34,22,0,99
260,0,0,0,4,0,0,0,0,7,0,1,3,0,1,0,11,0,3,0,2,5,0,0,2,0,0,1,6,0,0,0,4,7,0,11,0,0,0,0,1,1,0,11,3,0,0,8,0,49,37,0,40,0,5,0,0,0,6,4,13,23,0,3,85,109,52,7,175,0,0,0,0,0,3,3,7,3,1,0,99,7,5,3,7,0,4,5,0,0,2,2,10,32,20,0,87
261,0,0,0,5,0,0,0,0,7,0,0,6,0,3,0,9,0,5,0,8,4,2,0,4,0,0,1,7,0,0,0,6,8,0,14,0,0,0,0,2,0,0,9,3,0,0,8,0,62,16,0,50,0,2,0,0,0,4,2,14,24,0,1,70,121,49,7,163,0,2,0,0,0,1,1,13,2,0,0,93,6,3,3,3,0,2,4,0,0,4,4,6,25,22,0,110
262,0,0,0,0,0,0,0,0,8,0,1,0,0,3,1,14,0,3,0,3,3,0,0,4,0,1,0,9,0,0,1,2,9,0,14,0,0,0,0,3,2,0,9,5,0,0,8,0,57,20,0,44,0,5,0,0,0,6,5,15,16,0,6,74,115,52,2,161,0,4,0,0,0,1,0,15,4,4,0,89,7,4,1,6,0,4,1,0,0,3,3,16,36,17,0,104
263,0,0,0,1,0,0,0,0,9,0,0,6,0,1,1,10,0,0,0,2,4,2,0,4,0,1,0,6,0,0,0,7,7,0,19,0,0,0,0,2,0,0,13,2,0,0,3,0,45,30,0,51,0,3,0,0,0,5,3,15,25,0,5,61,117,48,8,168,0,1,0,0,0,5,1,12,5,4,0,98,6,6,2,7,0,4,2,0,0,1,2,6,36,19,0,99
264,0,0,0,1,0,0,0,0,13,0,0,1,0,1,0,7,0,1,0,7,8,1,0,1,0,2,3,4,0,0,1,3,10,0,20,0,0,0,0,4,1,0,6,4,0,0,5,0,41,29,0,56,0,3,0,0,0,3,6,25,15,0,5,83,104,43,2,147,0,0,0,0,0,8,0,9,6,3,0,90,12,2,5,8,0,2,6,0,0,1,2,15,38,12,0,115
265,0,0,0,1,0,0,0,0,14,0,2,2,0,0,2,15,0,7,0,2,4,0,0,2,0,1,1,11,0,0,0,3,12,0,10,0,0,0,0,2,0,0,4,3,0,0,12,0,53,24,0,48,0,3,0,0,0,11,2,14,21,0,4,81,111,37,7,167,0,0,0,0,0,6,1,7,3,4,0,89,7,9,2,9,0,3,3,0,0,1,3,12,32,16,0,100
266,0,0,0,0,0,0,0,0,11,0,1,2,0,4,0,16,0,2,0,5,8,0,0,1,0,1,1,6,0,0,0,9,5,0,13,0,0,0,0,3,0,0,5,4,0,0,7,0,49,23,0,45,0,3,0,0,0,6,1,19,24,0,5,82,107,43,7,149,0,1,0,0,0,8,0,14,7,3,0,95,9,3,3,13,0,1,1,0,0,3,5,15,25,23,0,104
267,0,0,0,1,0,0,0,0,9,0,0,6,0,2,1,16,0,4,0,7,5,2,0,1,0,1,1,6,0,0,1,4,8,0,10,0,0,0,0,3,0,0,7,3,0,0,7,0,48,29,0,36,0,2,0,0,0,8,4,15,25,0,3,66,113,43,9,153,0,0,0,0,0,5,0,7,5,2,0,98,12,2,3,8,0,3,1,0,0,3,5,16,29,25,0,117
268,0,0,0,3,0,0,0,0,5,0,1,1,0,0,1,8,0,4,0,6,2,1,0,2,0,3,0,7,0,0,2,5,8,0,19,0,0,0,0,3,2,0,7,3,0,0,11,0,44,25,0,41,0,4,0,0,0,4,1,15,30,0,8,84,109,35,7,167,0,2,0,0,0,5,0,14,8,2,0,89,6,5,3,8,0,4,0,0,0,3,1,12,35,21,0,104
269,0,0,0,3,0,0,0,0,7,0,2,2,0,1,1,12,0,3,0,2,2,1,0,2,0,3,1,8,0,0,0,2,16,0,19,0,0,0,0,4,0,0,4,1,0,0,12,0,47,23,2,42,0,3,0,0,0,2,3,13,22,0,5,72,104,40,8,162,0,3,0,0,0,1,0,13,4,0,0,105,7,5,1,6,0,1,4,0,0,1,3,8,38,16,0,128
270,0,0,0,0,0,0,0,0,11,0,0,5,0,3,2,14,0,7,0,3,3,2,0,3,0,4,1,7,0,0,1,3,12,0,11,0,0,0,0,5,1,0,4,3,0,0,10,0,44,33,1,37,0,1,0,0,0,5,4,7,22,0,4,84,107,45,14,171,0,1,0,0,0,2,2,10,2,5,0,88,4,4,4,3,0,1,3,0,0,2,4,11,37,26,0,97
271,0,0,0,2,0,0,0,0,5,0,1,3,0,4,3,11,0,1,0,5,8,1,0,8,0,0,0,3,0,0,0,4,9,0,16,0,0,0,0,6,0,0,6,2,0,0,9,0,48,27,0,43,0,4,0,0,0,4,2,17,11,0,7,72,114,58,6,166,0,2,0,0,0,7,0,13,3,1,0,84,7,4,3,8,0,5,0,0,0,1,2,13,27,15,0,119
272,0,0,0,3,0,0,0,0,10,0,1,2,0,1,0,15,0,0,0,3,2,0,0,6,0,2,0,6,0,0,0,4,15,0,17,0,0,0,0,4,0,0,4,4,0,0,7,0,47,20,0,40,0,1,0,0,0,3,2,14,22,0,6,93,113,35,5,162,0,2,0,0,0,4,1,9,4,3,0,113,6,6,3,6,0,2,2,0,0,4,8,10,22,18,0,108
273,0,0,0,2,0,0,0,0,9,0,2,4,0,3,1,14,0,5,0,2,5,1,0,1,0,3,0,9,0,0,0,5,7,0,19,0,0,0,0,4,0,0,7,2,0,0,10,0,50,24,1,32,0,4,0,0,0,10,5,9,24,0,4,68,110,59,2,151,0,2,0,0,0,1,2,10,6,3,0,96,8,5,1,7,0,2,1,0,0,1,1,13,31,21,0,121
274,0,0,0,4,0,0,0,0,6,0,0,3,0,4,0,11,0,4,0,4,5,3,0,6,0,1,0,11,0,0,0,3,10,0,13,0,0,0,0,6,0,0,9,5,0,0,5,0,41,19,0,34,0,5,0,0,0,4,2,12,26,0,3,93,104,40,3,156,0,3,0,0,0,3,0,17,4,4,0,93,8,6,0,8,0,1,1,0,0,4,2,14,43,21,0,113
275,0,0,0,0,0,0,0,0,14,0,0,5,0,1,0,11,0,3,0,4,6,1,0,4,0,0,0,6,0,0,0,5,9,0,7,0,0,0,0,4,1,0,6,2,0,0,14,0,49,34,0,37,0,2,0,0,0,6,3,13,16,0,2,64,119,55,7,194,0,1,0,0,0,3,0,8,1,2,0,84,6,10,2,3,0,2,2,0,0,1,5,12,33,16,0,105
276,0,0,0,1,0,0,0,0,7,0,0,2,0,5,1,14,0,0,0,3,8,3,0,2,0,0,2,9,0,0,1,6,5,0,9,0,0,0,0,3,0,0,3,3,0,0,7,0,53,23,0,45,0,3,0,0,0,7,6,17,18,0,6,84,101,39,7,184,0,0,0,0,0,1,1,6,4,1,0,97,7,4,0,9,0,2,2,0,0,1,2,16,31,24,0,105
277,0,0,0,1,0,0,0,0,4,0,0,3,0,1,0,14,0,2,0,5,7,2,0,1,0,2,0,7,0,0,1,4,10,0,10,0,0,0,0,6,0,0,9,4,0,0,7,0,48,31,1,51,0,4,0,0,0,5,4,18,18,0,6,93,106,39,4,157,0,2,0,0,0,2,2,12,3,4,0,99,7,6,0,6,0,6,1,0,0,1,2,15,25,23,0,99
278,0,0,0,2,0,0,0,0,11,0,1,3,0,1,1,10,0,4,0,4,11,1,0,2,0,3,0,4,0,0,0,3,13,0,16,0,0,0,0,3,1,0,7,4,0,0,12,0,53,22,1,35,0,6,0,0,0,4,1,19,20,0,1,67,130,40,8,169,0,1,0,0,0,3,3,8,8,3,0,90,8,6,0,9,0,0,1,0,0,2,1,10,28,21,0,105
279,0,0,0,2,0,0,0,0,9,0,0,3,0,0,0,6,0,3,0,4,2,3,0,1,0,1,1,9,0,0,1,4,10,0,7,0,0,0,0,5,0,0,0,7,0,0,8,0,42,26,1,38,0,3,0,0,0,4,5,11,19,0,2,77,109,44,12,200,0,3,0,0,0,6,0,14,4,1,0,91,5,5,1,7,0,1,5,0,0,1,3,24,30,12,0,108
280,0,0,0,1,0,0,0,0,6,0,1,1,0,2,1,12,0,0,0,2,5,2,0,5,0,0,1,9,0,0,0,3,10,0,18,0,0,0,0,3,0,0,4,7,0,0,7,0,56,21,1,37,0,3,0,0,0,4,5,16,17,0,4,81,131,47,4,161,0,1,0,0,0,1,1,12,6,8,0,93,8,5,2,6,0,5,3,0,0,0,2,14,30,22,0,93
281,0,0,0,0,0,0,0,0,8,0,0,8,0,3,2,8,0,2,0,1,4,0,0,7,0,4,0,8,0,0,0,3,8,0,2,0,0,0,0,6,0,0,3,3,0,0,7,0,40,32,1,47,0,4,0,0,0,7,3,20,11,0,4,71,115,40,11,164,0,2,0,0,0,5,2,18,2,6,0,98,14,4,2,5,0,3,2,0,0,0,1,9,34,20,0,116
282,0,0,0,2,0,0,0,0,12,0,1,2,0,3,1,8,0,6,0,2,4,0,0,5,0,5,1,9,0,0,0,6,12,0,16,0,0,0,0,4,0,0,3,4,0,0,9,0,47,24,2,61,0,6,0,0,0,3,3,13,14,0,8,79,114,50,5,142,0,3,0,0,0,5,2,14,2,1,0,94,7,2,2,6,0,3,3,0,0,0,4,16,41,17,0,92
283,0,0,0,3,0,0,0,0,13,0,1,2,0,1,0,13,0,2,0,5,4,1,0,3,0,0,1,11,0,0,0,1,6,0,16,0,0,0,0,4,2,0,1,2,0,0,8,0,34,26,0,57,0,5,0,0,0,4,3,20,16,0,4,86,111,40,8,167,0,1,0,0,0,6,0,10,7,1,0,97,5,4,2,10,0,1,1,0,0,1,2,15,31,22,0,103
284,0,0,0,1,0,0,0,0,7,0,0,2,0,3,1,7,0,3,0,4,10,2,0,3,0,2,0,4,0,0,1,2,9,0,15,0,0,0,0,4,1,0,5,1,0,0,15,0,41,23,0,42,0,5,0,0,0,5,3,14,17,0,6,70,111,34,4,171,0,0,0,0,0,6,1,17,6,2,0,97,11,8,2,8,0,1,3,0,0,0,2,17,37,21,0,113
285,0,0,0,0,0,0,0,0,11,0,0,3,0,2,0,9,0,5,0,4,7,1,0,1,0,2,0,5,0,0,0,0,18,0,15,0,0,0,0,5,1,0,3,4,0,0,9,0,36,19,1,41,0,6,0,0,0,7,5,13,24,0,2,74,128,34,6,171,0,2,0,0,0,7,0,16,2,1,0,104,8,5,2,4,0,3,3,0,0,2,1,17,30,21,0,100
286,0,0,0,1,0,0,0,0,8,0,2,3,0,1,0,9,0,3,0,10,5,2,0,4,0,1,3,8,0,0,1,6,17,0,8,0,0,0,0,6,0,0,9,2,0,0,11,0,49,28,0,53,0,4,0,0,0,6,3,16,19,0,3,61,111,36,11,174,0,0,0,0,0,3,0,21,6,2,0,76,6,6,7,11,0,1,2,0,0,2,3,16,32,19,0,93
287,0,0,0,2,0,0,0,0,8,0,0,5,0,1,1,10,0,5,0,6,7,1,0,6,0,1,2,6,0,0,0,5,9,0,7,0,0,0,0,0,0,0,6,4,0,0,8,0,56,17,1,48,0,1,0,0,0,6,3,17,17,0,0,68,99,48,9,187,0,1,0,0,0,1,0,18,5,1,0,72,15,6,3,9,0,2,0,0,0,3,1,20,26,23,0,117
288,0,0,0,1,0,0,0,0,4,0,2,2,0,0,0,10,0,3,0,2,4,1,0,2,0,2,0,10,0,0,0,3,11,0,12,0,0,0,0,4,0,0,6,1,0,0,12,0,46,28,2,35,0,3,0,0,0,1,5,11,24,0,7,62,87,50,12,177,0,3,0,0,0,2,1,14,1,2,0,104,4,6,5,8,0,2,5,0,0,4,5,16,29,23,0,124
289,0,0,0,1,0,0,0,0,14,0,1,4,0,6,0,14,0,2,0,6,5,3,0,2,0,3,0,6,0,0,0,2,14,0,11,0,0,0,0,4,0,0,4,2,0,0,4,0,48,17,0,54,0,5,0,0,0,6,3,15,20,0,4,82,114,41,5,157,0,5,0,0,0,4,1,14,5,2,0,94,6,5,2,7,0,6,4,0,0,1,1,9,30,13,0,112
290,0,0,0,3,0,0,0,0,10,0,0,3,0,2,1,10,0,3,0,2,6,0,0,4,0,0,0,7,0,0,0,8,14,0,9,0,0,0,0,2,0,0,10,1,0,0,8,0,45,17,0,44,0,4,0,0,0,5,4,18,30,0,5,78,115,49,8,170,0,1,0,0,0,0,0,12,2,4,0,86,5,8,3,10,0,2,3,0,0,3,8,15,31,14,0,98
291,0,0,0,1,0,0,0,0,6,0,1,6,0,3,1,6,0,4,0,6,1,0,0,1,0,0,0,7,0,0,1,6,19,0,14,0,0,0,0,4,1,0,8,2,0,0,7,0,52,22,0,35,0,5,0,0,0,3,4,16,27,0,2,62,130,34,5,163,0,0,0,0,0,2,2,15,4,1,0,101,11,10,3,13,0,3,5,0,0,1,3,12,25,18,0,106
292,0,0,0,2,0,0,0,0,6,0,0,3,0,5,0,11,0,1,0,1,2,1,0,3,0,1,1,7,0,0,0,3,10,0,11,0,0,0,0,4,1,0,2,5,0,0,4,0,53,24,0,40,0,4,0,0,0,7,2,15,26,0,4,67,101,63,8,198,0,3,0,0,0,2,0,5,1,2,0,100,6,7,0,3,0,4,2,0,0,0,4,17,37,15,0,96
293,0,0,0,3,0,0,0,0,10,0,0,3,0,4,1,9,0,2,0,4,5,2,0,1,0,0,2,13,0,0,1,5,15,0,19,0,0,0,0,7,1,0,5,2,0,0,10,0,56,21,0,44,0,4,0,0,0,4,4,10,16,0,4,74,109,44,8,165,0,1,0,0,0,3,0,12,2,1,0,115,6,4,4,4,0,1,4,0,0,2,3,9,28,23,0,91
294,0,0,0,2,0,0,0,0,5,0,3,2,0,1,0,14,0,4,0,3,5,0,0,3,0,1,1,5,0,0,1,7,12,0,19,0,0,0,0,5,0,0,7,6,0,0,14,0,31,20,1,38,0,7,0,0,0,6,6,12,23,0,2,86,98,43,8,168,0,3,0,0,0,3,3,13,2,1,0,101,6,7,1,6,0,2,2,0,0,0,4,18,34,21,0,104
295,0,0,0,2,0,0,0,0,7,0,0,3,0,1,1,9,0,2,0,1,2,1,0,0,0,1,0,10,0,0,0,5,14,0,11,0,0,0,0,3,0,0,5,4,0,0,10,0,45,26,0,36,0,2,0,0,0,12,2,19,22,0,5,80,118,56,7,172,0,1,0,0,0,2,1,12,6,3,0,83,9,3,2,8,0,2,0,0,0,1,4,10,24,17,0,118
296,0,0,0,4,0,0,0,0,5,0,1,1,0,2,0,9,0,2,0,1,3,1,0,2,0,0,1,9,0,0,1,5,11,0,18,0,0,0,0,3,0,0,6,4,0,0,7,0,51,27,0,53,0,2,0,0,0,3,3,9,21,0,3,68,99,54,6,177,0,2,0,0,0,5,0,17,4,7,0,84,9,12,3,8,0,2,1,0,0,0,2,10,27,23,0,112
297,0,0,0,2,0,0,0,0,6,0,0,2,0,4,1,5,0,4,0,2,4,0,0,0,0,3,0,6,0,0,0,3,12,0,10,0,0,0,0,7,0,0,9,2,0,0,16,0,41,21,1,42,0,10,0,0,0,11,3,14,21,0,1,77,106,54,3,182,0,4,0,0,0,1,0,10,1,7,0,97,8,5,4,10,0,4,2,0,0,2,4,14,34,12,0,96
298,0,0,0,1,0,0,0,0,13,0,1,4,0,4,3,5,0,1,0,3,5,2,0,5,0,1,1,4,0,0,1,4,12,0,15,0,0,0,0,6,0,0,9,3,0,0,11,0,47,19,0,51,0,3,0,0,0,2,1,16,20,0,3,81,117,45,4,173,0,3,0,0,0,1,0,7,4,1,0,89,6,7,4,6,0,1,1,0,0,2,5,11,23,22,0,111
299,0,0,0,1,0,0,0,0,5,0,0,4,0,1,0,10,0,3,0,2,4,1,0,1,0,3,1,7,0,0,1,6,12,0,10,0,0,0,0,3,0,0,3,1,0,0,10,0,54,19,0,43,0,3,0,0,0,5,1,16,19,0,2,67,126,38,9,197,0,2,0,0,0,4,1,9,4,3,0,100,3,6,1,6,0,2,1,0,0,4,4,5,23,22,0,112
300,0,0,0,4,0,0,0,0,8,0,0,5,0,2,1,8,0,5,0,4,6,3,0,4,0,2,1,6,0,0,1,1,14,0,10,0,0,0,0,1,1,0,6,4,0,0,4,0,48,30,0,46,0,4,0,0,0,5,4,16,14,0,2,79,104,48,8,165,0,1,0,0,0,3,3,14,4,1,0,99,9,3,0,6,0,1,5,0,0,3,2,17,24,26,0,105
301,0,0,0,1,0,0,0,0,8,0,0,6,0,1,1,12,0,4,0,0,3,2,0,2,0,0,1,11,0,0,0,5,15,0,20,0,0,0,0,2,0,0,6,1,0,0,15,0,49,20,0,43,0,8,0,0,0,3,4,7,18,0,1,77,109,65,7,164,0,2,0,0,0,4,0,14,3,3,0,100,11,7,0,6,0,2,2,0,0,1,3,11,21,21,0,98
302,0,0,0,2,0,0,0,0,7,0,1,2,0,2,0,8,0,1,0,8,7,0,0,4,0,2,1,4,0,0,1,7,9,0,22,0,0,0,0,3,0,0,8,5,0,0,11,0,41,23,1,45,0,4,0,0,0,4,1,14,25,0,6,73,123,31,6,161,0,0,0,0,0,0,1,12,7,1,0,92,9,11,1,14,0,1,4,0,0,3,2,13,27,20,0,109
303,0,0,0,1,0,0,0,0,3,0,0,3,0,4,1,16,0,3,0,4,8,1,0,2,0,1,1,10,0,0,0,6,7,0,19,0,0,0,0,4,0,0,4,3,0,0,8,0,36,27,0,36,0,2,0,0,0,4,2,11,13,0,4,74,108,61,5,167,0,2,0,0,0,5,1,12,7,4,0,97,11,4,2,9,0,4,1,0,0,1,3,20,28,21,0,109
304,0,0,0,3,0,0,0,0,8,0,0,7,0,3,0,13,0,5,0,5,9,1,0,3,0,1,1,5,0,0,0,3,13,0,8,0,0,0,0,2,0,0,6,5,0,0,9,0,46,23,1,36,0,2,0,0,0,7,5,12,20,0,3,76,120,44,6,153,0,3,0,0,0,2,0,10,6,1,0,108,11,10,2,5,0,5,2,0,0,4,1,16,22,19,0,109
305,0,0,0,1,0,0,0,0,10,0,0,5,0,0,0,10,0,8,0,2,5,2,0,2,0,1,1,5,0,0,0,1,7,0,12,0,0,0,0,1,0,0,4,3,0,0,6,0,53,28,0,52,0,1,0,0,0,5,3,15,19,0,3,65,93,36,5,178,0,3,0,0,0,4,1,17,2,4,0,107,11,9,2,6,0,3,2,0,0,3,5,16,27,23,0,113
306,0,0,0,2,0,0,0,0,9,0,0,4,0,2,1,15,0,5,0,4,6,1,0,4,0,3,1,9,0,0,1,5,7,0,12,0,0,0,0,4,0,0,10,1,0,0,8,0,52,19,2,36,0,5,0,0,0,5,4,7,16,0,1,71,125,43,9,164,0,2,0,0,0,3,0,18,4,3,0,95,6,2,0,7,0,1,0,0,0,0,5,13,28,23,0,117
307,0,0,0,1,0,0,0,0,8,0,1,5,0,0,1,14,0,6,0,6,3,0,0,3,0,1,1,9,0,0,0,4,5,0,12,0,0,0,0,3,0,0,6,3,0,0,8,0,47,18,2,41,0,1,0,0,0,5,3,17,24,0,3,80,101,50,8,191,0,1,0,0,0,1,0,16,2,1,0,107,11,1,3,4,0,0,1,0,0,2,2,16,26,25,0,90
308,0,0,0,1,0,0,0,0,5,0,0,7,0,1,0,9,0,3,0,5,5,0,0,1,0,0,1,5,0,0,0,4,9,0,16,0,0,0,0,5,0,0,5,6,0,0,9,0,49,23,1,43,0,5,0,0,0,6,1,8,22,0,4,77,123,47,7,150,0,2,0,0,0,0,3,19,3,3,0,106,10,5,4,8,0,2,2,0,0,0,3,9,20,26,0,112
309,0,0,0,0,0,0,0,0,7,0,0,3,0,5,1,11,0,4,0,2,3,1,0,3,0,1,2,4,0,0,0,3,17,0,16,0,0,0,0,7,1,0,6,5,0,0,8,0,56,19,0,35,0,2,0,0,0,4,1,22,27,0,5,67,105,54,5,175,0,0,0,0,0,5,1,12,2,2,0,92,7,10,1,12,0,0,5,0,0,4,2,9,29,19,0,101
310,0,0,0,0,0,0,0,0,10,0,1,6,0,3,0,13,0,5,0,5,8,0,0,2,0,3,2,11,0,0,1,5,5,0,15,0,0,0,0,2,1,0,7,1,0,0,16,0,53,23,2,45,0,3,0,0,0,4,1,8,16,0,7,64,114,55,6,161,0,1,0,0,0,1,1,13,3,3,0,89,6,6,2,5,0,1,1,0,0,2,6,10,32,25,0,109
311,0,0,0,0,0,0,0,0,10,0,0,1,0,2,0,13,0,5,0,4,5,1,0,0,0,1,0,7,0,0,0,7,9,0,8,0,0,0,0,6,1,0,6,2,0,0,8,0,44,24,0,39,0,3,0,0,0,2,5,13,22,0,4,92,109,57,9,177,0,1,0,0,0,3,0,5,5,5,0,105,14,2,5,9,0,2,1,0,0,2,1,2,38,15,0,89
312,0,0,0,1,0,0,0,0,15,0,0,7,0,1,1,9,0,4,0,4,5,0,0,1,0,3,0,7,0,0,0,2,10,0,13,0,0,0,0,4,0,0,7,8,0,0,5,0,49,29,3,44,0,3,0,0,0,6,1,12,19,0,5,60,123,41,3,169,0,0,0,0,0,0,1,17,3,3,0,94,12,6,0,7,0,4,1,0,0,3,2,13,31,25,0,104
313,0,0,0,1,0,0,0,0,8,0,1,3,0,1,1,9,0,2,0,4,4,1,0,2,0,2,0,2,0,0,0,3,11,0,13,0,0,0,0,4,0,0,6,3,0,0,7,0,48,23,1,51,0,3,0,0,0,5,3,12,23,0,3,75,131,41,10,174,0,2,0,0,0,3,0,15,4,1,0,108,9,5,1,7,0,1,3,0,0,4,1,15,20,17,0,93
314,0,0,0,0,0,0,0,0,12,0,0,2,0,3,0,14,0,2,0,4,7,1,0,5,0,2,1,5,0,0,0,7,8,0,18,0,0,0,0,4,1,0,8,5,0,0,10,0,53,22,0,32,0,4,0,0,0,3,2,14,29,0,6,74,99,53,5,187,0,0,0,0,0,4,0,7,6,2,0,81,4,3,4,10,0,2,2,0,0,2,2,6,33,24,0,106
315,0,0,0,1,0,0,0,0,7,0,0,2,0,7,0,9,0,1,0,6,3,1,0,2,0,2,0,3,0,0,0,4,7,0,12,0,0,0,0,4,1,0,8,4,0,0,6,0,33,18,0,43,0,0,0,0,0,8,4,11,25,0,6,85,109,33,13,170,0,2,0,0,0,1,0,17,3,2,0,127,9,3,3,7,0,4,3,0,0,0,2,9,28,16,0,116
316,0,0,0,1,0,0,0,0,8,0,0,2,0,2,0,10,0,5,0,7,6,2,0,1,0,1,1,2,0,0,0,5,7,0,8,0,0,0,0,2,1,0,3,2,0,0,14,0,52,21,0,34,0,4,0,0,0,4,2,14,23,0,2,84,105,51,3,174,0,0,0,0,0,6,0,7,9,1,0,104,13,5,0,5,0,3,2,0,0,2,2,14,27,19,0,118
317,0,0,0,1,0,0,0,0,7,0,1,3,0,0,0,11,0,4,0,5,4,0,0,6,0,2,1,5,0,0,2,4,18,0,11,0,0,0,0,3,0,0,6,5,0,0,11,0,47,17,0,38,0,3,0,0,0,6,7,17,28,0,3,61,101,44,12,176,0,2,0,0,0,6,1,19,5,2,0,96,7,6,1,8,0,4,3,0,0,3,3,4,31,16,0,113
318,0,0,0,3,0,0,0,0,10,0,1,2,0,2,1,20,0,2,0,6,5,1,0,0,0,2,0,4,0,0,0,2,13,0,13,0,0,0,0,6,0,0,4,2,0,0,9,0,51,26,0,31,0,2,0,0,0,3,3,6,21,0,7,82,106,45,9,184,0,1,0,0,0,3,0,14,2,2,0,89,9,9,2,11,0,1,1,0,0,2,4,10,39,18,0,99
319,0,0,0,2,0,0,0,0,5,0,0,2,0,1,1,12,0,5,0,1,7,0,0,2,0,2,1,7,0,0,4,3,10,0,15,0,0,0,0,4,0,0,7,3,0,0,12,0,45,23,3,39,0,5,0,0,0,3,1,13,17,0,4,69,111,46,3,158,0,2,0,0,0,2,1,10,4,6,0,114,9,3,1,11,0,2,1,0,0,1,6,15,26,30,0,110
320,0,0,0,3,0,0,0,0,7,0,0,5,0,1,0,10,0,4,0,2,5,0,0,4,0,2,0,10,0,0,0,4,10,0,14,0,0,0,0,3,1,0,8,6,0,0,11,0,62,23,1,46,0,2,0,0,0,5,3,12,15,0,4,67,118,36,4,160,0,3,0,0,0,6,0,14,6,4,0,94,9,6,2,7,0,0,5,0,0,3,2,17,30,17,0,107
321,0,0,0,1,0,0,0,0,7,0,1,0,0,1,0,16,0,1,0,2,3,1,0,3,0,2,1,10,0,0,0,5,16,0,15,0,0,0,0,3,0,0,7,2,0,0,9,0,46,17,0,38,0,0,0,0,0,5,0,12,20,0,3,79,116,52,5,177,0,2,0,0,0,3,2,14,6,3,0,103,8,2,1,4,0,2,3,0,0,1,2,9,28,30,0,101
322,0,0,0,2,0,0,0,0,11,0,1,9,0,2,0,15,0,4,0,2,2,0,0,4,0,1,0,6,0,0,0,4,10,0,12,0,0,0,0,3,1,0,7,3,0,0,11,0,39,28,3,40,0,7,0,0,0,6,3,14,20,0,5,79,102,39,4,184,0,1,0,0,0,2,0,9,2,3,0,109,6,6,2,5,0,1,2,0,0,4,5,12,35,16,0,97
323,0,0,0,3,0,0,0,0,11,0,0,4,0,5,0,9,0,4,0,8,2,1,0,1,0,2,0,4,0,0,3,4,11,0,14,0,0,0,0,3,0,0,4,3,0,0,15,0,40,24,2,47,0,1,0,0,0,3,2,14,23,0,4,60,101,46,7,187,0,0,0,0,0,3,1,17,2,4,0,98,9,4,3,8,0,3,1,0,0,0,5,11,27,20,0,112
324,0,0,0,2,0,0,0,0,5,0,1,6,0,1,1,3,0,3,0,6,6,1,0,4,0,1,0,7,0,0,0,4,10,0,15,0,0,0,0,5,0,0,11,4,0,0,9,0,41,27,1,44,0,5,0,0,0,3,1,24,24,0,3,77,105,46,8,175,0,1,0,0,0,4,1,18,2,9,0,83,5,4,3,4,0,4,3,0,0,2,2,19,28,18,0,101
325,0,0,0,4,0,0,0,0,12,0,1,4,0,5,1,14,0,2,0,5,7,0,0,3,0,1,0,7,0,0,2,7,10,0,7,0,0,0,0,5,0,0,7,5,0,0,5,0,50,30,2,52,0,3,0,0,0,2,2,13,20,0,2,76,86,57,10,168,0,3,0,0,0,5,0,17,4,0,0,86,9,5,4,6,0,0,4,0,0,1,1,13,28,22,0,105
326,0,0,0,1,0,0,0,0,9,0,0,2,0,0,0,6,0,1,0,5,3,1,0,2,0,0,0,5,0,0,0,4,18,0,15,0,0,0,0,3,2,0,7,2,0,0,12,0,56,27,2,51,0,8,0,0,0,8,4,20,21,0,2,72,108,46,5,153,0,1,0,0,0,3,0,9,7,0,0,101,10,3,2,4,0,1,1,0,0,2,4,10,36,13,0,112
327,0,0,0,8,0,0,0,0,7,0,1,4,0,1,0,10,0,2,0,5,5,3,0,2,0,1,1,4,0,0,0,1,10,0,12,0,0,0,0,3,3,0,7,2,0,0,7,0,39,29,0,36,0,2,0,0,0,4,5,18,19,0,2,66,117,45,4,179,0,4,0,0,0,6,0,10,5,0,0,111,8,9,4,11,0,1,1,0,0,1,3,15,22,17,0,108
328,0,0,0,0,0,0,0,0,13,0,1,3,0,1,0,7,0,3,0,4,7,1,0,1,0,2,1,6,0,0,1,3,8,0,11,0,0,0,0,5,0,0,8,5,0,0,8,0,49,17,0,49,0,3,0,0,0,6,3,18,15,0,2,75,118,55,6,163,0,3,0,0,0,3,1,19,8,2,0,94,10,7,1,11,0,4,2,0,0,1,2,12,30,15,0,97
329,0,0,0,2,0,0,0,0,6,0,1,3,0,0,1,13,0,6,0,3,4,1,0,4,0,3,0,14,0,0,2,4,14,0,16,0,0,0,0,7,0,0,8,4,0,0,9,0,38,28,0,29,0,3,0,0,0,8,5,11,18,0,3,68,126,51,7,153,0,1,0,0,0,3,0,16,9,1,0,98,9,4,0,7,0,4,1,0,0,0,2,12,23,19,0,118
330,0,0,0,2,0,0,0,0,9,0,2,6,0,4,1,5,0,5,0,7,2,0,0,5,0,0,0,6,0,0,1,3,7,0,8,0,0,0,0,7,1,0,4,3,0,0,6,0,50,32,0,49,0,4,0,0,0,8,2,17,22,0,7,66,111,50,6,161,0,3,0,0,0,6,0,13,2,4,0,105,5,4,1,6,0,3,3,0,0,2,3,14,29,20,0,98
331,0,0,0,3,0,0,0,0,10,0,1,3,0,4,0,14,0,4,0,5,2,0,0,4,0,4,1,6,0,0,2,2,15,0,11,0,0,0,0,2,2,0,3,2,0,0,12,0,49,22,1,36,0,3,0,0,0,9,6,15,20,0,3,75,117,52,11,157,0,2,0,0,0,4,0,12,3,1,0,84,9,6,2,6,0,4,2,0,0,4,2,14,34,20,0,103
332,0,0,0,0,0,0,0,0,10,0,0,2,0,2,1,11,0,4,0,5,5,1,0,1,0,3,0,5,0,0,2,2,11,0,19,0,0,0,0,1,1,0,4,5,0,0,10,0,51,33,0,51,0,4,0,0,0,6,2,11,21,0,3,72,103,51,7,158,0,2,0,0,0,4,0,11,5,0,0,100,8,7,3,10,0,2,2,0,0,4,3,12,35,19,0,95
333,0,0,0,3,0,0,0,0,8,0,1,4,0,1,0,13,0,6,0,5,4,1,0,1,0,2,2,8,0,0,1,4,10,0,8,0,0,0,0,4,1,0,8,5,0,0,1,0,50,14,0,46,0,2,0,0,0,7,5,16,18,0,3,80,100,55,8,161,0,2,0,0,0,1,0,17,3,2,0,93,10,4,1,5,0,3,6,0,0,2,1,15,33,27,0,109
334,0,0,0,2,0,0,0,0,7,0,1,2,0,1,1,15,0,5,0,4,4,1,0,6,0,1,0,8,0,0,0,5,8,0,18,0,0,0,0,2,0,0,9,2,0,0,11,0,45,25,0,44,0,0,0,0,0,3,7,16,17,0,2,76,109,50,4,173,0,2,0,0,0,3,1,14,4,2,0,94,7,7,3,6,0,2,1,0,0,2,5,12,44,11,0,96
335,0,0,0,1,0,0,0,0,13,0,0,4,0,1,0,12,0,2,0,7,5,0,0,2,0,0,0,7,0,0,0,7,10,0,10,0,0,0,0,4,0,0,12,3,0,0,7,0,54,16,2,43,0,2,0,0,0,3,0,16,19,0,4,80,112,48,6,167,0,1,0,0,0,4,2,11,3,0,0,96,10,6,5,10,0,1,3,0,0,4,5,17,30,14,0,99
336,0,0,0,2,0,0,0,0,14,0,1,4,0,3,0,10,0,4,0,5,4,2,0,0,0,1,0,5,0,0,0,4,14,0,13,0,0,0,0,6,0,0,5,3,0,0,9,0,58,27,0,37,0,2,0,0,0,5,5,21,27,0,3,66,124,33,6,181,0,1,0,0,0,1,0,10,9,3,0,86,5,4,0,8,0,2,3,0,0,2,4,12,29,21,0,96
337,0,0,0,1,0,0,0,0,10,0,0,2,0,3,0,15,0,4,0,6,1,1,0,1,0,4,0,11,0,0,1,5,13,0,12,0,0,0,0,7,2,0,9,3,0,0,13,0,51,18,0,35,0,7,0,0,0,4,3,16,20,0,1,71,101,37,6,185,0,1,0,0,0,5,0,10,6,1,0,87,7,6,1,5,0,2,0,0,0,4,3,13,32,29,0,109
338,0,0,0,2,0,0,0,0,7,0,1,3,0,2,1,12,0,0,0,1,6,2,0,1,0,4,0,1,0,0,0,5,9,0,7,0,0,0,0,2,4,0,6,5,0,0,12,0,53,14,0,41,0,0,0,0,0,2,3,19,23,0,4,79,118,44,5,190,0,2,0,0,0,2,0,10,6,4,0,107,5,5,1,6,0,3,5,0,0,2,3,13,23,20,0,95
339,0,0,0,5,0,0,0,0,14,0,0,1,0,1,0,8,0,0,0,4,4,0,0,6,0,1,0,7,0,0,1,1,11,0,10,0,0,0,0,4,1,0,5,3,0,0,9,0,48,26,0,46,0,2,0,0,0,5,4,14,21,0,1,74,111,40,5,167,0,5,0,0,0,4,1,21,4,2,0,87,2,6,1,11,0,4,1,0,0,0,2,16,40,29,0,104
340,0,0,0,2,0,0,0,0,11,0,3,3,0,2,2,11,0,2,0,2,3,2,0,1,0,2,1,4,0,0,1,3,10,0,12,0,0,0,0,4,1,0,6,5,0,0,10,0,55,19,0,38,0,5,0,0,0,4,1,11,26,0,5,79,115,45,3,162,0,2,0,0,0,3,0,19,1,5,0,84,9,3,5,7,0,2,2,0,0,2,4,15,30,15,0,121
341,0,0,0,6,0,0,0,0,9,0,0,3,0,1,0,22,0,6,0,9,6,1,0,0,0,2,0,4,0,0,3,5,12,0,14,0,0,0,0,2,0,0,7,7,0,0,11,0,45,21,3,50,0,2,0,0,0,5,3,20,29,0,4,73,96,45,4,170,0,3,0,0,0,5,1,14,5,3,0,80,6,3,3,11,0,2,1,0,0,1,4,11,32,21,0,94
342,0,0,0,5,0,0,0,0,8,0,3,5,0,2,0,13,0,6,0,6,6,0,0,6,0,4,0,6,0,0,1,4,10,0,17,0,0,0,0,2,0,0,4,4,0,0,9,0,45,18,0,47,0,6,0,0,0,3,3,13,27,0,5,66,116,51,4,158,0,0,0,0,0,1,1,11,3,2,0,99,8,6,3,12,0,4,4,0,0,2,3,21,23,20,0,94
343,0,0,0,1,0,0,0,0,6,0,1,1,0,6,2,12,0,2,0,4,4,1,0,2,0,3,0,10,0,0,1,5,11,0,13,0,0,0,0,5,0,0,4,4,0,0,7,0,41,22,0,35,0,5,0,0,0,1,0,13,22,0,5,77,127,51,6,168,0,3,0,0,0,6,1,17,4,0,0,89,10,7,3,10,0,3,0,0,0,1,4,9,29,22,0,104
344,0,0,0,1,0,0,0,0,9,0,0,4,0,3,0,9,0,5,0,5,5,0,0,2,0,3,1,13,0,0,2,6,4,0,12,0,0,0,0,5,0,0,8,3,0,0,11,0,38,21,0,44,0,3,0,0,0,5,5,12,19,0,11,79,113,47,6,179,0,1,0,0,0,8,1,13,2,1,0,98,9,6,0,7,0,3,0,0,0,3,1,6,28,21,0,99
345,0,0,0,3,0,0,0,0,10,0,1,2,0,2,0,12,0,5,0,2,2,1,0,0,0,1,1,6,0,0,2,3,11,0,14,0,0,0,0,3,1,0,8,6,0,0,10,0,49,23,1,42,0,6,0,0,0,4,1,15,27,0,2,78,116,43,12,175,0,3,0,0,0,4,0,11,3,4,0,84,8,5,3,8,0,1,6,0,0,0,1,9,24,22,0,104
346,0,0,0,2,0,0,0,0,14,0,1,5,0,2,0,15,0,8,0,2,6,2,0,5,0,0,0,6,0,0,0,5,12,0,16,0,0,0,0,3,0,0,4,4,0,0,10,0,52,20,0,34,0,4,0,0,0,4,3,16,26,0,2,74,116,46,10,163,0,2,0,0,0,5,0,12,5,4,0,77,10,6,4,12,0,2,4,0,0,0,4,13,26,26,0,96
347,0,0,0,0,0,0,0,0,8,0,0,1,0,2,1,12,0,6,0,4,3,0,0,5,0,2,1,7,0,0,1,2,4,0,19,0,0,0,0,6,0,0,4,1,0,0,10,0,52,30,0,51,0,1,0,0,0,8,3,15,23,0,3,79,113,44,10,166,0,2,0,0,0,5,0,9,1,3,0,84,6,4,1,11,0,1,2,0,0,2,2,7,35,25,0,103
348,0,0,0,1,0,0,0,0,6,0,0,3,0,0,0,11,0,3,0,6,6,2,0,2,0,1,0,6,0,0,1,4,13,0,14,0,0,0,0,8,0,0,9,2,0,0,13,0,54,24,2,39,0,4,0,0,0,3,4,17,16,0,4,69,114,42,4,170,0,1,0,0,0,3,2,12,7,2,0,99,9,6,4,11,0,0,1,0,0,4,3,19,27,23,0,90
349,0,0,0,3,0,0,0,0,4,0,0,5,0,1,0,6,0,3,0,5,5,3,0,2,0,2,0,6,0,0,2,5,15,0,17,0,0,0,0,4,0,0,11,6,0,0,7,0,52,12,0,39,0,1,0,0,0,3,5,17,33,0,6,73,122,43,7,155,0,3,0,0,0,1,2,12,1,3,0,73,7,1,1,5,0,0,4,0,0,1,0,13,42,28,0,123
350,0,0,0,0,0,0,0,0,6,0,0,1,0,0,0,13,0,3,0,5,6,1,0,5,0,2,0,4,0,0,2,3,8,0,16,0,0,0,0,2,0,0,9,1,0,0,8,0,51,25,1,43,0,3,0,0,0,7,2,15,26,0,5,66,114,51,5,172,0,1,0,0,0,5,0,14,4,2,0,106,6,6,3,5,0,2,6,0,0,0,2,11,29,20,0,97
351,0,0,0,3,0,0,0,0,6,0,0,3,0,2,1,11,0,6,0,6,5,1,0,3,0,1,1,7,0,0,0,2,12,0,17,0,0,0,0,6,0,0,9,3,0,0,7,0,37,26,0,47,0,6,0,0,0,8,2,19,18,0,4,65,109,37,8,176,0,0,0,0,0,2,0,13,5,2,0,103,9,7,0,6,0,3,1,0,0,0,5,11,34,20,0,105
352,0,0,0,1,0,0,0,0,14,0,0,1,0,2,0,15,0,8,0,2,5,1,0,1,0,4,0,2,0,0,1,4,10,0,9,0,0,0,0,5,0,0,7,5,0,0,11,0,54,19,0,43,0,7,0,0,0,9,5,10,18,0,7,67,113,38,9,172,0,2,0,0,0,2,0,7,6,4,0,100,5,4,3,7,0,4,8,0,0,1,6,13,35,19,0,95
353,0,0,0,2,0,0,0,0,8,0,0,3,0,1,0,17,0,6,0,3,5,3,0,2,0,4,3,8,0,0,1,3,17,0,9,0,0,0,0,7,0,0,9,8,0,0,10,0,45,16,1,44,0,3,0,0,0,6,1,15,22,0,5,74,99,57,4,157,0,3,0,0,0,3,1,14,4,0,0,114,6,4,1,7,0,3,1,0,0,1,2,20,32,13,0,93
354,0,0,0,1,0,0,0,0,12,0,1,7,0,3,0,7,0,2,0,6,6,1,0,1,0,1,0,10,0,0,1,6,6,0,16,0,0,0,0,6,3,0,3,4,0,0,8,0,34,27,0,47,0,8,0,0,0,5,2,16,25,0,2,68,97,31,8,157,0,0,0,0,0,2,0,16,2,4,0,106,10,13,3,12,0,4,1,0,0,1,7,11,31,23,0,116
355,0,0,0,1,0,0,0,0,9,0,3,2,0,1,1,16,0,2,0,2,4,0,0,4,0,1,0,7,0,0,0,5,16,0,11,0,0,0,0,4,1,0,10,5,0,0,10,0,50,20,2,34,0,2,0,0,0,5,2,19,25,0,3,94,112,45,9,145,0,3,0,0,0,1,0,8,2,2,0,97,7,10,4,6,0,1,4,0,0,3,3,13,22,17,0,115
356,0,0,0,2,0,0,0,0,10,0,0,4,0,2,1,11,0,2,0,8,2,1,0,5,0,1,1,8,0,0,1,2,16,0,9,0,0,0,0,2,1,0,4,2,0,0,11,0,60,23,1,45,0,4,0,0,0,4,0,13,21,0,4,80,113,52,7,148,0,0,0,0,0,5,1,10,2,2,0,82,11,6,4,4,0,3,2,0,0,0,4,14,25,26,0,118
357,0,0,0,1,0,0,0,0,6,0,0,2,0,2,0,10,0,4,0,5,7,1,0,4,0,2,2,7,0,0,1,3,15,0,17,0,0,0,0,2,0,0,4,4,0,0,12,0,43,19,0,40,0,3,0,0,0,6,3,12,16,0,5,83,133,41,3,169,0,2,0,0,0,3,2,5,8,5,0,92,8,5,3,6,0,4,1,0,0,2,5,16,17,27,0,102
358,0,0,0,1,0,0,0,0,10,0,0,2,0,0,0,6,0,2,0,9,5,0,0,4,0,1,2,3,0,0,0,3,11,0,11,0,0,0,0,3,0,0,6,4,0,0,6,0,61,21,0,36,0,2,0,0,0,7,4,10,14,0,2,76,111,53,7,175,0,3,0,0,0,7,1,12,2,4,0,102,7,4,2,6,0,1,2,0,0,4,5,11,28,22,0,109
359,0,0,0,1,0,0,0,0,6,0,0,2,0,6,0,7,0,3,0,2,7,0,0,0,0,2,1,8,0,0,3,5,11,0,17,0,0,0,0,4,1,0,4,4,0,0,11,0,54,19,0,34,0,3,0,0,0,3,2,15,33,0,2,80,105,48,4,164,0,4,0,0,0,4,1,3,2,4,0,96,7,7,2,8,0,2,2,0,0,0,3,10,30,24,0,120
360,0,0,0,2,0,0,0,0,9,0,0,4,0,1,2,9,0,3,0,1,7,0,0,5,0,1,0,2,0,0,0,4,12,0,8,0,0,0,0,3,2,0,7,3,0,0,12,0,41,29,0,43,0,4,0,0,0,8,3,13,19,0,4,59,118,48,10,169,0,0,0,0,0,2,0,16,5,4,0,110,7,6,1,8,0,4,1,0,0,0,3,11,35,24,0,98
361,0,0,0,2,0,0,0,0,4,0,1,5,0,0,1,10,0,4,0,2,10,1,0,2,0,2,0,9,0,0,0,3,12,0,8,0,0,0,0,5,1,0,9,3,0,0,8,0,47,19,1,48,0,5,0,0,0,4,3,14,27,0,5,77,107,47,7,164,0,3,0,0,0,3,1,16,3,5,0,98,14,6,2,8,0,2,4,0,0,2,3,10,33,17,0,93
362,0,0,0,2,0,0,0,0,8,0,1,4,0,3,2,11,0,1,0,6,7,1,0,3,0,4,0,7,0,0,0,3,14,0,13,0,0,0,0,3,0,0,8,3,0,0,7,0,41,26,0,40,0,3,0,0,0,6,4,14,25,0,6,65,106,44,8,173,0,5,0,0,0,1,1,13,3,3,0,104,8,6,3,9,0,2,5,0,0,1,2,14,29,22,0,97
363,0,0,0,0,0,0,0,0,4,0,0,5,0,3,0,8,0,3,0,1,3,0,0,6,0,2,1,11,0,0,1,2,13,0,14,0,0,0,0,3,0,0,5,4,0,0,5,0,50,28,1,51,0,4,0,0,0,5,2,18,16,0,2,86,128,34,3,163,0,3,0,0,0,5,0,15,3,2,0,87,13,2,1,5,0,4,2,0,0,1,4,8,27,14,0,119
364,0,0,0,0,0,0,0,0,1,0,0,7,0,3,0,4,0,6,0,5,3,2,0,1,0,3,0,6,0,0,1,3,4,0,14,0,0,0,0,4,0,0,9,5,0,0,10,0,52,32,0,42,0,1,0,0,0,3,3,13,28,0,4,76,121,43,6,176,0,3,0,0,0,8,2,13,7,0,0,89,5,5,2,5,0,1,1,0,0,2,4,10,34,11,0,107
365,0,0,0,1,0,0,0,0,4,0,1,3,0,5,1,11,0,2,0,6,5,1,0,2,0,1,1,5,0,0,0,5,18,0,13,0,0,0,0,6,2,0,10,0,0,0,8,0,45,21,0,48,0,6,0,0,0,8,2,12,18,0,4,73,115,54,7,165,0,1,0,0,0,1,1,9,8,1,0,93,7,2,2,5,0,3,2,0,0,1,5,13,31,29,0,97
366,0,0,0,2,0,0,0,0,7,0,1,5,0,2,0,7,0,5,0,0,6,1,0,3,0,1,1,3,0,0,1,4,11,0,15,0,0,0,0,5,0,0,7,5,0,0,4,0,48,16,1,39,0,0,0,0,0,6,3,12,23,0,6,74,126,48,7,166,0,1,0,0,0,4,1,15,2,3,0,94,9,4,2,4,0,3,1,0,0,0,3,15,27,24,0,117
367,0,0,0,0,0,0,0,0,7,0,0,3,0,4,0,7,0,1,0,3,4,1,0,4,0,2,0,4,0,0,0,5,8,0,12,0,0,0,0,6,0,0,5,4,0,0,11,0,54,26,3,53,0,3,0,0,0,1,0,20,14,0,4,78,111,48,12,168,0,1,0,0,0,4,1,16,4,3,0,90,8,6,2,5,0,2,5,0,0,1,2,11,32,22,0,99
368,0,0,0,1,0,0,0,0,5,0,1,3,0,1,0,15,0,4,0,3,0,0,0,3,0,1,1,4,0,0,0,1,21,0,13,0,0,0,0,1,1,0,8,2,0,0,8,0,38,24,1,45,0,4,0,0,0,5,3,13,19,0,6,60,116,29,6,170,0,0,0,0,0,4,1,15,2,8,0,107,15,8,1,6,0,0,3,0,0,2,2,19,33,15,0,123
369,0,0,0,4,0,0,0,0,3,0,1,3,0,1,0,6,0,3,0,5,2,1,0,8,0,2,1,7,0,0,1,7,12,0,11,0,0,0,0,6,0,0,5,4,0,0,11,0,39,19,1,51,0,4,0,0,0,4,3,11,21,0,1,79,107,50,6,186,0,1,0,0,0,4,0,13,6,1,0,100,5,9,3,9,0,2,1,0,0,3,2,13,26,26,0,90
370,0,0,0,1,0,0,0,0,11,0,1,1,0,2,1,5,0,5,0,6,5,0,0,4,0,4,1,5,0,0,2,4,17,0,7,0,0,0,0,1,0,0,9,8,0,0,6,0,49,24,0,52,0,3,0,0,0,5,1,19,21,0,5,76,106,45,5,148,0,1,0,0,0,3,2,17,4,1,0,103,8,6,1,11,0,5,0,0,0,1,2,14,26,19,0,111
371,0,0,0,3,0,0,0,0,6,0,0,6,0,4,0,14,0,3,0,3,9,3,0,3,0,1,0,5,0,0,2,2,10,0,12,0,0,0,0,7,0,0,7,4,0,0,6,0,56,26,1,59,0,4,0,0,0,5,3,10,27,0,1,74,112,43,3,156,0,2,0,0,0,3,0,13,5,1,0,91,6,9,2,9,0,4,2,0,0,1,2,16,36,22,0,86
372,0,0,0,1,0,0,0,0,14,0,2,6,0,1,0,6,0,5,0,7,8,0,0,1,0,1,0,8,0,0,0,6,10,0,10,0,0,0,0,9,0,0,9,3,0,0,6,0,56,22,0,36,0,4,0,0,0,6,1,18,24,0,3,66,89,43,9,173,0,3,0,0,0,3,0,15,8,3,0,103,6,8,1,6,0,2,0,0,0,0,2,15,40,25,0,97
373,0,0,0,0,0,0,0,0,9,0,1,5,0,2,1,8,0,1,0,4,5,1,0,3,0,0,1,2,0,0,1,4,6,0,18,0,0,0,0,3,0,0,8,2,0,0,6,0,37,21,0,31,0,5,0,0,0,3,4,20,16,0,7,81,103,43,8,176,0,1,0,0,0,1,3,14,6,0,0,95,13,8,4,12,0,3,2,0,0,2,0,11,34,22,0,123
374,0,0,0,1,0,0,0,0,10,0,1,1,0,4,0,13,0,4,0,6,6,1,0,3,0,0,2,5,0,0,0,5,8,0,9,0,0,0,0,5,1,0,5,1,0,0,14,0,50,26,1,39,0,3,0,0,0,2,2,12,25,0,5,88,112,52,7,158,0,1,0,0,0,5,1,12,2,4,0,101,10,4,0,8,0,3,3,0,0,3,3,10,26,20,0,97
375,0,0,0,3,0,0,0,0,13,0,0,5,0,3,0,10,0,2,0,6,6,1,0,3,0,1,0,6,0,0,1,3,10,0,18,0,0,0,0,3,0,0,7,3,0,0,7,0,45,25,0,39,0,8,0,0,0,3,3,21,24,0,7,84,117,45,6,177,0,1,0,0,0,2,1,16,5,2,0,85,5,2,4,5,0,2,2,0,0,2,1,16,24,20,0,90
376,0,0,0,1,0,0,0,0,11,0,0,3,0,1,1,8,0,2,0,6,3,0,0,1,0,1,0,8,0,0,0,3,15,0,9,0,0,0,0,5,0,0,9,3,0,0,14,0,50,20,0,35,0,3,0,0,0,3,3,14,26,0,4,62,104,65,1,167,0,0,0,0,0,5,2,19,0,1,0,99,7,9,1,7,0,2,4,0,0,2,2,19,29,25,0,106
377,0,0,0,0,0,0,0,0,8,0,1,2,0,1,0,11,0,2,0,4,4,1,0,3,0,0,0,6,0,0,1,3,10,0,13,0,0,0,0,2,3,0,4,4,0,0,11,0,48,24,0,46,0,4,0,0,0,8,3,20,14,0,6,88,104,42,6,163,0,3,0,0,0,6,1,10,0,0,0,95,9,3,1,10,0,4,1,0,0,0,2,15,38,27,0,105
378,0,0,0,1,0,0,0,0,10,0,2,3,0,2,0,12,0,8,0,5,6,2,0,3,0,2,0,4,0,0,1,4,12,0,15,0,0,0,0,7,1,0,10,2,0,0,8,0,45,24,0,37,0,4,0,0,0,3,3,19,16,0,2,76,89,59,6,182,0,0,0,0,0,3,1,14,6,3,0,102,4,4,0,9,0,1,1,0,0,2,5,13,37,14,0,96
379,0,0,0,1,0,0,0,0,8,0,0,2,0,0,1,12,0,7,0,4,6,1,0,4,0,0,2,6,0,0,2,5,8,0,9,0,0,0,0,6,3,0,2,3,0,0,13,0,53,25,1,47,0,3,0,0,0,6,3,15,24,0,2,84,107,41,0,163,0,0,0,0,0,2,2,11,5,6,0,90,10,3,2,4,0,0,1,0,0,2,4,12,45,26,0,96
380,0,0,0,5,0,0,0,0,8,0,0,4,0,2,0,10,0,0,0,5,4,0,0,1,0,3,0,5,0,0,0,1,9,0,14,0,0,0,0,4,1,0,3,2,0,0,10,0,51,18,2,50,0,3,0,0,0,4,3,20,19,0,5,66,127,46,9,149,0,2,0,0,0,5,0,13,5,4,0,100,12,8,2,8,0,1,5,0,0,1,2,17,31,26,0,95
381,0,0,0,1,0,0,0,0,8,0,0,1,0,1,1,6,0,2,0,6,4,1,0,3,0,4,0,6,0,0,2,5,10,0,11,0,0,0,0,5,1,0,4,3,0,0,10,0,44,19,1,46,0,4,0,0,0,6,1,15,17,0,5,65,116,55,7,162,0,2,0,0,0,5,0,17,5,3,0,96,12,6,4,9,0,2,4,0,0,0,2,18,28,23,0,106
382,0,0,0,1,0,0,0,0,10,0,0,3,0,1,0,11,0,6,0,3,6,2,0,3,0,4,0,7,0,0,1,3,9,0,4,0,0,0,0,5,0,0,7,5,0,0,7,0,51,24,2,41,0,1,0,0,0,4,7,13,27,0,4,70,104,30,13,183,0,0,0,0,0,2,0,16,3,0,0,102,7,12,2,5,0,1,0,0,0,1,3,15,36,14,0,109
383,0,0,0,2,0,0,0,0,8,0,0,3,0,1,2,6,0,4,0,7,4,1,0,2,0,1,0,5,0,0,0,2,10,0,7,0,0,0,0,4,1,0,7,4,0,0,8,0,43,20,0,39,0,5,0,0,0,5,4,13,19,0,2,92,120,46,4,162,0,2,0,0,0,1,0,11,7,4,0,86,9,9,3,8,0,4,3,0,0,1,3,24,29,22,0,111
384,0,0,0,2,0,0,0,0,8,0,0,3,0,0,1,10,0,3,0,4,4,2,0,0,0,2,1,5,0,0,1,5,8,0,13,0,0,0,0,5,0,0,3,2,0,0,8,0,55,22,0,40,0,2,0,0,0,6,3,19,23,0,4,79,125,45,6,165,0,1,0,0,0,2,0,8,6,4,0,83,7,4,0,4,0,4,1,0,0,2,0,15,36,18,0,121
385,0,0,0,0,0,0,0,0,7,0,0,2,0,1,0,11,0,5,0,9,8,2,0,0,0,1,1,5,0,0,2,9,14,0,12,0,0,0,0,4,0,0,8,2,0,0,6,0,49,23,0,49,0,3,0,0,0,6,3,12,18,0,3,72,104,50,8,175,0,1,0,0,0,3,0,14,4,3,0,109,6,10,2,6,0,1,2,0,0,3,2,8,31,17,0,94
386,0,0,0,2,0,0,0,0,7,0,1,5,0,2,1,15,0,3,0,3,5,0,0,3,0,1,1,8,0,0,0,2,11,0,12,0,0,0,0,7,1,0,5,5,0,0,10,0,41,30,1,45,0,2,0,0,0,10,0,12,26,0,3,73,124,48,4,136,0,0,0,0,0,4,1,19,5,3,0,105,11,8,1,5,0,3,2,0,0,1,2,16,26,29,0,94
387,0,0,0,2,0,0,0,0,11,0,2,5,0,2,0,11,0,6,0,3,7,1,0,5,0,2,0,5,0,0,0,4,12,0,6,0,0,0,0,2,2,0,4,3,0,0,12,0,42,21,2,47,0,4,0,0,0,7,5,8,20,0,6,85,113,48,4,167,0,2,0,0,0,4,0,4,1,3,0,93,7,6,2,12,0,1,3,0,0,4,5,20,31,15,0,101
388,0,0,0,2,0,0,0,0,9,0,0,3,0,4,0,12,0,5,0,3,4,1,0,3,0,2,1,12,0,0,1,7,12,0,17,0,0,0,0,3,0,0,5,2,0,0,11,0,55,21,0,45,0,5,0,0,0,7,2,23,21,0,5,79,110,44,2,165,0,1,0,0,0,3,2,10,3,2,0,84,6,1,2,9,0,3,2,0,0,0,1,9,29,28,0,102
389,0,0,0,4,0,0,0,0,4,0,0,1,0,0,1,6,0,4,0,3,6,1,0,2,0,2,1,9,0,0,0,3,15,0,6,0,0,0,0,2,0,0,3,3,0,0,10,0,59,22,0,40,0,3,0,0,0,4,1,18,25,0,3,62,127,56,4,201,0,2,0,0,0,6,0,13,5,3,0,100,7,4,2,4,0,3,1,0,0,4,2,5,22,22,0,84
390,0,0,0,2,0,0,0,0,14,0,1,3,0,3,0,11,0,1,0,3,7,1,0,9,0,4,0,8,0,0,1,3,9,0,14,0,0,0,0,10,0,0,16,3,0,0,10,0,61,20,0,42,0,3,0,0,0,8,0,18,24,0,1,69,98,40,8,169,0,0,0,0,0,1,0,17,3,0,0,84,4,1,3,9,0,1,1,0,0,2,3,15,32,20,0,110
391,0,0,0,0,0,0,0,0,6,0,0,4,0,4,1,6,0,7,0,4,5,4,0,4,0,3,1,13,0,0,0,7,11,0,14,0,0,0,0,5,2,0,8,2,0,0,8,0,48,27,1,31,0,3,0,0,0,3,7,15,18,0,5,71,90,46,8,183,0,1,0,0,0,2,1,11,7,1,0,107,10,9,0,7,0,4,1,0,0,1,1,9,35,19,0,99
392,0,0,0,2,0,0,0,0,11,0,1,6,0,1,1,10,0,3,0,2,2,2,0,4,0,0,0,9,0,0,1,4,8,0,7,0,0,0,0,5,0,0,4,3,0,0,7,0,41,25,0,45,0,2,0,0,0,4,1,8,17,0,5,76,108,39,4,177,0,0,0,0,0,2,2,10,6,4,0,104,10,5,3,8,0,3,4,0,0,1,3,13,28,21,0,128
393,0,0,0,2,0,0,0,0,16,0,0,3,0,2,0,8,0,3,0,3,2,0,0,3,0,2,2,8,0,0,0,4,10,0,18,0,0,0,0,4,0,0,4,2,0,0,9,0,50,14,0,42,0,2,0,0,0,5,3,22,21,0,3,61,128,48,3,173,0,3,0,0,0,10,0,13,5,4,0,88,7,5,1,7,0,1,5,0,0,1,6,16,20,29,0,99
394,0,0,0,3,0,0,0,0,7,0,1,2,0,3,0,10,0,2,0,1,4,1,0,4,0,1,1,8,0,0,0,1,5,0,12,0,0,0,0,3,1,0,7,5,0,0,10,0,50,20,0,40,0,3,0,0,0,3,3,14,28,0,4,87,109,42,6,171,0,2,0,0,0,2,2,15,3,2,0,97,7,6,4,10,0,3,1,0,0,1,1,14,32,12,0,114
395,0,0,0,3,0,0,0,0,8,0,0,0,0,3,0,10,0,6,0,3,3,2,0,2,0,1,1,9,0,0,0,3,6,0,14,0,0,0,0,8,1,0,17,4,0,0,8,0,49,21,1,41,0,1,0,0,0,3,4,16,20,0,4,64,106,55,4,160,0,3,0,0,0,2,2,13,3,3,0,110,13,4,3,7,0,1,2,0,0,0,4,9,23,16,0,121
396,0,0,0,2,0,0,0,0,5,0,0,8,0,5,0,13,0,3,0,7,3,1,0,5,0,3,1,7,0,0,1,1,11,0,10,0,0,0,0,1,2,0,7,3,0,0,9,0,45,20,0,42,0,2,0,0,0,9,3,20,21,0,3,82,101,41,5,165,0,0,0,0,0,2,0,16,7,3,0,104,8,2,4,6,0,1,3,0,0,2,6,7,25,21,0,116
397,0,0,0,1,0,0,0,0,10,0,1,2,0,4,0,10,0,5,0,1,3,1,0,1,0,1,0,7,0,0,1,6,10,0,13,0,0,0,0,4,0,0,11,9,0,0,6,0,46,27,0,51,0,6,0,0,0,4,3,18,19,0,2,79,102,48,5,157,0,0,0,0,0,6,0,18,8,1,0,99,5,8,4,10,0,2,4,0,0,1,1,11,32,18,0,98
398,0,0,0,3,0,0,0,0,7,0,0,2,0,3,0,8,0,6,0,2,5,3,0,3,0,4,0,8,0,0,0,6,9,0,13,0,0,0,0,3,1,0,16,1,0,0,10,0,52,37,0,45,0,1,0,0,0,0,2,13,12,0,6,64,114,54,3,157,0,3,0,0,0,2,0,13,6,2,0,114,15,7,3,10,0,6,1,0,0,0,2,10,22,13,0,98
399,0,0,0,3,0,0,0,0,6,0,0,1,0,2,0,7,0,7,0,6,1,2,0,0,0,2,0,6,0,0,0,7,11,0,14,0,0,0,0,5,0,0,8,4,0,0,11,0,48,22,0,56,0,0,0,0,0,5,2,9,29,0,1,56,109,44,7,184,0,1,0,0,0,2,1,15,2,3,0,102,12,3,1,5,0,1,0,0,0,1,2,13,39,18,0,104
400,0,0,0,1,0,0,0,0,5,0,1,5,0,3,0,13,0,2,0,4,4,1,0,5,0,1,2,10,0,0,1,2,13,0,14,0,0,0,0,3,1,0,4,6,0,0,10,0,49,23,0,41,0,1,0,0,0,8,4,12,23,0,4,71,117,42,11,157,0,3,0,0,0,2,0,8,3,1,0,87,12,9,1,7,0,3,4,0,0,2,2,15,43,26,0,98
401,0,0,0,2,0,0,0,0,6,0,0,3,0,3,2,16,0,8,0,3,4,2,0,5,0,0,1,3,0,0,0,4,12,0,12,0,0,0,0,1,0,0,12,5,0,0,7,0,53,16,1,31,0,2,0,0,0,5,3,8,15,0,3,80,110,42,7,178,0,1,0,0,0,2,0,15,5,2,0,98,7,5,6,6,0,3,2,0,0,2,4,8,30,30,0,109
402,0,0,0,2,0,0,0,0,12,0,0,2,0,3,0,11,0,4,0,5,4,0,0,2,0,1,0,5,0,0,0,1,6,0,9,0,0,0,0,6,0,0,11,2,0,0,4,0,52,29,0,44,0,5,0,0,0,3,3,17,18,0,2,73,109,53,7,169,0,0,0,0,0,2,1,10,2,6,0,101,4,8,2,7,0,2,2,0,0,1,1,20,29,28,0,100
403,0,0,0,1,0,0,0,0,8,0,1,3,0,3,0,9,0,2,0,4,4,1,0,2,0,0,2,8,0,0,2,0,9,0,16,0,0,0,0,3,0,0,7,5,0,0,16,0,46,24,2,49,0,0,0,0,0,1,4,13,22,0,4,74,99,50,8,167,0,2,0,0,0,2,0,22,2,3,0,97,3,3,2,9,0,3,3,0,0,1,5,18,41,12,0,103
404,0,0,0,2,0,0,0,0,9,0,3,4,0,1,1,7,0,1,0,3,5,0,0,2,0,1,0,14,0,0,0,7,9,0,12,0,0,0,0,6,0,0,6,5,0,0,13,0,36,25,1,43,0,3,0,0,0,3,2,21,24,0,2,82,100,54,6,161,0,1,0,0,0,2,1,13,4,2,0,114,6,5,1,8,0,3,2,0,0,0,5,18,28,14,0,99
405,0,0,0,0,0,0,0,0,5,0,1,3,0,3,1,15,0,8,0,4,3,2,0,1,0,1,0,5,0,0,0,5,7,0,14,0,0,0,0,0,0,0,5,5,0,0,10,0,61,24,0,44,0,4,0,0,0,6,4,22,22,0,3,68,115,39,7,168,0,1,0,0,0,2,1,15,5,1,0,79,5,13,1,8,0,2,1,0,0,3,4,20,32,14,0,108
406,0,0,0,2,0,0,0,0,17,0,1,5,0,1,0,10,0,7,0,4,6,0,0,3,0,2,1,5,0,0,2,4,9,0,14,0,0,0,0,5,0,0,3,6,0,0,7,0,58,17,1,40,0,3,0,0,0,8,1,19,22,0,5,69,129,36,8,152,0,2,0,0,0,2,1,11,6,5,0,97,7,4,1,6,0,4,2,0,0,0,5,11,34,19,0,101
407,0,0,0,0,0,0,0,0,15,0,0,2,0,4,1,18,0,2,0,4,1,0,0,3,0,3,0,3,0,0,0,3,11,0,10,0,0,0,0,3,0,0,9,2,0,0,8,0,40,19,0,35,0,2,0,0,0,9,2,17,21,0,5,67,132,47,4,159,0,0,0,0,0,1,0,18,3,1,0,93,11,9,2,8,0,3,5,0,0,6,2,17,34,17,0,109
408,0,0,0,2,0,0,0,0,13,0,1,2,0,3,3,3,0,6,0,5,5,0,0,2,0,3,0,9,0,0,0,1,13,0,15,0,0,0,0,3,1,0,11,2,0,0,6,0,52,28,0,45,0,2,0,0,0,3,2,9,18,0,2,71,104,48,15,141,0,0,0,0,0,1,0,14,3,3,0,105,10,6,3,9,0,1,2,0,0,4,5,15,36,22,0,112
409,0,0,0,1,0,0,0,0,11,0,1,5,0,1,2,7,0,10,0,3,7,2,0,3,0,3,1,6,0,0,0,2,5,0,15,0,0,0,0,5,0,0,2,2,0,0,4,0,38,25,1,47,0,2,0,0,0,5,0,10,20,0,6,86,120,50,7,150,0,1,0,0,0,8,1,19,3,3,0,92,8,5,2,7,0,2,5,0,0,3,3,11,31,17,0,114
410,0,0,0,1,0,0,0,0,8,0,1,2,0,0,0,5,0,3,0,2,7,0,0,0,0,2,1,7,0,0,0,8,12,0,14,0,0,0,0,4,0,0,3,5,0,0,8,0,48,22,1,42,0,4,0,0,0,6,1,12,19,0,2,98,110,45,4,177,0,0,0,0,0,3,1,21,5,2,0,96,13,6,2,7,0,0,3,0,0,3,3,11,29,18,0,93
411,0,0,0,2,0,0,0,0,7,0,2,4,0,1,2,10,0,6,0,2,4,2,0,5,0,2,0,4,0,0,2,5,9,0,10,0,0,0,0,6,0,0,4,1,0,0,8,0,43,21,1,52,0,3,0,0,0,3,6,14,24,0,4,65,114,34,6,154,0,1,0,0,0,1,0,14,6,2,0,123,6,8,1,6,0,1,2,0,0,1,3,6,40,19,0,118
412,0,0,0,3,0,0,0,0,10,0,0,1,0,1,0,12,0,5,0,1,3,3,0,3,0,1,0,9,0,0,2,3,8,0,16,0,0,0,0,6,0,0,6,3,0,0,11,0,58,23,0,37,0,2,0,0,0,7,5,13,20,0,6,65,122,39,7,188,0,4,0,0,0,5,0,14,5,4,0,87,8,6,5,6,0,2,3,0,0,2,1,13,23,15,0,98
413,0,0,0,2,0,0,0,0,12,0,0,2,0,1,1,14,0,5,0,6,7,1,0,2,0,5,0,8,0,0,0,3,9,0,15,0,0,0,0,4,0,0,8,5,0,0,12,0,55,21,1,45,0,4,0,0,0,4,2,16,20,0,5,71,111,46,5,159,0,1,0,0,0,6,0,11,2,5,0,88,13,2,1,4,0,1,4,0,0,3,4,12,23,22,0,111
414,0,0,0,2,0,0,0,0,6,0,1,1,0,2,1,13,0,1,0,3,5,0,0,4,0,0,1,10,0,0,2,9,6,0,17,0,0,0,0,4,0,0,11,4,0,0,4,0,39,24,0,45,0,1,0,0,0,6,5,10,22,0,4,71,113,52,7,174,0,1,0,0,0,2,0,7,5,2,0,99,7,2,6,6,0,0,1,0,0,2,6,8,39,20,0,107
415,0,0,0,2,0,0,0,0,7,0,0,0,0,3,0,7,0,6,0,5,2,1,0,5,0,2,1,8,0,0,0,3,10,0,10,0,0,0,0,6,0,0,4,0,0,0,9,0,39,33,2,51,0,3,0,0,0,1,5,6,18,0,5,85,120,46,7,161,0,3,0,0,0,8,1,14,6,0,0,91,8,7,1,12,0,1,3,0,0,3,7,7,30,18,0,107
416,0,0,0,1,0,0,0,0,6,0,0,4,0,2,0,10,0,4,0,5,2,1,0,0,0,2,2,7,0,0,1,3,11,0,9,0,0,0,0,3,1,0,7,4,0,0,6,0,51,19,2,47,0,2,0,0,0,7,4,19,25,0,2,68,105,41,8,173,0,1,0,0,0,5,2,11,3,4,0,113,8,1,3,5,0,0,4,0,0,1,3,21,35,21,0,95
417,0,0,0,2,0,0,0,0,4,0,1,3,0,3,1,15,0,3,0,3,3,2,0,3,0,2,2,9,0,0,2,5,7,0,17,0,0,0,0,5,1,0,9,5,0,0,8,0,40,23,1,42,0,4,0,0,0,4,3,14,23,0,5,79,100,48,9,181,0,2,0,0,0,1,2,14,2,0,0,101,2,8,2,12,0,1,1,0,0,3,5,17,32,16,0,88
418,0,0,0,1,0,0,0,0,10,0,1,6,0,1,0,11,0,9,0,6,7,2,0,2,0,1,0,11,0,0,1,6,9,0,10,0,0,0,0,3,0,0,11,6,0,0,4,0,49,20,0,35,0,2,0,0,0,6,7,14,20,0,6,68,122,41,4,167,0,1,0,0,0,5,2,12,2,2,0,91,10,6,1,11,0,0,3,0,0,1,5,13,27,23,0,106
419,0,0,0,0,0,0,0,0,5,0,1,7,0,1,1,9,0,5,0,4,6,1,0,4,0,0,1,4,0,0,1,1,13,0,7,0,0,0,0,4,2,0,6,5,0,0,5,0,52,20,0,37,0,3,0,0,0,5,2,13,26,0,1,80,98,50,7,189,0,1,0,0,0,5,0,13,0,5,0,87,7,7,1,3,0,6,3,0,0,1,5,9,34,26,0,111
420,0,0,0,1,0,0,0,0,7,0,0,3,0,2,0,12,0,0,0,2,7,1,0,3,0,2,0,8,0,0,1,9,15,0,12,0,0,0,0,2,3,0,7,3,0,0,8,0,45,27,0,42,0,1,0,0,0,5,1,11,15,0,4,77,100,42,10,183,0,1,0,0,0,3,3,18,4,4,0,114,3,8,3,9,0,1,1,0,0,2,3,15,19,19,0,99
421,0,0,0,0,0,0,0,0,9,0,0,4,0,3,0,17,0,2,0,2,5,0,0,5,0,1,0,6,0,0,0,6,8,0,12,0,0,0,0,9,1,0,8,3,0,0,7,0,54,16,0,42,0,0,0,0,0,7,3,13,15,0,5,71,115,52,3,164,0,2,0,0,0,8,0,15,4,1,0,94,10,2,2,16,0,1,3,0,0,1,3,15,35,18,0,102
422,0,0,0,1,0,0,0,0,6,0,1,3,0,2,1,10,0,3,0,5,3,1,0,3,0,2,0,3,0,0,0,2,9,0,15,0,0,0,0,3,2,0,1,4,0,0,12,0,66,19,0,38,0,1,0,0,0,8,5,17,15,0,5,64,119,47,5,168,0,2,0,0,0,3,2,12,9,2,0,82,8,8,1,5,0,2,2,0,0,3,3,14,44,17,0,112
423,0,0,0,0,0,0,0,0,7,0,0,1,0,6,1,11,0,4,0,6,5,0,0,3,0,1,0,9,0,0,1,4,11,0,15,0,0,0,0,5,0,0,7,2,0,0,6,0,38,18,0,43,0,3,0,0,0,4,4,10,32,0,4,79,108,43,7,173,0,1,0,0,0,3,2,8,4,1,0,95,9,1,4,5,0,1,1,0,0,2,2,12,30,26,0,122
424,0,0,0,1,0,0,0,0,6,0,0,3,0,1,1,10,0,3,0,7,3,0,0,6,0,3,0,7,0,0,2,3,10,0,14,0,0,0,0,5,1,0,9,4,0,0,6,0,54,19,1,44,0,4,0,0,0,5,2,9,19,0,0,81,109,43,4,170,0,2,0,0,0,5,0,13,9,3,0,93,9,3,4,7,0,1,0,0,0,3,6,13,34,29,0,97
425,0,0,0,1,0,0,0,0,8,0,1,3,0,0,0,10,0,5,0,3,3,2,0,5,0,1,0,6,0,0,1,1,9,0,11,0,0,0,0,5,1,0,7,3,0,0,12,0,48,23,0,37,0,4,0,0,0,6,3,19,31,0,7,81,114,39,3,177,0,1,0,0,0,3,0,14,3,2,0,100,3,2,1,6,0,0,2,0,0,3,2,13,33,12,0,110
426,0,0,0,2,0,0,0,0,9,0,1,6,0,8,0,10,0,3,0,3,3,0,0,1,0,2,0,5,0,0,1,3,6,0,10,0,0,0,0,1,1,0,3,6,0,0,4,0,49,17,0,36,0,3,0,0,0,3,3,12,23,0,4,84,130,48,9,179,0,1,0,0,0,1,0,12,5,4,0,92,5,7,0,2,0,0,3,0,0,3,2,13,30,24,0,108
427,0,0,0,2,0,0,0,0,13,0,1,6,0,2,0,13,0,5,0,3,4,4,0,3,0,2,0,9,0,0,1,4,8,0,10,0,0,0,0,2,0,0,6,4,0,0,9,0,42,16,0,39,0,7,0,0,0,2,5,13,26,0,5,62,107,43,5,203,0,0,0,0,0,6,0,12,5,2,0,89,7,7,1,8,0,4,4,0,0,3,5,17,22,22,0,100
428,0,0,0,2,0,0,0,0,7,0,0,3,0,4,0,11,0,1,0,4,3,0,0,3,0,2,0,2,0,0,0,7,11,0,10,0,0,0,0,1,1,0,8,2,0,0,9,0,50,19,1,50,0,1,0,0,0,1,3,10,26,0,3,78,123,50,6,163,0,1,0,0,0,2,3,10,5,4,0,103,8,5,0,7,0,1,1,0,0,1,3,14,23,16,0,118
429,0,0,0,2,0,0,0,0,6,0,1,4,0,0,0,15,0,5,0,6,5,0,0,3,0,0,0,8,0,0,1,5,10,0,9,0,0,0,0,3,0,0,10,3,0,0,5,0,46,27,0,33,0,4,0,0,0,7,2,11,23,0,6,93,118,43,5,182,0,2,0,0,0,3,0,13,3,2,0,98,7,1,2,6,0,2,2,0,0,0,2,13,32,14,0,97
430,0,0,0,2,0,0,0,0,10,0,0,2,0,1,1,14,0,3,0,5,6,0,0,5,0,3,0,6,0,0,0,5,5,0,15,0,0,0,0,1,1,0,7,5,0,0,12,0,44,20,0,53,0,5,0,0,0,6,2,12,22,0,3,72,101,49,4,173,0,3,0,0,0,3,1,20,1,2,0,102,8,5,2,13,0,3,4,0,0,4,0,10,36,12,0,96
431,0,0,0,2,0,0,0,0,9,0,1,4,0,4,1,10,0,4,0,8,8,1,0,4,0,3,0,7,0,0,1,5,10,0,11,0,0,0,0,3,0,0,4,3,0,0,10,0,46,30,0,45,0,4,0,0,0,4,2,15,16,0,7,79,90,47,3,170,0,0,0,0,0,3,0,16,5,1,0,100,7,1,2,13,0,0,1,0,0,2,3,13,34,21,0,107
432,0,0,0,4,0,0,0,0,11,0,0,8,0,3,1,18,0,4,0,5,8,1,0,5,0,2,1,3,0,0,0,3,7,0,9,0,0,0,0,3,0,0,4,3,0,0,7,0,60,25,1,50,0,1,0,0,0,5,2,21,19,0,1,77,94,50,4,160,0,2,0,0,0,2,0,12,3,5,0,99,13,4,2,4,0,1,2,0,0,2,3,14,30,23,0,99
433,0,0,0,1,0,0,0,0,6,0,1,3,0,3,1,8,0,1,0,5,2,1,0,6,0,2,0,6,0,0,0,6,17,0,12,0,0,0,0,4,1,0,8,2,0,0,8,0,48,23,0,45,0,3,0,0,0,4,5,13,18,0,2,60,114,45,8,178,0,1,0,0,0,5,0,16,4,1,0,96,7,7,6,16,0,0,0,0,0,1,2,12,33,23,0,100
434,0,0,0,0,0,0,0,0,8,0,1,2,0,3,0,15,0,5,0,5,2,0,0,2,0,2,2,9,0,0,1,1,9,0,8,0,0,0,0,5,0,0,7,6,0,0,7,0,49,19,1,42,0,0,0,0,0,5,5,14,23,0,5,85,100,51,6,165,0,1,0,0,0,3,0,10,7,2,0,100,10,5,4,12,0,5,3,0,0,1,1,16,28,16,0,106
435,0,0,0,2,0,0,0,0,6,0,0,4,0,2,0,3,0,2,0,5,6,3,0,6,0,1,1,8,0,0,1,2,11,0,13,0,0,0,0,5,0,0,5,4,0,0,4,0,55,27,0,40,0,5,0,0,0,3,3,17,20,0,6,92,120,47,5,153,0,1,0,0,0,5,0,16,5,0,0,91,2,15,0,9,0,1,5,0,0,3,3,13,23,21,0,100
436,0,0,0,0,0,0,0,0,8,0,2,2,0,1,0,15,0,5,0,2,3,2,0,2,0,2,1,5,0,0,0,0,6,0,17,0,0,0,0,6,1,0,9,2,0,0,9,0,50,31,3,37,0,2,0,0,0,5,3,10,19,0,2,72,95,44,6,169,0,2,0,0,0,5,0,18,6,2,0,107,13,9,2,9,0,1,3,0,0,1,4,14,26,30,0,100
437,0,0,0,3,0,0,0,0,7,0,0,5,0,0,0,13,0,5,0,6,7,2,0,2,0,1,0,9,0,0,0,6,9,0,12,0,0,0,0,4,0,0,5,9,0,0,6,0,58,18,0,40,0,3,0,0,0,2,2,17,23,0,2,88,104,44,3,166,0,2,0,0,0,2,0,14,3,3,0,97,6,3,4,5,0,2,2,0,0,0,4,10,28,22,0,112
438,0,0,0,2,0,0,0,0,12,0,1,2,0,4,1,12,0,3,0,3,5,1,0,3,0,1,0,6,0,0,0,3,10,0,10,0,0,0,0,6,2,0,7,3,0,0,12,0,39,26,1,54,0,2,0,0,0,8,4,8,25,0,4,59,121,45,9,166,0,2,0,0,0,1,2,15,5,2,0,107,3,8,4,9,0,2,1,0,0,2,1,14,29,14,0,99
439,0,0,0,2,0,0,0,0,10,0,0,7,0,4,0,8,0,5,0,5,5,1,0,3,0,4,0,14,0,0,1,6,12,0,13,0,0,0,0,4,0,0,10,4,0,0,9,0,56,23,1,41,0,0,0,0,0,6,4,9,24,0,7,67,114,38,8,170,0,2,0,0,0,1,0,10,6,1,0,101,5,7,2,6,0,1,4,0,0,1,4,11,34,25,0,84
440,0,0,0,1,0,0,0,0,9,0,0,1,0,2,0,14,0,2,0,2,6,2,0,6,0,2,0,8,0,0,0,1,13,0,14,0,0,0,0,7,0,0,9,2,0,0,9,0,42,25,1,44,0,1,0,0,0,7,5,16,23,0,1,86,103,44,10,164,0,2,0,0,0,3,0,18,5,1,0,80,7,9,2,6,0,4,3,0,0,1,5,12,42,26,0,92
441,0,0,0,0,0,0,0,0,7,0,2,2,0,0,0,18,0,7,0,7,8,2,0,5,0,1,0,8,0,0,0,0,12,0,22,0,0,0,0,3,0,0,2,7,0,0,5,0,45,25,1,39,0,4,0,0,0,8,1,11,22,0,3,76,128,43,4,178,0,2,0,0,0,3,0,18,3,3,0,76,10,7,1,8,0,2,4,0,0,1,2,11,30,21,0,92
442,0,0,0,1,0,0,0,0,9,0,0,6,0,4,0,10,0,8,0,7,7,2,0,3,0,0,0,10,0,0,0,4,9,0,15,0,0,0,0,2,0,0,3,2,0,0,7,0,38,20,1,51,0,2,0,0,0,7,3,15,22,0,9,68,86,45,8,199,0,0,0,0,0,4,0,10,4,3,0,89,8,3,3,14,0,3,1,0,0,0,3,15,29,25,0,103
443,0,0,0,0,0,0,0,0,11,0,0,2,0,4,0,10,0,4,0,3,3,1,0,3,0,1,0,8,0,0,1,3,8,0,10,0,0,0,0,5,0,0,3,2,0,0,8,0,52,29,0,43,0,1,0,0,0,6,1,20,17,0,2,82,96,65,7,170,0,5,0,0,0,4,1,8,3,4,0,98,9,3,1,7,0,1,6,0,0,0,1,17,33,15,0,103
444,0,0,0,2,0,0,0,0,5,0,0,6,0,4,1,10,0,3,0,6,7,2,0,6,0,3,0,6,0,0,0,6,13,0,12,0,0,0,0,5,0,0,8,4,0,0,6,0,48,30,0,47,0,4,0,0,0,4,3,13,29,0,5,66,108,34,7,168,0,1,0,0,0,4,1,17,6,3,0,91,8,6,4,9,0,1,2,0,0,2,2,7,42,17,0,96
445,0,0,0,1,0,0,0,0,9,0,1,5,0,2,1,2,0,7,0,2,3,1,0,3,0,3,1,6,0,0,0,5,13,0,14,0,0,0,0,5,0,0,9,4,0,0,7,0,50,20,0,38,0,4,0,0,0,4,4,14,22,0,2,79,106,46,7,173,0,1,0,0,0,4,0,13,4,2,0,108,6,11,4,2,0,2,4,0,0,3,4,11,35,15,0,98
446,0,0,0,0,0,0,0,0,4,0,1,4,0,3,0,8,0,3,0,2,3,1,0,2,0,1,1,5,0,0,0,8,11,0,7,0,0,0,0,1,0,0,5,3,0,0,10,0,41,30,1,46,0,1,0,0,0,8,5,22,25,0,5,78,110,37,7,162,0,1,0,0,0,5,1,24,9,3,0,90,6,3,1,10,0,0,2,0,0,3,3,10,34,14,0,120
447,0,0,0,0,0,0,0,0,10,0,0,2,0,1,0,10,0,6,0,8,4,3,0,2,0,4,1,10,0,0,0,5,5,0,23,0,0,0,0,2,0,0,8,4,0,0,8,0,40,27,0,55,0,3,0,0,0,6,7,13,18,0,5,74,105,51,9,173,0,2,0,0,0,3,1,10,1,3,0,101,9,7,0,2,0,2,1,0,0,0,2,7,27,23,0,97
448,0,0,0,1,0,0,0,0,14,0,0,3,0,0,1,12,0,4,0,9,6,0,0,3,0,3,0,10,0,0,0,6,15,0,14,0,0,0,0,7,1,0,7,4,0,0,8,0,45,17,1,46,0,5,0,0,0,6,0,18,19,0,3,65,118,42,6,188,0,0,0,0,0,6,2,13,2,2,0,99,9,4,6,6,0,1,1,0,0,0,5,14,25,14,0,84
449,0,0,0,1,0,0,0,0,7,0,0,3,0,3,0,11,0,3,0,3,5,3,0,3,0,3,0,10,0,0,0,4,8,0,13,0,0,0,0,5,2,0,11,2,0,0,10,0,44,21,1,53,0,1,0,0,0,6,1,18,21,0,2,68,109,54,7,173,0,3,0,0,0,5,1,13,3,1,0,97,8,3,3,6,0,1,3,0,0,0,2,12,34,26,0,90
450,0,0,0,0,0,0,0,0,5,0,0,4,0,1,2,9,0,2,0,4,3,2,0,3,0,0,2,5,0,0,0,5,10,0,14,0,0,0,0,6,0,0,3,1,0,0,12,0,60,26,0,39,0,5,0,0,0,6,4,9,27,0,6,78,123,42,8,155,0,3,0,0,0,4,0,18,5,0,0,92,6,7,5,8,0,4,2,0,0,1,2,15,26,24,0,97
451,0,0,0,2,0,0,0,0,8,0,0,3,0,1,1,11,0,2,0,1,8,0,0,4,0,2,0,3,0,0,0,3,12,0,16,0,0,0,0,2,0,0,4,4,0,0,4,0,40,28,1,42,0,5,0,0,0,7,4,15,19,0,4,60,115,35,6,198,0,2,0,0,0,4,0,11,2,0,0,95,17,4,3,14,0,2,2,0,0,1,1,10,29,27,0,106
452,0,0,0,2,0,0,0,0,8,0,1,2,0,0,0,7,0,8,0,2,8,1,0,3,0,2,1,3,0,0,2,2,17,0,8,0,0,0,0,3,0,0,7,5,0,0,11,0,46,26,1,40,0,2,0,0,0,8,3,14,23,0,6,89,98,49,6,152,0,3,0,0,0,4,0,16,4,5,0,92,13,3,4,8,0,5,3,0,0,2,5,10,26,27,0,104
453,0,0,0,2,0,0,0,0,7,0,0,3,0,3,0,5,0,4,0,3,3,0,0,1,0,2,1,10,0,0,0,4,13,0,12,0,0,0,0,4,0,0,6,4,0,0,5,0,54,24,1,45,0,4,0,0,0,8,4,13,17,0,5,76,119,44,5,171,0,2,0,0,0,2,1,11,3,2,0,94,3,4,3,9,0,5,2,0,0,1,0,18,28,17,0,113
454,0,0,0,1,0,0,0,0,7,0,1,7,0,1,2,9,0,4,0,7,7,0,0,2,0,1,0,11,0,0,1,4,9,0,8,0,0,0,0,4,1,0,8,3,0,0,11,0,43,32,0,45,0,3,0,0,0,5,3,15,20,0,4,70,108,44,4,171,0,3,0,0,0,3,2,8,9,0,0,92,7,6,2,4,0,2,0,0,0,2,2,16,42,26,0,98
455,0,0,0,1,0,0,0,0,15,0,0,1,0,3,2,5,0,2,0,9,7,2,0,4,0,3,0,12,0,0,1,3,10,0,15,0,0,0,0,1,1,0,3,2,0,0,6,0,34,24,0,48,0,3,0,0,0,4,3,15,26,0,3,90,116,42,5,160,0,2,0,0,0,5,0,12,3,1,0,95,4,6,1,6,0,5,1,0,0,2,2,10,39,23,0,102
456,0,0,0,4,0,0,0,0,9,0,1,1,0,1,0,8,0,3,0,6,2,0,0,5,0,4,3,6,0,0,0,11,21,0,21,0,0,0,0,5,1,0,6,1,0,0,5,0,41,17,1,42,0,2,0,0,0,5,6,23,19,0,2,71,121,51,1,146,0,2,0,0,0,6,0,19,1,1,0,81,11,4,8,10,0,3,3,0,0,4,2,7,25,25,0,116
457,0,0,0,2,0,0,0,0,18,0,0,8,0,2,0,13,0,1,0,6,6,1,0,4,0,2,0,4,0,0,0,2,8,0,8,0,0,0,0,5,0,0,2,5,0,0,10,0,43,28,2,35,0,2,0,0,0,6,1,15,18,0,6,76,119,41,9,176,0,1,0,0,0,2,0,15,4,1,0,86,10,5,5,9,0,3,1,0,0,2,3,6,30,20,0,113
458,0,0,0,1,0,0,0,0,8,0,0,2,0,2,0,6,0,4,0,7,3,0,0,0,0,2,0,9,0,0,1,8,8,0,22,0,0,0,0,4,0,0,6,6,0,0,6,0,44,26,2,41,0,4,0,0,0,3,5,18,22,0,3,74,107,34,2,176,0,1,0,0,0,2,1,10,3,3,0,110,7,4,5,5,0,3,1,0,0,1,1,10,33,20,0,114
459,0,0,0,2,0,0,0,0,4,0,0,6,0,1,1,12,0,2,0,4,5,2,0,5,0,1,1,15,0,0,0,4,6,0,10,0,0,0,0,3,0,0,8,3,0,0,14,0,50,20,1,31,0,1,0,0,0,6,4,19,23,0,4,79,110,42,3,177,0,3,0,0,0,3,0,7,2,3,0,100,7,5,2,7,0,1,2,0,0,2,0,19,24,29,0,105
460,0,0,0,1,0,0,0,0,6,0,0,8,0,4,1,9,0,6,0,1,2,2,0,3,0,1,0,6,0,0,2,3,11,0,10,0,0,0,0,5,1,0,5,6,0,0,2,0,41,25,0,40,0,3,0,0,0,4,4,10,25,0,3,84,119,44,5,170,0,2,0,0,0,4,1,20,3,5,0,89,2,3,3,9,0,1,3,0,0,2,4,14,27,22,0,114
461,0,0,0,4,0,0,0,0,6,0,0,6,0,2,0,17,0,5,0,4,7,1,0,0,0,1,0,2,0,0,2,2,11,0,14,0,0,0,0,6,1,0,9,5,0,0,9,0,43,25,1,46,0,5,0,0,0,3,1,16,25,0,2,78,100,52,7,169,0,1,0,0,0,2,0,14,4,1,0,91,6,10,4,16,0,0,1,0,0,2,5,13,36,15,0,92
462,0,0,0,0,0,0,0,0,7,0,0,8,0,0,3,12,0,4,0,5,5,1,0,5,0,1,0,8,0,0,1,3,9,0,10,0,0,0,0,4,0,0,6,4,0,0,10,0,40,23,0,55,0,5,0,0,0,3,1,14,21,0,1,74,117,36,5,180,0,1,0,0,0,1,0,12,2,5,0,105,5,7,1,11,0,4,5,0,0,2,1,13,32,18,0,94
463,0,0,0,2,0,0,0,0,13,0,1,9,0,4,0,11,0,7,0,6,9,1,0,3,0,0,2,7,0,0,1,2,13,0,16,0,0,0,0,1,2,0,9,8,0,0,7,0,49,25,1,46,0,1,0,0,0,4,4,14,19,0,4,72,110,52,2,154,0,4,0,0,0,1,0,12,7,3,0,93,9,2,3,10,0,6,1,0,0,1,3,12,25,19,0,98
464,0,0,0,1,0,0,0,0,6,0,1,2,0,4,0,9,0,4,0,2,1,1,0,4,0,0,1,7,0,0,1,3,5,0,12,0,0,0,0,4,0,0,7,4,0,0,9,0,46,29,0,40,0,7,0,0,0,6,3,10,20,0,6,88,122,40,4,180,0,1,0,0,0,3,0,14,6,2,0,96,11,3,0,7,0,1,2,0,0,1,4,14,28,26,0,92
465,0,0,0,1,0,0,0,0,10,0,1,2,0,1,0,13,0,4,0,4,4,0,0,5,0,2,0,8,0,0,1,3,13,0,13,0,0,0,0,6,1,0,8,1,0,0,8,0,44,26,0,28,0,4,0,0,0,6,4,14,23,0,5,75,113,45,9,186,0,4,0,0,0,2,0,15,3,0,0,108,2,6,0,9,0,3,2,0,0,2,2,8,28,16,0,99
466,0,0,0,2,0,0,0,0,6,0,0,6,0,6,1,4,0,1,0,2,4,1,0,4,0,0,0,11,0,0,0,5,10,0,16,0,0,0,0,1,0,0,10,3,0,0,5,0,49,21,0,41,0,1,0,0,0,14,0,22,14,0,6,86,111,48,5,148,0,2,0,0,0,1,0,13,6,3,0,95,4,9,4,8,0,3,6,0,0,2,2,16,31,30,0,101
467,0,0,0,4,0,0,0,0,12,0,0,5,0,4,0,11,0,2,0,2,6,1,0,4,0,1,1,10,0,0,0,4,17,0,16,0,0,0,0,4,0,0,9,2,0,0,9,0,48,23,1,48,0,1,0,0,0,7,1,13,25,0,9,67,108,43,9,173,0,3,0,0,0,2,1,9,4,2,0,80,8,4,2,10,0,2,1,0,0,0,2,7,25,25,0,113
468,0,0,0,2,0,0,0,0,7,0,1,3,0,2,0,4,0,5,0,3,2,1,0,4,0,0,0,4,0,0,1,2,10,0,10,0,0,0,0,3,1,0,5,2,0,0,10,0,35,30,0,38,0,4,0,0,0,2,5,15,17,0,3,74,119,51,6,154,0,3,0,0,0,6,0,14,5,1,0,123,6,6,4,11,0,3,1,0,0,3,3,11,25,27,0,113
469,0,0,0,4,0,0,0,0,6,0,1,1,0,1,4,9,0,6,0,2,1,2,0,5,0,0,0,9,0,0,2,3,18,0,17,0,0,0,0,8,2,0,10,5,0,0,9,0,37,24,1,42,0,9,0,0,0,2,2,18,24,0,2,65,115,39,4,175,0,3,0,0,0,2,0,13,6,2,0,107,10,3,2,9,0,1,1,0,0,0,2,9,36,20,0,90
470,0,0,0,2,0,0,0,0,11,0,1,5,0,5,1,12,0,3,0,3,7,2,0,3,0,0,1,14,0,0,0,3,11,0,18,0,0,0,0,4,0,0,4,5,0,0,7,0,44,19,0,40,0,1,0,0,0,4,5,12,25,0,3,73,115,48,7,171,0,0,0,0,0,5,1,9,6,4,0,89,7,7,0,9,0,1,2,0,0,0,2,11,44,16,0,98
471,0,0,0,1,0,0,0,0,11,0,0,4,0,5,1,7,0,6,0,5,5,1,0,6,0,3,0,3,0,0,1,6,10,0,13,0,0,0,0,5,1,0,7,0,0,0,9,0,58,19,0,36,0,5,0,0,0,5,3,21,21,0,4,75,94,47,3,159,0,0,0,0,0,4,1,9,5,3,0,95,9,5,4,7,0,4,2,0,0,3,4,22,43,19,0,101
472,0,0,0,1,0,0,0,0,9,0,0,3,0,4,1,12,0,3,0,3,6,2,0,1,0,2,0,10,0,0,1,5,17,0,18,0,0,0,0,6,2,0,4,3,0,0,8,0,55,27,0,35,0,7,0,0,0,8,8,15,20,0,3,65,111,43,8,163,0,2,0,0,0,2,1,16,3,5,0,87,10,5,3,5,0,0,1,0,0,4,2,16,25,20,0,104
473,0,0,0,2,0,0,0,0,10,0,1,3,0,2,0,18,0,4,0,8,5,0,0,5,0,1,0,7,0,0,1,5,9,0,16,0,0,0,0,6,0,0,3,2,0,0,17,0,35,19,1,44,0,1,0,0,0,3,3,13,17,0,5,83,115,52,2,169,0,2,0,0,0,2,2,14,3,3,0,99,5,7,2,6,0,2,3,0,0,3,0,10,28,22,0,100
474,0,0,0,1,0,0,0,0,12,0,0,1,0,1,1,13,0,7,0,3,5,0,0,3,0,1,0,7,0,0,1,2,9,0,12,0,0,0,0,4,2,0,10,2,0,0,8,0,46,18,0,37,0,5,0,0,0,5,1,17,20,0,2,70,103,56,4,170,0,0,0,0,0,2,1,15,8,2,0,104,16,7,3,9,0,2,3,0,0,2,5,15,33,19,0,95
475,0,0,0,0,0,0,0,0,9,0,1,3,0,3,1,11,0,6,0,5,2,0,0,3,0,2,0,8,0,0,1,7,9,0,11,0,0,0,0,3,2,0,3,3,0,0,9,0,56,34,0,37,0,3,0,0,0,5,4,17,21,0,2,70,108,34,5,178,0,2,0,0,0,0,0,17,2,1,0,95,9,9,3,5,0,4,1,0,0,3,2,11,34,21,0,105
476,0,0,0,0,0,0,0,0,10,0,0,3,0,1,1,10,0,6,0,2,6,1,0,3,0,0,0,5,0,0,0,2,8,0,12,0,0,0,0,6,1,0,2,2,0,0,11,0,46,27,2,35,0,1,0,0,0,6,3,15,27,0,5,81,106,46,4,173,0,2,0,0,0,5,1,17,2,1,0,99,7,7,3,4,0,3,2,0,0,0,1,15,39,20,0,103
477,0,0,0,1,0,0,0,0,7,0,0,1,0,0,0,12,0,2,0,6,8,0,0,6,0,1,0,9,0,0,0,3,11,0,12,0,0,0,0,5,0,0,5,2,0,0,11,0,44,27,0,38,0,6,0,0,0,9,2,17,25,0,6,79,101,41,10,192,0,2,0,0,0,4,2,11,5,2,0,99,5,4,2,11,0,2,2,0,0,1,4,18,32,20,0,75
478,0,0,0,1,0,0,0,0,9,0,2,5,0,0,3,9,0,3,0,2,5,1,0,6,0,1,1,7,0,0,1,3,8,0,15,0,0,0,0,2,0,0,8,2,0,0,14,0,49,24,0,44,0,4,0,0,0,9,0,13,22,0,6,54,117,42,6,176,0,1,0,0,0,3,1,17,5,2,0,78,7,7,2,7,0,1,1,0,0,0,5,17,31,32,0,109
479,0,0,0,1,0,0,0,0,5,0,1,2,0,1,0,10,0,4,0,3,5,2,0,2,0,5,0,8,0,0,1,4,8,0,11,0,0,0,0,3,1,0,2,3,0,0,10,0,55,21,0,40,0,3,0,0,0,6,4,20,16,0,4,73,124,45,4,178,0,2,0,0,0,3,1,6,6,6,0,92,8,6,1,11,0,1,0,0,0,0,5,15,24,20,0,108
480,0,0,0,0,0,0,0,0,14,0,0,4,0,1,0,14,0,4,0,3,3,1,0,0,0,1,0,9,0,0,1,4,9,0,16,0,0,0,0,5,0,0,7,3,0,0,12,0,47,13,0,53,0,5,0,0,0,5,5,14,26,0,0,79,109,50,6,159,0,1,0,0,0,4,0,16,3,3,0,75,10,3,4,14,0,3,1,0,0,6,1,21,37,22,0,94
481,0,0,0,3,0,0,0,0,12,0,0,0,0,0,0,8,0,1,0,4,2,1,0,3,0,1,1,9,0,0,2,2,8,0,11,0,0,0,0,5,1,0,4,2,0,0,11,0,52,17,2,32,0,4,0,0,0,8,1,18,16,0,2,81,125,59,6,172,0,2,0,0,0,1,0,16,8,3,0,82,9,7,4,11,0,4,7,0,0,4,3,11,31,27,0,84
482,0,0,0,3,0,0,0,0,8,0,0,9,0,3,1,11,0,3,0,5,5,1,0,3,0,1,1,5,0,0,0,7,7,0,15,0,0,0,0,4,0,0,7,4,0,0,7,0,55,28,0,38,0,2,0,0,0,4,0,10,21,0,3,79,119,48,6,162,0,2,0,0,0,8,2,12,4,2,0,91,9,4,1,9,0,2,1,0,0,0,1,14,40,13,0,100
483,0,0,0,2,0,0,0,0,10,0,0,3,0,3,0,14,0,6,0,2,2,0,0,3,0,5,0,10,0,0,0,5,6,0,11,0,0,0,0,3,1,0,3,6,0,0,12,0,50,24,1,52,0,2,0,0,0,5,1,14,27,0,1,92,98,37,5,144,0,5,0,0,0,4,0,16,4,3,0,102,12,2,2,5,0,5,1,0,0,0,4,15,33,18,0,109
484,0,0,0,4,0,0,0,0,5,0,0,3,0,3,0,10,0,4,0,3,5,1,0,2,0,0,0,2,0,0,1,4,14,0,8,0,0,0,0,7,0,0,3,4,0,0,7,0,40,27,1,44,0,5,0,0,0,7,1,15,29,0,5,75,85,59,7,170,0,2,0,0,0,3,0,15,4,4,0,95,12,1,5,5,0,4,2,0,0,2,0,16,37,32,0,101
485,0,0,0,2,0,0,0,0,14,0,0,6,0,4,0,8,0,1,0,1,8,4,0,4,0,1,0,5,0,0,0,7,7,0,20,0,0,0,0,4,1,0,5,5,0,0,9,0,48,24,2,37,0,6,0,0,0,2,4,19,16,0,3,77,115,35,2,184,0,2,0,0,0,4,0,11,2,1,0,107,9,6,0,7,0,3,1,0,0,2,2,9,28,21,0,95
486,0,0,0,1,0,0,0,0,12,0,0,3,0,1,0,12,0,4,0,5,2,1,0,3,0,2,1,9,0,0,1,4,9,0,11,0,0,0,0,7,0,0,6,5,0,0,16,0,64,26,0,28,0,6,0,0,0,2,0,17,19,0,5,67,132,51,12,165,0,1,0,0,0,2,0,17,5,0,0,103,4,3,0,8,0,1,2,0,0,2,2,9,21,15,0,96
487,0,0,0,1,0,0,0,0,8,0,0,4,0,3,0,9,0,4,0,2,4,0,0,1,0,6,2,8,0,0,1,4,11,0,19,0,0,0,0,3,1,0,6,4,0,0,10,0,35,36,1,43,0,4,0,0,0,7,2,12,23,0,3,77,117,46,2,173,0,0,0,0,0,2,0,13,2,1,0,90,3,9,0,10,0,4,1,0,0,3,1,13,39,17,0,100
488,0,0,0,2,0,0,0,0,12,0,0,5,0,4,2,11,0,3,0,5,1,0,0,1,0,3,3,13,0,0,1,2,7,0,10,0,0,0,0,1,0,0,5,3,0,0,10,0,41,27,0,40,0,3,0,0,0,8,2,14,19,0,2,74,112,41,10,190,0,3,0,0,0,5,0,13,5,0,0,106,6,7,4,5,0,0,3,0,0,0,0,12,31,20,0,93
489,0,0,0,1,0,0,0,0,15,0,0,1,0,1,1,8,0,2,0,2,4,0,0,2,0,1,1,2,0,0,1,5,7,0,15,0,0,0,0,6,0,0,11,6,0,0,12,0,61,28,0,49,0,5,0,0,0,5,0,18,30,0,2,72,104,50,10,167,0,1,0,0,0,7,0,10,6,2,0,85,10,7,1,9,0,1,4,0,0,2,2,11,29,20,0,88
490,0,0,0,1,0,0,0,0,11,0,1,4,0,2,1,12,0,5,0,4,6,3,0,3,0,3,1,5,0,0,1,5,9,0,10,0,0,0,0,4,1,0,11,4,0,0,10,0,48,33,2,42,0,2,0,0,0,4,4,7,18,0,3,61,107,37,9,182,0,2,0,0,0,1,0,21,2,2,0,89,16,3,2,6,0,4,1,0,0,1,3,14,35,29,0,93
491,0,0,0,1,0,0,0,0,7,0,0,3,0,3,1,8,0,2,0,4,6,2,0,5,0,5,0,6,0,0,0,4,12,0,11,0,0,0,0,3,0,0,9,3,0,0,12,0,37,29,0,44,0,2,0,0,0,4,4,17,23,0,6,65,105,41,8,174,0,2,0,0,0,5,0,15,4,1,0,91,12,5,0,7,0,3,1,0,0,1,6,16,42,17,0,106
492,0,0,0,3,0,0,0,0,6,0,1,5,0,2,0,14,0,4,0,2,5,1,0,1,0,1,0,12,0,0,1,4,14,0,13,0,0,0,0,6,1,0,7,2,0,0,7,0,49,24,1,34,0,4,0,0,0,5,2,15,17,0,2,72,103,54,5,177,0,4,0,0,0,1,2,18,5,3,0,103,5,4,2,7,0,4,4,0,0,1,2,10,20,24,0,105
493,0,0,0,5,0,0,0,0,11,0,1,2,0,3,2,4,0,4,0,6,2,2,0,3,0,0,0,6,0,0,1,4,9,0,10,0,0,0,0,4,0,0,6,6,0,0,10,0,52,21,1,38,0,3,0,0,0,4,2,23,19,0,2,69,119,42,5,188,0,0,0,0,0,6,0,15,2,1,0,79,13,7,2,9,0,2,4,0,0,1,2,11,38,25,0,94
494,0,0,0,0,0,0,0,0,11,0,0,5,0,4,2,10,0,4,0,8,3,1,0,1,0,2,0,10,0,0,1,6,7,0,6,0,0,0,0,10,0,0,7,3,0,0,8,0,54,24,0,61,0,1,0,0,0,3,6,17,21,0,3,79,117,51,6,163,0,2,0,0,0,1,0,10,3,1,0,90,6,3,1,9,0,3,4,0,0,5,3,12,26,17,0,89
495,0,0,0,1,0,0,0,0,9,0,0,3,0,4,0,13,0,8,0,4,4,0,0,2,0,3,0,7,0,0,1,7,10,0,15,0,0,0,0,4,0,0,3,1,0,0,11,0,59,22,0,40,0,4,0,0,0,8,6,12,26,0,4,70,97,51,7,164,0,3,0,0,0,4,0,16,3,0,0,92,11,3,1,14,0,1,0,0,0,0,3,21,27,25,0,96
496,0,0,0,1,0,0,0,0,8,0,0,5,0,2,1,9,0,1,0,7,4,1,0,2,0,0,0,9,0,0,0,2,8,0,13,0,0,0,0,3,0,0,7,5,0,0,14,0,41,11,2,41,0,0,0,0,0,1,5,12,20,0,3,89,106,49,1,174,0,2,0,0,0,2,0,19,3,1,0,113,11,7,1,4,0,1,3,0,0,3,2,17,44,12,0,98
497,0,0,0,0,0,0,0,0,6,0,0,4,0,1,1,9,0,4,0,2,7,1,0,2,0,1,0,8,0,0,0,1,12,0,17,0,0,0,0,9,1,0,8,2,0,0,3,0,52,19,1,45,0,2,0,0,0,5,3,11,19,0,4,70,119,49,8,186,0,2,0,0,0,4,0,13,4,3,0,87,11,6,4,11,0,1,1,0,0,3,5,15,26,17,0,95
498,0,0,0,1,0,0,0,0,15,0,0,3,0,4,0,17,0,7,0,7,1,2,0,4,0,4,0,7,0,0,1,5,10,0,9,0,0,0,0,3,0,0,6,4,0,0,7,0,46,22,1,34,0,1,0,0,0,5,2,15,25,0,6,86,102,66,5,170,0,2,0,0,0,4,0,7,5,1,0,87,9,9,1,7,0,4,0,0,0,3,0,14,25,19,0,100
499,0,0,0,4,0,0,0,0,8,0,0,4,0,4,1,10,0,7,0,5,6,3,0,6,0,1,0,4,0,0,0,7,11,0,13,0,0,0,0,7,1,0,10,1,0,0,10,0,43,28,0,44,0,6,0,0,0,3,1,8,24,0,5,75,124,31,5,155,0,2,0,0,0,3,1,14,4,2,0,93,7,5,1,10,0,1,4,0,0,2,2,14,25,24,0,111
