,A[C>A]A,A[C>A]C,A[C>A]G,A[C>A]T,C[C>A]A,C[C>A]C,C[C>A]G,C[C>A]T,G[C>A]A,G[C>A]C,G[C>A]G,G[C>A]T,T[C>A]A,T[C>A]C,T[C>A]G,T[C>A]T,A[C>G]A,A[C>G]C,A[C>G]G,A[C>G]T,C[C>G]A,C[C>G]C,C[C>G]G,C[C>G]T,G[C>G]A,G[C>G]C,G[C>G]G,G[C>G]T,T[C>G]A,T[C>G]C,T[C>G]G,T[C>G]T,A[C>T]A,A[C>T]C,A[C>T]G,A[C>T]T,C[C>T]A,C[C>T]C,C[C>T]G,C[C>T]T,G[C>T]A,G[C>T]C,G[C>T]G,G[C>T]T,T[C>T]A,T[C>T]C,T[C>T]G,T[C>T]T,A[T>A]A,A[T>A]C,A[T>A]G,A[T>A]T,C[T>A]A,C[T>A]C,C[T>A]G,C[T>A]T,G[T>A]A,G[T>A]C,G[T>A]G,G[T>A]T,T[T>A]A,T[T>A]C,T[T>A]G,T[T>A]T,A[T>C]A,A[T>C]C,A[T>C]G,A[T>C]T,C[T>C]A,C[T>C]C,C[T>C]G,C[T>C]T,G[T>C]A,G[T>C]C,G[T>C]G,G[T>C]T,T[T>C]A,T[T>C]C,T[T>C]G,T[T>C]T,A[T>G]A,A[T>G]C,A[T>G]G,A[T>G]T,C[T>G]A,C[T>G]C,C[T>G]G,C[T>G]T,G[T>G]A,G[T>G]C,G[T>G]G,G[T>G]T,T[T>G]A,T[T>G]C,T[T>G]G,T[T>G]T
0,11,3,0,5,16,5,1,13,34,7,2,16,17,14,4,34,8,3,1,8,1,7,1,2,1,1,0,1,5,6,1,5,26,14,172,10,13,9,81,10,11,9,95,8,11,9,51,5,3,3,5,3,1,4,2,4,2,1,1,0,6,0,3,7,22,11,17,20,7,7,4,6,10,4,15,4,7,8,6,11,2,0,3,1,1,1,2,0,0,1,2,3,5,5,0,3
1,10,4,3,12,14,5,6,6,34,8,2,13,18,17,3,27,5,6,0,7,7,6,2,5,2,1,0,1,3,5,2,2,36,11,135,7,13,8,99,17,12,9,102,11,11,7,45,13,3,5,4,2,1,8,3,2,1,2,2,2,8,2,2,5,22,4,19,19,5,0,15,2,5,7,5,5,7,7,1,7,3,1,4,4,2,1,3,6,0,1,1,2,2,2,4,10
2,20,13,0,6,22,5,6,9,28,9,5,16,19,4,5,29,3,7,1,7,4,4,2,5,2,6,3,2,4,7,2,3,25,13,147,16,13,8,71,7,10,6,100,10,8,10,51,6,5,8,6,2,0,4,4,1,0,1,1,3,7,3,2,7,10,5,15,20,4,6,15,8,6,3,7,4,9,8,9,15,1,0,5,1,1,6,1,1,1,0,0,2,4,4,1,15
3,15,7,3,8,16,6,1,8,26,7,3,8,18,12,3,36,3,1,2,7,4,2,0,4,4,5,3,4,2,4,0,7,35,12,159,10,10,8,78,8,12,7,94,7,16,8,48,10,5,3,5,4,1,3,2,2,1,1,2,6,4,2,2,8,16,13,15,19,6,6,13,9,6,5,11,4,6,10,4,12,2,2,4,0,1,1,3,4,0,0,3,3,2,2,6,10
4,16,8,0,4,16,10,6,12,23,9,2,20,22,9,3,31,5,1,1,2,0,5,3,1,2,3,0,2,2,7,1,5,25,10,167,17,7,12,79,13,9,13,97,11,13,12,45,11,3,4,2,5,0,3,0,2,1,1,3,3,6,4,8,3,21,7,20,16,7,5,4,7,10,1,8,5,8,4,7,10,0,0,0,5,0,2,2,2,1,1,6,2,7,4,4,4
5,12,6,1,5,19,5,3,13,23,4,1,19,17,4,5,36,8,5,1,7,3,4,1,4,2,1,1,1,2,6,2,6,23,9,146,15,7,6,92,18,9,13,94,12,8,11,55,9,3,2,3,7,2,1,6,1,1,2,2,6,6,0,2,7,13,7,21,12,5,5,8,7,7,6,8,14,4,4,12,9,5,4,5,1,0,2,2,8,2,0,4,0,2,4,6,8
6,14,7,1,4,19,9,3,8,18,4,2,9,29,10,5,31,7,5,5,3,5,5,2,4,2,1,0,0,8,5,1,5,28,12,140,13,13,4,85,14,21,6,95,9,7,12,55,5,4,3,9,7,1,5,3,4,2,1,0,1,8,3,0,5,23,7,25,20,3,9,4,13,5,4,9,9,12,5,6,5,3,2,2,3,1,3,2,1,1,1,1,2,0,3,5,5
7,14,9,1,9,26,5,1,7,18,10,1,14,20,12,2,26,6,5,2,3,3,5,2,6,2,1,1,2,7,6,1,8,30,8,162,19,19,6,90,12,11,6,104,13,7,14,54,11,3,3,1,2,1,3,1,3,2,3,3,3,4,1,0,7,15,6,7,18,2,4,5,7,6,5,6,13,4,7,5,13,1,1,2,2,2,0,4,9,1,1,2,0,5,1,1,4
8,20,8,5,9,23,4,3,18,33,6,3,15,15,7,6,26,4,7,0,5,3,4,2,3,3,0,0,1,1,5,0,5,38,11,154,9,9,10,79,12,15,14,95,11,9,11,42,6,3,0,3,7,3,0,2,2,5,6,0,1,6,5,5,4,16,8,19,23,5,1,11,4,8,4,7,5,5,6,7,8,1,1,5,0,3,3,4,3,0,1,5,1,4,3,0,8
9,13,9,0,6,16,9,6,14,31,6,4,11,15,16,3,20,3,2,2,3,3,6,0,6,7,1,0,5,8,3,0,5,26,13,155,11,8,11,89,8,15,11,116,7,8,10,58,8,2,3,4,1,1,4,4,2,2,1,2,4,7,1,0,4,19,7,14,18,2,5,8,5,5,3,7,5,7,10,9,7,2,3,4,2,1,1,5,4,0,1,4,2,3,3,2,3
10,10,5,1,7,17,8,4,10,31,9,2,12,19,13,3,26,3,2,1,6,2,3,0,5,1,2,0,2,4,2,0,8,30,12,127,13,17,7,88,7,11,19,99,8,8,11,57,8,5,7,4,2,0,4,6,3,2,2,2,2,5,5,0,8,12,7,21,23,3,5,12,6,7,3,11,9,7,8,10,15,2,2,4,2,0,1,4,6,2,0,6,3,1,1,3,7
11,14,4,2,7,16,7,8,14,34,10,3,18,18,18,4,27,5,1,2,5,3,5,4,4,0,3,0,2,5,6,1,3,32,11,150,14,13,13,79,10,11,16,93,3,15,9,59,7,4,4,3,5,2,1,4,2,3,6,2,1,9,2,2,4,18,4,12,14,3,9,9,8,1,4,6,7,10,5,4,10,3,2,2,4,0,1,6,0,1,0,1,1,2,1,6,4
12,18,7,2,4,24,6,3,9,24,5,5,20,24,13,6,29,8,1,2,8,4,3,2,9,1,2,1,4,4,8,3,7,23,12,153,7,8,9,95,14,11,9,74,13,13,14,41,4,4,3,1,5,1,3,2,4,0,2,2,0,10,3,3,4,17,9,12,17,9,5,12,9,9,4,7,7,6,9,3,7,1,1,0,6,5,3,4,2,3,0,3,1,1,4,4,7
13,10,6,1,8,23,10,6,9,20,7,5,17,24,10,4,22,2,3,2,8,2,1,2,5,0,1,0,4,4,2,2,8,27,10,157,17,18,10,85,13,17,9,93,8,11,15,46,13,6,3,5,5,1,4,2,1,2,1,2,3,2,1,2,2,25,9,12,16,11,6,6,6,6,6,5,9,4,6,8,17,1,1,4,0,0,2,7,1,0,0,2,1,3,1,5,1
14,13,12,3,6,9,10,9,8,29,9,5,27,20,14,6,30,2,5,0,5,5,4,2,5,3,2,1,1,4,5,1,3,24,12,153,12,14,5,85,9,12,9,98,10,10,8,40,8,1,5,4,4,2,0,1,3,4,0,3,1,2,3,5,8,22,9,14,20,4,8,12,8,4,2,5,6,7,8,7,9,1,3,3,4,1,1,1,5,2,1,10,1,0,3,1,5
15,16,7,1,10,20,3,1,11,24,9,0,11,26,15,6,30,4,5,4,6,3,6,2,4,3,1,1,4,5,3,1,7,21,11,144,11,7,12,95,10,10,12,99,11,12,9,51,12,5,4,7,3,1,2,1,0,2,3,1,2,10,4,2,3,11,7,18,9,5,4,10,8,12,3,11,4,10,5,10,11,2,2,2,3,2,2,5,4,1,0,2,0,1,2,2,6
16,19,9,1,7,19,6,9,12,25,10,2,12,18,10,3,25,5,5,0,10,1,2,3,4,1,1,3,2,4,4,1,9,23,7,167,13,9,6,73,11,14,16,99,8,7,7,60,7,6,2,2,5,0,1,2,1,2,2,1,3,14,1,6,8,15,7,14,22,2,4,10,2,7,3,9,7,8,12,4,7,2,0,4,2,0,1,3,4,1,0,7,4,4,3,2,5
17,16,4,1,6,17,5,3,4,32,4,3,16,14,12,4,35,6,6,1,4,2,3,2,6,1,1,0,2,8,5,2,4,30,3,162,16,8,7,76,7,12,9,92,4,13,15,57,12,2,3,6,2,3,2,3,3,2,3,2,6,11,1,1,5,13,8,23,13,6,6,13,8,7,5,8,5,9,11,6,10,3,1,6,1,1,1,5,4,1,1,2,0,2,3,0,11
18,19,12,3,3,15,9,2,13,24,5,2,10,15,15,2,28,2,2,2,6,3,5,3,6,2,0,1,3,6,4,1,6,24,8,158,17,12,12,80,10,12,9,104,5,10,20,46,8,3,2,4,2,4,5,0,2,0,1,3,2,11,7,2,7,20,6,10,18,3,3,7,9,8,4,4,6,11,6,5,11,2,2,1,2,1,5,0,2,1,0,4,1,6,7,2,14
19,20,7,1,1,13,7,4,10,18,10,1,15,21,12,3,23,7,2,2,5,3,4,2,6,1,4,2,2,2,2,1,10,28,8,152,15,14,11,78,10,11,17,103,9,4,5,57,10,4,2,2,6,1,1,1,3,2,0,1,1,7,3,2,4,23,11,20,22,7,7,15,7,7,8,6,6,10,4,3,6,5,3,0,1,0,4,5,1,1,0,3,2,3,1,5,11
20,18,8,2,7,15,8,5,12,28,3,2,18,14,17,2,23,7,2,1,5,3,4,4,3,2,1,2,4,7,6,1,13,18,11,152,15,9,9,94,11,12,9,82,9,12,10,62,3,4,5,8,7,1,4,0,4,2,1,2,0,3,6,1,9,24,8,19,16,2,5,9,4,3,7,8,5,8,8,4,6,1,1,4,3,0,1,1,5,0,3,3,0,3,6,1,10
21,15,3,1,10,18,7,6,9,22,7,5,15,17,17,6,23,6,3,1,7,1,4,1,2,1,1,0,1,6,1,0,6,22,5,187,12,12,10,92,10,7,9,111,11,9,16,48,9,1,5,0,6,3,2,2,0,0,0,3,1,4,1,1,5,14,8,19,23,6,6,6,6,7,3,7,2,5,4,8,11,3,0,3,0,3,1,5,6,0,0,8,1,1,2,0,6
22,24,6,1,9,26,7,2,7,22,9,1,14,16,9,3,30,7,2,1,6,3,7,2,2,1,1,2,3,2,2,1,6,26,8,149,10,13,7,93,10,14,8,110,9,6,6,50,17,3,3,5,3,2,5,0,3,1,2,2,6,13,4,2,6,16,9,21,18,1,11,8,2,3,4,3,8,4,6,7,10,1,2,5,3,1,1,1,6,2,1,3,1,1,1,4,6
23,19,6,0,10,18,7,1,6,24,4,2,15,14,12,6,25,6,1,0,3,1,5,3,2,3,2,2,6,0,3,0,5,29,8,151,16,10,6,97,11,12,13,87,7,5,13,62,13,4,7,6,2,0,6,3,3,1,1,1,1,9,2,3,4,18,7,20,19,5,11,12,6,11,4,4,9,10,3,11,6,2,0,0,1,1,3,2,2,0,1,5,3,3,3,5,9
24,18,10,0,3,22,9,3,10,22,5,2,18,22,9,5,31,3,4,1,5,4,4,0,2,2,6,0,2,7,2,2,3,31,5,160,16,12,7,84,7,14,12,97,6,5,8,51,10,3,3,5,4,2,1,1,4,2,1,1,2,6,0,1,9,21,10,18,26,5,5,7,7,4,5,9,10,6,6,8,16,1,0,6,2,0,1,4,5,0,1,1,0,0,1,2,7
25,10,8,1,4,20,15,4,11,33,6,1,12,13,14,5,34,7,3,0,4,2,4,1,8,2,5,2,5,6,7,1,8,21,13,149,10,12,6,91,10,12,11,88,13,10,13,53,4,3,2,9,5,2,0,1,3,2,3,3,0,7,1,2,11,10,3,12,16,4,12,12,7,9,5,9,10,3,4,1,11,2,2,2,2,4,1,3,5,1,2,5,2,1,1,7,6
26,15,11,1,8,19,8,2,8,28,5,2,19,19,7,3,33,4,4,1,3,4,4,1,5,1,1,0,5,5,10,1,7,29,13,152,16,4,6,99,12,12,13,95,8,16,6,39,4,2,3,9,5,2,5,2,1,4,2,3,0,5,3,2,6,20,6,19,14,2,6,8,8,9,8,7,7,5,6,6,11,3,1,4,6,0,5,2,2,0,1,2,0,0,0,3,7
27,17,2,1,10,17,12,2,9,24,4,3,20,14,15,2,24,2,1,2,3,3,3,3,3,2,1,1,2,6,4,1,5,25,14,150,15,13,12,82,6,12,14,86,16,4,7,52,9,4,5,6,5,2,2,4,2,1,2,4,2,13,3,4,8,11,3,17,20,8,6,12,7,14,2,9,3,11,11,4,12,3,1,9,3,0,2,5,4,0,0,3,0,4,2,1,11
28,20,5,1,7,20,4,3,8,21,7,1,13,25,14,1,26,4,5,1,5,0,3,1,0,1,1,1,4,5,7,1,8,27,9,161,13,10,8,99,13,14,11,93,12,9,10,53,14,9,5,2,2,0,3,2,1,0,2,2,4,7,3,3,3,19,5,10,19,0,7,6,7,7,3,4,4,8,7,3,14,3,0,6,5,1,4,3,2,3,0,1,4,5,4,2,7
29,16,11,0,9,23,5,2,8,18,11,5,19,17,17,5,29,8,2,1,5,4,3,1,8,3,2,1,3,3,3,1,9,25,9,158,17,7,14,90,9,11,12,91,5,16,4,51,3,4,5,6,4,4,2,5,2,4,3,4,0,5,1,1,4,15,8,15,23,5,2,8,5,5,6,3,6,5,10,3,6,2,0,5,4,2,3,4,2,1,2,3,1,4,3,3,8
30,14,9,6,6,23,9,4,11,24,3,1,21,20,10,4,36,7,4,0,5,3,4,1,3,1,3,0,3,3,8,1,5,29,14,173,14,5,5,80,9,7,9,90,8,2,13,62,9,1,4,4,4,1,2,0,2,3,1,6,2,6,1,1,3,16,2,16,19,2,6,10,7,9,6,8,4,11,10,8,9,3,3,5,1,2,3,3,3,2,0,1,2,1,4,0,2
31,15,12,1,9,19,9,4,7,31,11,4,14,15,17,1,29,2,1,1,9,4,1,3,1,0,4,0,3,4,3,0,7,20,13,130,13,9,11,94,16,8,13,85,9,8,10,54,7,3,4,6,6,1,3,5,3,0,4,0,2,10,3,2,3,26,9,16,26,8,4,13,4,8,1,7,7,10,6,7,14,3,2,1,1,5,2,4,3,1,1,2,2,1,5,2,3
32,13,7,4,4,14,5,3,3,29,11,2,10,16,25,5,27,6,2,0,5,4,4,4,7,2,0,1,4,3,11,1,5,15,9,131,18,8,7,92,12,9,9,110,8,15,8,62,9,5,3,8,4,4,4,2,0,0,1,3,1,5,2,2,10,19,1,12,26,6,7,8,9,11,2,10,0,4,12,9,10,1,3,4,0,2,3,3,7,0,1,4,1,2,3,3,4
33,22,5,2,5,17,7,4,8,20,3,1,7,20,15,6,25,5,5,1,6,5,4,1,6,0,4,1,2,4,7,0,9,20,10,159,17,9,10,88,5,11,8,93,6,14,10,50,11,4,3,5,2,1,4,5,2,1,3,0,3,6,3,5,10,22,6,13,23,7,5,10,6,1,4,11,5,5,10,7,11,4,0,6,3,1,2,2,6,3,1,5,1,1,0,7,7
34,15,8,2,11,18,9,3,10,18,7,7,18,15,18,2,26,2,4,0,10,2,3,1,4,2,3,1,5,4,4,1,9,41,15,135,3,10,8,83,21,11,8,89,8,6,16,51,5,6,6,1,6,1,3,3,3,1,1,4,3,4,3,1,10,19,11,14,23,7,3,10,7,6,5,5,7,5,6,5,10,3,1,4,3,4,3,3,3,0,0,4,4,0,3,5,9
35,17,8,0,6,15,12,4,10,19,5,6,10,20,16,1,26,6,4,0,5,4,2,0,8,2,1,0,4,2,4,0,7,32,10,179,14,19,7,77,7,14,10,88,11,10,14,44,4,4,1,4,4,3,3,6,2,1,4,4,1,12,1,1,7,16,7,11,19,10,5,7,4,10,7,7,5,4,8,7,11,2,4,1,5,1,0,3,0,2,1,3,1,3,1,4,9
36,15,8,0,10,23,6,4,16,31,5,2,15,19,15,3,34,2,4,2,4,4,2,1,4,2,3,0,3,5,3,0,6,25,8,151,13,10,5,88,7,8,11,88,10,9,11,66,11,2,4,9,7,2,8,1,3,0,1,2,5,7,1,2,7,21,4,12,12,3,4,12,5,6,8,3,5,13,7,6,6,1,0,1,2,1,0,1,4,2,0,7,2,3,3,5,8
37,12,9,1,11,30,6,8,10,26,10,1,13,18,15,5,23,7,3,0,2,2,7,3,5,2,2,0,3,5,4,0,10,21,8,144,12,11,14,100,10,8,8,95,3,11,13,57,5,3,2,3,2,3,1,4,0,0,1,2,4,11,3,1,13,15,15,16,24,5,9,12,9,4,5,4,4,6,5,5,9,1,1,3,2,0,2,2,3,1,0,2,2,2,1,1,4
38,12,9,2,6,20,4,7,8,22,6,3,13,16,16,4,28,8,4,2,7,3,6,2,2,0,2,1,3,2,2,0,5,26,13,152,16,8,12,80,9,12,14,102,11,12,6,58,6,3,3,4,3,3,4,2,1,2,2,3,3,9,3,2,6,25,9,13,18,8,8,13,7,9,3,9,6,8,10,2,4,0,3,6,3,0,2,2,0,2,0,4,2,3,2,3,1
39,16,6,0,6,15,9,3,13,28,6,1,18,22,11,3,38,8,7,3,7,3,4,3,4,0,2,0,3,3,7,1,8,22,5,160,16,12,7,66,17,9,14,81,4,9,12,53,10,0,5,5,5,1,5,3,1,3,1,4,3,12,2,4,6,22,8,15,14,6,3,6,6,11,3,6,0,13,9,8,12,1,0,3,0,3,5,3,4,1,2,5,2,2,1,6,5
40,17,10,2,7,13,5,4,10,23,7,3,13,20,20,2,33,4,0,2,4,5,1,1,3,0,2,0,4,5,4,2,4,20,11,153,16,9,10,85,11,19,10,105,10,11,13,50,7,2,5,6,3,1,4,4,1,0,0,1,0,11,6,6,9,17,9,9,17,8,4,5,5,4,4,7,12,6,3,8,8,2,0,3,4,0,5,5,2,2,3,2,2,3,2,5,5
41,16,6,3,9,16,3,7,6,26,4,2,17,23,21,2,23,3,2,0,3,2,2,1,9,3,3,1,4,0,3,0,11,32,12,173,9,10,9,81,11,9,14,91,8,8,14,54,7,6,6,5,4,0,4,0,2,1,1,1,2,11,4,2,6,19,8,11,16,3,2,6,6,14,5,7,4,12,5,6,11,5,4,3,2,0,2,3,1,1,0,1,3,0,4,3,5
42,13,7,0,7,19,7,5,15,30,5,1,14,15,12,3,25,5,4,1,5,1,4,1,9,2,1,0,6,6,2,3,6,30,14,151,15,7,7,83,16,13,8,98,13,9,12,51,8,3,3,3,2,2,1,2,2,3,2,1,2,11,1,1,4,16,5,18,21,3,10,7,11,9,5,10,6,9,5,5,12,1,2,3,2,1,3,0,5,2,1,2,0,3,2,5,4
43,15,5,1,4,12,11,3,14,25,8,2,13,21,5,1,28,7,6,3,7,6,2,3,2,0,4,1,3,4,10,0,5,27,8,158,8,8,8,97,10,15,11,89,14,9,11,45,4,4,7,5,5,2,1,3,3,3,0,2,1,4,4,3,8,18,10,10,27,9,12,14,2,6,6,8,1,6,7,5,11,5,1,1,5,3,3,2,2,1,0,2,2,3,5,1,4
44,18,11,2,5,17,7,9,7,25,6,3,14,13,12,3,30,5,7,0,6,4,5,3,5,2,3,1,5,8,10,1,2,34,5,153,12,11,9,81,10,15,6,100,13,10,14,31,5,3,3,12,2,0,4,3,1,3,1,4,1,10,0,2,4,17,4,17,20,5,6,10,10,8,9,6,4,7,9,6,10,2,1,4,5,0,0,4,6,0,0,0,3,3,4,4,5
45,13,14,1,6,8,5,6,14,32,11,0,12,26,15,2,38,7,1,2,5,1,6,0,2,4,2,3,4,4,3,1,7,21,9,147,21,14,11,89,14,12,8,84,6,12,11,50,11,6,3,4,2,3,1,2,1,1,2,2,3,7,1,0,1,21,10,9,19,6,5,10,6,8,2,9,7,12,3,3,9,2,1,3,3,2,6,2,5,0,1,3,0,4,5,4,6
46,20,8,2,10,19,7,4,5,29,10,3,20,16,14,4,16,5,7,0,6,4,4,2,6,0,0,1,1,2,0,0,6,24,7,170,14,9,13,76,9,16,10,108,10,8,14,53,6,2,5,3,6,3,1,4,4,0,3,1,4,7,0,1,6,12,6,15,21,7,4,7,10,8,2,7,7,3,7,5,10,2,2,4,6,2,2,4,3,0,0,5,1,2,2,3,3
47,15,5,0,2,15,10,3,8,22,7,4,15,15,15,5,25,9,1,3,4,2,4,2,7,2,3,1,2,3,5,1,5,32,11,143,16,12,9,99,14,9,12,88,5,13,15,63,8,8,4,4,2,0,5,5,1,0,2,6,0,3,2,2,9,17,5,19,18,5,8,4,8,4,1,6,14,11,4,9,11,4,2,2,1,1,2,4,1,2,0,1,3,3,1,3,4
48,13,10,0,10,20,5,3,13,24,8,2,14,21,11,2,32,2,3,0,7,1,1,4,5,4,2,0,4,4,4,0,8,33,5,128,17,10,6,94,10,9,12,103,6,9,10,57,12,4,3,7,2,4,4,3,5,3,1,0,1,13,3,0,5,20,9,21,16,7,6,12,6,4,3,4,7,3,4,6,8,1,0,4,4,0,4,5,5,2,0,4,2,0,1,4,12
49,17,2,2,5,20,8,4,11,14,8,2,17,18,8,7,32,7,5,0,4,0,4,0,3,4,1,0,1,3,3,1,5,28,11,165,19,8,10,95,11,9,6,90,10,8,8,60,9,2,2,7,1,2,5,2,1,4,2,1,1,5,3,3,4,25,9,12,17,7,11,16,8,7,1,6,6,4,6,4,12,3,3,3,0,3,3,3,4,0,1,3,1,4,4,2,4
50,18,9,2,6,24,5,2,12,31,7,1,10,18,12,6,22,2,1,0,5,1,1,2,7,3,2,1,2,5,4,2,8,14,7,150,13,14,4,90,11,18,10,92,14,11,12,51,11,4,2,8,3,4,3,5,2,2,1,0,1,7,4,1,9,22,6,13,22,5,5,14,6,6,2,5,8,10,3,7,14,1,1,1,3,1,0,3,4,0,1,7,1,4,5,5,6
51,10,10,4,7,17,7,9,7,29,4,5,12,24,9,3,23,6,3,0,2,0,6,1,9,1,3,0,2,4,4,1,7,24,9,164,19,8,10,71,15,13,10,99,7,11,6,40,13,5,4,5,1,3,5,1,2,2,2,2,2,7,3,3,4,20,5,22,24,8,6,16,9,4,3,3,5,6,5,8,8,3,2,5,1,2,3,6,8,1,1,1,2,1,4,2,7
52,25,11,2,6,18,11,5,11,19,5,1,18,12,11,2,28,3,1,2,5,3,3,2,7,2,2,0,4,2,2,1,5,27,10,143,16,10,5,86,14,19,9,100,9,9,8,52,10,2,4,3,5,1,5,3,1,1,1,0,1,9,3,2,8,25,6,22,17,7,7,9,8,3,3,5,3,9,8,6,8,1,0,3,4,2,4,3,7,1,0,3,1,3,3,4,10
53,15,8,0,8,26,10,4,6,26,6,3,15,12,10,7,23,0,3,1,7,4,6,0,4,3,4,0,1,3,5,0,4,28,15,155,10,13,4,82,13,6,12,104,5,11,17,61,8,2,2,4,6,1,3,2,2,0,6,4,2,6,2,6,9,21,5,18,20,3,8,10,4,8,3,8,4,10,5,5,11,2,1,3,1,2,1,2,4,2,0,4,0,2,3,3,2
54,19,12,0,7,24,5,0,10,27,5,2,21,12,12,1,27,4,5,0,4,6,4,1,4,0,3,0,2,9,4,1,8,24,4,164,8,11,6,88,10,12,12,92,10,13,10,57,8,0,4,5,4,1,4,1,2,1,3,3,2,7,1,2,3,18,9,17,13,10,7,9,7,8,6,7,5,9,6,4,13,2,1,4,3,0,3,4,1,0,0,1,0,4,6,5,7
55,13,10,2,7,22,9,5,9,16,5,3,10,16,12,4,25,4,4,0,4,3,0,3,8,1,1,2,3,2,3,1,4,22,8,171,16,8,7,78,6,8,15,108,9,8,17,59,14,2,3,4,3,3,9,4,1,1,0,2,1,8,3,3,6,21,7,16,18,8,1,6,6,9,6,9,3,9,2,7,10,2,1,4,3,1,7,3,3,2,0,4,2,2,1,3,6
56,11,7,1,8,12,8,5,12,23,6,4,8,18,19,2,27,3,2,3,6,5,5,3,4,3,2,0,4,4,4,0,4,34,17,139,11,9,9,94,15,11,12,97,14,10,17,49,11,5,2,6,2,2,1,1,3,3,3,2,1,6,2,1,10,27,5,10,20,4,4,11,8,2,8,9,0,4,7,6,9,3,0,2,3,4,4,5,3,1,0,1,2,4,2,4,6
57,14,7,1,4,17,4,5,9,26,8,6,14,19,12,4,29,7,7,1,4,3,5,1,3,1,1,0,4,2,3,0,7,23,9,157,9,6,9,94,8,11,12,92,6,16,9,42,5,3,2,6,4,1,2,6,3,1,2,4,1,7,2,3,6,29,10,23,18,5,11,3,10,5,5,5,6,13,11,4,12,0,1,5,3,0,3,5,1,0,0,3,0,3,4,5,8
58,7,5,2,10,22,6,1,5,25,6,4,19,15,12,2,35,7,3,1,6,3,9,2,3,1,2,0,2,4,3,1,9,24,17,135,10,9,14,97,12,11,11,88,8,12,11,61,9,5,3,5,2,3,2,3,1,0,3,6,0,3,2,1,4,17,10,19,20,9,6,7,7,9,5,8,3,8,5,6,17,3,1,5,2,2,3,6,1,0,0,3,0,2,3,4,5
59,14,14,0,8,15,11,4,12,26,9,1,12,21,13,3,33,5,3,1,5,1,7,2,6,1,2,0,1,2,4,0,8,27,13,153,15,9,9,90,10,15,12,86,5,11,11,51,8,7,3,2,3,1,4,4,0,0,0,2,1,4,0,1,4,14,9,23,25,1,5,9,10,2,2,11,9,10,7,9,5,2,2,2,2,1,4,5,2,0,1,3,0,4,4,6,6
60,16,9,3,6,20,2,5,12,27,10,1,16,21,9,1,28,3,3,1,5,2,3,4,4,2,2,2,3,3,3,1,7,14,9,139,12,16,13,86,9,12,14,96,5,8,14,59,11,3,6,6,3,0,1,1,3,2,3,2,5,9,0,2,14,20,5,15,31,6,4,16,12,5,4,5,3,2,8,7,8,1,0,2,4,1,2,8,5,2,0,2,2,3,1,0,5
61,19,9,3,10,28,4,4,9,24,11,2,10,15,14,1,24,3,6,0,7,4,5,3,2,2,1,0,2,6,5,0,8,18,15,151,16,10,11,87,6,13,8,101,17,10,11,44,4,2,1,7,1,1,8,3,2,2,2,1,0,10,1,4,2,19,8,13,20,7,8,4,10,5,6,8,7,10,10,6,10,3,0,1,2,1,4,4,3,1,0,2,4,0,1,3,10
62,19,7,0,7,18,10,5,8,27,7,2,11,9,13,5,21,6,2,1,7,2,3,0,4,0,1,2,4,3,3,1,2,23,8,145,11,15,6,99,11,14,12,103,14,17,15,57,11,7,5,4,2,0,3,2,4,2,1,0,3,9,6,1,11,17,6,17,10,7,5,11,6,10,3,6,4,10,7,7,10,0,0,7,2,2,3,2,6,1,0,2,0,2,2,2,2
63,12,9,1,9,24,8,4,7,25,7,3,16,25,16,1,29,6,1,1,4,4,2,6,8,2,4,1,1,4,2,1,4,17,10,146,17,10,6,96,3,13,9,89,6,8,11,57,6,2,1,4,5,1,3,5,1,2,1,2,3,6,6,1,8,22,4,18,18,6,7,8,6,5,2,8,9,13,8,10,17,1,0,4,2,1,0,1,6,3,0,3,0,4,4,2,6
64,19,10,2,6,16,10,8,15,22,5,5,13,25,19,5,30,2,3,2,3,7,2,1,6,1,2,0,2,3,4,0,5,29,10,153,9,12,7,75,18,10,6,95,7,15,16,47,9,1,2,5,3,0,4,4,3,1,1,4,6,5,3,2,6,15,3,21,19,7,6,13,5,6,5,2,3,4,11,3,14,1,0,4,2,0,1,2,6,0,0,5,1,4,4,6,6
65,21,5,1,9,21,7,3,14,29,10,0,19,14,8,1,38,3,2,0,2,3,5,1,3,2,1,0,1,2,4,1,5,30,7,163,7,18,15,82,11,10,11,81,4,13,11,63,11,4,1,3,9,6,5,1,3,0,1,3,5,3,2,0,8,18,6,19,14,5,5,8,5,4,2,5,3,10,7,7,12,1,1,3,2,1,0,2,7,1,0,7,2,0,5,5,7
66,19,12,1,1,29,8,5,13,26,6,3,19,16,17,4,38,10,1,1,1,3,5,3,9,1,1,0,2,2,4,0,14,28,8,133,14,12,5,95,11,14,8,81,8,11,8,59,12,3,6,8,3,0,3,4,2,2,1,3,2,9,4,3,6,23,3,15,14,2,5,8,10,5,9,7,2,10,6,5,7,1,2,4,1,1,0,2,4,2,1,2,2,0,1,2,4
67,10,4,1,7,17,14,4,13,23,5,2,26,22,9,4,42,5,7,2,3,3,5,1,4,3,1,0,1,6,6,0,5,30,5,148,17,14,4,96,10,8,7,88,7,10,8,51,7,2,5,2,5,0,2,2,1,3,0,3,1,10,3,0,5,18,13,11,12,8,5,9,7,8,5,6,8,8,6,3,16,4,0,7,4,1,1,4,9,1,1,5,2,2,0,1,6
68,18,9,4,6,14,8,6,7,32,6,3,17,27,16,2,39,3,1,1,2,2,5,1,4,2,1,0,3,7,1,1,7,23,10,175,16,7,6,97,14,13,12,96,5,10,7,44,10,2,2,6,8,2,5,1,2,1,2,4,2,6,1,3,5,15,4,13,16,3,9,4,3,4,3,6,4,10,6,4,13,1,1,2,0,1,0,1,3,2,0,2,3,1,3,2,9
69,16,7,4,3,12,7,3,7,32,5,3,11,12,6,3,36,7,2,0,8,1,3,4,3,2,1,0,2,4,2,3,8,31,12,144,14,19,9,91,13,8,13,90,9,13,16,53,8,4,2,4,1,1,5,4,3,2,2,2,2,5,2,3,7,23,5,16,19,9,7,9,8,7,4,1,6,6,8,7,9,3,1,4,2,2,4,3,6,1,0,2,1,0,4,4,10
70,13,10,1,9,18,6,4,15,34,7,2,17,23,19,2,28,8,4,1,8,4,3,1,2,4,1,2,2,3,2,1,6,20,8,157,8,15,11,77,13,7,16,100,8,14,12,47,10,3,3,6,5,2,4,2,0,4,5,0,4,7,4,2,4,20,5,9,18,8,6,7,5,5,8,5,8,4,9,3,10,0,1,3,0,0,2,2,4,2,0,4,1,0,4,1,8
71,12,8,2,4,23,12,5,9,27,12,2,13,19,15,4,30,6,2,0,5,2,5,2,1,2,3,3,7,3,4,0,9,24,9,148,15,16,4,81,5,16,17,102,10,11,11,46,17,3,4,3,2,1,0,3,4,2,0,0,1,8,0,3,9,22,7,16,12,7,8,9,7,2,5,8,2,8,4,7,6,0,1,7,3,1,2,4,6,1,0,1,0,2,3,5,8
72,16,4,3,16,27,4,7,5,23,9,6,18,14,15,1,29,3,3,1,3,5,6,1,3,3,3,1,2,4,5,2,7,31,15,156,12,13,7,74,10,8,10,99,10,12,8,47,10,5,2,5,5,1,1,4,3,2,2,2,0,5,3,0,9,10,10,19,20,6,5,8,10,2,3,5,5,10,6,4,12,1,3,2,2,1,2,5,4,2,0,6,1,1,5,2,8
73,13,5,1,9,19,9,4,15,27,6,2,15,16,20,1,31,4,2,0,5,5,3,4,5,0,1,2,4,2,6,0,4,29,11,156,14,5,4,96,12,22,9,101,14,13,12,46,4,4,4,0,4,1,2,3,0,1,2,4,0,3,3,5,3,12,9,10,18,4,3,13,8,6,2,5,8,6,6,5,13,1,0,4,2,2,7,4,7,1,0,3,0,1,4,1,8
74,19,6,2,11,17,6,3,10,27,5,3,11,21,13,3,34,6,6,1,8,3,2,2,1,2,2,1,2,5,4,0,7,24,10,153,19,7,8,94,11,13,10,96,8,11,9,57,7,5,4,1,7,2,1,2,2,4,3,1,2,5,2,2,9,17,3,14,20,5,7,11,4,5,4,6,10,7,2,5,6,3,0,3,5,1,6,2,4,0,0,2,1,0,3,5,7
75,17,7,2,10,15,10,4,10,20,4,0,13,15,12,5,33,8,5,2,6,2,4,2,5,4,5,0,2,5,3,1,6,21,11,142,10,14,6,93,12,13,13,96,4,10,12,55,10,6,3,4,11,2,2,0,2,1,2,3,0,7,1,0,4,28,6,8,15,5,2,12,6,10,4,5,7,9,8,8,11,3,2,4,2,1,3,7,1,1,1,5,1,2,1,7,8
76,17,5,1,7,22,4,3,12,29,5,1,14,20,12,5,24,3,5,1,9,5,7,2,4,2,0,0,4,4,5,3,5,21,9,159,8,6,6,76,8,10,7,93,8,18,15,64,9,1,2,7,6,2,2,5,3,2,0,2,1,8,2,1,4,18,8,17,17,10,1,12,15,8,6,5,11,5,7,6,8,3,1,2,3,1,2,4,3,1,0,4,1,2,5,2,7
77,11,8,0,12,13,7,4,15,28,7,4,14,22,15,4,31,7,3,0,2,3,4,3,6,3,4,0,3,3,3,0,9,23,6,136,19,11,9,94,13,11,14,92,10,15,14,54,9,2,3,2,4,1,4,7,0,0,2,1,0,8,1,2,9,17,2,21,19,8,8,7,4,8,2,5,7,10,5,7,8,3,1,3,2,0,1,0,3,1,0,2,4,1,6,3,8
78,16,12,1,5,25,4,3,7,31,4,4,9,15,14,2,39,4,2,0,4,7,6,0,9,2,3,1,1,3,2,2,9,24,5,150,14,10,6,95,9,12,10,93,7,11,7,55,10,4,2,4,5,1,4,3,3,7,1,5,3,9,2,2,8,19,5,13,20,5,5,7,6,11,5,7,4,4,4,4,12,5,0,2,3,1,1,1,2,4,1,6,1,2,3,3,7
79,14,7,1,13,15,10,3,7,35,13,3,13,15,8,3,28,9,5,0,4,2,2,3,4,0,1,2,4,2,3,2,5,25,13,162,11,15,9,81,6,13,7,106,10,5,15,38,8,1,3,6,4,1,2,1,4,0,2,1,2,5,1,1,8,20,7,15,13,7,6,11,7,4,3,7,9,6,10,4,14,1,1,3,1,2,5,3,6,2,0,3,2,6,4,5,11
80,18,11,3,11,17,3,4,11,26,6,4,14,13,15,6,27,7,3,2,6,3,4,3,11,2,1,0,0,7,4,1,13,29,10,149,23,8,12,86,11,7,14,90,11,5,9,53,8,4,7,6,0,1,2,7,1,2,1,4,2,6,3,0,3,20,5,13,19,3,5,6,3,4,6,5,8,7,3,6,14,3,2,3,3,2,3,2,6,1,0,1,4,2,0,2,9
81,16,11,1,8,14,7,4,7,28,6,1,18,17,16,4,23,1,6,0,6,5,4,0,7,2,3,4,1,4,5,1,7,37,8,193,7,11,3,71,12,9,9,106,12,12,12,42,11,2,5,6,2,1,4,3,3,4,0,1,2,8,2,1,9,18,7,18,13,9,8,5,2,5,3,5,4,6,10,5,8,2,0,3,0,2,6,1,2,0,0,3,0,0,2,3,5
82,13,5,1,12,22,5,1,12,30,7,5,13,22,7,4,33,4,2,3,4,4,4,2,3,0,4,1,4,4,3,0,7,31,10,157,14,12,5,92,13,11,5,89,8,7,13,50,8,1,2,5,6,0,4,2,0,1,1,2,2,9,3,4,3,16,8,22,22,5,3,15,5,3,8,9,7,5,7,4,8,1,0,5,1,0,4,5,2,2,0,5,1,5,3,4,4
83,17,6,0,9,19,7,5,14,32,7,4,22,14,14,7,33,5,3,0,1,6,4,3,7,2,2,0,3,0,4,1,9,23,8,151,15,12,5,86,13,13,12,104,5,12,5,37,8,5,5,7,9,1,2,1,4,2,1,3,3,8,2,3,3,20,7,21,15,6,6,9,7,6,2,8,9,7,4,3,8,1,1,5,1,1,0,1,1,0,0,6,1,1,6,4,5
84,13,10,3,7,18,3,3,6,31,7,1,21,18,15,3,29,6,1,1,6,6,3,1,5,3,4,0,4,2,1,1,4,27,14,157,13,15,6,73,13,14,9,97,9,5,12,60,12,2,3,8,3,2,4,4,2,1,3,1,2,7,0,2,3,20,5,15,18,6,6,10,5,4,4,12,5,9,7,5,6,2,2,3,4,1,1,1,7,0,3,8,1,2,1,3,5
85,15,6,2,8,19,5,7,15,24,2,4,21,21,20,4,38,7,1,2,3,5,6,1,4,0,4,2,6,2,6,1,4,20,5,156,13,10,7,77,17,11,13,92,10,12,14,55,5,5,1,4,5,2,3,3,2,1,1,2,1,6,0,3,4,19,4,11,18,5,8,7,9,7,4,4,5,6,4,10,12,3,2,5,3,1,3,3,5,1,0,2,0,3,1,6,4
86,22,11,1,4,14,8,6,11,27,11,4,11,23,21,3,28,7,2,1,6,3,8,2,2,2,5,1,3,1,4,2,8,24,11,150,15,14,8,82,9,9,6,92,6,10,10,47,10,3,4,5,7,0,1,2,6,2,4,1,0,5,1,1,9,30,3,13,15,5,8,6,8,3,3,8,2,6,6,7,16,0,0,4,0,0,4,5,5,1,0,3,2,3,3,4,11
87,14,13,1,8,21,7,5,8,27,7,0,14,24,13,3,31,4,3,2,8,6,7,3,6,3,3,2,2,3,1,0,9,20,8,159,16,8,15,95,6,8,6,100,7,9,13,55,9,2,5,6,3,2,4,1,1,1,1,0,1,7,0,3,8,19,9,16,17,3,6,7,4,2,8,5,6,4,3,5,8,0,1,3,1,1,2,3,4,2,2,7,1,3,2,2,7
88,14,8,1,6,11,6,3,9,29,7,4,11,19,17,5,25,7,6,1,0,2,4,0,2,1,1,1,5,6,9,1,5,31,15,135,19,8,11,87,13,13,9,104,7,13,11,56,16,10,4,6,5,1,4,2,2,0,2,1,4,3,2,4,11,21,6,13,10,4,7,9,8,4,6,5,7,13,3,3,10,2,0,3,1,1,0,3,6,1,1,0,0,2,4,6,6
89,9,4,1,3,16,3,8,8,33,7,1,20,23,7,0,38,8,6,1,7,1,6,4,7,2,2,1,8,1,1,0,1,27,10,171,18,9,11,72,16,8,13,101,6,11,14,53,6,0,4,4,2,4,5,5,2,0,3,1,1,8,2,2,7,18,5,10,19,6,8,6,4,7,3,3,7,4,12,7,3,2,1,6,1,1,1,3,6,1,3,2,2,2,5,5,4
90,11,8,0,9,13,8,2,19,30,7,3,16,18,11,3,33,6,3,1,7,4,5,0,3,4,5,0,6,2,2,1,5,23,10,145,4,12,10,92,10,8,9,87,8,10,16,49,14,6,4,8,3,4,2,3,2,1,0,2,1,10,2,3,6,24,9,13,14,4,6,5,7,13,12,7,7,7,6,9,10,4,2,3,3,0,3,0,4,1,2,2,1,2,1,4,6
91,8,11,1,9,21,10,5,10,24,6,1,23,14,13,1,31,5,2,1,4,3,6,2,2,1,3,0,0,3,3,1,8,30,14,167,12,5,0,94,16,17,13,93,3,6,10,47,6,3,5,4,0,2,3,1,2,0,4,3,2,11,3,3,4,24,5,11,23,3,4,14,3,8,4,9,8,6,8,7,6,0,0,5,5,1,1,1,5,0,0,2,0,5,5,6,6
92,16,13,1,7,9,8,1,7,40,10,3,13,14,10,2,28,3,2,1,6,1,1,2,5,3,1,0,1,6,13,1,4,22,8,146,15,18,10,80,13,11,15,100,10,9,8,61,9,2,3,5,3,1,2,4,3,2,2,3,1,9,4,4,7,20,2,13,23,4,4,8,7,4,6,9,7,9,3,4,10,2,2,6,2,0,1,3,5,1,0,7,2,1,4,3,6
93,10,4,0,6,17,7,11,11,29,9,6,14,16,16,7,34,8,3,0,6,2,4,0,8,1,1,0,1,1,3,0,3,23,17,138,15,22,9,97,15,5,11,96,12,7,7,50,11,4,1,7,4,1,5,5,6,3,2,2,2,6,0,5,9,17,7,16,14,5,4,6,3,4,4,7,11,7,4,6,8,1,2,3,4,1,3,4,3,1,1,6,2,0,2,4,5
94,12,13,2,13,23,4,2,11,27,8,6,15,16,10,6,30,7,4,2,5,6,6,2,4,3,4,0,4,2,5,0,4,17,7,152,6,13,9,87,6,7,10,97,8,15,18,56,12,2,4,3,5,2,0,1,4,2,2,3,2,11,0,3,4,11,5,23,23,2,7,12,7,6,6,7,8,3,4,7,11,0,2,4,1,0,3,2,2,1,0,2,3,1,3,5,5
95,20,8,0,4,16,8,2,11,16,5,2,15,17,17,3,26,2,1,0,6,2,2,1,9,1,1,1,1,1,4,1,8,30,14,145,20,14,9,93,5,12,15,92,14,11,18,52,11,2,2,4,4,1,3,2,0,0,1,5,0,4,4,1,7,22,5,15,17,7,7,6,8,6,4,8,8,12,5,3,12,1,3,5,1,0,4,5,4,0,0,4,3,3,4,4,8
96,19,9,2,9,26,7,5,8,25,2,3,13,13,14,3,24,6,4,2,5,5,4,3,2,5,2,0,5,2,4,0,5,26,12,143,19,11,5,102,12,11,9,102,11,4,15,51,3,6,1,6,4,1,3,1,1,3,2,2,3,3,2,1,5,22,5,20,16,4,5,8,8,7,5,7,5,8,11,7,8,0,2,4,2,1,3,1,8,1,0,1,2,0,2,5,6
97,23,6,0,4,14,12,5,11,23,12,2,10,21,12,4,36,4,6,0,5,1,5,1,4,3,4,1,0,2,5,0,5,27,14,153,14,15,7,101,14,8,16,84,9,7,6,55,9,2,3,2,3,0,4,3,0,1,3,2,3,7,2,4,4,17,8,14,20,4,5,10,5,4,4,5,8,4,7,7,9,2,3,3,2,2,4,4,4,1,0,4,0,2,0,7,8
98,19,11,2,10,20,8,5,6,29,5,1,10,27,11,7,36,5,1,0,1,2,5,1,5,2,1,2,2,3,3,0,6,20,13,169,11,9,12,77,17,14,10,89,6,9,9,56,9,3,3,0,6,3,2,2,1,2,1,3,0,8,5,3,6,11,4,16,23,5,8,11,6,7,6,6,1,4,9,5,13,4,2,5,0,2,1,4,4,0,0,5,2,1,2,1,8
99,15,10,0,8,19,6,14,8,19,6,1,17,23,12,5,31,3,3,1,2,2,3,0,8,2,3,1,1,2,6,0,3,29,10,143,11,9,2,94,9,11,10,104,13,6,9,48,8,5,3,5,7,5,1,1,2,2,1,3,5,12,4,1,5,23,8,14,19,5,10,8,4,9,3,8,6,12,7,4,10,0,2,5,4,1,3,4,4,0,0,3,3,2,0,1,6
100,17,9,1,6,18,7,5,9,27,4,4,19,16,11,5,29,5,2,2,5,0,3,1,5,0,0,2,3,9,1,2,7,21,7,145,10,5,11,90,13,20,10,99,10,6,8,46,6,0,5,6,5,3,6,4,4,4,3,5,0,5,1,3,8,17,7,13,29,7,6,10,4,2,6,8,7,11,7,4,6,4,2,4,4,0,0,3,5,2,3,6,1,5,4,3,7
101,16,13,0,6,13,4,7,11,26,8,4,12,26,15,3,28,6,2,0,7,3,2,1,1,1,3,1,2,5,5,0,3,20,7,136,15,13,13,94,7,12,14,113,13,14,10,55,7,4,3,3,9,3,3,2,3,2,3,3,0,16,5,3,6,9,3,13,17,6,3,3,7,2,1,5,11,10,6,6,8,2,1,7,3,2,2,7,4,1,0,4,3,1,2,1,5
102,18,10,2,5,14,9,1,10,26,9,2,15,20,11,3,22,3,3,0,8,3,6,2,2,1,3,2,2,4,3,2,12,30,7,154,12,15,12,76,19,11,10,97,14,7,14,49,7,1,4,4,6,3,3,4,2,3,2,3,1,4,1,1,5,16,10,25,15,7,5,13,5,12,7,7,6,4,2,3,10,1,2,2,3,2,2,5,5,0,0,4,1,1,2,3,6
103,21,6,1,9,17,6,1,9,29,4,3,16,12,11,6,27,7,3,0,7,4,4,2,5,2,3,0,5,3,4,0,6,23,9,154,14,11,13,88,6,13,11,107,1,14,13,37,9,0,5,7,7,0,2,4,3,1,2,3,2,9,2,2,3,26,11,19,12,5,6,5,5,10,4,13,3,9,6,9,10,0,3,4,4,0,3,4,2,3,0,4,0,2,2,5,3
104,12,6,1,9,9,11,5,11,18,8,5,18,24,10,4,33,8,2,0,5,4,3,0,4,2,1,0,0,2,8,0,4,19,11,142,12,9,3,96,14,15,11,93,10,12,9,50,7,2,3,6,4,0,4,3,3,3,3,3,1,7,4,1,6,18,6,21,30,7,12,9,3,10,5,3,9,4,9,6,6,2,1,7,1,1,1,5,5,2,1,5,1,1,4,2,10
105,12,9,0,8,15,4,7,15,25,4,1,17,21,14,3,20,2,5,1,2,8,3,1,1,1,2,0,4,5,2,1,11,31,8,155,13,8,8,86,13,12,15,91,10,13,12,50,7,7,2,3,4,2,4,4,0,1,0,1,1,7,2,1,8,28,3,18,24,3,5,12,2,6,11,7,4,11,7,8,11,2,0,1,4,0,2,3,5,3,0,5,0,2,3,1,6
106,16,8,0,6,17,2,0,9,25,4,1,18,23,6,1,34,5,6,0,8,2,2,3,6,0,3,0,8,4,4,2,9,25,9,138,17,9,9,86,6,11,7,109,4,11,8,68,9,3,3,5,1,1,3,2,4,1,1,0,5,9,2,4,3,9,7,13,22,7,7,6,7,10,5,2,7,8,12,10,10,7,0,3,1,2,0,4,4,3,2,1,2,4,6,6,8
107,21,8,0,8,14,7,5,11,22,8,7,17,24,23,2,23,5,8,1,4,3,5,1,6,0,2,0,2,3,2,2,2,24,10,156,18,8,10,93,18,5,6,93,9,10,12,54,7,4,2,3,4,4,2,2,1,5,0,2,0,9,3,2,5,14,2,17,15,2,7,6,2,7,2,9,11,16,6,6,10,1,2,7,0,3,3,3,2,1,1,1,0,1,5,3,8
108,15,4,0,4,21,10,3,7,32,7,4,13,20,11,4,30,5,1,1,3,2,4,1,7,3,2,0,4,5,4,0,9,22,5,158,18,8,6,103,18,16,7,91,10,12,10,50,5,1,2,4,7,2,0,3,3,0,3,6,2,7,4,0,2,17,3,19,17,6,9,4,9,6,7,11,6,4,8,5,11,0,3,4,2,1,2,0,4,2,1,4,3,4,1,3,3
109,10,10,2,9,13,6,3,7,17,8,1,20,15,18,2,35,5,4,3,8,2,4,1,5,2,1,0,0,1,3,3,8,30,12,156,12,10,10,84,14,15,7,91,9,12,8,49,10,5,5,5,7,1,1,5,0,0,1,2,1,11,2,1,6,24,6,24,21,4,5,4,6,10,4,1,8,8,8,3,8,1,0,4,5,0,3,4,6,2,0,4,3,1,5,6,4
110,14,9,1,11,20,10,5,11,30,7,2,18,15,9,5,16,9,3,3,7,5,4,3,3,1,4,1,3,2,5,1,2,20,8,155,14,13,8,105,12,12,9,80,7,5,18,49,11,1,7,5,9,1,4,1,4,1,0,4,2,5,3,3,10,16,6,12,21,3,8,12,3,6,3,9,6,7,11,5,8,4,0,1,1,1,3,5,5,1,1,6,1,2,2,1,5
111,17,10,2,7,19,8,1,11,25,5,2,18,16,13,1,41,7,1,0,6,4,4,2,2,3,1,0,5,0,3,0,8,25,12,161,14,9,9,92,10,9,4,102,8,14,7,57,5,5,6,4,2,1,2,1,3,3,1,3,2,4,3,3,4,19,6,12,25,6,8,6,6,10,0,7,12,5,8,4,3,0,1,4,0,1,2,5,2,2,1,4,2,1,1,3,7
112,16,5,2,4,15,6,6,13,27,6,2,12,25,15,3,34,4,1,1,4,3,5,2,3,3,4,0,2,8,5,0,8,19,6,147,17,12,10,84,8,16,7,94,13,13,14,50,7,4,4,5,3,3,4,5,3,3,1,3,2,13,3,1,6,13,8,10,23,3,9,10,8,6,0,11,7,6,7,6,6,4,3,1,4,1,2,4,3,1,0,3,1,2,2,3,9
113,15,6,2,8,22,4,4,8,32,7,0,11,23,10,6,27,2,3,2,6,2,3,1,8,2,1,0,1,5,8,1,9,25,13,137,11,12,4,101,15,11,10,99,10,15,10,52,13,5,6,7,7,0,2,3,3,3,1,1,0,5,2,2,5,21,11,14,9,6,8,9,9,5,1,4,7,3,5,4,11,1,3,2,1,2,4,4,5,2,0,6,0,3,2,3,6
114,19,5,2,7,16,8,3,9,27,4,5,21,13,14,5,31,4,3,1,3,3,4,3,6,1,5,1,4,3,3,2,4,24,7,144,18,7,11,85,11,15,9,92,6,15,8,59,5,8,2,7,7,2,4,5,5,2,2,4,1,6,2,1,8,20,5,24,18,5,5,10,6,3,7,10,7,4,4,4,10,0,1,2,3,1,0,2,3,1,1,9,2,0,1,5,6
115,8,10,1,8,27,7,6,7,26,6,2,10,17,10,6,32,7,4,0,4,1,4,1,4,2,2,3,3,7,1,1,6,20,10,156,16,14,9,98,10,9,8,90,8,9,12,56,6,3,8,3,6,1,6,4,5,5,1,0,1,9,1,2,4,15,10,15,15,5,3,8,6,7,4,9,9,9,2,6,11,2,1,0,2,1,3,3,3,3,1,3,2,3,5,4,7
116,16,9,3,11,20,8,5,13,33,4,3,9,18,13,6,27,6,4,0,12,3,5,3,6,2,2,2,1,3,3,0,4,27,8,138,18,10,9,100,10,10,7,84,13,9,12,59,10,7,1,6,8,4,2,0,3,1,2,2,2,9,2,2,5,15,10,10,19,3,5,8,4,2,8,11,4,4,5,6,12,0,0,8,3,0,1,6,1,1,0,2,1,2,5,3,7
117,11,10,1,5,22,7,7,7,25,10,1,10,20,17,1,30,7,6,0,2,2,2,3,2,1,2,1,7,4,1,3,5,23,11,153,9,16,12,107,5,12,6,97,7,9,14,56,7,3,2,6,4,1,3,3,3,1,1,0,2,3,5,1,7,19,4,18,26,10,6,10,7,6,6,7,4,2,3,1,9,2,0,5,4,1,1,2,7,0,0,3,4,0,2,4,6
118,25,9,1,6,17,12,2,16,29,6,2,15,22,16,2,32,7,2,1,6,6,5,0,7,2,2,0,2,3,1,2,5,33,8,146,14,13,10,85,12,14,6,105,16,5,11,52,6,0,4,3,5,0,1,1,3,0,1,3,0,6,0,5,5,15,6,13,16,6,9,4,6,2,2,13,6,9,5,4,8,2,3,0,2,1,2,1,2,1,1,6,3,1,3,3,9
119,18,6,2,6,20,4,2,7,30,2,2,14,23,16,1,29,6,5,0,2,2,3,3,6,1,2,1,1,4,3,1,8,21,13,142,25,11,11,97,7,8,14,98,10,14,10,43,10,4,3,7,4,2,5,1,3,1,2,0,4,5,1,3,6,21,8,14,22,2,5,7,5,6,6,8,5,5,12,6,7,1,1,7,1,1,2,1,2,2,2,2,5,3,4,3,9
120,19,8,0,13,16,6,1,18,29,10,2,19,21,18,4,21,9,5,1,7,1,6,1,7,4,4,2,0,3,2,1,6,24,10,131,17,10,11,95,7,5,10,104,13,11,14,51,11,3,7,4,4,2,2,2,3,2,2,2,3,7,1,4,5,16,4,11,21,9,4,11,3,9,1,6,8,7,5,5,9,1,0,4,3,1,1,2,2,0,0,1,2,3,6,0,4
121,18,5,3,7,19,10,4,11,27,7,11,9,20,15,4,28,7,1,1,7,3,4,1,3,4,3,1,6,6,4,2,9,25,11,134,15,14,8,93,12,17,9,98,8,10,17,44,11,3,4,6,6,2,2,4,1,5,2,2,2,11,1,2,3,13,6,16,14,4,11,7,2,11,4,2,6,5,5,5,12,2,2,2,3,1,0,2,4,3,2,3,0,2,1,3,5
122,16,7,2,10,20,5,3,9,26,10,2,10,17,12,6,34,5,3,3,8,0,2,1,4,2,2,0,0,1,2,1,8,29,12,146,19,12,7,100,9,13,10,101,9,11,17,58,10,6,2,5,5,0,1,3,3,2,1,1,0,4,0,0,7,15,9,13,20,7,5,8,4,7,8,4,5,6,3,6,10,2,0,6,2,2,3,6,3,0,1,1,0,1,1,3,5
123,9,7,2,7,16,4,2,6,26,7,5,13,22,14,3,23,7,1,1,5,4,5,3,6,3,4,0,3,2,3,0,7,17,15,150,26,16,7,77,12,12,20,98,12,9,13,53,5,3,2,9,7,1,3,0,2,0,1,0,1,12,3,2,8,24,5,18,26,6,8,10,9,8,1,3,3,6,6,2,10,3,2,4,6,0,1,2,2,1,3,1,0,1,1,4,8
124,12,7,0,6,20,12,3,7,25,8,3,17,17,27,5,39,3,8,0,6,7,3,0,6,2,2,2,3,6,3,2,9,30,9,141,14,16,8,87,5,10,11,78,8,10,16,40,6,2,2,7,11,2,3,3,2,0,3,3,3,5,3,1,10,13,12,17,14,6,6,7,5,7,6,7,8,9,6,3,12,1,2,5,1,0,3,6,3,0,0,4,0,2,4,2,10
125,10,4,1,6,17,8,7,8,26,2,1,10,14,16,3,30,9,1,2,4,2,6,1,6,4,1,1,6,4,5,2,10,21,8,163,14,7,14,85,7,15,9,87,10,8,12,42,8,3,3,2,7,1,5,5,3,1,3,2,1,10,2,6,6,28,11,18,22,4,4,9,2,5,4,8,2,15,8,6,12,1,2,3,5,1,5,5,6,1,1,4,0,2,4,1,4
126,13,4,1,5,10,6,2,8,25,8,7,12,21,11,8,35,8,5,0,3,4,5,2,9,0,0,0,4,4,1,2,8,16,4,158,13,10,9,93,10,10,9,105,11,6,17,56,13,3,0,4,1,6,3,4,1,4,1,0,2,9,4,5,6,22,10,14,22,5,3,9,10,7,7,7,3,6,4,5,6,3,2,4,2,0,0,0,2,4,0,1,1,3,4,5,5
127,14,16,3,7,16,8,4,8,23,8,4,17,25,13,3,29,4,6,1,9,3,4,0,8,1,5,0,3,10,2,1,3,31,10,137,17,10,9,97,14,17,10,92,11,7,8,56,7,3,1,1,2,0,3,1,1,2,1,1,3,5,1,1,6,19,7,14,21,6,7,7,4,4,6,7,10,10,4,6,7,3,2,0,4,0,4,2,5,0,1,3,2,2,3,3,4
128,14,7,0,2,19,12,6,6,22,2,2,17,23,13,3,26,5,2,2,3,3,3,2,6,2,1,0,3,3,3,1,5,30,8,163,20,10,7,96,10,12,8,108,4,9,8,64,10,3,0,6,3,1,4,4,3,3,1,2,2,9,2,5,3,15,7,16,16,5,5,5,5,5,7,7,2,9,5,1,13,0,1,2,2,2,2,2,2,3,1,0,2,4,7,4,7
129,13,8,3,9,30,5,7,6,20,6,2,10,22,16,1,31,6,2,1,3,3,2,3,4,0,0,0,6,3,0,1,9,28,9,149,13,11,7,96,11,12,10,97,7,8,12,61,5,4,8,8,6,4,3,2,0,3,3,2,1,3,3,2,5,29,6,11,21,4,10,8,6,4,4,4,5,6,5,4,11,3,2,3,1,3,0,1,7,0,2,1,1,3,4,3,3
130,19,7,0,9,23,5,3,10,30,12,3,16,14,12,4,27,4,7,0,1,2,6,0,5,2,4,2,7,3,2,0,8,22,8,154,11,12,7,102,10,13,7,90,10,8,8,62,6,4,5,4,2,1,4,3,2,4,0,1,3,5,2,4,6,21,7,17,14,4,9,4,5,8,1,8,7,7,2,8,13,1,1,5,1,2,0,5,2,4,2,2,2,1,4,2,4
131,16,5,1,5,20,7,4,18,23,6,3,22,20,16,2,27,5,5,1,6,4,3,3,4,1,1,1,6,4,1,1,7,22,10,144,15,13,10,92,7,18,15,92,6,11,10,49,15,1,3,9,2,1,6,3,2,0,0,4,5,10,2,0,9,17,11,15,18,6,5,5,3,5,4,6,4,6,6,2,9,1,2,2,4,1,2,2,3,2,1,4,2,2,3,2,11
132,19,10,2,9,14,4,8,8,24,3,2,12,26,11,5,37,4,2,2,4,6,1,3,5,4,1,1,1,7,5,5,4,27,7,143,14,5,11,89,7,5,10,97,13,9,9,47,11,8,8,3,0,0,5,2,0,1,2,2,2,5,0,3,9,14,5,16,18,10,3,17,6,6,10,10,3,6,8,5,10,1,1,4,2,2,4,4,7,1,2,7,1,1,4,2,7
133,14,9,1,9,16,6,3,7,32,5,2,15,24,9,5,36,9,3,2,4,2,6,2,9,1,3,1,1,6,2,0,3,31,10,165,12,11,10,72,5,14,13,95,9,12,9,46,7,1,0,3,5,2,3,2,6,2,3,3,3,9,1,3,6,23,3,14,20,8,6,8,7,6,6,6,4,5,8,5,7,3,1,6,2,3,1,7,4,2,0,4,1,1,0,0,9
134,15,5,2,9,20,7,1,8,27,8,2,17,12,10,3,28,7,2,3,3,2,3,0,6,0,5,0,1,2,5,2,7,29,15,168,15,6,9,91,10,9,5,115,6,10,17,41,10,3,7,7,5,3,3,3,2,1,5,0,1,4,2,4,9,14,8,13,20,4,5,7,7,4,5,8,9,10,5,5,11,1,1,0,1,0,1,3,1,3,0,1,2,3,4,4,3
135,15,7,1,7,14,9,4,6,34,7,4,14,13,21,0,27,3,3,2,5,4,2,1,2,4,0,0,5,0,5,0,12,22,10,137,7,14,10,94,14,8,11,114,9,16,9,57,5,7,4,3,3,1,2,3,2,4,0,6,3,6,0,1,5,14,9,9,28,5,2,10,7,5,5,6,7,9,4,5,6,3,2,9,1,1,5,5,2,1,2,3,0,1,4,3,9
136,16,7,2,7,14,7,8,13,20,6,5,15,27,11,5,23,2,3,2,4,3,2,2,4,2,0,2,3,2,3,1,2,26,14,151,20,9,10,80,9,7,14,102,11,11,14,65,7,3,6,4,5,4,6,3,2,2,3,2,2,3,0,2,3,20,5,24,18,5,6,8,4,4,2,4,4,10,7,5,8,3,1,4,2,3,1,2,4,2,1,3,1,1,5,4,6
137,19,8,1,10,14,8,4,10,36,9,6,9,27,12,2,30,5,3,1,4,4,5,2,4,3,4,1,6,4,1,0,6,21,18,154,18,16,9,69,4,11,6,87,7,17,12,46,10,5,4,5,3,2,3,4,6,1,1,2,2,3,1,3,7,15,3,20,13,8,4,12,6,6,9,6,7,9,3,5,16,1,1,5,1,0,3,3,5,2,0,4,0,0,5,2,11
138,14,10,1,7,15,5,3,9,18,8,4,14,12,12,2,28,3,7,1,3,1,6,4,7,3,3,0,2,2,5,0,9,22,9,149,23,9,12,75,11,8,13,113,9,14,9,45,7,7,5,9,2,1,1,2,3,1,1,0,3,10,0,2,6,31,4,15,20,4,8,9,7,5,5,11,3,10,4,5,10,2,2,2,3,3,2,5,5,0,0,5,4,3,2,5,7
139,13,9,4,10,18,7,4,5,15,8,3,9,20,11,6,33,4,1,3,4,3,4,2,6,1,2,1,4,2,6,0,1,21,13,154,14,14,10,81,9,15,9,97,6,11,8,40,11,6,3,6,2,3,4,4,1,0,3,2,2,5,6,3,5,24,6,19,20,10,7,9,5,8,4,6,7,7,6,10,11,2,0,0,1,2,2,5,5,2,0,8,3,6,6,5,7
140,14,3,3,9,17,8,4,6,35,10,2,15,18,15,4,28,4,4,3,6,6,5,2,3,2,2,1,3,5,6,1,4,25,4,138,18,9,9,91,11,11,18,80,12,9,19,55,7,3,4,6,6,1,6,2,1,2,0,1,5,9,4,0,4,22,9,17,18,6,3,12,8,5,3,5,4,4,4,7,11,2,2,3,4,1,3,3,6,1,0,1,0,5,3,5,5
141,18,8,1,8,21,7,5,16,24,5,6,16,15,21,4,28,9,5,1,6,4,3,2,2,4,3,0,3,2,2,1,8,20,17,149,20,8,11,76,13,18,12,83,8,15,10,35,5,2,4,2,4,3,2,3,4,0,2,0,0,8,3,3,7,20,12,18,19,2,2,7,10,9,5,4,6,8,4,4,15,3,1,4,6,2,2,10,5,1,1,3,0,2,3,1,6
142,18,4,2,6,17,7,2,5,29,8,4,18,20,12,3,28,3,2,0,14,5,5,6,1,3,7,1,1,2,5,2,8,23,10,149,17,16,10,92,13,15,9,87,9,10,12,46,10,2,2,3,4,3,2,2,1,0,1,1,2,12,3,1,10,18,2,13,22,6,5,14,7,9,2,5,8,7,3,6,9,2,2,3,4,0,3,3,5,0,0,4,1,3,2,4,3
143,11,8,1,10,16,4,3,7,32,8,1,20,15,18,3,30,6,5,1,8,4,4,1,1,1,3,0,4,3,2,0,7,40,8,154,8,12,6,93,11,8,16,104,11,11,13,47,5,2,2,8,1,3,4,2,4,2,0,1,0,4,1,3,2,18,7,21,10,4,5,10,5,5,4,7,2,8,8,6,16,3,0,6,3,0,6,3,2,2,0,4,1,1,3,1,6
144,23,8,0,8,15,9,5,8,32,3,1,19,14,14,2,25,5,3,2,3,1,3,2,4,2,3,0,3,4,2,0,10,24,15,149,18,5,10,93,7,14,14,97,4,13,14,42,8,3,4,10,4,1,4,2,2,0,1,2,2,13,4,5,4,17,6,13,16,9,6,8,4,7,4,12,9,11,3,6,12,1,1,4,0,0,1,2,3,2,0,2,5,1,5,4,5
145,12,9,1,6,17,8,5,20,21,5,1,15,23,15,1,22,4,3,0,3,2,6,2,3,1,5,1,2,3,6,2,4,20,6,139,12,11,9,94,14,22,7,97,6,8,15,68,9,7,5,5,8,1,3,3,0,1,0,1,2,7,0,2,7,14,9,13,33,4,7,8,4,6,6,6,6,7,3,8,8,1,2,5,3,2,2,1,3,3,2,4,0,3,5,1,4
146,15,4,1,9,17,4,3,9,33,3,6,13,21,14,2,25,2,5,2,5,4,4,1,5,1,2,0,1,3,5,0,6,24,8,137,17,11,12,93,11,12,8,109,7,12,8,60,13,8,3,6,4,3,3,5,4,1,1,0,4,9,2,7,6,13,5,15,18,2,3,7,6,5,8,10,5,7,6,7,6,1,2,3,1,1,2,4,4,2,0,1,0,4,7,2,10
147,25,11,0,12,17,13,5,8,18,5,3,14,11,21,2,26,4,3,2,6,4,2,2,2,1,0,2,3,7,1,2,7,24,16,159,18,8,10,92,15,13,5,99,10,6,7,53,7,6,3,2,2,1,6,3,2,0,2,3,3,7,1,3,13,22,6,16,17,4,6,4,6,5,3,13,2,5,9,2,8,3,2,2,1,0,0,2,2,0,0,3,2,5,3,6,3
148,13,5,0,16,17,7,5,11,35,3,3,15,14,11,1,31,7,1,1,2,1,5,2,6,1,5,2,3,1,4,3,9,25,6,170,12,11,11,91,12,12,19,83,8,14,13,54,6,4,2,5,3,2,1,4,0,2,4,1,1,7,0,0,5,19,4,14,10,5,4,11,6,11,4,9,3,7,8,3,11,1,1,3,0,2,2,1,9,1,1,5,1,0,3,5,8
149,2,5,4,8,28,10,4,10,36,6,4,17,19,10,5,33,2,3,1,4,6,7,0,4,4,1,0,4,0,3,1,12,20,10,146,17,15,11,87,11,17,8,93,12,7,11,51,9,4,3,4,2,2,4,1,2,2,4,2,3,6,2,2,9,15,5,17,14,3,3,11,8,7,2,5,8,6,5,8,7,2,1,5,2,1,2,4,3,2,2,4,3,3,2,4,6
150,11,7,0,4,16,12,4,8,23,5,5,16,15,17,2,30,3,5,2,10,3,3,1,4,1,2,1,2,5,8,2,5,29,4,152,11,10,8,93,11,7,9,92,7,13,12,56,7,2,4,6,5,0,5,3,3,2,2,2,1,4,4,5,5,25,5,23,14,9,4,8,6,6,4,5,7,11,3,5,7,3,2,5,5,0,5,3,5,2,0,7,1,2,4,3,5
151,18,8,0,5,22,10,6,14,18,7,0,14,19,13,3,29,2,4,1,3,0,3,3,5,3,2,0,3,5,5,4,3,30,7,168,12,9,8,78,10,11,13,107,13,15,10,53,20,4,4,2,4,1,4,4,0,1,0,1,3,5,2,1,6,25,5,14,13,3,4,9,7,7,5,7,4,7,9,7,14,1,0,4,3,1,1,1,4,1,0,0,0,3,0,1,2
152,14,6,1,5,12,7,2,13,26,5,0,13,10,19,6,23,3,6,0,11,2,5,1,5,2,2,2,3,3,4,2,3,22,6,164,16,11,6,87,7,12,12,99,5,14,5,67,11,5,3,4,7,3,1,6,5,1,2,3,1,7,2,4,7,20,2,15,26,4,6,14,13,2,4,5,4,6,8,5,5,0,0,3,5,2,2,3,4,0,2,4,1,0,1,7,6
153,14,11,0,10,14,11,5,9,24,10,2,17,16,8,1,30,10,1,0,4,6,2,0,11,1,1,2,4,6,3,4,5,24,8,151,13,7,10,98,14,4,15,91,9,14,11,46,9,4,5,6,6,3,3,1,1,2,4,2,0,7,2,2,5,20,6,14,22,4,1,6,7,9,3,6,5,10,2,11,16,1,1,2,1,0,2,4,6,2,2,5,2,0,3,6,2
154,13,8,4,3,19,5,1,11,24,9,3,17,19,21,4,29,3,2,3,5,4,4,4,4,1,2,0,5,1,3,2,5,29,10,150,14,9,10,89,14,18,10,99,9,5,13,45,13,5,8,3,5,2,5,0,7,4,2,1,1,8,3,2,4,16,6,15,21,2,4,11,6,6,4,8,7,7,1,5,13,0,0,3,1,0,0,2,5,0,2,3,0,2,2,2,11
155,16,6,2,10,14,5,6,8,25,4,4,13,21,11,5,37,4,2,2,7,4,2,5,4,3,2,1,0,3,3,0,3,18,11,148,16,12,10,84,9,6,11,103,8,15,15,47,7,3,0,5,1,3,2,2,3,3,3,3,2,15,3,0,6,22,5,18,20,7,3,12,9,8,5,10,8,6,6,7,8,1,0,3,2,2,1,6,2,0,0,3,1,1,3,4,11
156,13,4,2,11,24,9,4,8,22,7,3,26,15,10,2,36,4,9,0,5,3,8,5,4,3,5,3,3,4,2,0,1,26,8,161,16,8,13,87,6,7,11,87,7,10,11,47,9,4,1,4,5,1,1,3,2,2,2,1,1,8,2,5,6,24,9,11,17,4,8,9,10,2,4,8,4,11,6,6,10,1,4,3,2,0,3,6,5,2,0,1,0,4,2,4,3
157,22,6,1,11,23,9,5,12,19,12,3,16,13,15,2,29,4,2,1,6,0,6,2,3,3,2,2,2,5,8,2,4,22,16,152,15,14,10,92,9,9,7,83,9,14,7,57,8,3,3,3,1,4,5,4,3,2,1,1,4,5,1,1,6,21,7,16,18,8,7,7,8,6,4,6,6,5,7,9,9,1,1,5,2,0,3,4,1,3,1,1,0,2,1,3,7
158,12,9,1,14,16,2,3,8,28,6,4,15,14,15,2,33,9,4,1,4,5,5,2,6,1,2,0,2,4,9,0,9,16,9,142,19,5,8,93,11,11,7,91,5,7,15,52,17,1,7,8,4,0,3,3,1,1,2,1,2,8,0,1,6,14,8,16,24,5,12,9,6,6,2,7,4,11,6,1,15,1,1,6,1,0,3,3,9,0,2,4,2,4,6,5,6
159,16,7,1,8,20,9,4,11,26,6,1,18,21,15,6,34,2,3,0,8,2,3,1,6,1,2,4,4,5,3,1,8,35,7,140,17,13,7,95,13,12,8,80,9,13,14,55,9,3,2,1,0,1,3,0,9,1,3,0,2,3,4,2,4,23,4,14,14,4,7,15,7,4,3,9,4,6,5,9,11,0,1,4,1,1,4,5,1,0,0,1,2,4,4,4,8
160,15,12,3,7,22,2,1,8,19,6,3,21,14,15,4,27,6,1,2,4,1,5,3,6,3,3,2,5,5,6,1,10,25,14,146,18,12,9,92,13,15,15,89,8,12,11,52,11,3,5,5,3,1,3,3,0,1,2,2,4,4,0,1,10,22,8,16,10,6,3,9,4,3,6,10,6,6,8,6,10,0,3,5,4,0,2,1,7,3,1,0,0,1,1,2,6
161,16,13,1,3,18,4,3,3,29,6,4,12,17,13,6,31,3,4,0,6,2,1,1,7,4,1,1,0,4,4,0,5,37,12,139,17,10,4,89,12,10,11,106,12,7,15,49,10,3,5,5,3,1,1,2,1,0,1,0,1,11,3,2,11,21,12,13,23,2,5,8,8,4,6,2,9,3,5,6,11,2,1,5,2,0,4,3,8,2,0,4,1,3,2,4,9
162,14,7,0,4,18,7,4,8,29,6,3,20,20,13,1,33,1,3,0,10,4,5,1,6,0,7,1,2,4,4,0,7,22,12,157,15,10,9,100,10,13,5,80,7,10,16,48,6,4,9,4,3,2,1,6,2,2,2,3,1,7,4,4,7,16,6,15,27,2,5,12,9,9,2,3,8,4,5,5,12,1,1,6,1,1,3,1,1,2,1,4,2,3,1,6,3
163,12,9,1,5,14,9,7,6,25,10,0,19,19,17,5,31,3,2,1,6,7,3,3,6,2,1,2,4,5,1,0,12,27,14,156,10,5,6,94,5,9,7,111,12,7,11,42,12,5,3,4,7,1,2,2,6,3,1,4,2,6,3,1,5,12,10,12,22,1,7,8,11,2,4,6,7,5,6,5,11,3,1,2,2,0,3,4,7,1,0,2,2,1,2,3,8
164,19,5,3,11,17,9,3,15,35,9,1,22,11,11,12,28,6,4,1,5,1,4,3,5,4,0,0,1,4,7,1,10,25,12,153,12,14,7,85,10,10,11,76,10,5,14,49,15,2,1,4,5,3,3,3,2,3,1,1,1,6,2,4,6,17,8,14,23,6,2,9,9,9,1,8,6,8,4,3,10,2,2,5,4,1,1,3,1,1,0,5,0,0,3,5,8
165,15,8,0,8,26,6,4,8,23,8,4,27,21,10,3,32,4,4,0,6,3,5,2,4,1,2,0,3,5,4,0,2,25,7,157,14,10,11,82,15,12,17,85,9,15,8,52,9,2,3,6,5,2,3,3,2,1,0,5,0,7,4,1,8,13,5,19,16,4,2,4,1,4,6,6,6,13,8,8,12,3,0,4,3,2,4,2,4,1,0,4,2,2,6,5,3
166,15,8,1,12,23,2,4,12,33,2,4,11,17,15,2,21,10,2,0,7,2,1,4,1,4,7,2,4,4,7,1,11,25,11,142,7,7,14,96,10,9,11,101,7,11,7,46,11,1,4,4,6,0,2,2,2,0,2,3,1,5,4,3,6,17,11,16,15,5,4,14,8,8,6,7,8,4,6,7,13,2,1,4,3,1,1,4,9,2,0,0,2,2,2,2,7
167,16,10,0,4,14,4,1,8,27,9,3,20,13,7,3,28,4,3,1,6,1,1,1,7,0,1,1,1,3,2,1,3,30,15,159,18,10,11,92,11,9,7,91,10,18,12,62,7,12,5,7,4,1,1,3,4,1,6,3,4,3,5,1,5,12,10,14,23,3,2,7,9,3,7,9,3,10,2,8,8,1,0,8,0,1,4,2,3,3,0,3,4,1,3,6,1
168,19,6,2,6,22,10,6,5,32,10,3,13,19,14,4,23,5,4,2,4,5,8,1,5,0,1,0,2,2,2,0,7,23,4,143,12,11,11,76,13,13,13,88,10,8,12,66,7,5,5,6,2,2,5,3,2,1,2,2,1,12,7,4,5,11,7,13,19,8,11,8,9,4,7,5,8,9,6,5,5,1,2,6,4,1,6,3,5,3,0,3,0,1,4,1,9
169,10,10,2,8,19,3,6,9,26,7,3,15,19,17,0,38,8,3,1,6,3,1,0,3,1,2,0,3,4,7,2,8,24,13,156,13,11,13,83,10,12,7,83,7,9,7,51,7,2,4,2,6,2,5,4,2,0,2,3,3,4,1,4,4,21,7,22,14,9,6,10,3,8,6,10,7,10,8,9,8,0,2,3,1,0,3,2,2,1,1,8,1,3,6,6,5
170,14,7,4,6,20,4,7,9,20,9,1,14,17,15,4,26,3,5,0,3,0,3,3,7,3,4,3,4,6,6,1,9,26,12,153,10,16,13,99,12,20,8,85,9,11,16,32,11,5,1,6,5,1,3,5,2,2,0,2,0,8,5,0,3,14,7,15,13,2,4,16,10,5,3,7,1,5,8,8,10,2,1,5,2,2,2,6,3,1,0,3,1,1,9,5,11
171,24,9,2,7,15,12,1,13,24,4,7,18,25,14,3,28,5,4,1,6,2,3,0,2,5,1,1,2,1,5,1,6,23,9,142,14,8,7,84,10,17,13,93,4,13,13,49,7,3,4,0,5,0,3,4,3,1,3,4,1,11,2,1,4,16,8,14,17,5,9,9,11,7,6,7,9,8,9,8,6,1,0,7,3,0,2,6,3,1,0,8,0,1,3,7,3
172,11,9,0,6,21,9,2,15,28,5,2,23,15,7,3,25,4,2,2,7,4,8,1,6,1,6,1,1,2,3,0,7,30,7,148,15,13,8,84,12,15,9,97,8,15,5,61,9,5,8,7,0,3,5,3,3,0,1,1,1,7,3,3,5,22,6,17,14,4,2,11,6,8,4,6,8,14,8,2,7,1,0,4,4,2,2,2,4,1,0,6,1,1,2,3,1
173,17,9,1,8,19,4,2,11,18,8,4,24,24,15,4,21,7,3,1,6,4,4,4,7,1,2,2,6,0,6,1,9,24,12,142,19,12,11,85,11,6,13,91,13,6,12,57,3,0,3,7,4,4,3,3,4,2,1,1,3,5,1,4,5,17,7,18,18,7,6,9,3,4,6,11,5,11,7,4,10,2,0,7,1,1,2,2,3,1,1,6,1,2,2,4,3
174,13,10,2,11,15,7,4,5,28,8,2,24,15,10,5,34,6,7,0,5,1,2,0,1,3,1,0,2,5,4,1,3,23,6,147,15,12,10,81,8,10,11,108,11,7,14,57,14,3,3,4,5,2,3,3,1,2,4,3,2,11,1,2,8,13,5,18,19,2,5,8,5,5,4,4,3,6,13,12,12,0,2,5,1,0,1,4,6,2,0,1,0,4,5,3,7
175,15,6,2,6,15,7,2,6,28,7,4,11,18,5,5,29,3,7,2,6,1,8,1,9,0,2,0,4,4,1,2,5,23,13,153,14,13,6,91,14,14,11,92,6,11,7,56,7,5,2,4,6,3,2,3,4,4,1,2,2,7,1,3,3,18,7,12,22,4,4,7,5,10,6,12,7,10,5,10,10,1,3,1,3,2,3,3,3,1,1,1,4,4,5,3,9
176,15,9,1,8,20,6,6,9,26,5,6,22,16,11,5,36,6,2,0,5,3,4,2,4,1,4,0,3,4,4,2,1,21,14,163,7,13,12,82,6,20,13,77,9,8,12,48,7,3,7,4,3,3,4,3,0,1,2,0,2,4,2,4,11,17,9,12,27,2,8,2,6,7,6,9,5,9,12,13,5,0,2,4,2,1,1,4,0,3,0,2,0,2,4,8,7
177,18,8,1,11,17,11,7,5,21,6,3,20,19,19,6,31,3,4,1,4,2,4,0,7,3,2,1,3,2,4,0,7,29,8,144,18,11,8,88,6,8,8,106,8,12,11,54,11,9,6,5,6,0,2,1,4,1,1,5,3,6,1,1,5,13,8,12,16,8,8,10,6,4,5,5,5,8,5,5,10,3,1,4,2,2,1,4,1,1,0,6,1,3,2,2,3
178,17,2,0,7,23,9,0,11,33,6,4,19,20,12,3,30,2,4,0,1,2,5,1,1,4,1,0,3,3,3,0,4,21,9,155,14,14,13,92,13,12,9,97,14,11,16,44,9,3,3,6,3,3,3,2,3,0,4,1,1,9,4,0,9,23,7,18,15,7,3,7,7,4,1,6,9,4,5,4,15,2,2,3,3,1,0,6,5,2,0,4,0,3,1,1,5
179,14,7,2,9,17,12,5,7,35,6,0,11,19,10,6,28,7,2,1,5,2,8,2,3,3,4,0,1,5,7,1,3,20,11,153,18,7,11,92,10,9,9,92,5,12,14,54,6,6,4,0,1,2,5,2,1,1,1,5,1,6,2,1,6,29,8,14,14,7,13,4,7,10,2,6,6,7,8,3,13,1,1,2,2,0,4,4,8,1,1,1,1,4,1,4,5
180,13,10,1,8,22,5,4,10,23,6,3,19,21,6,4,31,8,1,1,8,2,5,2,5,0,3,0,4,1,7,1,8,24,15,135,9,12,15,80,5,6,13,104,19,9,10,51,6,1,6,6,4,0,1,2,3,0,1,3,4,5,1,0,6,29,9,11,20,10,7,2,9,11,4,8,6,7,7,6,6,2,0,7,0,0,5,5,6,2,1,3,2,3,6,2,6
181,11,8,1,7,24,7,6,6,29,9,3,17,22,13,4,39,3,5,0,4,6,2,1,3,5,3,0,5,3,4,3,5,34,6,142,19,13,5,81,11,11,7,107,3,9,6,49,10,4,2,4,5,0,2,4,2,2,3,4,4,9,2,5,10,22,6,17,18,8,5,5,7,6,2,1,7,11,6,2,6,2,1,3,0,0,3,3,4,2,1,3,4,3,2,1,6
182,18,4,2,6,23,9,7,8,17,5,1,18,24,10,5,36,3,4,1,2,2,3,2,1,5,3,0,5,4,2,1,4,20,11,166,13,11,4,75,6,8,15,99,7,9,13,55,9,2,4,5,4,2,7,4,4,1,1,0,9,9,2,3,9,15,7,21,15,5,6,13,6,5,6,6,6,7,9,7,7,2,1,2,3,1,2,2,2,1,0,3,4,1,2,8,3
183,19,7,2,11,17,5,3,7,32,3,3,12,12,11,10,24,4,5,1,2,4,1,2,3,0,3,0,4,5,2,0,15,14,11,165,16,10,12,74,9,14,13,101,5,14,19,58,10,1,9,5,3,6,6,1,2,4,0,3,3,6,2,1,9,11,7,8,17,5,6,8,6,4,2,7,10,8,8,6,14,5,0,2,2,0,0,4,2,1,2,2,1,1,5,5,6
184,13,8,1,7,13,6,4,10,27,8,1,19,17,11,5,33,6,6,1,7,5,4,0,1,0,2,1,3,6,8,2,4,28,14,156,15,13,10,80,11,12,4,89,7,10,10,57,9,2,4,3,2,3,2,0,2,1,1,2,1,10,3,3,5,22,8,15,22,8,3,10,8,5,3,6,9,7,6,7,5,1,1,4,2,1,1,3,4,0,3,7,2,2,5,5,7
185,17,5,0,6,23,9,1,9,38,5,3,11,14,15,5,27,4,3,1,4,5,1,3,3,4,4,0,2,3,6,0,2,33,11,146,6,11,9,99,9,7,10,90,8,9,13,54,7,3,4,5,5,2,4,6,2,2,1,0,2,12,3,3,4,25,5,15,20,12,5,8,8,7,6,9,5,6,10,3,8,2,1,5,0,1,1,3,1,1,0,4,0,4,2,1,9
186,17,9,1,3,23,11,6,10,30,6,3,14,12,14,3,28,5,2,2,5,5,3,1,3,4,0,0,4,2,4,3,7,23,11,158,13,6,14,93,4,9,8,101,12,6,9,44,8,5,6,4,6,3,6,2,3,1,0,2,1,10,2,2,7,20,5,15,21,4,7,13,5,11,9,5,6,6,4,2,8,3,1,5,2,2,6,2,3,0,0,4,0,1,1,4,6
187,24,7,1,5,24,5,2,12,26,5,3,17,23,12,2,23,6,1,1,4,3,5,4,3,1,6,0,4,4,3,0,5,18,12,147,14,14,10,80,14,12,12,100,8,13,17,51,9,3,7,6,7,1,2,5,2,3,0,4,2,10,3,1,3,17,6,14,14,6,4,8,12,5,3,10,6,5,6,4,16,1,1,1,2,1,4,0,1,1,0,2,3,2,1,3,10
188,17,5,0,10,12,4,4,6,27,13,3,13,18,14,4,20,3,4,4,3,3,4,2,6,2,2,0,1,3,3,1,8,23,8,153,9,12,6,103,19,14,10,103,8,10,10,48,5,0,2,6,4,0,1,3,5,1,1,4,2,9,2,3,12,23,7,15,21,7,4,5,4,7,1,7,6,7,8,5,12,1,0,7,1,2,2,5,3,0,0,2,3,2,6,5,7
189,17,8,0,8,22,6,9,12,27,8,2,14,15,16,2,24,7,3,3,3,3,5,0,4,3,1,2,1,2,3,0,8,27,16,145,18,12,7,91,9,10,9,93,9,9,11,59,9,6,2,3,4,2,0,1,1,1,3,3,1,9,3,4,3,17,8,12,20,7,10,9,2,7,4,5,8,5,9,8,7,2,2,4,1,2,6,6,4,0,2,3,2,3,1,3,3
190,11,7,1,13,17,4,1,14,36,11,5,20,19,15,3,29,1,1,1,5,6,1,2,2,1,5,2,2,2,4,0,9,24,7,150,11,13,16,73,13,11,10,83,7,10,12,57,13,2,7,8,9,0,6,1,4,1,1,1,0,10,1,3,9,17,5,10,19,4,8,7,7,5,7,9,9,8,4,5,10,1,2,5,0,1,3,2,6,0,2,5,2,2,1,2,9
191,22,4,3,6,22,8,4,15,21,8,1,17,18,13,2,22,4,4,0,2,4,1,3,7,3,1,1,2,7,3,1,12,22,4,164,8,8,12,92,12,12,12,88,12,7,12,55,12,3,3,5,3,1,2,8,3,0,2,2,1,7,1,2,7,22,10,10,26,5,2,7,6,6,3,10,8,9,5,3,11,3,1,2,1,2,2,1,5,0,0,2,1,1,3,5,5
192,15,6,0,10,21,3,1,9,29,10,1,14,13,14,2,31,8,2,1,5,2,7,2,1,0,3,1,5,4,5,1,9,26,9,172,14,10,11,91,9,14,8,81,9,10,14,38,9,4,3,4,4,1,4,2,2,1,1,3,2,7,2,1,7,15,4,16,22,8,6,9,11,7,2,6,6,10,8,10,12,2,2,1,1,2,4,0,5,0,1,3,2,3,3,4,7
193,16,6,3,5,17,6,3,7,17,5,1,18,21,11,1,30,7,3,0,7,2,3,1,4,1,3,0,1,3,5,0,4,18,10,159,14,17,7,92,9,18,7,102,11,11,14,43,6,3,7,5,6,4,1,1,5,2,1,1,4,13,1,2,5,22,2,19,27,3,7,4,12,6,5,4,13,6,8,6,12,1,0,4,0,1,3,2,3,0,1,2,1,4,4,4,4
194,18,7,1,8,17,4,4,13,22,6,1,13,17,9,3,29,4,3,2,1,3,7,2,6,1,2,1,4,5,4,1,13,24,10,149,9,8,14,72,16,9,10,110,8,11,10,51,8,2,3,5,4,4,4,4,1,2,4,3,1,9,2,2,6,20,7,21,13,9,7,14,4,5,3,4,6,14,10,7,11,3,1,2,1,3,6,2,3,1,0,3,2,1,2,2,7
195,17,10,1,4,21,6,5,12,22,8,2,10,18,16,7,27,7,5,1,4,3,8,4,6,2,2,0,1,0,5,0,5,20,10,137,17,8,3,84,10,15,10,105,4,13,12,51,10,7,5,4,10,0,3,4,3,4,3,2,4,11,2,3,5,14,9,14,22,6,8,7,5,8,2,2,5,9,6,11,8,0,2,2,3,3,2,1,5,1,0,8,3,2,4,2,8
196,19,11,0,9,14,4,6,8,32,8,1,20,14,9,3,31,7,4,1,3,0,1,2,4,2,0,1,0,1,7,1,9,17,10,146,17,6,10,103,6,9,14,100,10,20,11,49,8,2,3,5,2,1,6,1,5,1,2,1,2,6,3,4,6,18,5,12,24,5,6,6,3,5,5,10,6,6,10,4,15,1,2,2,1,2,4,4,7,1,0,4,0,3,3,3,5
197,12,4,1,5,18,6,4,13,31,8,0,12,16,7,3,28,5,5,0,7,6,3,0,2,2,5,0,4,5,5,3,6,23,11,163,13,19,8,90,9,9,14,90,12,13,8,54,13,2,1,5,1,2,5,3,4,1,3,3,2,7,3,3,4,18,2,18,16,5,4,8,8,4,6,4,10,10,4,8,6,1,5,3,2,0,0,4,2,1,1,5,1,7,5,2,6
198,14,10,1,6,16,3,9,9,32,7,3,11,22,14,5,32,6,5,1,6,2,5,3,7,3,3,2,2,2,1,1,3,22,10,172,9,5,7,93,11,10,11,102,7,8,11,56,2,4,7,5,5,2,1,2,1,3,1,2,1,11,2,2,7,17,4,11,15,2,9,9,6,6,7,5,3,3,5,6,17,1,0,4,3,0,0,3,3,1,0,8,0,1,2,1,10
199,12,7,2,10,19,2,3,12,35,9,2,9,16,14,3,20,4,1,0,9,2,5,2,6,1,4,0,2,4,5,0,7,26,11,161,18,10,5,89,8,7,9,96,7,5,16,72,15,3,4,7,1,1,4,4,1,2,2,3,3,6,3,0,7,9,7,21,22,2,2,7,12,5,5,7,1,4,6,3,10,1,1,3,2,1,5,6,5,1,1,2,1,0,3,5,7
200,14,7,0,14,14,11,4,8,30,5,6,16,15,13,5,31,6,4,0,5,3,6,2,7,0,1,0,3,3,5,4,9,20,11,156,11,15,7,88,10,10,9,79,7,6,14,43,7,2,8,5,1,1,4,4,4,4,2,3,1,10,0,2,3,21,10,19,20,4,10,13,2,9,5,6,6,8,4,11,13,1,1,2,3,2,1,7,4,0,2,3,4,2,1,4,4
201,14,4,1,9,15,6,9,10,36,6,3,11,22,13,1,32,7,5,0,5,4,4,0,6,0,5,0,1,3,4,1,8,24,8,146,9,11,7,76,9,8,10,90,11,10,10,54,11,3,4,5,3,1,3,2,7,5,3,3,3,8,1,1,13,18,6,20,22,2,6,6,7,10,5,6,8,8,10,11,9,3,2,6,3,1,0,1,2,1,0,3,1,4,5,3,7
202,13,4,0,4,16,7,3,6,31,8,2,10,13,10,7,28,8,5,0,7,2,2,1,4,0,3,0,2,2,1,1,7,19,12,143,16,9,8,83,9,13,15,103,13,14,15,46,12,3,4,7,5,3,6,2,4,4,0,4,4,6,3,2,12,30,6,18,14,6,1,6,5,8,5,13,5,9,1,8,11,2,2,0,3,3,2,4,6,0,0,3,2,5,4,6,6
203,23,8,1,8,19,2,5,1,26,9,6,18,19,18,2,26,3,6,1,10,2,1,1,4,2,1,0,4,6,5,1,8,26,11,142,17,11,7,101,11,15,12,82,10,15,11,45,8,5,4,3,7,0,2,1,6,1,4,4,2,6,2,2,5,15,7,13,19,5,6,1,7,8,4,7,7,8,6,6,11,1,1,7,2,1,3,4,6,1,0,3,0,2,3,5,7
204,13,9,0,5,16,6,3,10,33,11,2,19,13,13,2,33,8,6,0,6,4,4,4,8,1,3,1,4,2,5,0,8,24,15,143,7,7,9,85,10,17,5,91,13,15,14,53,10,0,5,4,6,1,2,0,3,1,2,2,3,10,3,1,5,16,10,8,19,3,5,12,6,6,5,11,7,3,4,10,13,1,0,6,3,1,5,4,2,5,0,2,1,0,3,2,9
205,19,13,1,9,19,9,4,11,26,6,5,13,20,11,1,27,4,3,0,7,1,3,4,7,2,2,0,4,2,5,0,2,26,12,171,13,9,9,96,6,8,12,86,12,13,6,62,7,1,5,3,3,2,3,4,3,3,0,2,0,5,2,3,5,23,2,11,25,6,8,7,5,8,2,5,7,5,4,1,8,0,1,3,2,3,1,4,7,1,1,3,0,4,2,1,8
206,16,10,2,6,19,9,4,7,34,4,2,12,20,8,2,28,5,4,2,2,2,5,4,3,2,2,0,1,5,2,1,5,29,16,157,5,9,8,96,15,8,17,77,8,8,11,61,7,2,1,8,6,3,1,4,2,1,0,3,2,6,2,2,7,24,10,19,20,7,4,6,7,12,1,8,2,6,4,7,11,2,1,2,3,1,1,6,3,1,0,5,1,2,2,3,9
207,19,10,1,10,21,10,4,6,27,2,1,18,16,12,4,26,5,4,1,6,2,3,0,2,1,3,0,3,3,3,0,9,22,14,158,15,9,11,93,7,10,11,104,7,12,6,56,3,2,4,4,5,1,2,3,1,2,2,1,0,7,1,1,8,23,9,18,15,7,3,8,8,7,2,11,5,7,5,4,14,1,2,1,4,0,3,2,6,0,1,4,1,5,2,4,4
208,14,5,2,7,20,5,2,14,37,3,2,18,17,20,3,25,3,5,2,3,2,3,2,4,3,0,0,0,4,5,1,4,24,17,160,12,13,7,84,13,16,8,85,11,16,11,58,8,6,6,5,7,1,5,4,3,4,4,3,1,12,2,1,5,18,4,10,21,2,6,7,4,5,3,6,5,7,3,2,9,2,3,1,3,0,3,3,5,0,1,3,2,4,4,2,5
209,20,8,1,3,19,8,4,11,25,12,4,9,13,11,4,28,6,4,0,4,6,8,0,3,2,5,2,2,4,5,1,7,18,10,162,15,9,5,82,12,16,14,99,11,15,8,56,11,5,4,3,3,0,1,3,4,1,0,6,1,8,2,3,5,16,3,13,25,1,4,6,7,10,4,5,7,6,7,4,13,3,3,5,2,0,0,2,3,0,3,2,0,3,2,1,9
210,20,7,4,9,10,4,3,12,18,12,3,21,15,15,0,19,4,4,1,5,1,3,3,11,1,2,2,6,3,3,0,4,30,12,171,14,4,15,83,6,13,9,87,3,10,19,46,8,6,4,2,8,2,3,4,1,1,1,2,3,4,6,2,4,22,17,16,20,8,2,11,4,5,6,9,9,8,8,4,12,0,0,2,4,2,1,3,5,0,0,1,0,4,2,2,5
211,17,11,0,5,22,4,1,9,25,6,5,14,18,21,5,23,3,6,0,4,1,6,4,0,2,4,1,4,7,5,0,9,29,5,152,14,9,11,96,11,9,9,93,10,12,12,51,15,5,4,7,1,2,6,3,2,3,0,1,2,6,2,3,10,16,7,12,14,9,2,12,7,7,3,5,6,11,4,7,7,2,0,1,1,1,2,1,1,2,0,5,1,1,2,4,10
212,18,13,2,6,22,11,1,12,24,10,0,15,17,15,3,35,6,3,2,2,5,6,2,5,0,2,0,0,5,5,0,11,36,11,148,11,9,7,88,2,16,10,96,10,11,11,62,1,4,1,6,3,0,1,2,1,0,4,0,1,8,3,0,4,23,4,17,16,6,6,7,6,9,6,2,7,6,4,8,5,2,0,7,0,4,4,1,4,2,0,4,2,0,7,1,5
213,14,10,4,10,19,5,7,9,24,6,5,15,15,14,4,41,9,4,2,7,1,3,2,4,0,5,1,6,3,3,2,4,20,8,146,15,13,6,108,13,9,7,85,10,10,11,64,11,3,5,5,2,0,5,6,0,1,1,1,2,2,2,0,3,15,7,13,21,3,3,11,5,11,8,3,5,9,12,6,9,0,2,2,1,1,0,2,2,0,1,5,0,0,3,3,5
214,22,7,0,6,19,14,4,13,25,7,3,20,21,16,5,42,5,3,4,9,3,4,4,4,4,1,0,3,3,4,0,11,27,9,146,12,16,12,90,7,9,12,70,8,16,17,48,8,4,3,0,8,1,2,1,4,1,1,0,1,6,1,2,13,21,7,13,10,6,7,8,7,4,4,7,1,7,6,3,7,6,1,4,2,1,2,3,4,0,1,6,0,1,1,1,8
215,18,13,1,8,16,7,3,4,31,8,1,28,21,22,2,41,2,2,1,5,3,1,2,7,1,0,0,3,7,2,0,6,20,9,131,19,8,4,79,13,15,10,83,9,9,9,59,9,4,4,6,4,3,2,1,4,1,0,4,1,13,5,0,2,22,7,14,14,6,4,10,9,11,5,3,9,5,7,8,12,2,1,1,5,1,2,4,5,1,1,8,1,0,3,5,8
216,20,9,0,4,23,9,4,6,29,5,2,24,21,15,3,32,6,8,0,4,5,9,0,6,2,0,0,3,6,2,2,9,21,10,141,11,11,8,88,8,6,10,102,3,11,13,46,5,3,5,5,5,3,3,3,1,1,1,3,1,10,1,1,2,19,8,16,25,10,8,10,7,6,3,9,3,5,8,3,4,3,3,4,1,1,3,0,8,1,2,2,1,0,3,4,10
217,15,9,2,10,9,10,4,11,27,7,3,16,16,19,6,29,3,4,1,2,2,7,1,4,1,4,2,7,2,6,3,7,20,11,145,9,13,3,92,10,14,11,90,13,8,18,65,9,4,2,3,6,2,4,1,1,4,1,0,3,4,2,1,6,18,10,19,13,6,9,11,4,6,2,6,3,5,4,5,13,3,3,1,4,3,3,4,4,0,2,1,1,1,4,2,6
218,13,6,0,10,20,10,5,7,26,3,1,11,20,8,2,34,3,1,0,2,6,8,2,2,1,0,1,5,3,5,0,3,22,7,152,10,9,12,92,11,9,10,101,11,13,11,62,12,1,3,8,8,0,4,4,0,0,3,0,3,6,1,3,7,19,7,14,31,3,5,6,8,7,5,7,8,7,7,5,5,1,2,7,2,0,2,2,3,2,1,4,1,3,3,2,8
219,10,3,2,8,19,3,3,5,25,7,2,13,25,7,1,36,11,3,0,6,0,5,3,5,2,9,0,5,4,1,1,7,27,10,158,10,12,7,95,18,13,9,91,4,14,8,51,9,1,1,4,4,1,1,1,1,1,1,1,1,3,1,2,4,23,9,15,21,8,6,14,6,4,6,11,4,10,9,8,7,0,1,2,5,0,3,4,2,3,1,3,4,1,6,2,7
220,15,8,3,5,16,6,7,9,25,4,2,17,24,11,2,25,8,4,1,4,0,7,2,8,2,2,1,3,2,1,1,2,24,7,149,16,6,6,91,9,9,8,104,8,11,16,64,8,7,4,5,5,0,4,6,4,0,1,1,3,6,0,0,9,15,6,17,24,6,8,7,9,5,2,12,3,10,5,4,9,3,2,4,5,0,3,2,3,0,0,3,2,0,5,1,7
221,17,8,1,9,26,5,4,9,31,4,4,15,12,15,3,35,5,4,0,3,2,4,1,4,2,4,2,2,2,4,0,8,26,11,135,10,10,4,97,7,10,8,97,11,11,13,54,10,5,4,4,1,0,6,4,1,1,1,0,2,6,2,4,7,19,7,15,14,6,10,14,9,1,6,9,4,6,4,6,16,1,3,7,1,2,0,4,6,0,3,1,1,0,5,4,9
222,16,11,0,4,18,7,6,11,32,11,1,14,20,13,6,28,3,2,1,5,1,6,1,7,3,5,0,1,3,8,0,2,22,11,144,19,16,10,90,5,10,12,93,14,14,15,48,3,6,7,7,4,3,2,3,3,0,0,2,2,10,3,2,6,19,9,9,22,4,3,5,5,2,3,10,4,8,4,5,10,6,4,5,1,1,3,4,4,0,0,6,2,0,3,4,3
223,16,5,2,8,15,11,1,11,24,11,1,14,17,15,4,24,8,4,1,7,4,4,3,5,0,0,0,3,3,5,0,6,34,6,143,15,10,9,93,10,16,8,101,5,12,14,52,7,1,3,7,3,2,1,2,2,3,3,4,0,9,0,2,6,23,5,23,17,4,2,8,9,8,0,11,7,8,5,6,7,3,0,3,0,1,3,4,3,2,1,2,0,4,4,5,7
224,12,11,1,7,21,8,3,12,21,5,5,14,17,18,2,34,4,1,0,9,7,10,0,6,2,5,0,2,1,5,1,6,17,11,141,20,10,10,94,13,13,12,112,8,11,9,58,7,4,3,2,3,0,2,2,1,3,1,2,3,7,1,4,5,21,5,13,12,10,4,5,7,5,5,9,5,6,8,0,9,4,0,2,3,1,2,5,1,1,1,2,0,2,4,5,4
225,18,6,1,8,14,6,2,12,31,5,3,10,19,9,1,21,3,3,2,3,3,3,1,3,1,1,0,4,2,3,0,12,27,13,146,16,12,9,86,13,11,9,91,11,7,11,58,6,8,2,4,4,0,3,5,1,2,3,4,2,8,2,4,4,33,4,15,27,3,2,10,10,6,4,9,4,8,4,9,10,3,1,4,0,0,3,4,2,1,1,6,3,0,3,4,15
226,15,8,0,12,21,8,2,12,23,4,2,17,14,10,3,33,4,1,2,6,3,5,2,8,1,2,1,1,3,5,1,4,19,10,143,11,7,9,87,12,20,14,96,9,6,13,63,5,6,3,10,4,3,4,5,3,3,1,2,4,8,1,4,6,21,12,21,18,3,4,6,8,4,2,7,5,8,3,4,7,3,1,7,3,1,2,4,4,3,1,1,1,1,3,4,4
227,14,10,2,7,19,10,3,13,24,4,5,15,8,14,3,38,1,5,1,5,4,4,2,6,1,2,0,4,2,4,1,6,22,11,150,14,6,15,96,5,12,9,99,10,13,12,49,5,3,5,4,5,2,4,3,5,0,0,3,4,4,2,2,3,13,9,14,30,3,8,15,4,8,5,9,7,11,7,5,4,2,2,3,0,2,2,0,3,0,1,2,2,2,3,3,7
228,11,11,0,4,18,3,4,14,20,7,4,17,23,14,7,26,2,3,0,1,1,7,3,5,2,2,2,1,4,6,2,5,25,13,144,12,14,7,99,8,11,13,103,12,11,14,52,7,7,2,3,9,4,0,2,3,1,0,0,0,8,0,2,3,26,8,18,22,3,3,10,4,6,3,10,6,4,2,3,16,1,0,4,2,1,3,2,5,0,0,2,1,3,7,1,6
229,15,5,3,7,20,10,7,8,31,6,5,17,17,15,6,37,3,2,0,3,6,0,2,3,4,3,1,4,2,2,0,3,29,18,144,6,15,12,93,9,16,7,105,7,13,11,39,9,3,3,7,3,2,2,2,5,1,1,4,4,8,4,2,6,21,7,9,23,4,5,9,7,9,4,2,1,8,4,7,7,3,1,2,1,1,3,5,1,3,1,3,3,0,3,4,2
230,13,5,0,8,18,6,5,7,20,7,2,18,18,11,2,23,6,6,1,3,7,2,0,6,2,4,1,5,9,10,0,6,23,16,140,18,12,5,88,12,14,12,100,10,12,14,50,7,1,3,4,6,1,3,1,4,0,0,2,2,6,1,1,8,29,1,15,19,5,3,10,5,8,5,6,2,11,10,2,11,2,1,3,2,0,5,4,3,2,0,6,1,8,5,3,6
231,22,9,0,6,19,5,1,10,24,11,2,17,25,16,2,30,10,2,1,5,1,2,1,3,6,4,1,5,6,2,0,4,15,8,138,12,14,11,91,8,10,8,102,6,6,9,49,9,6,3,7,4,1,3,7,2,3,1,4,2,14,2,3,7,18,9,16,13,6,7,11,5,4,4,5,5,10,8,8,8,1,1,3,4,0,2,8,6,1,0,5,0,0,4,5,6
232,16,8,0,8,17,5,6,14,23,4,2,14,17,26,8,23,6,3,0,9,3,4,0,4,2,4,1,4,3,5,0,8,24,6,139,8,14,10,97,9,14,11,101,7,9,11,48,17,2,4,11,9,4,3,3,3,2,1,2,2,2,1,1,3,19,2,7,27,7,7,8,4,7,1,6,6,10,5,5,9,3,2,1,3,0,0,3,7,2,0,2,0,5,2,4,11
233,21,11,2,7,15,9,4,7,24,6,1,18,16,15,2,24,2,3,2,4,2,1,4,4,0,7,2,1,2,6,0,5,22,15,154,15,13,9,94,13,14,10,82,14,7,13,56,7,4,4,4,6,2,1,4,4,2,0,1,2,9,1,1,2,16,9,24,18,7,9,13,8,3,4,4,4,10,6,7,8,1,0,3,2,3,2,1,3,2,1,5,3,3,2,5,2
234,19,14,1,6,15,16,0,8,36,9,0,22,9,4,2,24,7,2,1,3,2,5,3,2,2,1,3,4,3,1,1,7,18,11,125,22,11,10,89,12,11,18,104,7,15,5,55,8,7,2,6,4,2,1,1,0,3,4,1,0,8,2,1,5,18,5,18,25,3,10,11,3,5,5,7,7,8,3,9,14,5,2,5,3,0,1,3,2,3,0,4,1,2,5,5,8
235,17,9,1,10,14,7,3,7,25,5,4,22,18,14,4,28,5,1,1,2,4,2,3,3,1,2,0,4,2,7,0,7,24,10,146,16,5,9,91,6,17,13,100,10,12,12,46,9,5,2,9,3,3,4,3,4,1,0,3,1,10,4,2,6,13,4,13,23,6,3,7,5,7,3,10,11,10,10,8,10,1,1,4,0,2,3,3,5,1,0,0,0,1,2,5,11
236,16,7,4,7,20,7,2,10,27,2,2,21,19,15,4,24,4,2,1,4,0,3,2,6,3,4,1,4,2,5,0,5,18,12,168,19,12,13,97,10,6,10,105,8,8,9,61,4,4,5,7,6,0,4,2,2,2,0,2,0,8,2,3,2,18,9,15,22,3,5,5,4,4,4,5,4,9,3,5,9,2,0,1,1,0,3,2,3,1,0,4,3,1,5,2,6
237,13,9,2,12,12,3,4,7,28,6,1,16,22,14,3,37,5,2,1,3,0,1,1,6,3,0,1,2,0,2,1,5,29,14,159,13,16,11,82,10,15,8,96,8,9,13,64,8,8,2,6,6,2,1,4,2,2,0,3,3,2,1,2,6,19,10,21,16,2,5,7,9,8,6,6,6,3,3,3,7,2,1,2,2,1,3,1,4,1,1,5,2,4,4,4,5
238,13,5,2,5,20,5,1,10,28,8,0,12,16,8,4,24,6,3,1,5,9,4,0,4,3,0,1,1,2,2,1,10,26,10,155,11,12,7,94,3,15,12,104,10,9,15,57,5,1,3,4,6,0,6,5,2,3,3,0,0,6,1,4,11,27,6,17,19,2,4,12,7,4,10,7,9,2,11,6,10,0,0,4,2,2,3,2,4,2,1,3,0,0,6,2,3
239,21,10,1,9,22,12,1,10,28,7,5,17,17,16,2,24,6,4,0,5,5,7,2,2,3,1,1,4,1,2,0,4,26,10,151,14,9,4,94,9,11,14,89,7,15,11,48,5,4,3,10,3,0,2,4,1,3,2,1,2,6,1,2,6,18,6,17,24,12,4,7,3,5,4,6,2,10,5,8,7,1,3,3,2,1,2,4,4,2,3,2,2,0,5,4,8
240,13,3,0,9,15,11,8,7,19,8,2,19,9,15,1,30,3,5,1,7,1,4,1,5,3,3,0,2,2,6,1,6,25,8,173,10,7,7,94,12,12,13,87,9,11,10,68,12,2,1,3,5,0,1,4,2,4,2,1,2,5,3,4,1,24,6,12,18,3,8,8,7,6,7,9,5,9,5,5,6,2,3,4,2,2,3,4,1,2,0,4,1,3,5,2,7
241,11,6,1,5,14,5,3,5,29,3,7,6,24,10,4,34,6,1,0,4,0,3,2,2,4,3,2,1,3,5,1,7,26,11,153,19,6,14,84,12,14,12,113,13,11,10,48,9,6,4,1,7,1,3,3,5,3,2,3,4,7,3,3,6,22,6,19,17,4,7,5,2,3,3,9,12,9,12,3,5,2,0,3,1,1,3,4,5,1,1,2,2,1,5,1,3
242,16,10,1,11,20,9,6,8,24,9,2,16,10,13,3,34,5,7,0,6,3,5,1,4,2,2,2,5,2,6,0,7,26,13,140,11,19,6,87,8,6,8,98,11,14,15,64,9,1,5,4,5,0,0,2,1,3,2,2,6,6,1,1,5,26,8,12,19,7,7,4,7,5,5,7,8,5,4,5,14,2,1,4,1,2,3,2,1,1,1,5,0,1,0,0,5
243,11,6,1,3,26,7,2,12,26,6,1,17,21,16,1,31,5,3,1,1,2,4,1,2,3,4,2,3,4,0,3,8,20,13,173,10,13,14,93,6,14,12,90,6,14,9,61,11,4,4,3,7,3,4,4,2,1,1,0,2,3,0,1,11,21,7,14,17,3,1,8,4,7,3,5,4,6,3,10,9,4,3,1,2,0,2,3,4,2,1,2,2,3,2,1,4
244,23,8,2,5,21,5,5,17,29,4,1,17,16,14,2,28,5,5,1,7,1,2,4,3,2,4,0,2,4,1,0,6,18,10,154,14,7,11,100,14,12,8,94,9,11,17,49,12,5,5,3,3,0,3,1,0,1,2,3,2,13,2,3,4,15,7,19,15,5,6,6,4,6,4,5,11,8,4,6,13,2,2,1,0,0,0,2,3,3,2,3,0,4,3,4,3
245,20,12,4,5,14,7,4,6,27,3,4,9,23,16,1,21,7,3,1,9,2,9,2,2,0,3,0,0,4,7,0,8,24,7,164,12,10,11,89,6,14,5,86,6,8,11,55,10,5,2,3,4,1,2,4,3,4,0,2,2,6,1,4,6,15,8,12,24,10,7,12,2,3,4,8,10,9,15,7,10,3,2,1,2,0,1,3,7,2,0,4,1,0,4,3,11
246,8,12,1,4,16,11,4,9,28,7,1,16,20,18,3,38,3,4,0,6,3,6,1,4,2,1,1,3,1,2,1,11,27,9,155,21,10,10,80,10,6,9,95,3,8,13,61,9,2,5,1,6,2,1,5,1,1,0,1,0,9,0,2,2,22,3,11,23,4,8,6,5,8,4,8,4,14,7,5,14,2,3,0,1,0,1,6,5,0,2,4,1,6,3,1,10
247,14,9,0,7,16,8,8,6,25,6,1,15,14,10,4,31,8,3,0,9,6,6,1,2,0,5,0,0,2,2,2,9,27,13,165,11,17,11,80,16,14,10,96,6,6,11,55,9,4,10,3,4,3,1,2,2,2,1,0,6,8,3,2,5,16,6,22,17,6,4,7,5,5,2,8,8,3,6,5,8,3,1,3,7,0,2,1,4,2,0,3,3,0,1,3,7
248,12,9,0,7,17,6,6,12,33,5,5,17,13,14,0,28,3,5,0,5,5,6,0,4,1,3,0,4,6,8,0,5,22,12,137,17,10,8,99,13,9,14,106,10,8,10,48,5,3,3,5,2,0,4,1,2,1,0,3,1,13,0,1,7,22,9,15,13,2,4,7,5,3,4,10,9,8,4,12,12,3,0,4,1,1,3,4,5,1,1,3,2,3,3,8,6
249,18,10,0,6,12,10,6,5,27,6,1,18,19,12,1,32,5,4,0,3,2,1,0,3,1,2,0,3,2,5,0,7,26,15,152,16,14,4,90,9,19,7,112,14,16,9,38,10,3,2,7,8,2,2,1,4,0,1,3,1,8,2,2,7,15,6,15,19,3,7,4,3,7,4,5,4,9,9,8,14,1,1,7,1,0,0,7,1,5,0,2,1,2,5,2,8
250,17,12,3,8,20,6,2,12,28,13,4,15,15,16,4,31,5,2,5,4,5,5,3,9,1,2,0,6,4,4,0,4,32,14,142,18,15,10,80,9,6,8,78,6,6,11,49,7,6,4,5,5,1,1,1,3,2,0,4,3,7,2,4,8,14,10,12,20,5,5,9,4,9,5,11,5,12,9,9,10,6,1,3,3,1,3,4,2,2,0,0,4,1,2,2,5
251,18,8,3,9,15,13,3,14,28,13,0,13,20,16,0,33,6,2,1,11,5,2,1,3,1,1,0,5,3,4,1,6,25,7,138,11,10,8,82,8,16,13,84,16,10,13,49,6,1,6,2,6,3,3,3,1,2,3,4,1,5,3,1,6,28,8,15,22,7,7,7,4,5,0,7,12,6,7,4,7,3,2,5,2,0,2,3,5,0,1,4,4,4,3,3,9
252,16,6,0,4,18,5,4,8,29,7,2,9,23,12,1,31,6,2,1,3,3,1,3,2,2,3,3,3,5,3,3,10,21,12,137,16,11,10,90,8,15,6,104,11,10,13,50,8,4,4,5,7,2,4,1,0,1,1,1,3,13,2,2,7,21,9,17,21,3,7,8,7,8,4,7,9,6,7,5,6,0,3,7,2,2,1,4,10,2,0,2,1,2,4,1,7
253,17,9,1,14,20,10,3,14,32,10,4,19,17,11,4,29,4,2,0,5,1,2,2,6,1,3,0,3,7,3,0,8,26,7,153,16,12,9,79,11,12,12,96,10,11,13,53,13,6,7,2,7,1,1,0,1,2,0,3,0,7,3,3,5,15,4,18,18,9,6,6,7,3,3,5,5,7,5,5,8,2,0,3,1,2,0,5,4,2,0,4,1,2,5,0,3
254,12,7,2,4,19,7,5,5,21,8,1,19,24,14,3,33,8,1,1,4,1,3,2,3,1,2,0,5,3,3,3,9,28,10,160,17,17,11,92,9,12,7,93,7,6,14,62,7,2,1,6,4,2,2,4,0,2,1,1,3,7,4,3,3,18,5,16,22,6,3,8,5,4,3,6,6,7,7,4,9,1,0,3,4,1,0,1,10,2,0,3,3,4,6,1,2
255,17,11,0,10,21,5,7,10,24,4,4,9,14,11,3,26,3,7,0,7,4,3,1,4,0,2,1,1,2,3,2,4,27,10,149,12,8,8,86,14,11,17,89,8,12,13,68,7,4,5,10,2,1,6,2,1,3,3,1,3,5,3,2,5,24,10,17,20,6,2,9,5,6,3,8,9,4,4,13,12,1,1,3,1,1,3,3,2,1,0,2,0,1,6,1,7
256,15,7,1,10,16,5,7,9,19,5,2,14,15,9,5,26,6,4,3,8,2,2,6,6,2,1,1,2,7,3,1,5,22,12,163,14,14,7,102,6,10,8,101,9,8,14,55,10,4,2,7,5,0,4,3,2,2,4,3,1,5,5,1,7,15,9,12,16,3,4,9,8,8,0,6,5,9,14,4,9,1,1,1,1,1,0,3,3,1,1,0,2,2,5,3,10
257,14,10,2,11,23,4,5,8,24,7,2,11,17,15,0,30,6,2,0,8,3,5,2,6,0,2,0,1,6,5,0,9,25,18,144,11,9,10,89,9,9,9,106,10,8,12,42,8,3,5,1,5,2,4,3,2,0,0,2,1,9,2,2,5,19,7,19,20,9,9,11,7,4,5,7,4,9,10,5,9,3,1,3,4,0,5,1,4,2,1,4,2,0,4,2,7
258,14,7,1,7,17,10,4,7,29,4,2,17,14,16,3,26,10,2,0,5,2,3,4,7,3,2,0,1,5,3,4,9,19,14,151,12,11,5,83,13,12,9,102,9,8,9,66,9,4,8,2,3,2,3,1,2,2,1,3,1,7,1,5,4,20,3,17,15,7,7,7,8,6,1,9,7,13,4,7,11,3,0,2,2,1,4,2,2,2,0,5,2,3,3,4,4
259,21,9,1,8,19,5,1,9,26,5,2,8,21,14,2,16,10,5,0,7,8,3,2,4,6,2,0,5,2,5,0,6,29,16,141,13,14,12,85,10,12,12,111,9,5,11,63,17,4,3,7,4,0,2,1,3,2,2,1,2,6,0,2,9,16,5,15,24,6,2,12,7,5,4,9,6,8,6,2,9,1,1,2,0,1,3,3,2,1,0,2,1,1,1,5,0
260,17,11,1,4,15,6,7,5,30,8,3,18,11,9,6,29,3,3,0,6,4,9,3,6,2,5,1,2,4,2,1,8,28,10,143,18,13,10,88,9,9,11,79,13,17,14,62,9,5,2,6,2,0,1,1,1,2,1,4,4,10,0,2,6,12,5,11,20,4,8,9,7,6,6,8,5,7,4,9,11,4,2,4,1,3,2,2,7,1,1,5,0,1,2,2,12
261,12,12,3,12,14,9,5,13,26,8,3,11,23,21,4,31,2,4,1,10,4,2,2,2,2,3,0,1,1,5,1,6,23,11,158,14,10,12,80,12,6,8,84,9,6,11,39,12,5,9,5,5,2,3,1,3,3,1,1,2,9,2,0,5,18,5,21,18,6,7,10,7,10,6,8,5,11,12,3,10,2,2,7,1,0,2,4,6,1,0,3,0,2,2,1,6
262,20,9,1,9,14,8,3,7,24,5,4,12,18,11,3,31,7,2,0,12,3,2,1,6,1,6,2,4,5,6,1,7,31,9,147,12,9,11,100,15,12,6,73,11,15,9,55,7,4,2,5,4,3,1,8,2,1,1,1,1,11,1,1,10,20,9,14,19,3,7,3,11,7,1,6,5,7,9,9,14,1,2,3,1,0,1,4,4,0,0,1,1,6,4,2,4
263,16,6,0,7,28,12,4,10,28,6,4,8,18,8,3,36,4,4,3,6,4,2,3,3,1,4,0,5,3,5,2,7,27,10,151,16,13,15,88,6,11,10,101,5,10,8,44,11,1,2,6,3,1,3,0,4,0,2,2,2,5,1,4,7,17,9,20,16,9,2,11,7,7,4,7,3,5,9,7,12,1,1,3,1,0,3,5,3,5,0,4,0,2,2,2,4
264,12,9,2,11,18,8,3,8,21,6,3,18,19,11,2,30,3,0,1,3,2,6,2,3,0,5,2,4,9,9,0,5,25,10,154,9,11,5,94,11,11,12,99,5,14,9,50,10,3,4,8,2,1,5,0,3,1,3,4,3,11,3,0,4,19,5,10,16,10,2,12,6,6,3,9,9,8,6,13,13,2,0,1,2,1,0,5,3,0,1,3,1,0,2,5,8
265,13,17,0,10,15,6,3,13,27,6,5,9,26,10,3,25,4,3,0,8,1,5,2,3,1,4,0,4,6,3,0,5,21,10,149,9,16,9,80,11,12,19,88,9,13,13,48,3,3,4,6,3,2,2,1,7,1,2,0,2,6,1,3,6,24,6,15,15,6,8,4,12,3,5,10,9,9,12,5,14,2,4,10,5,1,1,2,5,0,0,3,1,4,5,1,3
266,19,6,3,6,14,5,6,15,23,7,2,15,18,20,8,26,8,2,1,6,1,5,1,6,0,2,2,5,6,3,0,7,22,16,129,17,13,3,81,12,13,13,84,8,9,11,60,18,5,9,5,2,2,1,3,2,7,2,3,2,8,4,0,5,17,8,14,12,9,5,10,3,13,3,9,9,11,6,6,9,1,2,0,4,0,4,5,4,1,0,0,0,2,3,5,8
267,17,13,3,8,17,6,1,11,31,7,2,16,18,23,3,33,3,5,1,3,2,5,2,1,1,3,1,5,2,3,2,8,21,11,156,14,11,5,78,13,12,10,96,14,16,8,52,3,6,5,3,2,2,2,0,3,1,0,1,1,6,1,5,5,23,7,23,18,4,5,10,8,8,5,4,6,3,10,5,6,1,2,3,3,2,4,1,2,0,0,2,2,5,1,4,4
268,20,10,1,3,12,7,3,21,29,8,4,7,23,10,2,31,3,3,1,5,1,7,2,2,2,4,0,9,0,4,0,7,29,10,147,18,17,9,76,13,11,9,87,7,12,12,51,12,7,5,3,4,1,6,6,1,0,3,3,3,5,3,3,5,13,5,9,21,5,3,11,7,10,5,6,8,2,14,5,12,2,2,2,2,0,5,3,6,1,1,5,1,3,2,7,3
269,11,3,0,7,15,6,4,7,39,7,5,13,15,11,3,30,8,2,1,2,1,5,2,4,1,4,3,0,2,6,2,2,29,8,146,11,12,9,92,10,12,12,94,11,11,8,59,9,4,3,3,10,2,3,4,2,2,2,2,1,5,1,2,4,29,6,16,15,3,8,10,7,10,4,4,6,9,12,11,12,1,2,6,6,1,1,1,3,0,2,1,1,1,1,4,3
270,18,8,1,8,20,17,4,14,30,5,2,20,19,13,6,34,4,0,2,10,0,5,4,1,0,3,1,1,5,3,3,3,23,9,126,12,13,9,91,10,14,9,87,10,21,9,56,9,2,4,7,4,2,3,4,2,3,1,3,1,7,2,4,6,16,3,17,18,1,4,12,6,3,6,10,7,8,8,2,12,1,4,4,3,0,2,1,6,2,0,4,0,3,1,2,7
271,20,6,1,3,15,11,4,8,22,0,4,10,14,12,3,29,6,6,1,6,0,5,4,4,2,4,1,3,4,3,0,9,35,11,130,19,13,10,69,14,8,10,102,10,19,11,49,9,5,6,5,6,0,2,3,3,1,5,3,2,9,2,2,4,15,9,13,19,5,13,11,10,7,5,8,6,14,4,11,11,1,1,4,4,2,2,3,2,2,1,3,0,3,1,2,11
272,22,6,0,4,14,14,6,9,31,8,3,12,26,18,5,24,9,4,2,5,2,5,3,5,2,2,1,5,1,6,0,9,29,7,136,17,8,10,88,10,14,11,95,8,7,6,56,10,2,1,3,2,0,2,5,4,3,1,3,3,5,1,1,9,21,4,14,17,4,6,9,12,3,4,8,6,11,8,4,11,3,0,2,3,3,1,3,4,2,0,2,2,2,2,2,7
273,11,5,1,9,9,4,6,6,21,5,0,15,18,15,2,32,6,6,0,8,5,1,1,4,4,2,0,4,3,5,1,6,9,13,144,8,18,11,101,12,8,14,116,11,10,14,58,8,5,7,6,1,3,5,2,3,0,1,4,2,8,2,2,10,24,5,21,11,5,4,10,11,4,2,6,5,7,5,3,16,3,2,4,1,0,2,3,1,1,0,2,0,0,3,2,6
274,16,7,1,9,19,7,4,13,33,6,4,18,21,8,4,26,2,2,4,6,4,4,1,4,3,4,1,1,0,5,1,7,21,13,153,8,10,9,93,7,10,7,107,4,12,12,55,5,3,4,6,3,3,1,4,3,0,3,2,3,8,1,0,5,19,7,22,19,3,5,10,2,10,4,8,4,6,1,5,9,0,0,11,2,0,2,3,4,2,1,2,1,3,2,4,9
275,24,7,1,12,8,8,4,6,22,5,1,13,11,17,2,25,5,3,1,7,4,3,2,6,0,4,0,2,3,2,2,8,26,16,154,8,7,8,88,9,5,8,84,8,18,12,61,15,3,6,5,2,4,5,2,0,3,1,2,2,19,2,3,5,22,5,22,16,5,4,8,6,7,10,10,8,6,6,2,12,3,3,5,5,1,2,6,2,0,0,2,1,0,2,2,8
276,14,7,1,4,19,9,3,9,35,5,1,9,21,15,3,28,6,3,0,5,5,3,0,4,1,1,0,5,4,6,1,8,26,10,145,16,11,6,100,11,12,13,91,13,14,10,51,12,5,5,4,5,3,3,5,3,2,1,3,1,6,3,3,12,16,8,11,19,4,0,6,4,3,5,6,5,11,7,5,8,2,1,6,3,1,3,1,5,0,0,7,1,2,5,2,3
277,17,12,1,9,18,5,4,3,19,9,4,15,18,15,1,31,4,5,3,5,2,0,0,7,1,1,1,1,3,2,0,11,23,11,151,15,12,5,73,15,15,9,99,8,14,12,50,4,7,4,3,4,1,3,2,6,4,1,2,3,11,3,1,4,21,9,19,16,8,11,11,11,4,3,4,6,4,8,10,13,0,1,4,1,1,2,4,3,0,2,2,2,3,1,7,7
278,16,9,3,11,22,8,2,9,22,14,2,10,15,21,3,26,6,2,1,7,1,8,2,5,2,2,1,3,3,6,3,4,31,11,143,13,8,8,88,4,14,7,87,8,9,16,57,9,2,5,3,7,1,4,5,3,2,1,6,4,3,3,3,5,20,12,15,16,11,3,6,13,3,4,9,3,8,4,10,9,1,1,3,5,1,2,3,3,2,1,3,1,2,0,3,4
279,21,8,1,7,18,5,0,6,22,3,2,9,16,9,4,30,4,5,2,8,7,6,3,3,1,3,2,1,4,4,1,6,22,16,151,20,11,8,83,15,16,16,97,12,12,5,41,4,7,2,8,4,4,3,3,2,1,2,2,4,4,3,4,6,19,5,14,17,8,14,7,10,8,5,12,3,7,8,3,11,1,0,5,6,2,3,1,5,0,0,2,1,2,2,5,5
280,14,12,3,8,18,9,4,13,23,10,3,14,20,18,1,22,1,2,1,6,3,3,2,10,1,5,1,4,4,6,0,4,18,7,160,11,13,5,70,7,13,8,89,8,10,14,65,8,6,3,6,4,2,4,4,3,1,2,2,0,10,4,1,5,26,10,15,18,6,12,7,4,7,3,7,6,8,5,5,11,1,3,7,3,0,1,1,3,0,1,4,1,3,5,4,5
281,13,9,0,13,20,10,7,14,29,5,2,6,16,15,5,33,3,3,2,8,2,5,1,3,2,2,0,2,2,4,1,10,26,15,145,13,10,14,85,10,16,10,90,8,13,11,59,9,6,4,5,4,0,1,4,1,1,3,0,1,3,1,1,3,26,4,17,13,4,6,10,6,2,2,12,8,8,5,4,7,6,3,4,4,2,3,4,8,0,2,3,1,1,1,2,3
282,12,8,0,4,27,9,6,9,31,11,6,17,15,10,5,31,8,3,3,3,3,4,1,5,2,3,0,1,2,1,4,3,22,14,159,17,10,5,89,11,11,12,78,11,14,6,48,10,2,3,2,7,1,2,1,1,0,2,7,1,5,2,1,5,15,5,21,22,6,6,15,6,3,3,8,6,12,6,7,10,3,1,4,2,2,3,4,3,1,0,4,2,2,4,4,4
283,18,11,1,5,12,3,5,6,32,3,2,17,18,14,6,30,4,4,1,8,3,1,3,3,0,3,1,7,2,8,0,3,16,9,158,16,9,9,87,12,16,11,76,10,14,19,63,11,4,4,2,5,1,3,5,1,1,1,0,1,8,2,3,9,20,4,18,19,5,5,6,6,10,9,3,3,7,8,6,10,1,2,6,1,0,3,0,1,1,1,6,0,2,6,2,9
284,16,6,6,3,21,6,4,10,26,4,0,21,17,12,5,27,3,6,0,6,5,4,2,5,4,3,0,1,1,2,1,6,29,9,160,13,7,9,95,8,9,11,108,12,11,14,49,10,2,4,2,5,1,3,6,1,1,2,3,1,5,4,0,3,19,3,16,15,9,7,6,9,7,10,6,9,3,11,4,8,3,2,7,0,0,1,0,2,0,1,2,0,1,5,3,1
285,17,7,2,9,19,8,3,10,23,8,1,12,9,13,5,41,5,4,0,4,4,7,2,4,0,5,0,5,0,1,1,9,23,8,158,14,9,5,79,8,15,8,95,7,15,9,49,4,4,7,5,2,2,2,2,1,0,1,2,4,8,2,4,7,19,6,17,14,5,4,10,11,4,5,10,10,10,2,12,11,1,2,5,3,2,4,4,5,2,2,2,3,6,2,2,8
286,18,8,3,5,16,4,2,4,25,3,7,19,17,19,7,27,7,1,1,6,4,8,3,3,4,1,2,5,5,2,2,3,32,17,151,12,11,6,68,18,6,11,115,8,13,14,57,10,6,3,6,1,1,2,2,1,2,1,2,3,6,4,1,4,10,5,19,17,5,4,10,12,3,4,6,5,7,7,2,11,1,1,4,4,0,3,0,3,0,0,4,2,3,2,4,7
287,19,5,2,9,15,9,3,14,24,6,2,15,23,13,4,21,2,2,0,6,3,4,1,5,2,2,0,3,3,4,0,7,31,6,147,15,16,8,67,13,10,3,94,10,4,19,70,11,7,5,5,6,3,3,2,0,2,2,3,0,3,4,1,5,25,6,16,18,9,5,9,11,5,6,3,11,11,8,7,9,1,0,3,2,2,3,2,2,0,0,5,1,3,4,2,8
288,19,17,1,6,17,6,10,10,19,10,3,15,17,18,3,28,7,6,2,8,5,5,2,6,4,2,0,4,4,6,1,3,23,9,130,10,16,6,95,6,16,12,76,4,12,14,59,8,3,4,7,7,1,0,1,2,3,2,3,2,9,3,2,6,29,10,14,21,3,2,9,4,5,5,4,7,3,5,8,8,0,1,4,4,0,2,4,4,0,0,6,0,2,5,4,12
289,9,4,0,1,14,9,9,8,28,12,2,18,13,18,5,28,4,2,2,6,2,3,1,0,1,3,1,1,4,3,3,5,32,11,162,16,15,14,84,13,12,5,80,10,6,15,50,15,4,3,4,2,1,4,4,4,0,5,1,1,8,4,2,5,25,7,26,16,6,3,11,8,5,4,5,9,6,5,4,7,0,2,4,1,3,2,4,4,3,1,4,0,2,2,3,7
290,16,4,0,5,15,7,2,8,25,4,2,17,21,13,6,28,6,2,0,7,5,3,2,4,1,1,0,3,2,4,0,6,13,13,166,13,14,12,92,9,9,12,88,12,12,10,56,14,7,5,9,3,1,1,3,1,1,5,3,3,6,1,3,7,18,10,14,16,5,3,11,5,6,4,7,2,7,6,6,10,2,2,6,3,0,5,3,6,1,1,6,1,3,3,2,3
291,11,10,1,6,18,8,2,7,35,3,3,15,17,18,1,32,7,1,3,3,2,9,0,5,2,4,2,2,2,2,1,8,38,12,139,19,4,7,85,13,14,6,101,11,8,6,43,12,5,2,4,4,7,1,5,0,1,2,0,4,7,1,4,7,23,5,14,13,5,4,16,8,2,6,12,6,6,8,8,9,1,2,5,0,1,3,5,6,1,2,1,3,1,4,0,8
292,14,8,2,6,14,1,6,17,27,6,3,18,13,15,4,30,2,1,3,5,3,4,6,2,2,1,2,2,4,6,1,9,33,13,144,20,14,11,83,7,9,13,108,17,10,9,55,4,3,4,3,3,1,3,1,1,1,3,4,0,7,0,4,6,21,8,11,20,3,5,7,6,5,4,4,7,7,3,6,5,2,4,5,1,2,4,6,3,2,0,1,2,6,2,1,6
293,18,5,2,6,18,6,4,17,30,7,1,18,26,15,3,24,6,2,0,3,1,4,1,3,3,0,0,2,4,8,1,6,38,10,139,12,10,9,100,6,16,13,93,15,12,17,61,10,8,6,5,5,1,4,2,3,2,1,1,1,6,0,3,5,17,4,11,15,2,7,5,3,5,2,7,5,10,0,3,10,3,2,3,1,0,2,3,3,1,2,3,2,4,1,1,5
294,15,6,0,12,22,5,2,14,29,6,0,14,15,15,3,31,8,2,1,3,2,2,2,5,1,1,2,3,1,5,0,5,33,12,154,14,13,8,80,13,8,6,99,7,13,15,51,6,3,3,5,5,1,4,1,4,2,2,3,4,4,2,4,8,19,5,14,17,7,11,3,5,1,5,6,11,4,5,5,11,5,0,2,3,1,4,4,4,0,0,7,1,3,5,4,9
295,14,11,1,10,15,5,4,9,19,5,4,18,19,17,1,25,3,3,1,5,7,8,1,3,2,2,0,1,3,7,0,8,18,10,150,11,7,6,90,6,16,11,102,10,8,14,45,16,1,7,5,7,2,1,4,3,4,3,1,4,6,3,3,7,19,10,18,18,8,10,9,4,12,3,7,4,8,7,6,7,2,0,1,3,1,4,6,1,1,1,2,1,3,2,4,6
296,12,7,1,9,25,5,1,13,25,7,5,12,20,9,3,25,4,1,1,4,1,7,1,11,3,1,2,0,3,7,0,6,28,10,159,17,9,12,87,15,13,10,93,6,7,10,60,5,3,4,5,1,1,3,2,1,1,0,2,0,5,2,3,2,23,7,22,16,8,3,5,5,7,5,6,13,6,8,9,11,3,1,5,1,0,5,3,2,1,0,2,2,1,3,4,6
297,19,9,3,13,17,6,6,14,32,8,0,12,25,12,3,32,3,3,3,2,4,3,3,2,3,1,0,2,1,3,0,7,22,8,162,10,7,11,73,14,11,10,85,13,10,7,56,18,6,3,6,7,2,2,3,3,3,1,3,2,3,1,2,5,22,5,12,18,9,4,9,5,5,7,9,6,8,1,8,4,0,2,3,7,1,2,0,5,2,0,7,0,3,1,4,11
298,14,6,1,3,21,5,3,10,25,11,2,14,15,18,4,32,5,5,0,5,4,7,2,3,4,2,0,5,3,2,2,5,28,10,149,26,14,7,78,14,12,10,100,8,11,19,56,4,3,7,4,2,0,4,2,0,2,3,0,0,8,1,3,5,12,6,15,23,8,7,11,3,5,2,6,6,7,9,5,11,2,0,3,2,1,1,4,2,1,1,3,0,1,7,5,3
299,11,4,1,9,21,5,5,8,25,4,2,18,18,17,2,28,4,3,2,9,4,6,2,4,2,2,0,2,1,0,0,7,33,9,153,13,12,10,96,13,9,15,94,6,9,8,61,10,4,2,1,3,0,4,4,4,7,2,4,0,2,3,3,10,19,4,13,12,6,7,9,5,4,2,5,7,11,7,8,14,4,0,2,1,1,2,6,2,2,0,4,0,2,3,2,6
300,9,11,1,4,16,7,2,9,30,4,4,14,28,11,6,27,1,0,0,12,1,2,0,9,4,2,0,2,2,6,0,5,23,14,151,20,13,13,78,15,20,5,86,11,7,15,52,10,5,2,5,9,3,4,5,1,6,2,0,1,2,2,0,4,17,7,19,27,2,6,8,6,5,3,9,11,9,5,1,9,3,1,1,5,4,2,2,3,2,0,1,0,3,2,7,7
301,12,3,1,5,22,13,5,11,29,9,4,21,16,11,6,20,4,6,0,6,2,9,0,7,3,0,2,4,2,3,2,7,29,8,150,21,9,12,87,10,16,10,91,9,11,9,42,8,3,1,5,5,0,3,1,1,3,0,0,1,10,1,3,5,12,13,22,20,3,4,7,6,11,4,11,6,10,8,9,12,1,1,1,1,2,2,0,4,0,1,4,1,2,4,3,6
302,16,10,0,5,25,7,3,5,28,10,2,18,17,20,5,27,4,3,1,7,3,3,1,8,2,3,0,2,3,5,0,8,28,10,131,15,13,9,77,13,15,5,91,9,8,12,57,9,2,3,3,8,3,1,3,2,0,1,2,3,9,2,2,5,25,6,21,27,5,3,6,4,10,5,9,7,8,7,9,10,2,2,3,3,3,0,2,3,0,0,6,0,1,4,2,5
303,22,9,0,4,19,8,3,9,35,10,4,13,12,21,2,20,3,5,1,5,2,7,0,7,0,1,2,1,2,3,1,5,23,7,168,20,15,7,92,6,9,12,88,7,19,10,43,5,6,2,6,4,2,3,2,2,4,3,0,1,6,0,2,7,17,8,16,23,4,9,11,9,6,2,9,8,5,5,4,10,1,0,4,3,3,3,2,3,0,1,3,1,3,1,4,5
304,16,8,2,6,16,13,5,9,31,12,3,14,22,16,2,28,6,6,1,3,2,7,2,6,0,1,0,2,3,4,2,6,20,11,135,12,12,8,90,10,10,5,113,9,12,12,49,7,3,3,2,5,2,3,3,7,1,3,3,4,9,1,2,5,18,9,10,17,4,5,8,5,5,8,9,7,9,6,5,12,1,4,3,2,1,4,3,2,0,3,4,1,0,3,3,4
305,14,10,2,5,19,6,4,10,29,8,2,6,21,12,0,36,10,1,1,4,3,3,0,8,0,7,0,3,6,2,2,3,16,10,147,12,16,12,93,10,13,8,102,6,13,4,58,8,4,3,3,4,2,0,3,1,2,1,3,5,6,2,4,4,17,7,20,23,9,9,7,4,2,4,5,5,12,7,4,12,0,0,4,2,2,5,2,4,1,2,2,0,2,4,6,5
306,10,5,1,9,23,10,4,12,17,10,3,14,20,9,3,33,3,3,1,4,2,2,1,3,2,3,1,3,5,5,0,4,22,8,152,16,13,10,107,14,10,13,98,8,12,11,61,5,4,3,10,2,1,1,4,1,1,3,0,4,9,0,3,3,20,4,15,17,2,7,6,3,9,4,3,4,8,5,6,9,0,0,4,3,1,5,3,5,1,1,9,1,0,3,3,5
307,12,7,1,8,14,9,3,13,28,4,3,23,20,20,4,30,4,6,0,6,2,4,2,5,2,3,1,4,4,5,2,3,24,14,159,14,10,6,86,14,14,13,87,7,19,12,49,11,5,3,8,4,0,2,5,1,0,3,0,0,10,0,2,8,16,6,9,24,1,4,8,4,5,2,7,8,9,2,5,11,0,1,2,4,0,1,3,1,1,0,4,1,2,0,6,11
308,12,6,1,4,21,8,4,15,35,5,3,18,18,16,7,26,3,3,1,5,1,2,4,6,2,1,1,4,6,5,0,2,23,6,154,8,8,11,90,8,11,9,84,13,5,8,49,7,4,5,6,4,0,5,2,1,0,2,5,3,14,2,4,4,22,8,19,17,5,9,8,5,5,6,8,3,10,5,7,12,0,4,6,4,1,3,3,2,3,0,4,2,0,4,2,13
309,10,7,0,4,22,9,4,13,28,5,1,19,24,13,2,30,11,2,1,4,3,9,1,3,0,2,2,3,1,5,0,3,29,2,154,12,13,7,89,14,12,8,99,13,8,15,58,8,4,5,3,3,0,2,2,2,1,3,3,4,4,2,4,10,21,6,10,18,9,5,12,5,5,3,6,5,11,2,3,9,2,0,2,3,0,3,4,3,2,0,2,3,2,2,3,5
310,19,7,0,1,12,6,5,12,28,11,3,24,12,11,5,27,1,6,1,7,3,3,1,4,3,8,1,3,3,4,2,5,23,9,149,14,6,4,93,17,12,8,85,7,15,10,59,12,4,7,6,4,1,4,1,2,3,1,5,2,6,4,2,6,18,7,10,13,5,6,8,9,7,5,2,5,12,8,3,10,3,1,1,3,3,1,6,7,1,3,6,0,3,0,3,12
311,24,5,1,8,22,6,6,7,36,6,3,13,15,13,2,29,3,0,0,11,6,5,0,6,1,1,2,6,6,5,1,8,21,4,136,12,11,7,105,7,10,14,85,5,12,8,54,8,4,2,1,1,2,4,0,2,2,2,2,2,7,3,1,3,28,7,21,24,6,4,10,15,5,6,9,5,5,7,1,15,2,1,3,0,0,2,4,3,1,1,1,1,6,4,3,6
312,19,5,1,6,20,5,1,9,19,10,0,7,14,10,4,36,3,4,1,5,3,2,1,4,3,0,0,2,3,3,0,7,24,15,172,11,14,10,95,7,13,5,80,12,14,16,47,8,4,5,9,4,1,0,5,5,1,3,1,3,10,2,3,4,15,6,16,14,10,7,5,6,6,5,12,16,9,4,7,6,2,3,3,4,1,3,3,7,1,0,2,1,4,2,3,7
313,16,7,0,9,17,6,5,5,32,7,4,20,16,20,4,34,6,2,1,7,2,5,2,5,0,3,3,3,4,5,0,4,25,13,152,13,3,12,88,10,7,11,94,5,7,17,51,4,5,4,9,3,0,1,3,1,2,4,2,0,9,4,2,6,25,9,16,7,1,6,11,8,10,4,6,9,6,5,3,10,2,1,2,1,1,2,7,2,0,2,6,1,4,3,3,6
314,10,9,1,7,29,6,4,11,31,3,6,7,18,13,2,20,6,3,1,8,0,5,4,4,1,4,0,4,5,1,1,5,34,8,151,9,16,6,84,11,15,7,104,6,5,11,46,10,5,1,8,4,0,5,3,1,2,4,3,1,7,5,0,7,21,9,16,22,6,6,6,7,2,7,10,5,17,5,6,4,5,1,5,2,2,2,3,2,2,0,1,1,1,2,6,8
315,13,3,1,14,23,7,4,12,35,5,0,15,13,15,2,32,3,1,0,8,3,8,2,5,0,1,0,1,2,2,0,8,21,9,150,16,14,9,84,12,10,13,105,6,11,8,46,13,6,5,6,3,2,4,1,3,0,1,2,3,8,4,5,14,15,13,15,15,5,7,8,4,4,1,8,5,7,6,6,12,4,0,4,3,1,2,2,4,2,1,5,1,1,0,4,3
316,14,10,2,9,17,7,1,9,19,6,2,14,21,19,2,22,7,6,1,7,2,3,4,3,3,6,0,3,4,4,2,8,18,12,170,18,12,6,92,7,5,8,93,8,17,10,58,6,2,5,3,3,1,3,4,2,1,1,1,4,12,2,3,7,14,7,16,19,8,14,7,4,5,4,9,1,5,6,7,8,2,1,6,2,2,0,5,1,1,1,1,0,3,3,2,5
317,11,6,3,2,17,12,1,9,19,8,4,14,19,15,4,35,4,5,3,8,2,0,4,4,2,4,0,3,4,2,0,7,23,9,158,12,10,9,93,14,8,8,102,6,9,9,55,13,5,3,7,4,2,3,1,2,1,1,1,2,8,2,4,8,21,6,11,18,1,4,10,4,6,3,11,9,7,6,4,11,1,0,6,2,1,2,6,5,1,0,3,2,2,3,5,6
318,18,6,3,9,20,4,5,8,22,10,2,15,18,17,0,28,6,4,0,4,3,7,2,5,6,0,0,2,4,3,1,9,19,13,153,18,14,10,92,8,13,14,103,5,13,14,45,8,5,5,3,4,2,4,4,4,0,0,4,4,6,1,2,5,10,10,12,16,5,2,6,4,7,3,10,3,6,10,7,14,2,0,3,2,1,1,6,3,2,0,1,0,4,1,4,9
319,17,11,0,6,18,7,3,12,39,3,2,10,21,21,3,26,4,3,1,3,4,3,3,7,3,1,1,4,7,5,0,4,29,11,129,14,11,6,88,8,11,11,97,9,12,15,64,8,4,1,6,6,2,2,5,2,2,3,2,3,10,2,2,2,17,3,7,20,6,6,9,8,6,7,4,5,7,6,10,12,2,1,3,2,0,2,5,6,1,1,3,0,1,1,5,5
320,17,7,2,6,12,6,5,11,33,9,5,11,19,13,4,31,4,2,1,5,1,7,2,6,3,7,0,5,5,3,1,6,26,11,140,16,14,3,82,11,15,10,88,8,7,15,52,12,3,3,6,6,0,3,1,1,3,0,1,1,9,2,2,6,22,6,21,23,7,9,14,6,8,1,9,4,9,3,8,10,1,0,7,2,3,0,3,2,0,1,0,3,3,3,1,5
321,19,3,1,10,12,8,4,8,22,4,0,19,18,13,0,29,5,3,0,3,5,4,2,6,0,0,1,2,4,5,1,7,22,5,166,14,19,6,97,8,12,12,96,7,13,12,58,10,3,2,5,4,2,1,3,3,3,0,0,0,5,2,2,6,24,10,14,21,10,2,7,10,3,4,9,6,9,4,4,11,3,1,2,2,1,2,2,4,3,1,1,0,2,1,4,7
322,11,11,0,2,12,3,7,15,31,6,3,17,25,9,5,37,5,4,0,5,1,6,1,5,1,4,2,4,2,4,0,8,33,7,144,6,9,12,80,15,8,8,103,5,15,19,42,7,1,5,5,8,2,4,2,2,2,4,2,5,7,1,1,8,23,7,9,10,6,6,11,4,4,1,14,12,8,6,6,9,3,1,2,3,0,4,6,6,3,1,3,1,2,4,4,3
323,17,8,2,8,17,4,1,10,29,4,1,17,17,11,2,29,3,5,1,4,4,6,1,5,1,2,0,6,2,6,1,7,26,14,156,11,12,5,79,13,15,11,82,7,11,13,42,7,1,8,6,2,0,3,2,2,2,3,1,2,8,2,5,7,16,14,16,20,12,7,8,12,9,7,7,4,9,10,6,8,4,3,6,0,2,2,5,6,1,2,3,1,1,5,2,3
324,16,5,2,3,20,13,6,7,24,2,3,4,26,11,3,22,8,1,1,9,3,5,3,6,1,1,0,4,4,5,1,2,21,18,162,9,13,9,90,10,10,10,90,14,16,15,52,7,6,2,3,9,2,4,0,1,2,1,1,1,12,4,3,3,20,6,12,18,8,6,13,10,6,4,6,5,5,7,2,10,1,1,5,1,1,0,7,6,1,0,1,2,5,4,2,4
325,8,7,1,5,14,11,5,11,19,7,2,8,22,15,4,29,3,3,0,5,2,0,1,3,1,8,0,5,1,4,1,6,21,6,143,18,15,4,90,9,11,7,90,7,13,6,59,7,6,5,4,3,1,2,3,3,2,2,0,5,8,3,1,4,26,6,19,27,9,7,10,8,4,5,10,13,8,5,7,12,2,3,6,3,0,4,4,5,1,3,7,5,2,2,1,7
326,18,11,0,9,22,7,3,5,27,3,3,20,19,15,2,28,4,4,1,3,3,1,0,2,2,1,2,2,8,2,1,4,20,10,165,14,15,14,80,13,10,10,120,11,10,9,49,15,5,2,6,3,0,3,3,2,2,4,1,1,9,1,1,3,19,5,11,16,7,5,7,8,4,3,9,6,9,3,3,6,1,0,2,2,2,2,0,4,1,0,5,1,4,5,0,7
327,16,9,1,8,16,7,2,8,30,9,5,19,24,20,3,26,5,3,2,5,12,4,5,2,0,4,0,5,1,4,2,1,30,14,150,13,9,7,83,9,12,13,103,6,11,8,54,4,4,2,8,4,1,2,2,1,4,0,0,2,4,3,1,3,17,10,18,11,8,7,5,7,5,5,5,8,7,3,5,13,0,2,5,4,1,3,1,2,1,1,2,3,4,1,5,6
328,16,8,2,6,16,5,2,8,30,4,3,14,16,6,6,28,7,4,0,6,1,4,1,5,2,0,0,2,5,2,0,8,27,14,150,23,8,11,101,12,18,11,90,9,12,15,52,12,4,3,6,4,0,3,3,2,4,1,3,0,8,2,3,5,13,11,18,14,7,4,7,8,8,4,4,5,5,6,4,6,1,1,4,3,0,4,3,10,1,0,1,1,3,4,0,7
329,14,11,5,10,14,4,4,9,27,7,5,16,13,16,3,36,5,4,1,9,3,8,0,10,4,2,1,1,3,4,3,7,20,8,145,13,5,5,92,18,11,9,95,5,12,19,47,3,6,2,2,3,2,4,1,4,0,2,2,0,5,3,2,5,22,5,11,27,5,5,10,7,4,5,6,8,10,9,8,9,5,0,7,2,1,3,3,1,2,1,3,1,4,2,1,4
330,13,11,0,6,14,5,3,3,33,10,2,20,15,3,6,36,5,2,3,7,3,3,2,3,0,3,0,4,4,3,1,5,33,9,130,17,6,12,88,9,14,10,98,9,8,19,51,14,3,3,6,5,1,2,5,4,1,5,1,0,5,3,6,5,24,8,14,20,5,7,8,3,5,3,4,10,7,10,6,11,2,0,2,2,1,1,3,6,1,0,7,0,5,5,6,4
331,15,9,1,20,12,8,3,8,26,12,3,15,16,11,4,24,8,5,2,8,4,9,1,4,0,0,1,3,0,1,2,10,30,15,165,17,13,8,81,11,8,8,102,5,10,9,36,8,4,6,5,3,0,2,3,3,2,0,1,3,5,0,1,9,22,5,14,23,5,8,10,12,7,5,2,5,9,2,5,5,0,0,5,3,0,0,1,9,3,2,4,2,3,0,3,8
332,18,4,3,11,19,10,3,11,33,7,3,14,15,18,4,29,6,3,0,8,3,9,3,1,1,4,0,7,3,3,0,7,25,18,140,12,15,12,79,9,10,13,100,8,9,13,52,11,4,1,6,1,2,2,3,2,0,2,0,6,7,3,1,6,17,5,15,21,5,4,9,3,4,4,5,5,5,10,4,8,3,1,4,4,1,3,3,5,1,1,3,2,2,3,2,6
333,17,6,1,9,19,6,4,12,28,2,0,15,18,9,5,37,10,4,0,2,1,4,3,6,3,2,1,1,2,5,1,6,21,11,169,17,11,13,91,14,11,8,94,7,8,14,43,7,1,4,4,4,0,3,1,1,2,2,7,3,10,3,2,6,16,7,14,19,3,3,12,12,3,3,9,3,11,4,5,12,0,1,2,1,0,1,5,4,0,0,4,1,1,1,7,5
334,14,10,2,9,21,7,3,9,31,6,2,19,21,15,4,23,7,2,0,8,4,4,3,1,2,2,1,3,2,5,0,1,37,8,161,19,7,8,86,7,13,4,98,10,9,14,54,12,1,1,7,2,2,1,2,2,5,1,2,3,13,2,3,5,20,3,14,16,4,10,3,6,4,3,3,5,6,3,3,10,4,2,3,3,4,3,7,4,2,0,2,1,2,4,2,4
335,18,13,0,4,20,5,7,11,25,7,2,21,15,13,2,32,4,2,0,5,5,4,1,7,1,1,2,4,4,2,1,5,21,9,146,17,7,5,102,7,10,10,95,9,14,5,57,9,1,6,6,4,1,1,1,2,1,2,3,1,7,2,3,1,22,7,12,21,7,2,8,5,8,4,6,14,3,10,11,11,0,1,7,3,1,2,3,5,2,0,3,0,0,5,2,7
336,25,11,3,12,17,8,3,9,15,9,2,17,17,9,6,30,6,3,1,8,5,2,0,4,1,2,2,1,3,5,0,3,20,7,170,16,12,8,91,13,13,6,82,8,9,18,57,8,3,1,4,2,1,1,3,2,6,0,1,0,5,1,3,7,18,3,17,14,5,3,10,4,8,3,4,12,6,5,11,13,4,0,6,2,1,1,4,5,0,1,6,0,4,5,1,7
337,24,7,0,15,17,9,3,8,39,4,1,18,24,19,2,30,5,2,0,4,1,1,2,4,3,3,1,4,1,0,0,8,28,15,128,10,13,5,92,7,16,14,114,11,6,11,39,12,4,2,3,5,1,3,1,0,4,1,1,2,7,4,3,6,18,13,15,20,6,8,11,4,3,5,10,14,4,2,6,8,3,1,0,2,0,1,2,3,0,2,2,1,2,2,3,2
338,10,7,1,9,13,3,3,19,21,10,1,16,17,15,2,26,8,7,1,8,0,4,3,6,0,2,0,3,1,4,0,3,27,7,151,21,16,9,98,6,12,12,104,7,8,10,45,8,6,4,4,5,1,2,3,4,2,5,2,1,8,0,6,4,24,6,22,17,2,5,11,3,6,1,8,9,1,10,6,5,0,2,4,5,1,2,5,5,0,0,1,2,1,2,5,8
339,10,8,1,12,9,7,4,4,27,6,2,23,17,13,7,31,2,5,0,6,3,6,2,1,4,5,0,3,3,5,0,6,34,14,154,19,15,9,79,13,13,8,76,6,6,15,52,13,8,4,4,3,4,3,1,3,3,2,5,2,7,3,0,6,16,7,20,18,6,5,9,7,7,1,10,5,12,5,6,8,1,2,5,2,2,2,6,3,2,0,6,1,0,1,4,5
340,22,7,0,11,21,2,3,9,24,5,1,13,22,8,5,35,6,6,2,5,0,3,1,3,0,2,1,4,2,1,0,7,23,11,165,19,10,10,85,11,12,19,97,10,10,15,53,8,4,3,4,5,2,4,0,2,3,2,3,0,8,1,0,4,18,7,14,15,6,6,3,5,4,7,5,10,7,5,5,8,3,0,2,5,1,1,4,2,1,1,4,1,2,2,2,10
341,16,7,4,13,21,7,4,12,29,5,3,16,13,11,2,29,7,2,1,2,0,4,0,3,3,4,1,6,1,4,1,4,31,9,155,5,11,6,97,8,7,9,101,7,21,7,59,10,3,4,4,8,1,5,2,3,2,0,2,3,8,1,2,10,14,12,16,12,6,8,6,7,4,5,8,7,1,5,5,6,2,1,5,4,2,2,1,8,1,0,0,0,1,3,2,10
342,13,7,4,2,28,6,6,9,31,5,2,14,18,12,2,29,5,1,2,6,1,7,2,4,1,2,1,2,4,6,3,9,20,10,129,24,13,6,103,13,9,16,97,8,7,14,52,7,3,4,5,1,0,5,3,3,0,3,3,4,8,1,1,4,18,5,9,19,3,5,9,2,3,7,7,9,11,9,9,14,1,2,4,3,0,0,1,6,1,0,7,1,2,2,4,7
343,19,1,2,6,10,4,5,9,21,9,2,20,34,13,3,31,3,4,4,6,5,3,1,10,0,4,1,6,1,2,1,4,26,7,162,15,7,6,77,8,12,15,107,5,10,15,56,9,4,3,6,9,4,3,3,2,0,1,2,3,15,2,1,7,16,9,11,14,3,8,3,10,5,2,6,2,7,6,7,6,3,1,3,0,1,3,2,2,0,0,4,2,2,7,2,7
344,13,12,0,3,21,6,6,8,26,8,3,16,14,12,2,31,6,5,1,6,3,6,1,7,3,3,0,3,1,3,0,7,25,9,155,17,11,10,90,11,15,6,104,5,9,8,53,13,1,2,6,3,1,0,3,5,1,3,3,1,7,2,1,6,17,6,18,23,8,9,7,10,8,4,7,3,7,8,4,9,2,2,0,0,0,3,1,3,1,1,2,4,2,0,1,8
345,15,11,0,4,16,15,4,10,24,8,3,12,19,7,2,27,4,4,3,10,5,7,2,10,2,1,1,1,3,5,0,10,25,6,145,14,8,8,97,10,15,12,84,7,7,14,65,4,2,9,7,2,0,4,2,3,3,1,1,3,7,2,2,2,22,8,20,23,6,6,14,4,3,2,9,5,4,4,7,13,1,3,1,2,2,1,2,3,2,0,2,0,3,4,2,6
346,14,3,1,8,18,8,4,7,25,7,4,13,16,14,2,41,2,3,0,9,4,4,2,3,3,1,0,4,2,14,0,5,23,8,162,14,8,7,98,7,14,12,100,9,12,10,48,11,3,3,3,2,1,3,3,3,1,2,1,0,11,4,2,7,14,5,8,23,1,8,8,8,4,4,16,7,8,7,4,8,0,0,4,2,0,1,0,4,1,0,6,1,1,7,2,5
347,19,10,1,6,18,5,6,12,22,6,4,10,17,13,4,34,6,5,3,5,0,5,1,4,0,4,0,1,4,7,1,7,23,12,149,18,11,8,91,7,19,10,89,10,12,14,49,7,5,6,7,2,1,3,7,1,2,5,6,1,2,0,5,6,12,6,19,21,6,6,10,5,9,7,6,4,5,5,1,7,1,1,6,5,0,4,6,2,1,0,2,0,0,5,3,7
348,9,5,0,7,23,11,4,4,25,7,5,22,28,12,2,24,6,5,1,3,1,6,3,8,3,3,1,4,4,1,0,4,32,13,160,12,10,8,80,13,10,12,94,10,8,18,57,15,3,4,2,4,1,1,2,2,2,2,1,1,8,6,1,7,12,7,15,16,7,4,9,3,8,4,3,7,7,8,6,10,2,1,4,1,3,2,3,3,0,1,2,2,1,2,3,4
349,20,5,1,14,8,11,5,9,26,5,3,7,26,11,7,20,2,1,3,9,6,6,1,4,3,1,0,3,2,2,0,5,25,6,146,17,14,9,89,11,12,10,92,10,16,12,46,7,5,7,6,2,1,2,3,1,0,1,1,2,7,2,2,8,18,9,16,20,9,11,10,5,9,3,7,3,8,8,7,14,1,2,2,0,1,2,8,6,0,1,0,1,6,2,6,7
350,17,10,3,6,15,9,2,11,27,7,3,10,18,12,1,28,4,3,2,7,1,10,1,3,2,1,0,2,4,3,2,3,25,10,154,20,10,8,83,11,7,15,100,10,10,14,46,8,3,4,6,6,1,1,2,2,1,1,2,3,7,1,0,11,22,9,14,17,8,6,16,7,6,4,8,9,7,6,6,8,2,2,3,0,0,2,3,4,0,0,5,3,3,3,1,7
351,16,12,1,4,25,5,3,12,18,5,4,15,14,15,3,22,5,2,1,4,1,10,2,3,1,1,0,3,1,7,0,6,25,13,156,20,9,9,96,9,9,10,99,6,8,14,57,8,2,3,2,3,3,2,4,1,4,2,3,1,6,2,3,6,22,11,15,22,3,0,6,8,6,3,7,3,14,5,3,14,1,1,6,1,1,1,4,5,2,2,1,3,2,2,5,5
352,15,14,2,8,23,7,2,6,33,8,0,14,27,14,3,21,8,0,1,9,7,8,0,4,0,0,1,7,0,6,0,5,24,15,135,15,14,7,82,13,14,5,93,7,7,11,54,11,7,5,5,7,3,2,1,5,2,1,5,2,10,2,6,5,16,8,12,21,7,3,10,4,7,3,10,6,8,6,7,7,1,0,7,2,0,3,0,2,1,0,3,1,3,6,3,5
353,9,7,1,7,10,4,4,13,27,6,0,11,12,14,6,32,5,3,2,3,3,6,0,4,2,2,2,3,5,4,1,3,24,11,146,12,7,6,95,11,11,5,111,16,13,8,49,13,3,2,2,5,1,3,6,1,0,1,4,3,5,0,3,8,23,8,14,16,10,7,11,5,9,4,7,10,8,4,6,6,2,0,4,5,0,3,4,8,4,0,4,1,5,6,3,7
354,23,9,2,4,15,5,3,7,27,4,2,21,17,5,6,32,3,1,2,10,3,2,2,6,2,3,0,3,1,5,0,9,25,9,168,16,9,12,83,10,9,8,73,10,10,10,62,7,5,8,7,2,1,4,4,0,3,1,2,1,7,2,3,8,22,5,22,16,5,2,8,4,6,8,9,10,9,5,9,15,2,0,2,1,0,5,1,4,0,1,3,1,4,0,5,3
355,15,9,2,9,17,6,3,7,23,7,6,13,14,15,5,28,6,2,1,5,5,1,4,10,2,3,1,5,2,3,0,6,22,10,152,25,16,10,80,9,8,7,70,12,17,15,61,8,2,7,4,3,3,0,6,2,4,2,3,3,7,2,5,8,19,7,16,19,8,3,8,4,2,3,6,6,13,8,9,8,1,4,2,5,4,0,1,2,0,0,4,2,3,6,3,6
356,17,10,2,7,16,5,7,9,31,9,5,16,17,15,4,34,7,1,2,5,1,4,2,1,1,2,1,1,3,6,0,8,27,4,132,10,11,12,94,12,13,6,88,12,13,11,46,9,1,4,6,6,5,4,3,4,0,0,3,0,7,2,1,3,21,3,19,27,8,11,11,8,4,7,3,7,8,3,4,13,1,0,2,1,2,5,1,2,2,0,4,1,2,7,4,11
357,10,1,1,9,29,10,3,11,37,7,1,15,20,12,5,29,3,2,1,4,1,5,2,4,2,4,0,2,3,6,0,7,22,9,164,6,11,11,79,17,8,13,98,9,5,7,66,7,2,2,2,2,2,0,6,1,1,1,1,1,5,0,0,8,23,9,15,21,7,6,11,9,5,7,3,6,8,3,8,8,2,0,3,3,1,5,5,0,0,0,2,1,5,4,5,3
358,12,7,3,8,13,6,3,11,21,14,4,18,15,15,8,26,4,3,0,5,1,6,2,2,1,1,0,3,4,4,1,6,23,13,145,17,14,8,85,11,16,9,103,6,9,10,54,7,3,3,5,5,0,4,4,1,1,1,1,3,17,3,4,7,23,9,15,21,8,3,11,7,2,6,8,4,5,4,6,10,2,0,4,1,0,1,4,4,0,1,3,3,3,4,2,7
359,10,7,0,13,14,6,3,12,25,7,3,15,19,8,3,28,4,5,0,2,5,6,1,6,0,3,1,1,3,4,0,6,25,7,141,14,17,9,110,14,16,10,97,9,5,17,40,6,4,2,6,2,1,3,3,4,2,1,1,2,16,1,2,8,25,5,22,20,9,4,11,5,6,5,7,2,6,7,4,10,0,0,5,4,1,1,4,2,1,0,4,2,1,1,3,8
360,20,10,3,11,11,10,7,11,28,14,8,10,14,13,4,25,3,3,2,7,1,4,3,5,4,2,0,4,6,5,1,6,25,7,159,12,9,8,90,18,10,12,84,7,11,13,52,7,3,4,3,3,1,6,2,0,3,1,3,1,9,1,1,1,23,7,11,26,8,6,8,3,3,3,9,4,7,3,7,11,1,1,2,2,1,2,4,4,2,1,2,0,4,4,3,7
361,15,10,2,9,15,8,3,9,23,9,0,17,17,12,3,31,5,5,1,7,2,4,0,7,3,1,1,5,2,5,0,3,24,13,138,9,8,11,92,9,13,8,83,4,12,10,51,13,2,3,7,6,3,4,2,2,1,2,1,3,5,4,1,6,22,6,22,22,7,9,6,5,10,2,3,5,11,7,11,7,0,3,6,5,2,5,2,3,1,3,3,2,2,5,7,12
362,12,7,1,9,18,9,3,13,21,5,4,20,28,20,1,26,7,4,0,5,6,4,2,9,3,3,0,5,1,10,1,5,23,19,130,16,7,5,80,13,11,5,103,12,12,9,47,7,1,3,4,3,1,3,7,3,1,0,3,0,2,3,3,13,24,7,16,18,5,12,9,6,4,4,9,8,3,6,5,13,2,0,4,2,0,0,2,3,1,1,4,1,3,4,6,7
363,19,7,0,8,17,7,3,14,28,3,4,17,20,12,2,32,7,2,0,5,1,4,1,2,5,1,0,3,3,3,0,5,16,13,153,11,15,12,91,10,11,2,104,8,14,12,52,9,6,4,4,1,1,3,2,0,5,0,1,2,7,5,1,9,16,8,16,23,7,4,5,5,6,4,5,6,7,5,7,7,2,2,0,7,1,3,7,4,3,1,3,0,1,4,1,11
364,15,7,2,6,14,4,2,12,20,4,2,9,16,10,6,28,8,7,0,2,3,3,3,6,3,3,1,1,2,2,1,4,32,12,160,21,11,9,89,12,6,12,90,8,5,17,54,9,4,5,2,4,3,1,3,1,1,5,2,1,15,4,4,6,18,12,20,11,2,8,9,6,3,4,9,6,10,10,6,10,4,0,4,1,1,2,4,5,3,0,3,1,2,4,3,5
365,17,8,2,12,15,8,6,14,24,7,5,22,20,16,4,28,6,7,3,3,1,2,2,3,1,1,1,3,5,7,0,7,22,8,133,13,10,10,92,22,8,15,82,8,14,13,41,11,1,6,8,6,1,1,2,2,3,2,2,1,6,1,3,4,17,8,14,15,8,7,5,6,12,3,10,5,2,7,8,16,3,2,7,5,0,1,3,5,3,0,4,2,3,3,0,5
366,19,6,0,10,20,9,7,3,31,9,0,11,22,9,1,26,5,3,4,5,3,7,2,5,4,4,0,1,0,1,0,16,19,13,156,22,14,14,81,17,12,10,92,11,9,11,39,11,2,4,5,5,3,5,2,4,1,1,5,3,7,3,3,7,18,7,17,18,4,3,12,4,7,3,8,4,7,5,3,9,1,1,3,1,1,1,2,7,2,1,2,0,2,2,1,10
367,20,5,1,11,24,6,3,12,28,10,0,21,13,17,3,39,5,2,0,6,5,3,1,4,1,3,0,2,3,3,0,10,18,7,156,13,15,9,89,13,9,10,90,6,13,10,42,16,4,5,9,4,2,4,2,1,2,2,2,0,8,2,2,8,23,9,11,22,6,5,3,5,6,4,3,2,7,4,9,7,0,0,6,1,0,3,3,5,0,1,7,0,1,2,3,8
368,11,5,1,12,17,4,6,8,28,9,0,10,15,9,5,34,8,3,1,6,1,2,2,4,4,5,1,1,3,6,0,3,24,15,147,10,12,11,96,11,15,14,100,12,10,18,45,14,2,5,3,5,1,3,3,2,2,0,0,2,6,4,1,10,11,9,10,22,6,8,7,7,2,3,9,5,6,10,7,13,2,2,4,0,4,1,0,3,3,1,1,2,2,2,3,8
369,11,8,0,5,16,5,11,13,23,6,1,10,19,14,3,41,3,2,0,4,3,2,1,8,0,0,0,1,1,5,1,9,24,9,143,8,5,11,97,19,15,9,100,8,13,8,61,9,5,4,3,6,3,2,5,6,0,1,1,2,7,3,3,9,20,8,12,14,6,5,10,2,7,5,7,5,7,4,10,12,0,0,1,2,2,3,5,4,1,0,2,7,2,2,4,6
370,18,7,4,5,19,6,6,9,37,5,4,16,9,11,5,26,4,4,1,3,5,6,1,4,2,3,1,0,2,3,1,7,24,13,168,19,5,5,94,14,10,12,93,14,7,15,41,6,5,4,5,7,1,3,4,1,2,0,3,0,10,0,4,6,17,7,16,17,4,6,7,6,5,2,9,4,9,5,3,10,1,0,2,0,1,7,3,4,2,0,4,0,0,4,3,13
371,17,9,1,5,21,12,3,14,29,5,4,8,22,12,7,20,4,3,2,7,2,6,2,4,2,2,1,5,6,6,0,8,25,8,162,14,10,11,75,8,9,14,91,10,8,9,54,12,6,4,7,1,1,2,3,1,4,2,1,0,7,1,4,8,17,8,13,15,7,5,9,6,8,3,7,5,7,5,7,9,2,1,7,4,0,0,4,3,3,0,1,2,2,9,3,7
372,14,6,0,10,16,3,1,9,36,9,1,15,15,15,3,27,6,5,3,9,5,4,1,4,3,4,0,2,3,2,2,7,26,11,148,16,13,9,93,11,10,8,99,12,12,10,46,6,6,2,7,4,2,3,1,5,3,3,3,4,7,1,2,6,16,5,18,15,4,8,10,4,7,6,4,5,7,8,9,10,0,1,3,1,1,2,3,3,1,1,3,2,4,2,4,4
373,13,7,3,16,19,8,5,8,26,10,0,13,21,11,0,37,8,1,1,5,5,4,1,1,4,1,0,6,0,1,1,4,20,15,157,13,8,6,86,6,11,8,95,10,11,12,49,9,5,8,4,3,0,5,2,2,1,1,4,2,6,3,1,7,17,12,10,19,8,3,6,10,9,7,9,5,8,11,4,4,2,1,4,4,2,0,4,8,4,1,3,1,5,3,3,3
374,10,3,1,9,18,8,0,6,32,3,2,17,23,13,3,34,6,2,1,5,5,1,2,1,1,3,0,3,1,4,0,9,30,6,162,12,11,4,73,13,9,9,107,8,15,12,55,8,1,5,3,1,1,3,3,3,2,8,2,2,8,2,2,4,22,10,15,26,2,6,7,3,9,4,7,11,8,7,5,9,2,0,2,2,1,1,4,2,0,0,5,1,2,5,3,9
375,11,8,3,3,20,5,3,14,28,7,2,14,22,7,0,33,9,1,0,8,1,5,1,5,0,4,1,3,6,3,5,7,23,11,143,13,11,6,86,14,11,15,91,9,10,15,60,10,2,1,7,9,1,7,4,1,0,1,2,1,5,2,1,1,22,8,11,19,3,5,10,7,7,5,9,9,9,10,6,10,0,2,5,3,1,2,2,0,3,0,2,3,0,8,1,6
376,17,10,2,9,13,4,2,12,34,8,3,14,17,13,0,21,5,5,1,1,3,0,1,3,2,3,2,0,6,5,0,3,25,9,158,17,11,10,81,10,14,10,95,7,7,9,52,6,2,6,5,9,2,2,3,1,0,3,3,3,3,3,1,5,27,10,14,26,5,5,14,9,9,6,12,4,5,7,2,12,1,2,4,5,2,3,1,3,1,3,2,2,1,1,3,8
377,19,6,2,7,15,3,2,12,34,6,0,15,20,24,6,26,2,3,1,10,3,4,0,1,3,2,0,1,2,3,1,2,32,13,168,19,5,11,83,8,14,13,105,8,11,4,53,5,3,2,4,7,0,0,3,3,2,4,3,2,5,0,1,10,17,7,15,11,5,7,10,7,7,3,12,2,5,5,3,4,2,3,6,2,1,5,1,2,4,0,3,1,5,4,1,4
378,15,8,3,8,13,8,4,5,23,4,3,9,19,11,2,25,4,1,3,5,0,10,0,3,3,1,0,3,3,1,1,10,27,10,183,11,10,9,81,6,11,11,103,8,8,14,46,10,2,7,10,9,0,4,1,3,2,0,2,1,5,5,2,5,22,7,14,16,5,5,11,4,7,4,10,8,10,12,3,5,2,1,3,1,0,1,4,5,2,2,2,0,2,5,6,7
379,19,9,1,7,22,11,2,9,27,9,1,19,21,19,1,37,6,3,0,12,2,4,1,5,1,2,3,6,4,1,2,4,24,6,145,17,11,10,91,7,11,10,81,6,17,10,60,5,2,3,1,0,2,2,0,6,2,3,2,1,7,2,3,9,22,8,18,15,4,7,7,7,7,1,5,8,5,8,6,14,4,3,3,1,0,3,2,1,1,0,5,0,1,1,1,6
380,18,10,1,12,23,5,3,13,39,4,1,17,16,15,5,37,4,6,2,8,2,3,1,6,1,1,0,2,9,5,0,7,20,13,144,14,9,10,85,19,15,8,86,8,8,8,56,13,2,1,4,7,2,1,5,1,3,0,3,1,2,4,2,5,16,8,12,21,6,3,8,4,7,3,7,7,8,6,6,5,2,0,3,1,0,2,5,5,1,0,4,1,3,1,3,7
381,15,10,0,3,24,11,7,7,26,11,3,12,21,14,6,26,5,6,0,7,3,6,1,3,1,3,1,8,2,3,0,4,23,11,163,10,8,10,100,16,13,8,97,7,12,10,48,11,3,2,2,7,0,4,3,2,1,3,1,3,3,1,2,9,16,9,15,15,5,7,1,4,5,4,5,4,7,7,5,8,1,0,4,2,3,2,1,3,3,2,3,1,5,3,1,7
382,19,5,0,11,23,4,3,14,17,6,2,21,27,13,4,20,3,3,0,7,3,3,1,5,2,3,0,4,4,8,0,3,28,9,153,16,8,9,108,12,13,11,73,6,12,6,56,7,3,2,7,1,0,1,2,2,2,1,1,1,12,0,2,5,19,5,20,14,2,3,10,8,11,3,6,11,7,8,6,12,4,0,3,1,1,4,4,6,1,1,4,2,3,4,6,4
383,18,5,1,10,12,6,4,9,21,6,1,14,15,8,2,33,5,3,2,8,3,5,1,5,6,1,3,2,3,9,1,5,24,12,168,12,18,10,84,9,11,7,88,8,10,17,55,9,3,3,8,5,2,3,4,1,1,3,4,3,6,1,2,7,16,7,17,23,4,5,8,5,1,4,8,9,8,7,8,11,5,1,2,1,0,2,3,4,0,0,5,2,2,3,2,2
384,16,10,2,9,16,5,2,18,25,10,4,17,18,13,4,33,10,5,1,8,0,2,2,2,3,2,1,3,3,6,0,4,34,13,141,16,8,10,84,14,12,7,86,4,7,14,51,15,7,3,4,6,1,3,3,1,0,1,0,1,5,5,3,6,23,5,10,20,4,5,7,5,9,3,12,10,9,7,7,12,1,1,5,1,1,0,2,5,1,0,3,0,3,0,4,6
385,18,11,0,9,12,5,7,8,32,8,1,11,19,9,2,30,7,3,0,6,2,5,2,1,1,1,4,1,6,3,3,6,22,11,154,17,11,18,86,11,7,7,99,15,10,17,48,11,4,7,5,2,2,1,1,2,0,3,2,0,9,2,8,5,25,8,16,19,8,2,8,4,6,3,5,6,7,4,1,8,1,0,2,3,0,1,4,3,0,1,1,5,3,4,3,9
386,10,5,1,8,22,5,3,13,30,2,4,20,21,11,4,29,4,4,2,12,3,3,1,7,2,1,0,2,6,4,0,6,29,20,142,11,16,6,100,9,10,3,90,7,8,12,52,5,6,5,6,4,1,6,3,4,2,1,2,0,9,1,3,4,19,9,11,12,8,7,7,8,6,7,8,5,10,7,4,8,0,4,5,0,1,2,3,3,2,1,6,1,3,5,2,4
387,15,11,0,13,16,11,2,8,27,8,3,12,13,12,4,33,9,6,3,2,2,7,3,4,3,3,0,8,6,4,1,7,22,5,148,16,11,6,83,6,12,13,93,10,14,15,52,14,1,6,6,4,0,1,3,3,2,2,2,0,7,4,2,4,16,10,17,16,3,7,9,8,4,3,6,9,5,8,11,11,2,2,2,1,1,3,3,2,0,0,2,1,0,5,5,5
388,13,5,0,9,17,8,10,13,21,3,2,15,29,18,3,24,3,1,3,4,3,4,0,4,3,1,0,2,3,7,1,5,19,10,158,14,10,10,88,15,8,9,91,13,11,7,66,9,4,4,0,4,1,6,5,3,4,4,2,2,11,2,2,8,22,8,15,21,3,4,9,5,5,1,5,4,7,6,6,11,1,0,7,1,0,4,3,2,0,1,1,0,0,2,4,8
389,21,9,0,8,12,7,5,5,27,5,3,6,18,20,2,42,5,0,2,3,2,5,1,2,4,5,0,0,4,3,2,9,22,7,146,14,11,12,79,11,12,16,89,9,16,8,66,8,2,5,4,6,3,3,3,2,2,1,1,6,5,2,1,5,16,9,14,18,5,6,7,7,6,6,10,5,7,7,4,13,1,3,2,2,1,3,7,3,0,0,3,2,4,4,4,7
390,15,14,3,9,17,3,5,6,23,5,3,14,19,8,4,26,13,1,1,6,3,7,3,7,3,0,0,2,4,2,2,5,29,15,152,17,16,11,87,9,8,9,77,11,14,14,45,9,1,1,4,9,1,2,7,3,2,2,3,2,9,0,1,6,25,5,19,17,7,7,3,8,4,4,8,8,6,5,14,12,1,1,2,1,0,4,6,5,0,0,1,2,0,5,5,6
391,12,8,2,7,27,5,2,6,16,6,0,22,14,7,4,37,6,4,1,3,3,4,1,6,1,3,1,2,5,4,0,6,29,9,170,17,7,7,94,12,15,12,94,7,14,9,45,6,5,0,3,2,3,4,4,5,2,1,2,2,6,0,2,5,17,4,13,18,7,7,8,8,7,2,6,3,8,6,13,6,0,0,7,3,2,5,5,4,3,1,4,1,2,1,1,10
392,16,6,0,9,14,8,4,10,31,13,3,12,19,12,2,26,6,1,2,9,3,4,4,3,2,1,2,3,4,6,0,5,22,6,140,14,14,6,91,11,18,13,105,4,8,11,51,10,2,3,3,9,1,3,3,5,4,0,5,3,8,0,5,5,12,8,20,21,5,1,4,8,3,3,11,6,8,4,5,19,2,0,3,3,3,0,4,5,4,1,3,2,4,2,0,3
393,22,7,0,14,20,4,6,7,31,4,1,14,17,13,3,38,2,2,5,4,2,2,4,7,2,1,1,2,4,6,2,3,27,8,172,9,17,7,87,4,8,8,80,6,9,11,55,7,5,1,4,4,2,3,4,1,0,3,2,3,9,2,2,7,17,9,12,17,5,3,9,5,10,4,10,7,18,5,5,10,0,0,6,1,0,2,2,5,2,1,2,2,0,6,1,7
394,15,3,2,7,12,5,9,7,27,7,3,13,10,19,2,24,7,2,1,8,3,2,5,4,5,5,0,3,3,10,1,4,27,8,135,14,8,12,108,7,6,8,89,9,19,13,50,12,2,1,4,4,3,2,2,0,3,1,1,4,8,5,3,4,16,9,16,18,9,6,14,6,5,4,7,13,8,14,4,11,1,0,4,3,0,4,4,2,2,0,1,0,7,2,3,7
395,12,9,1,7,15,10,4,9,41,11,2,14,22,10,5,25,6,3,2,3,4,6,1,4,2,3,1,0,3,4,0,8,25,6,141,23,9,8,91,8,6,10,93,7,7,12,59,8,1,3,5,5,2,3,2,3,5,1,1,1,10,3,4,5,17,13,11,24,5,14,8,4,6,6,5,4,12,3,6,7,3,3,2,3,0,2,4,1,4,2,3,1,3,2,2,6
396,16,4,2,7,18,7,5,11,23,3,2,18,21,12,3,22,7,2,0,2,2,4,2,5,3,1,1,2,2,5,2,5,18,8,152,17,7,11,97,10,13,12,92,9,20,10,62,12,3,4,4,8,0,2,3,0,1,3,1,3,9,2,1,5,17,12,13,18,5,6,13,10,7,3,9,8,6,5,7,8,0,1,3,0,0,4,2,3,2,2,3,3,1,2,2,7
397,14,9,1,8,13,4,4,10,26,12,1,17,27,8,3,33,6,3,2,3,2,5,0,3,3,3,1,3,3,2,0,4,18,14,160,11,7,5,108,12,8,15,104,12,10,10,51,6,5,5,2,3,2,5,2,2,0,2,1,3,9,3,4,5,18,8,15,14,5,6,8,2,6,7,8,6,8,3,8,4,1,2,4,3,1,0,8,4,1,0,3,1,0,1,3,5
398,11,11,1,13,14,5,5,8,19,10,3,15,16,17,5,27,8,0,1,4,4,4,0,4,1,2,0,0,3,5,1,7,30,10,151,11,7,4,93,11,17,11,91,7,15,15,46,13,4,4,9,2,1,3,2,4,3,2,2,0,5,1,2,3,19,6,12,23,9,4,8,6,6,3,13,6,6,9,2,11,5,0,5,1,2,2,7,4,3,1,1,3,3,6,5,6
399,14,5,3,6,22,9,2,6,24,2,3,20,8,19,3,34,3,4,0,6,6,4,4,6,3,6,1,5,2,2,0,6,19,6,162,8,14,11,83,12,7,11,106,9,11,8,45,11,6,1,2,4,2,8,3,4,2,2,2,0,7,2,3,3,18,3,18,18,5,8,9,5,9,5,5,3,7,4,9,17,6,2,3,3,1,1,3,5,1,2,6,1,2,1,3,5
400,18,7,4,5,12,6,6,12,21,10,5,9,23,12,3,38,1,5,3,5,7,4,2,3,2,3,0,3,1,6,1,7,21,8,158,13,11,10,98,17,8,22,84,11,10,12,50,9,3,5,4,1,0,0,1,2,1,0,1,0,7,4,3,9,17,6,18,20,3,6,6,5,8,6,8,3,6,7,7,13,2,0,5,3,2,2,2,0,1,0,4,0,2,6,3,2
401,15,11,2,5,25,4,6,2,30,7,3,11,19,8,2,27,8,4,2,9,2,2,3,7,2,4,0,3,3,5,1,5,21,13,139,16,10,5,89,13,7,9,91,8,11,13,56,13,4,4,5,5,2,1,2,2,1,3,3,1,6,0,3,9,19,10,12,22,3,6,14,5,3,4,9,10,16,7,7,17,3,1,3,2,2,2,3,3,0,0,3,1,2,2,2,5
402,21,3,1,9,19,9,4,11,25,7,2,12,18,11,3,35,8,2,0,5,6,6,1,6,2,0,0,3,4,8,1,9,29,4,153,21,14,12,84,10,10,4,86,7,18,8,55,6,3,4,4,4,0,4,5,3,2,3,2,3,5,4,3,7,14,4,21,14,6,4,4,3,5,4,6,7,12,6,4,9,3,3,3,3,3,3,1,6,1,1,2,2,4,1,2,11
403,11,9,2,6,13,12,9,14,25,5,5,15,18,13,4,32,7,7,0,4,2,3,1,5,5,1,0,6,4,2,4,6,29,14,144,14,7,6,106,9,9,13,79,10,13,10,59,7,3,2,4,5,1,2,1,1,2,4,1,1,8,3,2,8,20,11,17,16,2,5,8,4,9,6,9,6,4,3,9,8,2,3,1,3,1,1,6,4,2,0,4,0,0,1,1,7
404,14,2,0,8,21,9,1,9,27,7,4,9,26,14,2,33,7,4,1,7,4,6,3,4,5,3,0,4,2,5,0,5,23,10,145,17,12,7,88,10,12,6,90,15,10,15,50,10,4,4,8,4,1,2,3,2,4,2,2,5,7,5,0,6,19,6,7,18,5,4,8,7,7,1,4,2,14,9,4,14,1,1,7,0,2,3,5,1,1,1,4,2,3,7,2,6
405,15,9,1,3,16,7,4,8,27,7,2,16,10,14,2,38,3,3,0,8,2,3,2,6,2,2,0,2,1,3,2,6,35,9,152,11,6,11,89,4,14,8,109,5,11,17,68,4,4,7,5,4,1,1,2,2,3,1,3,3,5,4,2,3,21,4,18,17,6,3,11,8,2,5,12,11,2,7,9,10,1,1,2,3,2,2,4,0,0,0,3,0,4,0,2,3
406,16,4,0,10,25,2,2,10,20,11,2,14,22,17,5,34,3,6,1,8,3,2,4,9,0,8,0,4,5,1,1,3,24,4,157,9,12,7,86,13,10,12,69,6,3,7,57,6,2,6,7,2,0,3,2,2,3,1,1,4,7,0,3,7,27,6,18,23,8,5,12,5,10,3,5,12,7,10,8,4,0,1,6,6,2,2,7,7,3,2,3,0,1,2,4,7
407,18,6,2,3,18,7,6,11,23,12,4,14,18,9,4,25,4,3,2,5,2,3,2,5,4,2,2,5,5,4,1,2,24,4,159,19,13,17,88,14,9,10,82,10,14,9,63,10,6,6,5,6,5,2,3,3,1,0,4,3,3,3,2,6,22,10,14,15,4,7,5,2,4,7,8,4,6,8,7,10,2,0,4,1,0,1,3,1,0,0,3,2,4,2,5,5
408,16,9,1,8,19,6,5,9,31,9,3,13,20,13,7,18,2,3,1,7,4,5,4,3,2,2,0,1,6,8,1,9,18,9,164,8,14,11,103,14,10,10,79,10,19,9,61,4,2,2,1,4,2,3,0,3,1,0,4,3,4,3,2,3,18,5,23,19,6,5,9,8,6,4,4,7,7,4,5,8,0,0,2,1,1,4,4,3,1,2,4,0,3,3,4,5
409,21,13,0,3,23,15,2,14,27,9,1,18,19,9,4,25,5,4,0,4,2,5,1,9,2,1,0,1,3,7,1,8,17,12,137,20,11,7,90,9,7,7,96,11,12,7,54,10,2,2,2,4,2,4,2,2,1,0,1,2,9,2,1,8,22,9,19,23,8,10,10,6,5,3,6,4,4,7,1,10,3,1,5,1,1,0,3,2,2,1,5,1,5,3,6,7
410,19,10,0,4,23,6,7,8,35,3,1,14,15,17,9,32,9,6,1,5,2,11,0,3,3,6,0,3,3,6,0,6,33,11,146,14,10,8,80,3,9,9,93,6,9,9,56,1,4,7,8,1,3,3,2,2,0,2,0,1,13,2,3,3,16,12,15,12,8,4,12,4,5,5,11,4,5,3,7,18,3,0,3,4,2,3,2,4,0,1,5,2,2,2,1,7
411,18,11,0,8,17,7,4,5,26,5,4,11,21,4,3,37,9,4,1,3,4,8,3,2,1,2,1,3,2,2,0,4,25,12,146,21,12,11,93,10,8,16,79,6,14,19,51,7,1,4,3,3,1,1,6,1,1,4,1,4,17,0,1,7,13,5,17,19,8,6,9,7,8,11,9,7,16,6,10,8,1,0,2,2,2,1,1,4,0,0,1,0,1,3,4,4
412,16,8,1,9,18,4,2,4,31,3,4,19,11,12,2,36,2,3,1,4,3,1,0,2,3,2,0,2,5,5,0,7,20,16,131,10,13,10,99,9,16,15,108,13,9,13,52,8,2,5,6,2,1,3,3,3,2,5,1,3,7,2,2,8,17,9,16,22,10,3,10,10,2,1,6,8,9,11,5,10,1,1,3,3,1,1,1,5,1,0,3,4,2,3,1,4
413,16,6,1,11,15,6,8,11,22,7,1,16,24,15,4,24,8,0,0,5,3,7,2,7,3,1,1,4,4,6,1,4,21,10,141,19,14,8,86,14,14,11,98,14,14,7,48,11,4,2,1,5,2,2,6,4,3,3,3,4,9,3,1,5,17,10,14,20,6,1,7,5,12,7,6,3,7,4,4,5,4,2,3,2,1,2,4,2,0,0,3,2,4,2,4,7
414,11,9,1,5,22,7,2,12,28,8,3,18,18,15,2,21,5,4,4,5,1,2,3,6,4,1,1,1,8,8,1,9,26,11,139,13,8,2,91,7,7,14,94,11,7,9,49,8,2,5,5,5,2,3,4,3,1,1,3,0,7,2,1,8,21,4,20,26,4,2,10,8,9,7,12,6,10,9,2,12,1,0,4,3,1,2,4,6,1,1,3,1,4,3,6,5
415,13,8,1,3,16,7,5,5,31,4,5,17,19,11,0,26,4,2,1,4,3,3,2,2,4,3,1,4,1,4,0,6,29,12,152,12,9,9,92,13,10,14,105,9,15,14,45,5,3,2,6,6,2,4,3,3,2,0,0,3,5,1,2,8,11,11,16,22,5,5,10,8,5,5,8,9,8,2,9,13,3,0,7,2,2,4,4,4,0,0,2,2,1,8,1,3
416,17,11,1,6,21,8,4,14,35,8,2,19,16,20,6,30,3,3,1,4,2,3,1,5,0,2,0,2,2,3,3,6,28,11,153,14,10,8,79,11,20,13,95,11,12,13,53,7,1,2,3,0,1,2,2,4,0,4,0,5,10,1,3,8,17,2,15,15,3,3,4,5,5,3,8,4,6,6,9,8,3,3,2,2,2,4,5,2,2,1,2,5,2,3,3,4
417,19,8,1,4,23,3,2,12,25,4,4,10,25,13,2,41,6,0,1,5,5,3,4,4,3,2,2,3,4,5,1,7,26,8,139,15,10,10,97,9,7,15,94,10,14,12,53,9,5,5,3,4,0,3,3,0,1,3,7,5,4,3,1,7,20,4,19,12,6,3,6,10,7,6,7,5,7,2,7,10,3,0,4,1,1,4,4,2,3,0,2,1,1,3,1,6
418,23,14,0,9,19,11,2,9,24,4,3,18,22,8,2,31,7,4,0,1,4,4,2,2,2,4,2,2,3,7,2,7,25,10,141,17,8,8,86,8,10,3,100,4,7,13,60,3,5,2,6,8,0,3,4,4,3,1,3,5,8,1,2,7,19,8,15,15,5,7,12,6,5,3,4,9,6,9,8,11,0,1,2,2,0,6,3,2,1,2,1,0,2,2,2,15
419,15,7,3,7,24,13,3,10,27,2,4,13,18,19,4,29,1,2,0,6,3,4,2,3,3,1,1,1,4,3,0,7,25,10,145,12,10,8,80,9,12,11,93,10,13,14,52,10,4,8,4,5,0,3,7,1,1,2,3,3,8,3,4,5,19,9,19,20,9,4,6,8,2,2,8,9,11,6,10,10,1,0,2,2,1,2,2,4,0,0,4,0,2,4,3,7
420,15,10,4,4,18,3,4,8,23,6,3,18,22,10,4,20,5,4,3,5,1,2,3,6,1,4,0,5,3,2,1,5,26,9,148,16,8,13,87,6,16,12,97,7,9,11,51,8,8,5,3,3,0,2,3,5,2,1,0,5,8,5,3,7,18,10,12,21,5,7,9,6,4,4,11,11,10,4,8,12,1,2,6,3,1,1,3,4,2,0,3,2,0,1,3,10
421,17,14,5,6,20,14,2,9,21,6,1,17,21,16,2,33,5,2,0,2,1,4,1,6,3,1,0,4,4,3,0,6,19,10,134,14,14,12,84,15,12,10,91,9,15,14,48,11,4,1,2,4,0,3,1,2,1,1,2,3,5,3,3,9,29,8,15,16,2,4,7,7,6,4,11,6,10,7,8,9,5,0,3,2,0,4,5,6,2,0,6,1,1,7,3,4
422,14,10,0,12,15,6,1,17,34,4,3,16,12,10,3,33,5,4,0,6,2,4,1,7,4,2,1,3,4,6,0,6,30,7,137,16,17,14,89,8,13,11,90,10,10,6,32,8,6,6,7,7,4,1,1,3,2,4,1,1,7,1,0,6,20,8,27,19,3,9,8,3,6,1,10,0,8,8,8,11,3,1,7,2,0,3,2,4,1,0,9,0,0,6,4,9
423,19,7,2,6,21,8,4,13,28,4,3,9,14,11,3,23,5,2,2,6,5,4,3,4,1,3,0,3,5,3,0,2,25,9,141,12,14,8,106,11,11,7,108,10,8,11,51,11,4,4,8,4,1,1,1,1,2,1,4,2,6,4,2,5,13,5,19,22,7,0,6,3,8,5,8,8,8,10,3,15,1,2,2,4,0,2,5,3,1,0,2,2,2,6,3,9
424,11,2,1,4,13,5,7,6,23,7,2,18,18,15,6,23,6,1,0,6,5,2,2,6,4,0,0,2,0,3,1,5,26,16,147,11,9,11,81,7,13,15,111,11,13,15,54,9,1,2,7,3,3,3,3,2,4,3,6,9,7,3,1,5,20,10,16,15,3,6,9,4,9,6,10,3,4,3,6,7,1,1,5,1,3,5,5,3,0,0,4,1,5,6,6,8
425,23,7,0,1,15,10,3,14,33,6,0,10,18,15,1,30,5,3,1,2,1,6,2,3,0,1,0,2,3,3,0,7,27,13,140,7,7,6,97,13,11,10,103,11,10,6,60,10,7,6,4,4,2,3,1,5,1,0,1,5,4,5,1,3,26,8,20,17,7,6,7,1,9,6,6,8,10,13,7,5,6,0,2,1,0,3,3,2,2,1,2,0,3,1,5,5
426,12,7,3,6,19,7,3,11,26,11,3,15,16,16,5,29,5,2,1,4,5,2,5,4,2,2,1,5,1,4,0,1,28,4,160,13,7,11,100,17,11,9,92,10,15,12,52,9,3,1,2,4,0,2,5,1,3,0,3,2,5,1,4,6,18,4,21,18,5,3,4,7,3,3,4,6,2,7,10,14,2,0,4,1,0,3,5,4,0,0,7,2,2,2,7,7
427,23,4,3,7,15,3,6,9,30,6,5,18,22,9,2,29,4,4,0,2,4,2,2,5,0,1,1,5,3,3,1,7,24,7,121,14,10,8,82,12,12,10,100,10,10,15,68,9,7,3,7,3,0,5,2,3,2,2,4,1,9,1,0,3,30,12,21,20,4,6,7,4,9,5,7,5,10,8,6,8,0,0,1,2,2,2,3,2,1,1,7,4,3,1,3,7
428,18,13,2,9,8,6,3,9,22,6,4,17,14,10,5,28,7,1,2,5,2,2,0,3,0,3,1,2,1,3,3,5,25,9,157,15,12,9,101,14,13,13,106,11,10,13,44,8,2,2,5,1,1,2,5,2,0,0,3,3,7,1,3,13,17,14,13,17,7,8,12,9,7,6,5,1,8,9,1,5,2,1,1,1,0,1,2,1,2,0,4,3,2,4,3,10
429,18,12,3,9,16,3,7,6,29,10,2,19,14,10,6,33,5,8,3,5,0,3,4,2,2,2,1,4,7,3,1,2,30,17,168,8,10,4,92,13,5,7,95,14,11,9,59,9,5,1,2,7,3,5,1,1,2,0,2,1,6,2,3,7,22,5,15,12,2,4,6,6,5,2,4,4,8,4,9,7,2,0,1,2,0,3,1,6,3,0,1,2,3,5,5,3
430,11,6,0,9,18,5,6,13,23,8,4,8,21,20,3,26,5,3,1,5,3,3,4,4,0,3,0,5,4,6,2,3,24,9,156,15,13,12,92,16,10,11,85,8,11,16,51,9,0,3,5,4,0,3,5,1,3,1,4,1,4,3,3,9,18,9,14,16,9,4,7,6,5,8,8,6,6,10,4,15,0,3,3,1,2,3,4,4,0,0,4,2,2,0,2,6
431,20,3,1,4,19,7,3,6,27,10,2,8,19,9,2,36,5,1,1,3,2,4,5,5,3,1,2,2,3,7,1,10,23,6,157,16,6,11,100,13,10,9,92,9,12,7,56,6,3,7,3,5,0,4,5,3,1,3,0,2,12,0,2,6,20,8,16,25,4,9,13,6,5,1,7,3,9,7,3,8,0,0,4,4,0,2,4,6,1,0,1,0,2,6,3,3
432,11,9,3,8,11,9,5,8,30,7,6,11,17,17,4,36,4,3,0,4,1,1,2,6,0,4,3,3,3,5,1,4,25,12,149,15,8,7,82,11,12,21,86,9,13,7,56,4,5,1,4,2,1,1,2,1,2,2,6,2,4,0,3,7,16,12,26,25,5,7,7,5,12,3,1,5,11,9,5,11,1,7,6,0,2,5,1,4,1,1,0,2,1,1,5,7
433,11,7,3,6,17,8,3,7,29,6,1,18,17,11,1,33,5,2,2,4,2,6,0,1,0,1,1,5,5,5,3,3,23,6,158,17,6,6,85,14,13,11,88,4,10,8,65,5,4,11,4,3,1,0,1,4,1,1,3,1,10,2,3,5,20,10,13,18,1,6,10,10,8,10,15,5,8,6,4,14,5,1,3,2,2,6,5,3,3,0,6,1,0,4,1,4
434,20,3,2,4,9,7,7,9,24,11,1,12,18,13,1,37,5,4,1,6,2,1,2,4,0,2,0,2,6,5,0,7,36,13,158,17,6,12,85,9,11,11,91,5,11,21,50,7,3,8,6,2,2,2,3,2,3,2,0,0,3,2,1,5,26,6,18,17,11,5,3,11,9,7,5,7,7,6,5,14,3,1,6,3,0,1,1,3,1,1,3,1,1,0,1,5
435,22,12,0,7,14,11,2,11,19,8,3,10,23,14,5,23,7,2,1,7,3,4,1,2,0,5,0,3,1,2,1,7,35,12,162,11,16,10,87,19,11,6,89,6,16,9,36,10,6,4,5,5,2,3,4,3,1,1,0,0,9,1,7,6,21,8,14,22,9,8,4,4,6,8,12,4,7,5,6,8,1,1,0,3,2,3,4,5,1,0,4,0,1,2,2,3
436,14,4,1,6,16,7,2,12,32,11,4,22,12,15,2,32,6,5,7,2,3,8,2,3,1,4,0,4,5,2,3,5,24,11,139,20,13,7,94,14,9,11,85,2,12,10,42,13,3,4,2,6,2,4,0,3,0,1,0,3,7,2,1,4,24,11,21,21,4,8,11,7,4,2,9,4,9,10,6,13,3,1,3,1,0,2,2,5,1,0,6,5,2,3,0,2
437,22,13,1,8,17,10,8,6,24,9,2,19,19,16,4,34,6,3,2,9,4,3,3,3,4,1,0,3,5,2,1,8,30,11,148,15,7,6,93,9,10,16,88,8,9,10,61,12,2,4,4,6,3,4,3,1,1,3,3,2,3,2,0,0,18,3,13,15,3,4,11,6,8,3,4,6,6,4,4,11,1,1,7,3,3,2,1,3,3,2,4,0,2,1,4,1
438,7,7,1,5,17,4,2,9,26,4,5,17,16,18,3,28,5,1,1,4,2,2,4,4,0,3,1,4,8,4,0,5,25,10,135,11,4,6,100,11,7,12,106,7,10,9,61,5,2,4,8,2,2,1,0,3,5,2,1,2,6,0,5,8,27,7,18,24,9,4,15,7,6,1,8,3,9,11,7,16,1,2,4,1,0,2,1,6,3,1,4,0,2,2,4,8
439,25,10,0,4,12,9,4,13,21,7,1,14,13,14,7,33,6,6,1,11,4,8,2,3,2,2,0,1,2,3,3,5,26,18,144,13,10,6,95,10,9,11,102,7,10,10,36,9,5,2,7,2,0,4,0,2,2,1,1,0,8,3,0,5,19,6,19,18,6,7,8,9,6,0,6,9,9,8,10,17,1,0,2,2,3,1,1,2,1,1,6,2,4,6,3,4
440,14,7,1,12,17,9,5,11,31,8,4,14,16,12,6,30,5,4,0,7,3,3,2,3,2,3,0,0,5,5,2,8,29,8,162,10,12,6,81,10,9,11,89,8,14,10,43,8,5,3,3,5,0,4,3,3,1,4,2,5,11,3,4,8,22,8,18,18,5,5,11,2,6,3,9,9,6,3,6,9,0,0,2,2,0,2,2,3,3,0,5,3,1,3,6,5
441,22,9,2,9,17,4,4,12,28,6,2,12,19,14,3,45,5,2,1,5,2,1,3,4,2,1,1,0,3,3,0,5,33,14,149,11,7,10,85,8,9,10,104,13,9,9,41,8,3,9,3,1,0,3,2,2,6,2,1,2,6,2,3,7,15,8,13,16,5,7,12,2,9,5,6,5,7,10,6,8,3,2,7,4,1,3,2,4,0,1,6,2,3,4,3,3
442,13,6,2,5,15,8,1,11,31,10,3,13,23,10,1,28,5,3,1,6,0,3,3,1,2,2,0,2,2,8,0,8,23,10,140,14,15,9,86,12,18,6,95,7,14,11,72,11,7,3,4,1,3,9,0,3,0,2,0,2,8,1,1,8,21,4,13,14,5,5,10,10,6,4,5,5,9,4,6,15,0,0,5,2,2,2,3,6,1,1,5,2,1,1,5,7
443,11,4,3,8,18,7,3,13,37,5,1,15,21,12,4,28,7,6,3,8,1,4,3,8,2,1,2,1,8,5,0,7,30,15,150,16,13,7,91,12,8,7,80,14,14,14,56,2,2,4,2,2,0,4,1,1,5,0,3,2,6,3,2,6,20,9,15,15,4,3,10,8,9,1,6,5,4,6,3,7,3,2,1,2,2,2,4,6,0,0,4,1,4,7,2,7
444,19,4,3,4,22,5,1,11,24,6,4,8,20,10,2,29,6,2,0,7,5,1,2,3,3,0,0,6,3,4,2,2,25,8,160,17,10,6,98,13,14,10,89,8,11,14,53,11,2,4,8,7,2,3,3,4,4,0,1,2,5,2,2,6,21,6,13,17,10,4,10,7,4,4,7,6,11,7,6,3,4,0,3,3,3,2,4,5,2,0,3,2,3,3,1,6
445,16,9,1,8,20,12,2,6,23,11,4,12,8,14,3,29,5,5,1,2,2,8,1,2,3,3,0,4,2,4,2,6,21,16,156,13,9,12,102,10,9,7,83,8,14,9,49,10,2,6,4,8,5,1,4,1,3,3,2,0,7,5,2,1,18,7,11,18,5,8,13,5,5,2,6,5,9,7,8,10,2,1,5,0,1,4,3,6,2,1,6,1,2,8,2,9
446,11,6,1,7,21,4,2,8,26,7,3,20,18,6,1,26,4,0,0,2,1,2,4,3,4,1,0,3,4,3,3,9,19,10,167,15,7,11,87,6,13,13,85,12,9,18,39,11,1,1,3,4,2,2,7,5,1,2,1,3,9,2,3,11,24,9,16,20,5,6,12,8,6,5,3,2,4,6,8,15,1,3,4,4,0,2,9,7,1,0,8,3,0,3,6,11
447,17,8,0,5,25,9,3,8,29,5,2,14,20,17,1,26,3,2,0,9,6,5,4,6,4,2,1,5,3,3,0,6,25,5,143,17,15,6,85,7,10,11,89,8,8,10,61,7,4,5,9,1,0,3,2,3,1,1,4,2,3,2,4,5,16,8,16,20,7,6,9,6,3,7,9,8,9,7,5,9,3,2,9,6,2,3,4,5,1,2,4,0,4,3,0,3
448,15,6,1,7,17,3,5,11,26,8,5,10,24,18,5,30,6,4,0,4,4,4,1,6,2,6,2,1,2,5,2,8,24,18,160,10,8,12,90,11,9,10,94,7,8,7,58,9,5,1,5,5,0,2,5,1,1,4,3,5,4,2,1,6,20,8,9,13,4,7,7,13,4,3,10,6,4,10,2,11,1,0,3,2,0,4,1,1,1,0,3,3,2,3,2,10
449,11,7,0,6,17,11,7,7,27,7,7,19,17,13,2,29,7,7,0,3,0,6,1,6,2,3,0,4,4,4,0,7,24,12,139,13,9,10,101,11,7,13,93,7,13,11,48,7,0,5,9,4,2,2,4,2,1,1,0,3,13,2,1,3,23,12,22,19,5,7,10,8,0,7,4,8,4,6,5,13,1,1,1,2,0,2,1,7,3,0,3,0,2,2,4,7
450,10,10,1,4,18,8,2,9,27,1,4,17,19,21,4,34,10,3,0,4,5,3,3,4,0,4,2,2,5,3,1,3,23,5,149,9,17,5,104,12,6,12,109,14,8,12,51,14,6,2,7,7,0,5,3,2,1,1,2,1,6,2,1,3,11,9,18,19,5,5,6,4,8,6,5,5,9,4,5,7,0,1,4,3,1,2,1,6,2,1,1,1,2,5,0,4
451,22,6,1,10,12,8,2,9,24,3,2,16,15,12,3,31,5,4,3,3,4,5,3,4,0,1,1,4,3,2,0,4,26,15,147,13,8,10,103,13,9,7,100,5,8,10,58,16,4,3,5,3,2,2,2,6,1,2,3,2,7,1,0,7,17,4,16,20,6,5,9,6,6,4,4,3,7,3,7,13,1,0,6,7,1,3,9,3,1,0,4,0,2,4,3,6
452,17,8,2,6,23,9,2,9,33,6,2,16,19,17,4,29,5,1,0,5,3,4,1,4,2,1,0,3,5,8,2,6,30,13,149,20,12,7,91,4,11,11,90,5,13,13,48,7,2,5,4,6,1,1,0,1,4,2,3,2,9,3,0,8,20,6,11,18,7,7,4,7,7,5,5,2,10,10,7,12,1,2,4,1,0,1,2,2,1,0,4,0,2,2,5,8
453,14,11,2,5,15,11,4,14,22,7,2,17,17,14,3,32,10,8,0,7,1,5,3,4,3,4,0,2,3,5,1,4,22,18,133,16,10,6,82,8,14,6,89,11,7,10,55,4,6,5,5,3,2,0,2,2,3,2,4,0,6,4,1,6,29,7,19,27,9,8,11,8,7,7,12,6,11,5,6,3,1,0,3,2,1,4,0,1,1,1,5,2,3,1,2,6
454,15,9,2,7,15,5,4,12,24,4,2,13,22,17,4,23,3,2,3,2,2,2,3,8,4,0,0,2,8,6,1,1,31,13,161,15,10,4,82,3,14,11,97,7,10,15,57,10,4,4,6,4,1,2,4,3,1,2,1,2,7,0,1,4,18,5,12,25,2,9,11,8,9,3,6,13,5,8,5,11,1,1,3,1,4,1,4,5,2,1,0,0,1,5,1,9
455,11,8,1,11,22,9,7,12,25,9,2,18,24,7,2,29,6,5,3,3,1,2,1,6,1,4,2,3,3,5,0,7,26,12,165,17,7,3,90,11,7,10,82,8,12,6,59,8,2,2,7,4,1,2,4,4,2,0,3,2,4,1,2,10,24,5,13,12,5,6,9,9,5,4,5,11,6,3,6,12,2,2,2,1,0,2,7,5,3,1,3,3,1,0,2,9
456,26,6,3,5,17,6,5,11,29,1,2,16,18,19,4,35,5,3,1,5,4,3,5,10,1,1,1,1,1,5,0,9,19,8,151,18,8,4,87,9,10,10,91,4,9,18,62,7,5,4,3,4,1,1,2,1,0,2,0,3,4,3,5,4,19,9,15,22,6,5,8,8,5,5,4,6,9,7,4,17,2,0,3,2,3,1,2,4,0,1,6,3,2,0,3,4
457,14,9,1,6,17,9,4,11,33,9,0,13,14,17,8,29,5,5,0,6,7,3,2,4,3,1,0,4,6,3,1,9,25,6,133,15,10,7,71,11,16,12,112,4,8,17,48,10,4,7,5,3,1,5,6,3,1,2,1,0,7,1,3,6,23,9,17,18,7,6,6,9,5,4,4,4,7,6,7,12,2,0,3,3,3,1,2,5,0,0,1,2,4,6,4,7
458,15,7,1,4,24,9,6,10,22,9,3,12,22,17,4,24,3,1,1,5,2,3,3,5,3,6,1,5,4,4,1,4,27,9,154,9,7,6,95,6,13,8,100,8,9,8,49,14,3,8,4,4,0,5,3,3,6,3,3,2,4,1,1,6,21,16,16,20,5,4,5,3,5,3,8,11,5,9,3,5,1,2,1,0,0,2,2,9,1,1,8,1,3,1,5,6
459,13,5,1,7,18,8,4,7,22,2,1,17,15,16,7,22,0,1,1,4,3,2,1,2,2,2,1,2,3,3,1,7,25,8,143,15,14,8,90,13,10,10,95,7,9,9,63,5,4,5,6,2,3,6,2,2,1,2,1,2,8,4,5,9,25,5,13,26,7,7,11,3,6,4,10,10,11,10,8,8,2,0,4,4,1,4,6,4,0,0,2,1,4,4,3,11
460,15,11,5,3,21,10,2,8,27,8,1,20,13,15,4,31,2,2,1,6,3,6,2,5,1,3,2,4,4,3,0,3,25,19,122,12,6,11,90,13,11,19,121,7,9,10,61,9,4,4,2,1,2,0,0,2,3,2,2,5,6,3,4,3,27,5,15,16,6,5,7,5,2,2,8,3,10,5,3,10,1,0,6,1,1,2,0,5,1,2,5,1,4,1,5,7
461,16,7,0,8,20,7,4,11,21,4,5,14,14,15,2,34,6,3,0,7,2,3,3,4,1,6,0,2,2,3,3,5,28,13,163,13,8,10,90,10,12,8,109,11,14,13,55,7,7,2,1,4,2,3,2,2,3,2,0,4,4,2,3,5,20,5,14,9,10,4,9,4,11,5,7,4,9,5,10,4,1,0,5,2,0,1,2,3,0,1,2,2,1,1,1,6
462,15,8,1,10,17,8,4,3,20,8,1,11,25,9,2,26,4,3,4,6,1,2,3,4,0,3,0,8,1,4,2,3,25,8,164,13,13,6,88,11,12,13,110,9,16,11,47,6,2,3,3,7,1,1,0,3,2,3,2,1,13,2,4,3,19,7,13,23,8,5,12,6,7,3,4,2,6,9,8,8,1,1,3,3,1,2,6,4,0,0,0,2,3,1,4,11
463,16,9,1,7,22,5,4,4,29,8,1,12,32,16,5,40,11,1,0,4,3,1,2,2,1,2,0,1,5,1,0,5,29,11,147,11,8,2,89,17,15,12,88,7,13,11,46,12,2,12,6,5,1,6,6,4,1,2,2,1,7,2,2,10,16,13,15,9,4,6,6,6,7,4,5,5,7,2,3,8,2,2,5,2,0,6,2,4,3,0,5,2,0,2,7,5
464,18,7,2,8,9,5,4,6,27,9,4,22,21,6,2,23,2,2,1,4,1,4,1,8,2,1,2,4,1,2,1,3,29,8,141,14,8,5,118,14,12,12,84,10,7,10,53,7,3,5,7,2,0,2,5,3,2,2,3,4,9,3,2,8,21,7,15,22,9,7,4,6,4,6,9,6,9,7,7,15,2,0,3,5,2,1,4,5,0,0,3,2,1,2,3,9
465,14,9,1,3,20,10,6,8,22,6,5,16,12,9,1,27,4,5,0,7,3,4,0,5,4,4,0,3,1,5,0,7,31,16,147,20,16,9,108,12,16,16,91,11,10,11,49,7,0,3,7,2,2,2,3,2,1,1,2,1,8,3,0,5,9,6,17,17,2,9,8,6,5,7,6,5,7,6,2,12,2,0,2,1,1,2,2,5,1,0,4,2,4,1,4,12
466,12,7,1,8,17,10,2,13,32,5,1,16,14,17,6,24,7,6,1,11,0,3,2,5,2,1,0,3,1,3,0,7,26,7,167,13,13,12,78,15,15,5,100,7,4,7,58,4,7,4,2,5,1,2,3,3,3,1,1,3,8,2,5,10,27,6,13,18,2,3,9,3,5,6,12,9,2,5,5,8,0,2,9,4,0,1,3,5,1,0,3,0,1,1,5,4
467,30,6,1,6,26,3,4,14,24,5,0,20,12,13,0,32,2,4,2,4,4,2,1,9,3,1,3,5,10,5,2,3,21,7,148,17,10,13,82,9,14,7,94,8,12,14,54,13,3,2,5,6,0,0,0,1,3,1,3,2,8,2,3,6,17,7,12,22,2,4,8,6,8,1,6,6,9,6,8,10,3,3,4,4,0,2,5,5,0,0,2,1,1,1,3,10
468,10,9,2,8,15,3,2,7,29,3,2,29,16,17,4,38,5,0,3,6,4,2,3,3,2,3,1,2,3,5,2,8,22,8,166,15,11,8,87,8,9,6,93,12,8,14,60,7,4,4,4,5,1,2,4,0,0,1,2,1,7,2,1,3,16,7,17,22,5,6,6,5,6,3,6,5,10,5,5,10,4,2,2,2,0,2,4,5,0,0,5,6,2,1,2,8
469,14,8,3,10,15,5,1,9,24,5,4,8,16,10,0,30,6,3,1,5,3,4,5,4,3,4,2,2,4,4,0,5,26,13,146,11,9,13,75,9,13,17,85,17,12,11,65,14,4,4,5,4,0,1,6,2,4,0,0,3,6,2,7,2,14,8,21,20,6,5,7,9,6,7,10,5,9,8,3,12,1,3,1,3,2,2,2,9,2,1,8,1,2,3,3,4
470,16,5,1,8,26,4,5,7,36,7,1,13,7,15,6,29,6,3,2,1,4,3,1,3,6,0,0,4,3,3,2,8,21,4,147,9,9,6,84,14,9,8,103,13,16,10,61,10,1,5,4,4,3,6,4,1,1,2,0,3,6,0,2,6,16,6,19,19,5,6,6,8,5,8,5,11,14,10,2,9,1,1,8,4,1,2,4,2,2,2,4,0,4,4,2,3
471,18,11,0,7,30,7,1,10,30,10,3,18,19,11,4,22,3,2,1,4,6,6,3,4,2,4,0,4,9,2,1,10,20,3,144,17,10,3,89,9,10,12,109,6,11,18,47,6,8,2,3,3,1,2,2,1,3,1,2,1,8,1,3,6,20,10,14,16,2,2,5,3,7,4,9,9,12,6,7,11,4,2,5,1,0,3,1,2,1,2,2,2,2,3,3,7
472,8,9,1,7,19,7,3,9,22,5,2,19,14,13,3,28,5,3,2,4,1,4,1,3,4,3,0,6,4,3,0,5,28,9,178,13,6,10,83,5,8,10,105,9,14,6,53,8,5,7,5,6,5,1,3,6,2,0,0,0,6,3,3,7,19,3,13,23,4,5,8,6,8,4,3,10,11,2,7,10,1,2,5,4,2,1,2,5,3,2,3,0,1,3,4,5
473,26,15,1,9,13,7,6,4,22,6,2,17,18,15,4,22,2,1,1,6,3,4,0,6,3,4,1,4,4,7,1,2,28,6,162,14,7,6,90,13,7,7,89,8,13,12,43,13,5,7,7,5,1,1,2,0,2,1,3,2,7,2,3,3,12,13,10,16,5,7,12,6,8,8,5,0,13,15,3,19,4,0,2,3,2,2,1,1,1,1,6,3,5,3,2,7
474,16,2,2,5,21,5,5,17,26,9,2,7,26,15,4,27,4,3,1,8,3,3,3,7,3,1,3,5,5,2,0,6,22,14,156,11,12,11,94,10,11,9,70,10,8,15,41,8,7,2,5,6,2,3,2,4,2,3,2,3,11,1,2,4,21,7,14,19,7,6,8,9,6,3,5,4,14,6,5,11,3,1,6,2,0,3,2,3,2,0,4,3,1,3,5,10
475,21,7,0,8,19,6,7,10,32,5,3,20,15,18,2,28,6,2,1,4,1,3,2,4,0,1,0,5,4,7,0,3,23,7,142,9,6,5,90,15,10,16,86,13,11,12,55,10,5,4,9,5,2,4,4,1,1,1,5,3,7,3,1,4,19,12,12,16,8,7,8,7,5,5,6,13,10,8,2,13,1,2,5,1,2,2,2,3,1,0,2,1,2,1,1,10
476,13,8,1,6,13,6,6,3,30,1,4,8,18,19,3,26,3,4,1,4,3,7,2,6,1,1,1,3,5,7,1,1,22,15,174,17,1,14,108,11,14,13,76,13,8,14,49,3,2,2,5,7,3,2,2,1,4,2,1,1,7,4,2,6,24,7,17,18,3,4,16,5,3,5,8,8,6,7,3,12,2,1,2,2,0,3,3,3,0,1,2,1,0,0,8,8
477,7,5,1,9,21,9,2,7,18,9,1,21,23,15,3,34,3,1,0,7,0,4,4,5,1,3,1,2,4,4,0,5,30,9,144,11,10,10,82,8,14,7,100,6,13,6,56,11,4,6,6,6,1,5,4,1,3,0,1,2,9,0,3,8,19,11,17,22,2,9,8,9,10,4,10,9,9,3,2,8,3,0,6,2,1,1,8,2,3,1,4,3,0,1,1,7
478,15,13,2,6,11,6,4,7,27,7,4,17,14,15,8,20,8,5,0,4,3,1,1,5,0,2,1,2,4,6,2,5,29,7,154,17,17,14,95,15,8,9,91,3,11,11,42,9,6,7,5,8,5,0,5,2,3,2,3,2,8,4,5,6,15,6,11,17,6,7,9,9,4,4,7,9,9,8,5,7,1,0,6,4,0,4,0,6,1,0,3,1,5,1,1,6
479,13,8,1,7,12,7,7,10,29,8,2,14,10,17,2,27,3,3,0,5,7,2,1,4,3,2,3,2,2,3,4,2,22,11,165,17,8,11,90,15,15,12,101,11,15,7,52,8,2,5,7,1,1,4,2,4,0,1,1,4,7,2,3,2,14,7,15,23,8,6,12,5,1,3,7,9,7,5,5,10,0,0,6,1,1,2,4,4,1,2,4,3,3,1,1,4
480,15,6,1,10,23,4,3,11,23,6,5,11,25,15,2,38,10,2,4,8,5,2,3,2,1,2,1,2,4,6,0,7,29,15,144,8,13,10,96,11,10,11,82,12,6,9,50,5,2,3,4,4,3,3,2,2,3,1,1,0,9,3,3,4,24,6,14,18,5,9,10,7,5,3,5,4,11,2,6,12,1,0,10,1,2,3,2,4,2,1,5,1,3,3,3,3
481,17,6,0,9,22,3,4,9,24,5,1,17,21,10,4,25,6,5,0,7,3,3,3,3,1,5,1,4,3,3,0,11,23,9,145,14,19,11,89,10,15,9,93,12,19,11,57,4,2,5,3,1,2,3,2,3,4,0,1,4,5,3,2,1,15,11,16,18,7,7,10,4,1,6,8,5,10,9,3,11,0,0,6,2,0,2,6,8,2,0,2,5,2,2,5,1
482,19,4,1,5,19,6,4,12,27,7,1,12,16,10,3,30,4,4,1,7,8,4,3,2,2,2,2,2,2,3,2,8,28,7,156,9,10,4,97,7,17,9,109,5,8,16,53,8,4,2,2,3,0,3,2,1,1,0,1,4,8,1,4,6,16,9,16,27,5,4,4,12,6,7,5,4,3,4,8,15,3,1,1,2,0,3,2,3,4,0,3,1,2,3,3,7
483,13,5,0,9,23,5,6,7,31,5,1,11,18,16,3,30,7,3,0,10,5,3,2,4,4,2,2,5,6,6,1,6,25,12,140,18,15,17,74,12,8,7,99,9,6,16,47,18,4,4,2,5,0,0,5,2,2,2,0,1,8,5,1,4,19,8,13,20,4,4,9,4,7,1,8,8,10,3,5,9,3,4,1,2,2,6,4,5,0,0,4,1,3,3,7,6
484,18,8,1,11,20,6,4,10,16,9,2,11,14,16,3,27,3,5,2,2,2,5,3,6,1,1,1,5,4,5,0,8,25,10,137,18,13,12,98,12,9,15,98,10,14,16,53,10,0,2,2,3,0,2,2,1,1,2,3,2,8,1,4,10,11,10,12,17,6,6,14,4,6,2,6,7,4,6,9,14,1,1,2,5,0,4,2,7,2,1,3,0,3,1,3,9
485,17,8,1,13,21,9,3,8,23,10,1,23,16,8,6,26,7,1,2,5,5,4,3,3,0,2,0,2,6,6,0,7,22,14,147,21,9,7,102,10,12,9,106,10,10,7,60,12,4,5,5,3,4,0,3,2,1,1,2,2,12,5,1,5,21,5,10,12,0,2,5,7,1,4,4,3,8,7,7,10,1,2,2,1,0,3,3,5,0,0,5,0,2,5,1,5
486,17,5,5,7,11,5,2,9,23,7,4,18,11,12,5,30,8,3,2,4,4,4,3,4,1,0,0,2,3,5,1,13,17,7,147,15,10,11,91,16,10,10,98,16,8,16,69,4,3,3,6,5,0,2,2,4,2,3,3,4,7,2,2,6,20,8,19,14,5,3,10,6,8,4,4,3,9,5,6,8,0,0,7,5,0,2,3,3,2,0,3,0,0,2,7,7
487,13,7,2,6,21,10,1,8,24,6,3,12,17,15,3,30,8,6,3,7,5,6,0,7,3,3,0,2,3,3,2,4,20,14,161,13,10,9,85,8,10,9,95,14,10,15,56,10,1,5,7,6,1,4,3,1,4,1,2,2,2,1,2,7,11,9,14,14,8,8,8,8,11,4,11,4,9,4,7,7,0,0,2,4,0,1,3,5,1,1,0,5,1,2,2,8
488,17,7,2,8,16,4,0,11,25,7,5,13,15,17,1,31,8,2,2,3,2,5,4,5,1,3,0,0,5,10,0,5,20,18,161,9,6,8,85,10,8,10,108,6,13,10,59,11,6,0,6,2,2,2,3,1,0,2,2,2,8,3,0,3,15,7,16,15,2,2,12,9,6,4,8,6,9,5,4,12,1,0,5,2,2,2,7,5,0,1,1,0,4,4,9,7
489,12,8,0,7,18,7,6,10,36,6,2,11,22,12,5,26,2,4,1,5,2,4,1,2,1,1,1,3,4,2,1,12,21,13,159,15,15,9,86,14,19,12,94,6,5,9,63,8,4,7,5,2,0,2,1,3,0,1,2,4,5,3,3,6,18,9,12,20,5,5,8,9,2,6,7,3,4,3,9,17,0,2,6,2,1,1,2,2,2,0,5,1,0,1,2,6
490,18,6,0,4,19,7,3,10,37,5,5,21,18,8,2,20,3,2,2,4,1,5,0,5,3,1,0,5,4,4,0,8,28,10,152,15,5,10,86,10,9,17,103,11,13,7,51,8,3,6,7,5,3,2,1,1,3,1,1,2,7,3,3,7,16,7,15,22,11,3,7,5,5,1,5,10,9,9,7,10,3,3,5,2,0,0,2,1,1,0,4,3,0,3,4,7
491,15,7,2,4,19,5,7,14,25,1,3,16,24,10,0,39,2,5,2,5,2,7,0,5,1,6,1,6,4,1,1,4,29,11,138,11,9,5,98,7,10,12,97,16,8,6,57,9,4,4,3,5,2,5,2,0,2,0,4,1,5,1,2,8,15,11,12,26,6,3,5,6,8,2,9,9,3,2,6,10,3,1,3,1,1,3,4,3,1,1,3,3,5,5,5,11
492,18,10,0,6,13,3,2,8,19,6,0,22,23,8,3,25,8,4,1,4,4,6,3,2,2,2,1,2,4,5,1,4,23,10,163,15,14,8,82,5,12,16,92,5,14,11,63,11,3,7,3,4,2,2,0,2,7,3,2,2,5,0,2,7,28,4,20,16,3,9,6,5,6,3,5,6,8,7,5,15,1,3,6,0,1,2,3,4,4,0,2,0,0,2,2,10
493,20,8,2,7,15,8,5,10,22,9,1,20,22,12,4,35,10,3,0,9,6,2,2,8,3,2,1,2,1,4,0,5,21,18,141,13,11,7,95,13,9,7,93,12,10,11,50,7,2,4,3,5,1,1,6,2,1,2,0,4,4,3,3,4,18,9,15,18,4,6,8,6,6,2,5,7,2,10,8,12,0,1,1,1,1,5,5,7,3,1,3,0,5,0,4,6
494,19,10,1,7,13,7,2,11,16,7,9,19,20,13,3,23,5,2,1,3,3,3,1,6,3,4,0,3,5,5,0,2,23,8,144,13,14,10,85,12,13,10,98,7,16,8,55,7,5,0,4,4,0,5,3,4,3,3,0,2,9,5,1,10,24,11,17,20,4,10,5,6,6,5,8,6,10,5,6,15,2,1,3,4,0,2,2,4,2,3,0,1,2,2,3,4
495,11,7,2,12,15,8,4,11,34,9,4,17,20,9,8,22,5,3,1,5,4,3,2,6,4,1,1,1,2,2,1,3,20,11,153,9,9,10,96,10,10,11,83,8,13,13,55,8,4,5,5,3,2,2,6,6,2,0,0,1,2,6,0,10,23,6,17,14,4,5,8,9,7,4,5,10,8,9,8,8,3,0,1,3,0,3,2,5,1,1,5,2,5,0,5,9
496,17,9,2,4,13,10,3,5,28,6,3,22,21,17,5,27,4,2,0,6,5,3,4,4,1,0,1,2,2,8,1,10,25,11,141,16,14,5,98,13,20,14,84,10,10,7,50,8,3,2,3,4,3,3,9,1,1,2,5,0,5,3,5,6,17,9,18,18,7,3,7,6,8,7,6,6,4,8,2,11,0,1,3,3,1,1,5,4,3,0,2,4,3,3,3,1
497,13,5,0,7,18,1,4,13,24,6,4,11,19,12,5,27,6,5,2,3,3,4,1,3,1,3,0,2,1,3,4,8,26,13,167,16,16,13,92,6,11,14,85,3,11,16,56,10,4,2,4,5,1,2,2,2,4,3,2,5,11,2,1,5,18,7,13,15,4,5,8,5,7,6,9,8,6,8,5,10,1,0,3,4,1,3,2,4,0,1,4,1,1,4,1,8
498,17,11,0,5,20,7,4,7,31,8,2,14,14,18,4,32,3,5,0,4,5,2,2,8,1,3,2,3,6,7,0,5,16,11,149,13,15,6,84,7,13,11,98,6,13,7,50,10,3,3,5,5,3,5,2,1,2,1,1,2,3,1,2,8,17,9,13,19,11,4,7,11,9,4,11,8,5,5,4,13,1,0,7,6,0,4,0,2,3,0,5,2,2,4,3,5
499,17,10,4,8,17,11,2,11,32,8,2,15,18,10,5,27,4,5,1,13,2,5,0,9,2,1,2,1,2,3,0,7,28,7,145,14,6,7,80,12,16,12,87,6,13,14,55,5,4,4,4,0,1,2,3,1,3,1,1,3,8,3,3,7,17,8,21,18,3,1,7,4,6,5,8,6,3,10,11,16,3,1,4,1,0,3,6,4,0,0,3,0,0,6,6,10
500,17,7,1,8,21,5,1,14,29,7,2,11,14,9,4,33,3,3,0,5,4,6,2,7,0,4,0,5,5,11,1,9,22,10,143,16,9,11,66,9,14,16,101,15,12,15,53,15,3,7,4,3,3,2,4,3,1,3,3,0,9,0,2,7,24,9,18,14,8,8,10,5,12,3,6,5,2,5,1,8,0,2,3,2,1,0,7,3,0,0,0,0,4,5,0,6
501,20,4,3,11,15,6,7,13,22,8,4,18,12,10,5,37,1,3,1,3,2,6,0,7,2,4,2,3,1,2,0,6,22,9,161,16,9,8,91,11,10,9,88,10,11,14,54,8,3,8,3,2,1,2,2,4,1,1,3,0,7,2,0,4,15,10,14,22,3,1,11,8,11,4,6,7,9,6,5,12,2,2,4,2,2,1,5,2,0,1,7,0,2,2,2,10
502,15,5,3,6,23,6,4,10,33,5,5,8,16,10,8,26,3,2,1,7,3,7,3,5,2,1,1,0,4,4,2,15,26,7,141,18,9,7,84,3,16,6,97,11,9,21,49,10,5,3,2,5,2,6,4,2,0,2,2,1,9,2,4,8,15,3,16,15,6,10,15,6,4,5,6,7,4,5,7,16,2,1,4,1,1,1,7,2,2,1,5,0,1,6,4,8
503,17,7,0,8,22,12,2,7,17,7,6,13,16,18,2,23,6,1,0,1,2,5,2,5,2,2,0,4,7,5,1,13,29,7,135,15,13,11,92,12,14,10,99,10,8,9,48,7,3,3,1,7,1,5,6,3,4,0,1,2,10,2,4,5,23,8,18,24,6,7,8,11,6,3,6,2,5,8,4,10,2,2,3,1,3,2,2,4,1,0,5,1,6,2,5,3
504,10,12,2,12,19,6,4,14,23,2,1,16,18,16,4,23,1,6,2,6,4,5,1,1,3,1,0,2,4,10,1,7,27,10,132,16,10,6,93,6,12,11,105,7,13,16,68,5,3,3,3,4,1,5,5,1,2,3,1,1,6,0,2,5,20,4,19,18,4,9,10,10,7,4,7,3,6,7,5,12,1,0,2,3,0,3,3,2,0,0,4,0,2,5,5,7
505,18,9,0,7,21,6,0,11,22,8,5,17,21,15,6,28,2,3,3,7,3,3,3,5,1,1,2,3,4,4,1,10,22,13,154,16,11,12,84,10,12,5,94,7,12,8,52,8,1,2,3,6,5,4,3,3,0,2,1,1,10,1,4,9,27,4,20,18,6,5,6,5,6,4,5,6,9,2,4,8,4,3,2,3,1,2,4,3,2,0,4,1,2,1,4,5
506,15,11,1,6,15,8,5,8,21,2,4,19,14,8,5,32,2,5,1,7,1,5,4,9,3,0,1,4,2,2,1,7,31,8,146,13,10,3,87,17,11,12,102,5,6,11,55,14,4,4,5,6,3,4,2,4,2,1,0,1,9,1,2,11,15,7,17,21,5,5,6,2,9,5,6,6,7,6,5,12,4,1,5,0,0,3,4,5,1,1,6,1,2,3,7,5
507,14,12,2,11,20,3,3,8,29,6,2,14,20,17,2,23,6,1,0,7,2,4,1,3,1,0,1,2,4,6,4,4,16,9,150,14,7,11,79,15,17,13,99,6,14,7,71,9,4,5,2,2,3,6,3,0,2,1,3,0,13,0,1,6,20,12,17,17,4,7,5,3,7,3,5,9,7,7,5,13,3,0,4,1,2,0,1,4,1,0,2,2,3,4,6,6
508,10,8,0,6,20,7,4,17,26,9,2,16,12,19,4,22,2,1,1,5,2,3,1,2,0,1,1,2,2,2,0,10,23,10,164,18,11,9,91,6,10,11,121,8,10,12,60,7,3,2,7,8,3,3,0,5,2,0,3,0,6,3,6,7,17,2,19,12,6,12,8,2,8,3,4,4,3,4,3,4,1,0,6,1,0,1,5,2,0,0,4,3,2,3,8,7
509,19,5,1,8,21,6,5,12,29,5,3,22,19,14,8,45,3,2,0,4,3,2,0,3,0,2,1,4,2,3,2,4,34,10,151,13,9,13,81,18,16,10,84,10,5,7,34,6,5,3,4,7,0,3,2,3,2,0,2,2,12,4,5,5,12,4,17,15,7,6,12,4,5,5,6,6,9,11,9,9,2,1,4,2,1,0,4,7,1,0,2,3,0,5,6,8
510,16,13,5,4,17,5,6,8,22,4,2,13,14,9,3,20,2,2,0,4,9,4,1,9,5,3,2,3,6,6,0,8,27,17,147,17,7,9,103,6,10,13,91,9,11,9,41,14,4,3,1,7,0,1,2,2,1,2,2,2,11,2,2,4,21,6,22,17,4,4,14,6,7,3,10,6,7,10,4,9,3,2,4,4,2,3,2,2,3,0,2,1,4,3,5,8
511,12,7,0,13,9,1,7,9,24,10,2,17,20,19,7,27,4,0,3,5,3,5,3,4,1,4,0,1,5,3,0,10,30,9,150,13,7,9,71,9,13,8,94,5,19,15,54,15,3,4,4,6,1,0,0,1,3,2,3,2,5,2,3,8,10,8,13,23,10,4,11,7,10,7,7,6,6,8,6,13,2,4,4,2,1,4,7,3,0,1,3,3,2,3,6,3
512,13,12,2,4,24,6,3,11,33,4,1,11,18,9,6,36,9,3,1,5,4,4,1,1,1,1,1,3,3,8,0,3,26,7,134,17,10,3,95,13,8,11,112,8,10,7,59,14,5,2,4,4,0,1,2,1,0,2,0,3,11,6,2,3,8,9,18,14,10,3,14,9,5,5,2,8,9,8,5,8,0,3,3,2,0,3,5,4,3,0,2,3,1,6,3,6
513,19,10,0,10,12,8,4,5,23,4,3,16,10,15,2,36,4,5,3,7,4,5,2,5,2,2,0,3,5,3,2,7,21,6,154,15,18,7,101,10,3,11,97,9,6,13,48,11,3,6,2,3,3,2,6,1,4,1,2,2,11,1,3,4,19,7,17,19,5,9,11,7,3,4,7,7,6,8,4,12,1,1,2,3,1,2,4,2,1,0,3,0,1,1,6,7
514,17,5,2,6,17,11,2,8,24,6,5,16,13,19,1,24,2,3,1,3,4,4,2,1,2,2,0,6,6,4,2,7,15,5,172,12,12,12,94,9,15,8,104,5,14,12,51,10,2,5,4,3,2,1,1,3,1,0,0,1,4,2,2,8,17,10,19,23,3,7,7,8,7,4,5,5,6,9,7,12,3,1,4,2,0,1,2,5,1,1,4,0,0,2,2,9
515,22,7,0,9,11,6,2,9,26,9,4,19,18,14,10,24,3,5,0,6,0,4,0,7,1,2,0,0,2,7,0,5,26,6,164,13,15,14,89,12,13,12,78,8,9,9,51,9,4,4,4,5,0,6,3,3,2,1,3,3,6,1,1,3,22,3,15,21,6,7,8,9,4,5,6,5,6,11,8,11,0,2,4,2,0,2,5,4,0,1,5,1,1,6,4,7
516,21,8,0,7,16,5,3,9,31,10,5,19,13,14,4,30,4,2,2,5,4,2,3,3,2,2,1,4,3,5,1,3,36,11,132,7,7,12,88,6,10,8,106,8,9,11,50,12,4,2,7,3,1,3,3,4,3,0,1,2,11,0,4,9,21,7,15,20,6,5,9,5,9,5,3,4,10,8,8,12,4,0,1,4,1,3,4,5,2,0,3,1,3,5,3,3
517,11,8,0,8,16,5,3,13,27,9,5,6,15,12,3,22,10,3,0,5,2,5,3,3,1,3,2,0,4,7,1,5,31,11,151,15,4,15,115,6,10,8,87,5,9,9,42,8,4,5,5,4,4,6,5,2,2,1,0,0,11,2,0,8,20,5,24,22,8,5,8,5,7,2,13,8,9,12,2,5,2,4,2,3,1,2,3,6,1,0,2,0,3,5,4,5
518,17,7,1,10,15,11,4,11,26,3,1,22,13,12,1,23,3,3,4,4,1,3,1,5,3,2,0,6,5,7,2,8,24,12,162,15,6,4,94,18,12,11,79,9,3,14,53,6,2,6,4,9,0,4,5,4,2,1,1,1,7,0,3,6,22,7,13,17,3,3,10,4,7,1,7,7,12,7,10,15,1,0,7,1,1,1,4,4,0,1,2,2,3,4,6,7
519,10,8,4,5,13,6,4,10,18,6,5,18,23,14,5,37,5,3,2,2,5,3,2,2,6,2,0,4,5,6,2,6,20,9,167,15,8,6,95,6,17,3,97,7,9,11,50,14,3,5,5,4,1,3,3,4,5,2,1,1,10,1,3,7,21,9,8,19,3,5,6,6,10,7,4,5,5,7,2,11,1,2,2,2,0,2,1,3,1,1,4,0,3,5,5,7
520,18,5,2,5,17,8,2,10,24,2,1,15,15,14,5,28,9,1,3,9,4,5,5,1,1,2,1,1,4,4,1,7,23,11,140,15,14,9,94,9,15,10,100,16,12,12,57,9,3,1,3,2,3,4,1,0,1,1,2,0,9,1,3,6,16,4,17,18,6,9,7,5,6,9,7,6,6,6,3,10,2,2,4,1,0,3,0,4,4,1,7,4,1,5,3,9
521,11,12,2,5,15,8,5,16,25,4,0,16,19,15,4,25,2,3,2,5,3,4,1,3,2,2,2,3,4,8,1,7,17,10,151,14,10,7,96,12,12,10,97,5,15,12,62,9,2,2,2,3,2,3,3,2,0,1,1,3,4,1,2,6,22,8,14,18,3,2,14,10,10,3,6,6,9,4,8,14,1,5,1,0,3,1,3,6,0,2,4,2,2,2,2,5
522,13,11,1,10,14,7,3,8,17,12,2,13,17,11,2,38,10,1,2,7,5,3,0,3,2,3,0,5,2,8,0,3,26,7,154,11,16,15,76,8,11,8,91,6,18,7,70,9,4,3,8,5,1,2,6,0,2,1,5,3,6,2,1,3,21,4,19,17,5,9,10,6,9,3,8,6,5,3,6,9,2,2,4,4,0,2,3,3,2,0,4,2,2,1,2,9
523,19,5,1,3,13,6,2,8,29,2,3,17,15,13,3,30,2,5,0,4,4,6,0,5,2,3,0,1,3,2,2,6,22,12,151,15,15,9,82,14,13,9,99,11,12,14,51,12,4,2,5,6,0,2,5,1,4,0,3,3,8,4,1,5,16,4,17,25,7,1,9,9,8,6,10,7,6,8,4,8,1,1,5,4,1,2,2,3,2,1,3,1,2,7,4,8
524,19,8,3,8,17,6,7,6,20,5,3,15,16,13,4,23,2,1,0,8,1,2,3,2,2,2,1,4,1,3,1,8,26,8,149,13,15,7,85,11,11,15,100,16,10,11,54,8,1,2,8,6,1,1,4,5,1,1,0,0,5,1,2,9,23,6,22,23,8,6,8,5,7,2,7,8,8,6,7,5,5,1,9,5,1,0,3,5,3,0,3,1,1,3,2,7
525,12,11,3,5,20,7,2,6,18,3,3,15,26,14,6,36,2,1,5,9,3,5,4,2,2,5,1,5,3,3,0,5,25,7,156,13,11,7,83,14,14,8,77,8,14,10,55,14,5,2,2,3,1,0,1,1,4,1,5,1,7,1,2,11,24,9,12,16,6,5,9,7,7,5,8,4,9,12,4,12,2,0,5,1,1,3,2,5,1,0,3,1,5,5,5,7
526,14,6,1,8,17,4,4,14,29,8,1,17,20,11,3,25,7,4,1,10,3,3,3,2,2,2,1,2,5,2,1,6,27,17,175,12,13,13,94,13,11,7,100,10,10,10,55,10,1,2,3,3,2,2,2,3,2,2,1,2,2,1,2,2,13,7,15,20,5,5,9,6,5,3,6,1,8,3,9,7,2,1,3,1,2,4,3,3,0,0,1,0,3,3,3,4
527,16,12,0,10,11,7,7,9,34,3,3,18,17,11,4,26,6,5,0,7,6,2,2,7,0,3,2,2,1,8,0,6,21,8,135,14,8,14,106,12,13,7,117,6,12,7,57,9,2,4,8,4,6,0,3,1,1,0,2,0,4,3,1,6,15,3,14,13,4,4,10,7,2,7,9,10,12,4,4,9,2,1,4,2,2,1,3,3,1,0,3,2,3,3,3,4
528,13,9,2,9,12,6,2,11,35,4,1,18,18,15,1,34,11,2,1,2,3,3,3,7,1,4,0,0,1,2,2,6,37,8,151,9,14,12,77,2,11,15,95,7,15,14,53,8,2,4,3,3,1,2,2,1,0,0,2,3,7,2,1,10,21,8,14,18,5,5,9,7,10,11,10,6,4,4,7,7,0,1,7,1,0,2,4,1,0,1,9,2,3,5,2,7
529,18,11,1,9,15,6,7,3,18,7,3,18,20,15,2,21,6,2,2,4,1,6,5,7,2,4,0,2,4,4,0,8,19,10,179,11,6,10,81,11,14,14,99,10,16,6,61,11,6,3,2,1,3,1,2,4,1,3,0,1,10,4,2,8,15,5,15,14,4,8,12,6,5,0,4,2,7,4,8,10,0,2,2,3,0,4,4,4,3,1,4,2,2,2,1,7
530,15,7,1,9,17,5,4,7,30,9,2,17,32,4,4,26,3,4,2,3,0,7,2,8,1,2,3,1,2,2,0,7,26,15,135,10,12,12,95,11,12,11,103,12,7,14,45,8,2,6,4,3,1,3,3,1,4,0,1,1,7,2,0,6,13,7,18,21,7,6,14,5,11,4,5,8,6,5,4,15,4,0,7,5,0,3,3,3,0,0,3,0,2,7,3,3
531,9,7,1,13,16,9,3,12,19,4,6,17,17,14,5,19,5,3,0,5,0,7,2,4,5,2,0,1,4,2,2,8,30,13,172,12,8,7,87,9,12,4,98,10,7,12,51,7,7,5,6,6,1,3,1,2,0,2,3,4,6,1,1,4,20,8,11,27,3,5,9,6,6,4,7,8,9,10,8,9,3,1,3,2,1,1,3,5,0,0,6,0,2,3,3,5
532,14,4,1,12,15,7,2,13,22,9,1,6,18,18,5,30,7,3,4,5,3,7,0,7,4,2,2,2,5,4,3,4,27,11,145,18,14,5,95,13,8,14,97,6,9,11,60,7,3,4,4,5,1,2,3,2,1,1,1,2,12,2,0,6,17,6,15,15,1,9,4,14,5,1,15,1,11,5,8,8,4,1,1,2,3,0,4,2,2,1,6,2,0,0,3,6
533,23,5,1,13,15,6,6,11,31,6,5,18,21,7,4,23,6,3,1,3,2,5,6,4,0,3,0,3,5,3,1,3,19,11,149,11,7,8,98,15,14,20,96,6,5,10,50,9,4,3,3,3,1,3,2,2,0,0,4,3,11,4,6,6,10,6,14,17,8,8,18,6,11,4,7,4,6,8,5,8,1,0,3,0,1,3,4,5,1,1,5,1,3,4,2,0
534,19,10,0,7,21,10,6,13,27,4,1,7,15,17,7,31,3,5,2,9,3,4,3,6,3,3,2,2,7,5,1,4,18,7,167,14,11,6,79,6,9,15,98,7,17,13,48,12,3,3,8,3,0,5,2,2,0,1,0,1,7,1,6,4,17,7,19,16,4,6,11,8,7,2,9,3,15,4,6,9,0,1,2,1,0,2,3,2,1,0,1,0,0,2,7,5
535,20,7,1,10,20,4,3,11,30,1,6,13,23,15,3,32,4,5,1,6,3,3,4,5,2,0,1,4,4,6,2,9,23,7,141,11,9,12,90,8,15,9,95,9,13,7,62,9,5,6,5,6,3,1,2,1,2,3,2,1,4,2,8,6,21,8,13,19,4,7,9,7,3,3,7,4,7,11,7,9,5,2,0,0,0,0,4,1,2,0,1,0,2,0,1,8
536,12,5,0,3,17,6,1,15,26,5,1,18,24,19,4,28,4,4,2,7,6,6,3,1,1,1,0,1,3,3,0,4,25,9,132,14,12,9,103,6,15,5,87,7,12,17,46,10,3,3,5,8,3,4,0,1,1,3,2,3,10,4,3,8,16,6,21,20,5,10,13,7,8,4,5,4,13,9,5,13,1,2,1,2,3,0,5,3,1,0,5,1,3,7,4,3
537,18,9,2,7,16,5,2,4,29,7,0,13,11,12,1,26,2,2,1,6,1,4,2,0,4,3,0,3,3,6,0,5,29,11,165,12,10,10,98,11,9,13,89,10,16,8,52,9,2,5,4,6,0,3,2,1,2,6,4,2,3,2,3,9,21,4,16,21,5,1,15,6,4,3,12,6,7,7,5,11,1,0,10,0,0,5,7,1,0,0,6,0,1,2,3,10
538,17,10,3,6,14,6,2,10,30,7,2,19,20,13,4,25,4,4,0,3,3,6,0,6,2,0,0,6,5,2,0,4,28,14,162,17,14,11,95,9,18,8,96,12,10,8,55,7,0,5,6,4,0,1,6,3,3,0,1,1,13,1,0,4,16,3,18,26,10,0,10,9,2,0,4,3,8,4,3,9,1,2,4,4,1,1,4,0,0,2,1,2,0,4,0,4
539,15,7,3,8,19,8,3,12,26,10,2,13,12,17,1,31,7,3,0,3,3,2,3,6,3,4,0,5,3,2,0,10,22,8,162,11,11,6,87,12,17,5,94,8,13,15,52,7,1,4,7,3,0,1,1,1,0,2,2,3,6,2,0,8,21,10,15,12,5,4,11,7,7,5,5,4,6,9,11,13,1,1,5,3,1,1,7,3,0,0,4,2,4,2,3,6
540,18,6,3,7,19,8,7,8,35,3,3,13,16,13,6,27,7,2,1,4,2,3,2,4,2,4,1,4,7,1,0,8,25,6,163,12,9,8,97,17,11,12,83,14,10,11,53,12,3,2,2,3,1,3,1,0,0,4,2,0,13,2,6,9,18,6,14,13,6,7,14,7,6,4,8,6,6,3,4,8,0,3,2,2,1,1,0,6,0,0,2,1,4,0,4,6
541,13,9,2,9,14,5,5,12,25,1,3,19,14,13,2,31,4,2,0,8,3,6,2,0,0,2,1,4,6,1,1,7,18,7,171,12,9,7,101,4,6,15,100,8,16,12,62,11,3,4,2,9,0,6,0,2,0,0,2,1,5,1,1,5,18,7,10,20,10,8,11,9,2,3,9,8,7,9,4,9,1,1,1,1,1,0,2,4,3,0,2,1,2,4,3,6
542,12,10,0,12,16,5,3,3,23,10,4,16,19,15,9,27,3,5,3,13,4,3,0,7,2,3,0,4,3,3,0,8,25,13,146,18,8,10,87,10,16,7,86,7,8,8,52,9,6,3,6,6,2,3,0,1,2,3,2,3,6,3,2,6,20,11,14,26,4,6,8,7,5,6,4,7,6,10,6,9,2,4,6,4,3,3,0,2,1,0,1,0,2,5,2,7
543,15,8,1,8,17,8,3,7,31,6,6,18,24,13,4,30,9,2,1,6,5,2,1,3,0,1,2,2,2,1,0,8,23,8,148,17,10,11,87,16,14,8,117,8,6,12,47,12,3,6,3,6,0,0,2,2,1,1,1,1,6,4,2,6,12,8,21,16,4,6,8,7,6,6,6,6,3,7,5,7,2,2,4,2,1,1,4,3,0,0,2,1,2,2,3,11
544,10,8,0,8,16,6,5,7,22,5,6,17,18,16,6,21,6,5,1,3,5,4,2,6,2,0,0,4,4,5,1,12,18,7,180,15,8,9,105,11,7,12,80,4,6,8,44,7,2,3,4,1,2,2,4,7,3,2,1,1,5,4,1,9,24,6,15,23,5,6,9,8,7,12,4,7,9,7,5,10,1,1,0,4,2,2,2,6,1,0,3,1,3,2,5,7
545,21,9,0,6,20,5,5,17,27,8,3,22,17,12,4,33,5,3,0,9,0,7,2,5,0,3,0,4,4,4,2,8,23,13,154,12,9,7,86,16,14,12,92,3,7,8,44,10,4,4,6,5,0,2,5,1,3,0,1,2,7,1,2,6,13,5,19,25,3,8,4,11,9,7,4,8,6,8,7,10,2,1,6,3,0,1,1,3,0,1,2,1,0,1,4,3
546,11,6,1,7,13,4,3,9,27,9,1,11,24,10,2,34,7,3,0,7,2,5,1,3,3,4,1,3,4,0,0,7,23,11,145,9,11,10,97,14,6,13,104,8,10,7,54,10,2,5,3,6,0,1,4,1,3,1,0,1,6,2,2,7,22,8,22,16,3,5,8,10,5,4,8,6,13,12,4,21,0,0,4,5,2,0,1,3,1,0,5,1,0,4,1,8
547,14,11,1,8,14,6,4,11,23,6,1,17,16,15,3,35,2,2,1,5,3,7,1,9,1,2,0,4,4,4,0,6,25,6,131,16,12,11,91,15,15,12,107,6,10,11,57,6,2,4,6,6,2,6,0,3,1,0,4,3,6,2,1,7,20,4,17,14,5,4,7,8,8,5,3,8,10,9,3,9,0,0,4,4,1,2,4,3,2,1,2,0,4,2,3,14
548,5,8,0,7,16,6,4,14,25,7,5,16,15,15,3,34,5,7,0,5,4,3,2,5,1,2,2,4,3,1,0,3,16,11,158,15,13,8,106,14,14,10,91,10,13,9,43,13,6,3,4,5,1,1,2,1,3,2,6,3,7,1,1,6,15,9,17,17,7,3,11,4,9,1,8,8,5,6,11,14,1,1,4,2,0,2,5,4,1,0,4,0,1,3,1,3
549,17,8,0,14,20,7,4,6,36,8,2,12,16,10,2,38,4,1,3,4,1,1,2,5,2,3,0,2,6,5,1,10,36,8,161,11,12,5,66,12,12,8,92,10,11,8,46,6,4,5,7,5,2,2,2,1,2,1,2,0,6,1,4,2,22,7,10,14,5,6,17,13,6,6,10,9,8,5,3,11,1,3,4,2,2,2,5,3,2,1,7,0,3,1,5,7
550,11,6,0,9,20,5,2,10,22,7,1,13,21,15,3,33,5,5,1,2,3,6,2,3,3,3,0,1,7,4,3,10,30,8,144,11,16,16,83,11,13,8,100,12,10,7,52,9,3,8,2,2,2,4,3,3,1,2,2,3,6,3,2,7,22,6,22,11,5,11,12,4,9,7,8,10,8,4,3,8,2,1,2,4,2,1,4,2,0,0,0,1,1,2,4,5
551,13,8,3,7,12,6,6,11,36,7,0,14,12,16,1,27,3,3,0,6,6,7,1,3,3,4,0,1,2,2,2,5,22,9,169,7,14,10,91,9,18,6,85,8,9,13,58,3,3,4,5,4,1,1,4,2,0,1,3,3,6,4,1,10,23,4,9,18,10,4,14,8,8,2,8,6,12,3,5,5,1,1,5,2,1,2,4,4,1,1,5,0,4,4,8,8
552,19,6,0,7,19,6,4,8,34,6,2,16,21,16,2,31,6,5,2,7,2,3,2,5,0,2,2,0,6,2,0,9,25,14,162,10,6,13,92,7,6,8,92,8,12,16,47,7,6,7,4,6,4,2,4,2,3,2,3,1,8,2,0,3,17,4,9,25,5,6,12,7,5,4,6,6,4,2,9,11,1,1,4,2,1,4,4,2,1,2,3,3,2,1,1,4
553,19,6,1,7,11,7,1,9,25,4,0,17,18,16,5,29,6,4,2,7,5,5,2,2,3,2,1,3,5,7,0,7,26,11,177,22,6,7,85,10,15,15,82,7,12,11,50,4,2,3,5,2,0,0,1,1,2,2,5,4,7,1,2,6,18,10,12,15,7,9,8,7,6,2,12,10,5,6,5,13,0,0,3,0,1,2,5,5,1,3,5,1,1,3,1,5
554,16,11,0,7,18,7,2,5,18,10,3,14,18,11,3,29,4,2,0,4,3,5,1,4,2,1,1,1,2,2,1,9,27,7,160,17,5,13,94,10,17,11,88,9,10,16,46,12,4,4,1,4,4,4,3,3,4,5,1,5,15,3,4,8,20,8,20,20,8,1,11,3,4,2,14,7,4,3,4,6,4,0,2,5,2,0,2,4,1,0,3,3,0,2,4,5
555,17,6,1,12,11,3,2,11,20,12,4,16,19,10,4,33,1,3,0,2,2,5,3,2,0,0,1,2,7,4,0,4,29,9,168,17,13,9,93,5,7,9,102,6,11,7,53,8,0,3,5,8,0,6,4,3,3,1,0,0,5,7,2,6,20,4,22,18,5,6,6,7,7,5,11,8,10,8,4,6,3,1,0,3,0,2,3,4,0,0,5,2,1,5,2,6
556,17,12,0,5,17,6,3,11,37,12,4,15,15,14,5,33,3,1,0,6,2,4,2,4,1,4,1,1,7,3,0,7,30,8,157,22,6,8,89,5,9,11,96,3,11,15,51,6,4,8,7,4,1,4,2,0,3,1,1,3,6,0,2,4,17,8,6,20,10,4,12,6,4,4,7,7,10,13,3,7,1,0,6,4,2,2,1,2,0,1,3,0,1,0,5,5
557,16,5,2,4,19,8,5,8,41,8,0,13,19,10,3,28,9,1,1,4,3,2,2,3,4,4,0,4,2,4,1,6,16,9,158,17,5,7,87,18,7,13,83,8,11,10,45,6,1,3,3,3,1,2,4,1,4,1,4,3,9,1,3,8,13,10,15,27,10,4,11,8,7,2,8,9,8,12,11,16,3,1,2,1,0,2,2,6,0,0,5,3,3,4,4,3
558,18,7,1,5,17,9,4,11,19,7,3,24,27,19,2,21,2,1,3,2,1,5,0,3,3,0,1,2,6,4,0,13,25,9,164,13,14,6,82,15,8,14,81,10,12,5,49,6,3,4,6,3,0,2,4,4,3,0,2,2,11,2,6,6,20,7,18,20,6,5,10,6,7,2,7,3,6,7,9,15,2,0,6,0,2,5,2,3,4,1,0,3,3,4,2,4
559,12,9,1,6,15,10,3,18,18,4,3,20,20,16,7,30,3,3,0,6,0,6,3,5,4,2,2,4,1,4,0,5,21,11,156,14,11,16,85,11,5,7,89,6,7,10,68,13,5,2,8,5,0,4,0,2,2,1,1,1,10,1,6,10,18,4,12,15,3,6,7,7,3,6,6,2,11,10,4,10,0,4,6,5,0,4,3,3,2,1,0,2,3,4,2,9
560,26,5,2,5,18,10,1,8,28,11,2,19,19,8,3,37,6,3,3,4,5,5,2,3,2,4,0,5,7,2,1,3,23,13,145,17,10,12,81,8,15,9,93,6,12,14,46,10,0,7,3,5,1,4,2,4,2,3,5,7,8,1,1,3,17,3,13,13,4,4,10,4,4,4,8,9,13,5,1,10,5,0,4,3,1,5,3,2,2,1,7,0,4,5,3,6
561,14,5,1,11,25,8,2,7,34,7,2,20,15,14,1,27,6,1,1,5,6,7,5,3,3,2,0,3,6,1,1,6,24,11,152,19,11,8,79,9,8,12,95,11,13,7,39,7,6,6,8,1,1,5,4,5,1,1,2,0,8,1,3,7,28,5,18,25,6,4,7,7,3,8,6,11,5,2,4,6,1,2,2,1,2,2,6,4,1,1,1,2,2,4,4,7
562,15,6,3,4,18,7,5,9,28,4,2,13,20,17,3,29,5,3,0,6,1,8,1,3,5,2,0,1,3,6,1,2,30,7,152,16,9,9,97,9,17,8,87,5,9,13,45,9,4,3,3,3,0,3,3,3,2,1,4,0,4,0,3,5,21,9,10,23,6,6,4,11,9,5,14,7,11,4,4,14,1,2,8,4,1,3,6,5,2,1,3,0,2,3,3,5
563,19,8,0,8,18,5,2,7,31,5,1,17,16,20,2,29,4,7,1,4,0,5,3,6,3,5,2,4,2,8,2,6,24,11,151,13,12,7,86,9,10,11,88,10,10,11,50,7,3,6,2,3,1,4,3,3,4,3,2,2,11,1,1,4,15,4,13,14,6,6,8,6,5,1,9,9,9,7,4,15,4,1,0,4,3,5,7,5,1,1,5,0,4,3,4,9
564,18,5,1,10,14,10,4,9,35,10,3,16,18,14,3,32,7,0,1,4,4,3,1,4,3,1,1,4,0,2,1,12,28,12,150,22,14,7,85,10,16,14,76,8,8,11,53,7,1,6,1,1,1,3,3,1,4,0,2,2,11,3,2,5,18,4,16,19,4,4,8,6,5,1,6,9,10,10,6,8,2,3,0,2,3,7,3,4,2,3,6,2,4,3,0,5
565,8,10,1,8,13,5,3,12,26,10,3,15,22,14,1,23,3,5,2,3,4,6,2,4,2,1,0,7,5,4,1,5,28,14,166,12,8,10,85,16,10,7,91,12,10,12,58,5,3,3,2,5,3,3,2,2,4,0,0,2,2,3,3,5,21,3,18,20,4,10,6,6,7,9,8,6,10,9,0,12,1,1,0,1,0,0,4,5,0,0,4,4,4,2,2,9
566,11,11,1,5,16,5,2,7,29,7,6,22,18,11,2,25,7,3,0,8,1,2,1,4,0,2,0,1,5,8,0,7,27,3,158,13,10,8,76,10,11,10,110,10,15,10,43,10,4,4,7,3,3,3,3,2,3,3,1,3,10,2,4,8,19,10,9,19,8,8,13,7,2,3,5,7,12,5,6,14,2,0,8,2,3,0,0,5,1,1,2,1,1,5,3,5
567,12,4,3,7,16,7,4,9,31,5,1,17,17,5,4,41,3,2,0,5,3,2,1,6,1,2,0,3,2,1,0,5,32,10,153,17,6,11,90,17,8,8,89,8,11,10,63,10,4,4,3,3,2,4,8,2,5,2,2,1,8,5,3,5,29,6,14,16,4,7,7,4,7,4,9,5,11,6,4,6,2,1,5,1,2,2,3,5,3,1,3,0,2,1,2,5
568,14,13,3,3,21,6,3,9,22,9,1,17,22,13,0,23,3,1,2,8,4,2,0,5,2,3,1,4,3,6,0,9,30,8,141,7,14,6,90,16,16,12,94,11,13,15,46,9,10,5,7,3,2,1,2,1,1,0,1,8,5,3,1,6,13,6,15,18,6,6,13,8,8,6,7,4,15,6,10,11,2,0,6,2,0,4,2,1,1,1,2,1,0,2,1,7
569,22,8,2,5,16,2,1,12,34,5,4,10,18,13,4,29,4,4,2,2,2,2,2,2,2,1,1,1,4,3,3,8,18,12,135,20,12,15,82,19,9,6,97,8,10,17,66,5,4,4,9,4,2,4,3,1,2,0,1,2,6,5,1,4,20,6,10,19,5,8,17,12,10,2,5,4,9,11,3,8,2,2,2,3,0,0,3,3,0,1,4,2,2,4,3,9
570,10,7,1,12,19,3,5,8,34,6,4,14,20,19,3,24,3,3,3,9,3,7,2,5,4,0,3,3,3,5,2,9,32,12,136,10,13,9,92,9,12,14,96,12,12,22,60,6,1,6,4,3,0,1,0,2,2,2,1,2,7,3,1,1,16,5,15,12,4,2,8,8,6,3,8,5,15,4,9,10,0,1,6,1,0,4,2,3,0,1,3,2,0,1,4,6
571,17,5,2,6,12,6,5,10,16,8,4,17,19,14,2,26,6,3,2,6,3,4,2,5,5,2,0,2,5,4,0,14,28,9,178,12,4,12,87,14,13,7,83,9,12,16,38,11,4,6,4,3,1,2,4,0,0,3,5,0,9,2,1,5,15,6,13,20,9,4,12,9,5,1,5,6,4,11,5,17,1,2,2,2,0,4,2,5,0,3,4,1,6,1,5,6
572,18,8,1,3,20,7,6,12,28,6,3,12,17,13,9,28,3,1,2,9,3,3,2,6,0,2,1,0,6,4,0,5,23,13,152,17,12,12,102,13,14,7,82,14,11,10,46,10,4,2,3,5,1,1,1,3,1,5,2,3,6,2,2,7,13,6,12,21,8,6,8,4,4,5,7,8,12,6,6,13,1,0,3,2,0,2,1,3,0,1,7,2,3,2,2,8
573,14,6,0,8,22,7,0,8,29,3,1,13,19,15,3,24,7,2,0,8,4,5,3,6,3,0,2,4,1,5,1,9,27,16,151,18,6,9,87,4,6,14,85,11,14,12,66,9,1,2,1,3,4,4,3,1,0,5,4,2,3,1,2,7,19,9,22,19,4,10,11,6,12,3,7,4,6,3,6,8,2,1,3,2,0,7,2,7,1,0,3,2,2,4,1,4
574,9,7,2,6,21,8,3,4,25,8,3,15,26,10,2,25,2,1,2,7,1,2,4,4,1,4,2,4,2,1,2,3,29,13,144,15,16,9,96,14,5,8,107,11,13,14,47,11,2,4,2,4,0,2,3,3,0,0,2,2,6,3,2,5,18,6,13,17,4,7,7,13,9,4,8,5,8,4,9,9,1,3,5,0,0,4,5,5,3,0,3,3,4,3,5,7
575,17,11,1,5,19,4,5,10,26,5,1,10,24,16,0,27,2,4,1,8,7,7,1,6,1,1,4,1,5,4,0,11,19,11,148,16,9,8,101,13,4,9,96,6,7,4,54,13,1,5,5,5,3,3,4,1,2,1,1,3,9,3,2,4,18,7,17,19,5,8,8,4,13,3,8,10,9,5,8,8,0,4,2,2,0,2,2,3,1,1,5,2,1,1,3,7
576,11,5,0,4,22,13,4,10,25,7,4,18,13,14,5,31,10,2,3,6,2,4,2,0,0,2,1,4,9,3,0,9,21,8,165,16,19,4,81,6,11,6,116,12,9,6,44,10,1,5,4,7,3,7,3,1,1,3,1,1,8,4,0,7,20,7,13,15,7,1,9,8,4,2,7,2,10,3,4,11,4,2,5,0,1,2,4,5,1,1,2,0,3,7,5,2
577,15,10,3,9,16,7,4,8,27,9,4,12,20,14,3,33,5,0,0,5,3,3,2,5,1,4,1,3,5,2,0,7,19,9,156,12,14,4,73,8,10,11,104,7,5,9,56,11,7,4,9,4,4,3,2,6,4,3,1,2,5,1,1,9,25,8,16,17,8,4,9,7,0,11,5,5,8,4,4,14,1,2,3,3,0,1,2,3,1,0,5,1,6,4,7,3
578,11,6,1,12,6,9,5,8,35,5,5,21,25,15,4,35,5,2,2,3,7,4,2,9,0,4,0,2,1,4,3,7,14,5,151,14,12,8,86,10,13,14,93,5,9,8,56,12,1,6,4,1,3,4,3,1,2,3,1,4,9,3,2,2,17,8,17,22,6,7,6,10,7,5,5,7,5,4,8,13,0,1,4,1,1,4,3,4,1,0,5,0,0,1,4,7
579,21,16,2,10,16,8,3,8,35,4,6,16,12,6,1,33,5,3,4,6,1,1,0,4,2,5,2,2,6,4,0,5,30,14,149,13,10,9,97,17,10,8,86,9,7,17,51,6,3,1,4,3,3,2,1,0,3,1,2,7,7,0,0,9,18,4,16,21,5,4,10,6,7,5,4,6,9,5,6,8,2,0,3,0,2,5,3,6,3,0,0,1,2,5,2,6
580,12,10,2,5,18,10,4,6,29,5,5,13,24,12,3,29,3,5,0,7,1,7,2,5,1,2,0,2,1,4,0,2,20,15,149,18,9,12,87,14,10,13,92,20,10,6,53,9,6,3,4,2,1,2,4,2,1,1,0,0,5,2,2,1,25,11,18,12,7,10,9,9,5,3,13,5,9,5,5,9,2,2,2,2,0,2,8,3,1,1,4,4,0,3,5,4
581,18,11,1,6,22,10,4,9,36,11,3,16,17,11,3,23,5,3,2,10,5,4,2,6,3,0,1,1,8,1,1,8,28,10,130,11,10,11,97,11,14,12,81,11,11,13,52,6,3,3,5,6,4,3,1,1,1,2,1,0,6,4,2,11,13,6,19,16,1,6,9,3,3,2,13,5,12,5,8,15,1,1,3,3,1,2,2,3,3,1,3,1,3,3,2,10
582,16,7,0,5,13,9,5,5,23,9,1,17,21,12,1,35,2,3,0,7,3,5,2,8,1,3,0,3,2,4,0,5,28,11,162,14,11,7,95,11,14,7,82,12,11,11,54,10,3,5,9,3,3,1,2,0,3,3,1,2,5,1,4,5,13,6,18,22,5,8,13,7,3,7,10,5,7,4,4,11,1,1,4,3,3,3,1,4,1,0,3,1,3,1,1,10
583,22,4,5,12,14,10,3,11,26,10,2,16,13,17,3,30,3,2,0,3,4,3,1,3,3,6,0,0,2,3,0,7,18,10,176,17,10,6,76,11,13,11,101,9,16,9,48,9,4,1,4,2,0,2,2,4,4,1,5,4,6,2,3,6,15,4,12,24,2,5,13,5,11,2,5,8,6,9,5,9,0,4,2,3,0,0,8,2,1,1,3,0,0,2,4,7
584,17,6,2,8,19,1,7,7,31,10,1,18,26,15,3,32,3,3,1,6,3,4,0,5,5,2,0,3,3,4,2,6,28,7,172,12,9,10,79,7,11,14,102,8,7,14,46,9,2,1,7,3,3,3,2,1,1,1,6,0,11,0,2,10,20,4,17,14,12,3,4,7,8,0,10,4,5,5,5,6,1,0,6,2,0,3,3,1,0,2,3,2,2,2,3,5
585,14,10,2,8,17,5,5,14,24,6,1,10,20,13,2,29,6,7,2,9,4,2,3,4,2,3,0,2,9,3,0,4,32,9,142,10,12,11,96,10,11,8,110,8,15,10,43,7,1,4,6,3,2,2,6,2,1,3,2,2,10,4,0,6,23,10,12,14,5,5,10,11,5,1,7,6,9,6,2,7,1,0,4,1,0,1,2,5,1,1,3,4,4,4,2,6
586,15,10,2,8,19,6,3,8,24,9,1,12,11,10,1,26,2,8,1,7,3,4,3,6,1,4,1,3,2,6,0,11,28,13,136,20,10,11,110,9,11,9,92,5,7,13,51,7,1,3,2,5,3,6,3,1,1,2,2,3,4,3,4,4,19,10,19,17,8,7,9,8,7,4,10,7,8,6,5,5,3,1,5,4,1,1,1,2,3,0,4,2,1,6,4,7
587,17,7,1,3,15,6,3,8,36,9,2,6,20,15,4,23,4,3,0,7,2,4,1,6,2,6,2,9,4,4,2,5,32,13,160,15,8,10,107,11,5,6,97,13,10,12,53,6,3,3,3,5,1,4,4,1,0,0,2,3,7,3,2,7,13,3,13,20,4,3,2,5,2,3,9,6,9,9,5,14,3,0,5,1,1,2,1,4,0,0,3,2,1,3,1,11
588,10,4,0,6,23,8,6,7,28,6,2,16,19,14,2,29,8,0,2,5,3,5,3,11,7,2,0,3,0,8,1,13,32,6,164,15,11,8,101,3,14,14,83,10,14,14,59,10,2,2,4,6,2,3,1,2,2,3,1,2,9,0,1,3,17,8,15,19,3,6,7,4,4,3,5,6,6,5,2,10,1,1,2,3,1,0,5,2,0,0,3,0,2,1,4,3
589,23,3,2,9,17,7,3,9,17,3,2,17,21,13,3,30,2,2,2,2,7,6,2,4,1,1,2,4,4,6,0,9,23,15,149,10,6,12,91,13,4,14,106,6,9,11,51,11,4,2,5,5,0,0,2,1,0,2,1,1,14,0,2,5,19,10,22,14,5,6,2,4,6,6,11,6,9,10,8,11,1,2,3,2,1,4,3,3,2,1,5,0,2,5,2,7
590,10,8,1,11,26,6,4,7,29,6,2,17,18,7,3,20,4,1,2,4,3,4,2,7,2,1,1,1,6,4,1,8,22,12,172,10,12,9,92,10,12,11,101,7,13,11,53,10,4,4,4,2,0,4,7,4,1,0,1,1,6,2,6,5,15,3,19,18,3,8,5,4,7,4,8,4,8,7,4,12,1,1,2,5,0,3,2,4,1,0,4,0,2,4,1,7
591,15,8,0,9,18,7,7,11,32,3,3,25,17,16,2,34,7,2,2,4,4,4,2,5,1,4,1,2,2,7,0,5,21,11,133,18,9,10,81,6,9,9,93,8,9,14,52,4,6,4,7,5,3,3,3,3,0,0,2,1,13,5,0,12,20,5,22,18,5,5,9,6,8,3,12,4,8,7,6,7,2,0,4,3,2,0,3,5,0,0,6,2,3,1,5,6
592,19,9,1,11,11,7,1,9,25,7,3,17,16,11,3,29,4,5,1,8,7,2,1,3,0,4,1,7,3,2,0,4,24,13,164,12,16,10,100,14,8,8,91,11,7,12,36,21,3,5,2,5,1,3,0,4,2,3,5,1,7,2,3,8,16,10,12,15,6,3,7,7,4,5,6,4,5,6,2,10,1,0,6,0,2,5,1,6,2,0,3,3,4,6,5,6
593,14,9,1,3,10,9,3,6,26,6,3,15,21,16,1,29,3,4,0,9,2,11,2,2,0,1,0,1,1,3,0,10,19,15,152,10,8,9,107,10,13,9,101,7,6,13,56,13,6,4,5,2,3,4,3,4,2,2,1,2,1,1,4,7,19,3,22,13,4,3,12,5,4,3,8,7,5,3,7,16,5,0,5,2,3,2,5,3,3,0,1,2,3,3,2,7
594,7,10,1,10,18,5,8,4,26,3,1,14,23,14,4,32,7,5,2,3,3,3,1,3,4,3,0,2,3,3,2,9,23,15,155,10,9,12,79,14,12,9,91,12,10,11,50,10,0,4,3,3,0,2,2,3,5,1,6,2,10,2,1,4,26,3,16,24,8,5,10,4,8,5,4,12,4,10,6,12,0,1,3,3,0,1,6,2,0,0,2,2,5,4,5,6
595,16,7,1,8,16,1,8,4,25,2,3,17,18,9,2,34,2,4,0,6,1,3,4,5,1,1,1,1,4,6,2,12,19,6,165,23,7,8,69,10,15,12,97,8,13,17,51,9,5,2,4,5,2,2,1,2,2,1,3,1,6,2,3,8,28,5,25,25,6,12,7,5,2,4,5,5,9,6,3,10,1,2,6,2,1,2,1,2,2,0,2,2,3,3,3,9
596,9,9,2,4,13,7,3,8,30,4,3,20,13,13,3,22,11,2,1,7,1,3,2,5,2,2,1,6,7,4,1,10,19,13,132,13,9,8,94,9,7,7,89,12,14,5,60,8,4,7,6,2,1,4,4,1,3,2,4,2,5,4,5,9,20,11,15,13,12,12,11,10,11,4,3,8,15,6,12,5,2,0,1,2,0,4,2,2,1,0,6,1,5,2,4,10
597,12,10,1,10,12,8,3,7,32,6,2,21,17,11,5,28,5,3,3,3,4,4,0,4,0,1,0,5,4,6,1,8,24,10,174,18,10,11,77,18,8,15,111,4,3,18,43,6,3,4,5,3,0,5,2,0,3,3,1,4,4,2,3,3,22,9,8,21,5,8,8,7,3,5,8,6,5,5,5,8,1,2,3,3,1,1,2,2,1,0,3,2,4,2,3,6
598,15,9,3,7,17,9,4,8,29,10,4,14,11,12,4,22,4,3,2,4,4,3,3,2,1,4,2,2,2,6,1,3,22,8,148,20,13,14,99,5,8,12,78,10,7,21,51,8,3,7,10,7,1,4,3,4,5,2,1,3,10,3,2,6,28,8,16,16,6,7,6,7,10,5,7,3,6,3,5,5,4,2,5,1,0,1,4,4,0,0,1,3,5,1,4,8
599,15,8,0,6,17,4,3,11,16,8,4,22,19,14,5,32,7,4,1,6,3,3,3,4,1,1,3,2,6,3,3,2,25,16,128,15,10,10,93,10,13,18,100,12,9,7,48,12,5,2,2,4,1,4,0,2,1,4,3,1,4,2,4,6,13,4,26,23,8,4,11,6,6,5,12,6,5,9,7,12,0,3,4,2,2,3,5,1,0,0,2,2,0,5,0,7
600,14,3,2,6,18,9,2,19,24,10,4,11,15,7,6,16,4,2,1,7,3,5,0,6,1,0,2,3,1,3,0,7,23,11,163,12,15,14,98,10,13,16,98,11,14,9,49,8,7,3,9,6,2,0,2,3,2,3,3,4,4,4,1,10,22,7,19,11,3,4,3,8,8,6,6,4,8,9,3,10,3,0,1,4,1,1,6,3,1,0,3,0,1,4,1,2
601,15,6,2,4,25,12,2,8,29,8,2,13,22,14,3,31,5,3,2,3,3,6,0,2,0,3,2,4,6,3,0,8,25,20,154,21,9,11,86,14,8,10,95,8,10,15,63,7,4,3,2,5,1,1,1,4,0,0,1,2,3,0,1,8,11,6,15,18,8,1,9,6,2,4,6,4,10,8,6,12,2,2,4,2,2,0,3,6,0,0,4,1,0,2,3,5
602,14,8,3,7,14,11,2,8,31,7,7,15,25,11,3,22,7,2,1,4,3,5,3,3,1,3,1,3,4,2,0,5,21,16,178,15,9,8,88,11,11,10,98,7,18,13,50,9,3,3,3,3,1,4,5,4,0,2,2,1,10,2,1,10,12,4,13,14,3,6,6,4,7,3,8,11,4,6,4,10,0,0,4,4,1,1,2,2,2,0,2,3,1,2,1,9
603,13,5,2,5,24,5,4,14,27,7,4,12,16,14,4,28,7,9,2,4,4,1,1,8,3,2,1,5,4,10,1,4,21,10,156,10,13,7,77,10,7,14,94,14,12,14,56,8,5,2,1,4,0,4,3,4,3,2,3,0,10,6,0,7,21,6,7,19,6,8,15,9,8,4,7,5,5,4,4,7,0,2,4,3,1,1,0,3,1,2,4,1,2,5,2,7
604,15,10,0,6,18,8,3,12,33,5,1,12,19,13,4,33,6,1,3,7,2,4,1,3,0,3,0,1,3,1,1,11,18,10,131,17,12,13,93,6,8,6,120,6,9,13,57,9,3,6,2,5,1,2,3,2,2,4,4,4,6,0,3,6,18,7,15,26,7,7,7,5,7,3,9,5,5,8,5,10,3,0,1,4,2,2,5,4,0,0,4,2,2,1,4,2
605,21,10,0,6,21,6,5,10,23,6,1,10,14,17,4,33,5,3,1,2,7,7,2,10,3,2,0,5,2,7,0,5,28,10,170,11,12,12,95,3,6,12,77,10,7,5,66,16,2,3,3,5,1,4,2,1,0,0,2,2,7,3,4,3,12,7,13,14,5,6,10,13,6,7,11,3,5,5,4,14,3,1,4,3,0,1,1,2,0,0,3,4,2,2,2,7
606,13,10,1,5,14,13,6,9,22,2,0,12,26,12,1,38,2,6,0,4,1,3,3,2,5,2,0,9,4,4,0,5,33,9,150,14,10,8,77,10,13,10,108,8,10,17,60,6,1,3,2,4,1,3,0,1,3,4,3,4,8,2,4,6,16,10,19,21,3,3,7,5,7,5,7,4,6,3,8,7,3,1,6,1,0,3,5,5,2,0,3,0,1,2,4,7
607,20,6,2,8,25,12,2,11,27,5,3,13,14,16,3,21,6,3,2,8,3,2,1,8,1,3,0,2,3,5,0,10,28,11,141,7,7,14,110,8,16,11,78,8,9,10,59,11,1,6,2,5,0,0,0,3,2,1,4,6,8,3,3,2,14,5,16,21,8,5,8,7,5,2,9,5,8,4,4,13,1,1,4,6,1,3,8,3,0,1,4,0,4,1,3,7
608,9,8,4,6,12,9,5,14,24,3,1,19,15,16,4,44,4,2,1,7,2,3,5,5,2,5,0,5,4,5,0,6,28,14,154,6,8,7,85,7,12,15,102,4,6,7,47,9,7,5,5,7,1,3,1,2,2,2,2,1,7,1,2,6,19,3,16,17,10,5,8,9,9,5,8,16,3,7,3,8,0,5,0,2,2,1,2,5,0,0,3,3,1,3,3,10
609,10,10,2,3,19,6,4,15,26,8,5,13,19,14,3,22,3,3,1,4,1,2,1,6,0,5,0,1,3,3,1,11,24,9,165,11,13,8,88,9,12,8,86,9,15,14,48,15,4,4,3,2,1,2,8,1,2,2,1,1,6,1,4,7,19,8,21,24,7,7,5,4,4,10,10,7,10,11,7,10,1,1,1,2,2,1,1,2,1,2,1,2,2,2,3,5
610,15,7,1,13,22,11,5,7,23,10,3,16,18,11,2,29,7,6,0,3,3,4,1,2,4,3,0,3,6,2,1,4,33,9,132,14,6,7,86,10,12,11,103,8,21,13,51,7,3,3,4,2,2,1,2,2,1,0,0,1,9,3,4,4,22,11,19,20,10,7,6,5,9,4,9,4,6,11,8,14,0,1,4,3,0,1,1,4,0,2,3,0,0,4,1,5
611,18,7,0,10,17,5,2,7,26,6,6,16,14,13,2,25,5,4,0,5,0,5,4,7,2,1,1,2,5,2,2,7,23,8,159,15,14,13,87,9,8,12,105,10,5,13,56,7,2,4,8,9,0,3,2,4,0,0,0,3,9,0,0,3,21,6,16,17,6,5,7,8,5,6,9,9,4,9,10,9,1,2,3,1,2,0,3,3,0,0,4,1,5,2,3,6
612,18,7,2,10,16,11,0,10,14,7,5,17,18,14,4,28,4,1,0,8,2,2,0,2,4,2,1,3,5,4,1,4,21,13,153,14,16,11,90,8,9,12,91,6,15,13,62,9,4,6,1,1,2,2,5,3,2,2,4,0,11,2,3,8,19,9,14,20,7,10,10,5,5,1,8,4,10,5,3,7,2,3,4,4,1,1,0,2,3,1,4,1,3,2,3,6
613,28,4,0,8,21,5,7,3,27,9,3,16,16,16,4,32,3,1,1,2,0,4,0,4,2,1,0,2,5,0,0,7,28,10,172,11,12,5,80,21,8,19,78,6,6,11,49,7,0,4,6,5,2,6,5,1,1,1,1,4,6,4,4,8,25,7,13,16,6,6,10,6,5,5,9,5,6,5,11,15,1,0,7,2,1,1,5,3,3,1,3,1,1,2,1,6
614,18,14,1,8,15,8,5,6,26,4,6,14,16,15,5,31,8,3,1,4,1,6,3,4,1,1,0,1,3,4,2,4,24,10,168,13,11,13,92,6,9,9,84,9,20,3,59,11,3,1,4,4,1,2,2,2,1,1,1,3,9,2,2,3,19,8,19,16,8,3,10,6,4,6,12,3,9,6,6,10,0,0,0,5,0,1,4,4,1,1,4,1,1,2,7,4
615,14,11,3,10,15,4,3,10,23,8,4,17,20,8,2,26,5,4,2,5,2,5,1,6,1,3,2,2,7,3,1,5,27,13,146,9,16,8,102,9,17,12,98,8,12,6,41,6,2,5,8,2,2,3,1,2,3,3,0,1,9,0,0,7,15,6,15,17,4,5,8,5,6,5,10,8,10,8,8,17,1,2,2,1,0,4,2,5,2,1,4,2,1,4,4,8
616,13,10,1,7,16,8,5,8,23,7,5,17,17,14,4,22,2,2,2,7,3,3,4,2,2,1,1,2,5,6,2,10,24,16,148,10,10,10,82,18,17,10,103,7,10,9,58,14,4,0,3,3,2,2,1,3,2,0,2,3,6,1,5,4,14,8,17,23,7,2,10,10,4,7,11,7,2,8,8,9,0,0,2,1,2,4,2,1,4,1,4,0,4,4,1,5
617,20,11,1,4,17,8,5,9,28,6,1,21,22,21,2,48,8,1,3,8,5,6,1,5,1,2,0,4,1,3,2,5,27,9,141,9,6,11,72,9,10,10,91,6,12,15,43,6,3,4,8,5,1,4,0,2,4,3,0,3,11,5,1,10,25,6,15,13,8,3,7,7,4,5,9,4,10,4,5,19,1,2,1,5,0,0,2,4,0,1,3,4,2,4,3,4
618,29,5,0,9,21,10,3,5,31,3,1,13,20,12,5,26,5,1,1,5,3,7,1,4,3,1,0,6,4,2,0,4,20,15,149,23,9,7,74,15,10,5,96,14,14,10,49,8,1,0,5,8,5,3,1,4,4,0,1,5,13,4,5,6,20,9,11,28,8,8,10,3,9,4,5,8,7,3,5,10,2,1,5,0,0,0,2,6,0,0,1,2,3,1,2,4
619,13,8,1,9,20,5,1,4,29,11,3,15,14,9,4,26,6,2,0,11,5,4,3,4,1,5,1,5,5,8,0,5,25,12,149,15,16,6,106,11,8,8,90,9,11,13,50,7,6,6,4,4,1,2,4,3,2,3,1,0,10,1,1,5,10,5,16,12,4,8,16,10,3,5,4,5,12,9,9,7,3,3,3,3,2,1,5,2,1,1,2,4,1,0,1,7
620,17,9,1,3,20,11,5,12,34,5,6,11,19,14,0,27,7,5,2,5,4,1,1,5,3,5,0,3,4,8,0,8,16,8,162,16,12,8,81,14,14,9,95,6,12,8,45,12,3,6,3,8,0,3,2,1,1,0,2,1,9,1,1,2,18,6,24,19,3,3,10,8,7,0,4,9,8,7,6,7,5,1,4,3,2,1,2,4,0,0,5,3,1,5,1,8
621,17,10,0,6,19,13,2,7,21,2,2,17,22,13,3,31,9,2,1,2,1,7,0,4,5,4,4,3,3,5,0,4,24,12,163,12,16,6,97,8,3,8,84,12,14,8,49,5,3,2,3,4,0,3,5,0,2,1,3,2,10,1,1,5,18,8,19,24,7,5,6,4,8,3,5,13,12,6,8,13,1,2,3,2,1,3,3,1,0,0,2,1,5,0,4,8
622,22,15,1,7,19,5,1,6,21,5,2,17,17,13,4,21,5,4,0,7,5,2,2,5,0,5,0,2,3,3,0,10,23,17,173,12,10,11,89,12,10,9,88,7,7,10,49,6,4,3,8,1,0,3,3,3,1,1,3,2,8,2,1,5,17,8,14,22,5,8,8,3,4,2,8,6,12,8,8,8,1,1,5,3,1,5,5,3,0,0,4,0,2,4,6,9
623,8,10,2,9,17,6,3,14,27,7,3,20,21,12,6,28,5,5,1,4,3,3,2,4,1,2,0,6,4,6,1,9,23,6,161,12,15,7,97,16,12,9,79,5,13,4,63,7,4,1,5,0,0,0,1,3,1,2,1,2,9,1,0,2,18,6,18,22,4,6,13,5,6,2,5,5,15,6,7,15,0,3,2,3,0,0,2,4,0,0,5,0,4,4,1,9
624,15,7,0,9,23,5,5,10,31,6,3,25,14,23,3,31,6,3,0,5,2,4,0,4,2,2,0,1,1,3,1,1,29,15,143,13,16,9,74,11,15,5,80,10,9,8,58,8,1,2,4,5,2,3,3,3,1,2,1,3,8,0,4,4,22,3,13,17,6,9,11,7,10,9,3,6,7,9,5,15,2,1,4,0,2,6,5,6,0,2,5,2,3,3,5,8
625,14,7,2,7,13,8,3,10,27,10,1,19,20,19,5,30,9,0,0,6,5,8,2,6,0,1,0,3,3,6,2,6,20,9,163,16,11,6,87,13,6,6,90,5,10,9,61,11,5,2,3,4,1,4,4,0,1,2,3,3,8,0,0,7,22,3,16,21,5,5,8,6,8,5,6,7,9,8,9,11,2,0,3,3,0,3,2,4,1,0,0,0,2,1,4,4
626,16,8,3,7,25,8,4,12,23,4,6,9,29,10,2,30,7,6,3,2,3,6,1,6,2,2,1,3,5,3,1,4,20,15,141,10,12,10,89,8,10,16,87,8,12,14,43,8,3,8,6,7,1,4,2,1,3,1,3,1,6,1,2,8,17,7,26,21,6,9,13,4,2,2,9,4,9,6,9,8,1,1,5,3,3,4,0,2,1,0,2,2,1,3,2,7
627,17,11,2,7,23,7,3,12,28,12,1,13,10,10,2,30,6,2,1,7,5,1,1,9,1,0,0,2,6,1,0,7,25,12,154,22,7,9,73,9,9,10,102,9,14,13,54,9,6,3,3,5,0,6,2,2,0,0,0,1,7,5,5,3,20,6,22,22,4,7,7,10,4,4,4,8,10,7,4,11,0,0,3,2,1,2,4,4,0,1,0,2,2,3,3,7
628,14,6,1,6,15,7,3,9,20,5,6,20,17,17,4,22,4,12,0,7,1,4,1,7,1,2,2,2,4,4,1,9,21,6,157,8,8,10,92,4,15,11,96,6,15,8,65,6,4,6,3,4,2,4,2,0,3,3,0,0,4,2,2,11,16,5,14,25,6,4,5,8,8,6,9,9,10,3,4,7,2,2,2,3,3,3,7,4,0,0,3,1,2,4,5,9
629,13,7,0,10,22,11,3,5,23,10,3,17,19,11,3,37,4,3,1,4,6,5,3,2,1,1,0,1,2,5,1,5,23,9,154,8,13,8,82,13,10,4,112,5,11,14,53,10,2,5,5,3,2,4,2,1,3,2,2,2,10,0,3,7,27,5,14,22,4,1,7,9,8,3,4,7,7,5,7,7,2,1,2,3,1,2,7,5,0,1,3,0,3,1,3,9
630,11,12,0,8,17,12,7,15,21,8,2,16,17,15,5,25,4,1,1,9,2,4,3,5,1,1,0,1,2,4,0,6,29,11,146,13,16,6,82,15,9,17,90,11,12,10,50,14,7,4,3,5,3,3,4,2,0,4,3,1,7,1,0,7,24,10,12,19,2,4,8,6,1,3,8,5,7,7,8,13,2,1,3,3,0,3,7,1,1,1,4,1,3,3,3,7
631,18,13,0,9,22,6,1,9,30,7,1,13,12,11,1,33,6,3,0,8,4,1,3,2,1,3,0,2,0,2,0,6,23,12,156,13,10,11,89,15,11,10,91,9,9,10,51,11,2,2,7,3,2,2,0,2,1,1,3,0,8,6,3,6,21,3,14,25,2,10,8,10,7,4,8,4,5,7,8,15,3,1,3,2,0,0,3,2,0,0,3,1,4,3,4,14
632,23,11,1,5,10,8,4,6,28,9,0,15,21,7,4,28,8,0,5,9,1,1,0,3,3,1,1,5,2,4,0,2,20,7,162,12,11,13,81,10,14,12,89,14,14,12,60,8,5,4,2,4,2,7,2,4,3,2,2,4,10,2,4,4,16,7,13,15,6,2,8,7,7,4,5,7,11,9,8,7,0,3,4,1,0,2,2,5,2,0,4,1,5,5,4,5
633,14,6,3,3,23,9,7,11,30,6,1,21,17,13,3,24,7,3,2,10,4,2,3,4,1,1,0,3,6,3,0,4,27,10,139,17,13,11,81,6,19,11,99,7,11,14,67,9,7,3,2,4,0,2,3,4,2,3,3,3,5,1,2,3,19,3,12,19,4,4,4,3,4,3,9,8,6,7,6,13,2,3,4,2,2,2,4,5,0,0,5,2,1,5,2,5
634,17,11,1,11,17,9,9,10,27,5,1,11,22,13,3,29,7,1,2,6,3,5,1,2,0,2,2,4,3,3,1,7,28,17,150,14,11,7,85,10,17,10,104,12,7,11,48,7,6,4,9,1,0,4,2,3,2,1,1,1,6,4,3,6,14,6,13,14,5,3,11,7,6,4,6,5,8,4,5,7,0,0,4,3,1,1,4,6,1,1,3,0,3,5,3,11
635,21,9,3,7,19,5,2,18,22,4,1,15,17,16,4,30,4,3,0,7,3,4,1,3,4,3,0,2,3,3,3,5,20,12,150,17,5,6,87,15,8,12,94,7,14,20,54,9,2,2,3,4,4,4,1,1,1,0,1,1,6,3,3,5,14,9,25,16,2,5,16,9,1,10,7,6,4,4,6,14,0,2,6,3,1,0,1,3,1,2,4,1,1,0,6,9
636,15,8,2,5,14,7,3,6,19,5,2,12,18,12,1,34,6,4,2,4,4,9,2,4,3,1,1,2,5,3,0,8,26,11,156,15,11,8,90,11,14,5,107,8,15,15,44,18,3,3,2,5,1,5,3,4,3,6,4,3,6,3,3,8,14,5,11,20,3,4,8,6,6,3,7,6,9,8,6,8,3,2,1,0,1,3,4,6,0,1,3,1,2,3,1,8
637,15,5,0,6,22,14,5,11,33,9,1,16,14,14,3,26,4,6,1,7,2,3,3,3,1,1,0,1,3,2,0,11,18,8,164,14,12,6,82,14,15,15,90,10,8,14,58,5,4,4,6,3,0,2,2,3,3,0,1,2,8,1,0,6,21,7,15,22,5,5,11,6,9,6,1,7,4,4,5,12,3,2,1,1,2,2,5,2,3,1,2,1,2,3,3,7
638,12,8,4,5,21,5,3,13,27,6,4,14,17,7,3,28,4,5,0,7,3,4,0,6,2,2,2,2,9,4,1,6,25,11,162,11,13,17,113,13,14,8,75,9,6,18,40,8,2,3,3,1,2,4,5,1,3,1,3,0,10,1,2,4,17,6,11,17,7,9,13,9,4,0,8,6,9,7,8,9,1,1,5,3,0,2,0,3,1,0,8,1,2,3,5,3
639,17,8,0,11,22,6,2,8,25,6,6,21,10,14,7,25,4,4,0,6,3,5,3,1,2,3,1,4,2,5,2,5,32,11,153,12,17,13,93,9,10,16,87,6,16,13,41,8,5,0,8,6,1,4,3,2,3,2,3,2,3,2,7,3,14,8,25,14,5,7,13,4,5,4,5,3,9,5,8,3,2,1,4,3,0,2,5,3,2,0,4,4,1,2,1,5
640,15,7,3,9,15,6,6,9,26,2,4,30,18,12,6,32,7,1,1,8,5,3,2,4,3,2,1,2,3,2,0,2,21,15,152,11,5,9,88,12,15,11,103,5,14,15,46,10,3,2,2,1,1,2,4,3,4,2,2,3,9,4,1,2,18,12,14,25,8,3,11,8,8,7,2,4,6,6,2,10,1,2,3,0,1,6,1,5,1,1,3,0,2,2,1,4
641,27,4,1,15,19,6,3,11,29,12,1,21,16,11,5,24,6,4,0,4,4,3,2,3,3,1,3,3,3,3,0,5,29,6,141,16,11,16,94,3,14,12,90,12,8,6,54,9,1,3,4,5,1,2,4,3,0,1,3,1,9,3,2,4,31,7,9,17,8,10,9,8,4,1,8,8,5,2,13,7,0,2,1,3,2,1,2,4,0,1,5,0,3,3,4,3
642,22,3,0,8,27,2,3,11,22,7,2,16,24,16,10,22,3,1,0,7,2,3,1,5,0,2,0,5,3,3,0,5,18,10,148,9,13,10,71,11,10,12,103,12,7,19,68,8,5,4,6,5,1,4,1,2,2,2,3,2,7,2,4,5,20,2,20,13,4,8,5,5,5,8,6,9,10,7,5,12,2,2,7,0,0,1,3,3,1,0,3,4,2,2,3,9
643,17,8,0,6,10,2,2,14,28,11,1,19,20,11,2,24,5,4,2,4,5,5,5,4,2,2,2,2,3,1,1,4,17,11,140,18,6,12,97,9,9,11,109,11,9,13,64,7,0,3,4,7,2,3,1,6,4,4,2,2,7,4,4,8,20,6,9,22,6,3,4,8,5,5,10,3,8,6,10,12,1,0,3,2,2,0,4,7,0,2,0,1,1,3,3,4
644,17,7,2,7,15,7,4,5,24,9,3,20,22,12,4,40,5,2,2,6,3,2,0,6,2,1,0,3,3,5,0,7,30,12,152,9,16,7,93,4,9,13,94,8,15,10,51,12,1,2,7,7,3,1,2,2,1,0,2,5,10,2,3,6,21,5,15,16,2,7,12,7,5,3,13,2,1,12,4,13,0,1,3,3,1,3,4,2,0,0,0,2,1,2,1,5
645,15,8,1,12,22,3,4,7,20,7,5,13,25,8,5,30,5,3,3,5,3,4,3,5,2,3,1,4,3,3,0,8,25,10,150,18,10,10,93,13,7,7,95,11,4,13,59,10,9,7,2,2,2,6,1,3,2,2,1,4,6,1,1,3,18,8,14,12,7,7,8,4,8,1,10,5,5,3,6,12,3,1,2,5,0,1,6,5,2,1,3,2,2,3,5,4
646,17,7,0,5,15,9,4,9,26,12,4,16,22,13,3,26,0,3,0,4,4,2,2,3,1,1,1,2,6,6,2,6,27,13,159,12,9,8,82,18,11,8,107,11,10,10,44,10,3,5,5,2,4,1,2,0,1,1,1,2,7,4,2,7,18,10,19,20,4,3,10,2,7,4,6,7,10,11,6,7,3,2,2,5,2,1,3,3,5,0,3,1,2,0,2,5
647,12,6,1,10,18,6,5,9,17,4,1,12,18,13,3,36,7,6,0,6,4,5,1,7,1,1,0,2,3,5,4,11,32,7,134,14,12,11,92,7,9,9,109,13,6,13,48,10,8,2,6,1,1,4,3,5,2,0,1,5,9,2,1,1,14,16,12,31,7,5,13,8,10,6,5,6,3,9,4,13,2,2,2,1,0,0,0,2,0,0,3,1,1,6,1,6
648,12,5,2,6,17,6,8,9,29,13,2,13,18,14,3,17,7,9,2,5,3,2,3,5,1,2,1,6,3,4,2,7,24,13,146,16,11,6,87,12,11,7,106,4,10,11,55,6,7,7,8,4,0,1,5,2,1,0,4,0,4,1,4,7,15,9,21,21,5,4,14,8,9,3,9,11,7,6,6,5,1,2,1,3,1,1,1,3,0,2,3,2,1,1,3,6
649,11,11,2,8,18,7,6,18,33,5,4,16,15,6,3,31,3,3,2,1,2,3,1,11,3,2,0,3,5,6,2,8,17,11,136,14,13,7,97,9,8,11,101,5,12,9,46,12,4,3,4,9,2,6,3,3,3,3,2,1,10,1,1,5,16,5,12,24,9,10,9,5,7,3,8,11,5,8,5,6,0,2,2,1,0,1,3,5,3,1,2,2,2,2,3,11
650,13,7,0,11,22,9,5,14,27,9,2,14,21,6,6,30,7,3,1,1,2,4,3,3,4,4,2,8,6,2,0,13,19,8,147,15,17,6,80,11,12,7,101,7,11,17,49,10,4,6,3,4,1,2,4,1,2,1,0,0,9,3,0,5,8,2,18,20,6,7,14,7,9,2,8,2,9,5,3,9,1,0,1,1,2,2,4,5,2,0,9,0,3,1,5,14
651,13,13,0,4,26,12,6,7,34,8,2,9,21,9,5,34,7,3,1,2,2,6,1,4,2,3,1,0,4,4,0,6,33,10,148,13,3,8,86,8,11,12,96,7,14,4,56,12,5,2,6,5,0,3,4,0,2,4,2,1,5,2,2,7,23,7,17,20,4,2,9,5,7,5,10,5,5,7,5,10,2,1,3,0,0,1,3,7,2,0,3,2,3,5,4,3
652,20,7,1,14,24,7,5,9,29,8,1,14,17,20,0,26,2,2,1,7,1,3,1,4,5,3,2,4,2,5,1,5,23,11,156,8,10,11,84,14,10,16,81,3,11,11,51,8,0,6,3,2,1,4,5,3,2,1,2,3,9,1,2,6,18,8,19,20,4,4,8,6,7,3,7,6,8,11,6,14,2,1,4,0,0,2,3,6,2,1,7,3,2,5,1,4
653,17,6,1,4,9,11,4,8,30,3,1,12,14,11,4,28,5,0,1,12,1,5,4,6,2,6,1,3,2,2,0,6,19,11,168,22,17,10,103,13,9,8,92,4,12,10,41,7,4,2,4,8,4,1,3,5,4,0,1,3,7,1,3,10,15,8,19,18,5,5,9,10,4,3,5,4,7,4,12,7,0,2,2,2,0,1,3,4,1,3,3,2,1,3,5,8
654,12,6,2,6,23,6,6,7,22,4,6,11,12,11,6,25,6,3,1,6,2,4,2,7,2,4,4,2,3,8,1,5,22,11,141,17,14,4,107,10,8,15,100,5,14,3,57,8,0,5,5,6,3,5,8,2,1,2,0,3,9,1,0,6,24,5,20,15,3,8,9,8,8,1,8,8,13,4,7,9,1,0,1,0,0,2,2,3,2,0,3,0,4,4,2,9
655,10,5,1,11,23,11,1,8,26,6,1,14,21,12,6,27,8,6,3,2,3,4,3,2,2,2,0,1,5,6,1,6,36,15,157,11,9,8,98,13,11,9,100,12,7,10,44,6,3,6,4,6,4,3,2,0,1,1,2,2,6,3,2,10,18,7,11,17,3,4,8,7,6,4,12,7,9,6,4,8,1,0,3,0,1,1,2,6,3,1,0,0,2,5,3,3
656,16,7,2,7,15,5,5,6,25,4,1,10,26,12,3,33,5,3,1,3,2,0,4,6,2,2,0,5,6,5,3,10,34,9,150,14,7,7,80,9,9,8,102,10,11,14,48,9,7,4,9,4,2,4,9,3,1,1,2,1,6,3,2,4,21,6,12,23,8,2,12,4,6,4,6,5,11,9,9,6,1,1,7,6,0,3,2,5,0,0,2,1,3,0,2,6
657,18,7,0,6,17,11,3,7,28,5,3,9,22,14,2,24,9,2,1,6,3,3,2,5,1,3,0,2,4,6,3,8,25,9,168,11,5,6,82,12,18,17,104,13,13,4,59,11,3,3,2,5,2,3,4,1,1,1,3,2,4,1,2,5,20,5,15,22,5,3,9,7,7,4,5,6,6,6,8,8,2,1,4,2,1,0,2,5,1,0,4,2,1,0,3,3
658,15,6,1,5,21,5,3,17,23,5,3,17,23,12,3,36,8,3,0,9,1,4,2,6,2,2,1,5,6,3,1,4,22,15,154,20,15,11,78,13,12,14,92,5,9,11,41,5,3,5,4,5,1,3,2,2,1,3,4,1,8,3,1,1,29,8,15,28,2,8,9,5,4,2,7,7,5,6,11,6,3,0,3,4,0,0,1,6,1,0,2,3,2,2,2,3
659,18,4,1,8,18,11,3,15,26,5,2,13,28,5,3,35,7,3,1,6,4,3,0,11,1,2,1,3,1,3,0,4,21,5,159,15,16,5,76,14,6,7,91,7,12,10,55,6,4,1,7,3,2,3,6,2,2,4,0,1,7,1,5,7,20,11,15,20,10,10,10,5,10,6,4,4,8,7,6,7,2,4,4,1,2,1,3,10,0,1,2,1,1,6,3,1
660,12,7,0,11,22,4,2,6,21,8,3,16,14,13,3,31,3,4,0,1,4,3,3,2,2,2,0,6,5,0,4,4,17,9,172,14,10,10,87,6,11,13,94,8,8,14,46,15,3,7,4,4,3,3,4,3,0,1,0,3,11,0,2,5,20,5,19,22,7,3,7,5,6,4,9,7,5,3,3,12,1,2,3,1,3,4,3,4,1,0,5,1,7,7,6,12
661,11,8,0,10,17,11,3,7,30,5,2,19,13,10,2,32,2,4,1,6,2,5,1,6,2,5,0,2,8,2,3,5,28,14,135,20,14,14,85,10,11,8,104,8,14,7,52,12,6,3,7,2,1,4,2,2,2,0,1,1,6,3,2,6,24,4,10,14,5,5,9,7,8,4,6,12,10,2,5,12,3,2,3,3,2,1,1,4,2,0,6,2,2,4,4,6
662,12,9,0,7,19,11,4,10,21,4,2,16,20,9,4,32,3,3,1,8,1,2,0,6,2,1,0,0,8,4,2,7,22,7,148,18,4,11,81,18,13,7,105,6,8,13,48,10,8,4,7,2,1,5,4,0,1,0,3,2,10,2,7,9,19,10,22,21,7,5,13,2,6,3,8,7,3,9,6,9,5,0,5,1,1,1,3,5,0,1,2,2,1,0,1,10
663,17,7,0,7,27,4,7,4,34,11,2,13,16,18,4,24,4,5,1,8,3,9,0,4,1,2,1,4,4,3,0,5,26,12,137,18,13,10,64,13,16,11,104,10,7,12,57,8,4,4,6,2,0,1,1,4,1,1,2,0,7,2,2,6,20,6,20,21,3,5,9,12,6,7,12,3,3,10,4,8,2,0,2,3,2,3,4,5,1,0,5,1,3,4,3,3
664,14,7,1,10,14,6,2,14,25,5,1,15,15,10,5,33,5,2,2,2,1,2,2,4,3,3,2,7,5,4,2,5,27,5,151,11,8,13,86,13,5,11,89,7,17,10,65,9,7,2,7,1,3,5,1,4,1,3,3,3,11,3,3,5,24,11,8,18,5,4,15,8,13,2,8,9,5,7,1,7,1,2,4,0,2,5,0,8,1,1,2,2,2,2,2,4
665,15,7,1,8,21,4,4,3,26,8,3,19,13,12,3,30,8,5,3,2,1,3,0,2,2,2,0,5,3,5,1,6,27,12,156,17,15,10,75,13,9,12,90,11,8,10,65,13,4,4,5,5,2,5,7,2,1,0,4,2,6,1,1,6,27,11,17,18,4,4,7,4,6,7,4,12,4,2,4,8,1,0,2,2,2,1,5,3,3,0,4,3,2,0,2,8
666,13,7,0,8,16,6,2,10,28,7,4,17,14,16,3,24,2,1,2,3,1,5,1,5,6,3,2,1,4,2,2,4,36,8,158,16,8,9,82,15,9,15,100,11,13,17,50,5,2,4,4,7,2,4,4,2,1,1,1,6,7,4,0,2,24,6,18,18,6,6,5,4,8,3,7,8,10,7,5,6,2,2,3,2,3,0,2,4,1,0,2,2,1,0,4,9
667,16,7,1,3,17,7,4,11,30,10,2,14,8,17,4,35,3,4,0,9,2,5,1,2,1,1,2,4,4,2,0,6,22,7,170,10,9,9,79,12,16,11,98,7,13,8,50,10,0,4,3,4,2,2,2,5,2,2,4,0,9,1,3,7,16,11,19,21,6,4,11,10,5,7,7,1,8,6,6,6,2,3,5,3,1,0,1,3,2,0,2,1,5,5,3,7
668,11,14,2,8,26,5,2,10,25,9,3,11,21,14,5,34,10,3,1,5,3,4,2,8,2,1,0,3,2,7,1,6,30,16,139,9,8,5,92,9,9,11,104,7,4,10,48,7,6,3,5,9,1,0,6,1,3,1,2,3,8,0,2,8,19,10,14,15,3,8,5,6,9,4,4,7,8,4,4,8,2,0,4,5,0,3,3,5,3,1,3,1,6,4,4,4
669,10,8,1,8,20,9,1,7,33,11,5,15,17,14,7,29,6,2,0,3,1,0,1,1,0,2,0,5,3,7,0,8,18,10,183,14,13,14,74,8,15,7,97,10,11,13,37,6,3,6,4,5,3,4,0,2,1,1,3,0,7,3,0,3,29,4,21,15,5,3,8,9,8,6,4,5,8,4,8,8,1,1,6,1,3,2,6,5,4,0,2,2,1,1,3,8
670,19,6,1,14,17,8,2,7,20,6,3,16,15,14,2,35,7,5,0,3,2,5,2,8,0,2,2,4,3,3,0,5,22,6,138,17,19,11,101,11,10,11,85,8,6,11,60,9,4,2,5,4,5,5,1,3,2,1,3,1,9,3,3,9,24,6,11,19,4,5,12,3,11,3,4,6,10,6,5,6,2,2,1,1,1,4,5,4,2,0,7,2,3,3,3,4
671,14,9,4,6,16,7,7,11,34,6,3,18,21,12,1,30,6,1,1,8,5,2,3,1,3,2,2,2,2,4,0,10,36,13,137,6,8,10,85,17,15,11,96,8,15,19,41,5,3,5,4,5,3,3,4,1,0,1,2,0,7,1,1,8,20,8,15,22,5,6,7,9,6,3,2,9,5,6,9,6,2,1,6,2,1,3,3,1,0,1,3,1,4,3,0,10
672,19,11,1,7,17,13,4,8,27,8,2,12,12,13,3,28,10,2,2,2,2,5,1,3,0,5,0,2,3,7,2,8,22,10,161,9,10,5,86,11,12,9,95,14,14,9,44,4,9,1,3,1,0,3,0,4,3,0,1,1,5,2,3,2,21,6,27,24,12,7,14,6,5,4,4,8,4,9,8,11,1,0,2,2,2,2,0,6,3,1,2,2,0,3,4,8
673,15,9,1,10,20,7,7,8,23,7,3,10,19,16,3,29,4,2,0,10,2,3,0,6,3,2,0,2,3,4,0,5,26,6,147,16,16,7,80,14,14,12,105,8,11,21,49,12,5,1,5,4,2,3,3,3,2,2,0,3,7,1,1,4,24,6,12,13,8,6,6,10,8,3,6,7,11,10,5,8,3,0,5,0,1,1,3,3,1,0,1,1,2,8,2,3
674,23,9,1,4,21,7,5,6,32,11,2,16,17,15,5,29,4,3,2,9,2,2,5,5,2,2,2,5,4,3,1,9,18,17,157,11,13,10,89,7,13,13,96,8,9,6,40,9,8,3,4,6,1,6,3,7,0,3,1,2,7,1,3,4,18,9,7,18,6,2,7,4,5,5,8,6,6,9,3,9,2,2,1,2,1,1,7,4,2,3,4,1,2,0,3,5
675,20,7,1,7,20,11,5,8,27,10,3,24,11,20,6,34,5,5,0,7,1,6,1,4,3,0,0,3,4,6,2,8,21,10,154,13,11,10,90,7,11,8,97,10,11,11,44,12,7,4,4,2,3,1,3,0,4,2,1,1,10,1,2,6,22,5,18,11,5,5,11,5,5,7,2,2,7,7,5,7,2,2,3,2,0,5,3,0,1,1,3,3,1,4,1,5
676,22,10,1,10,14,12,3,4,30,7,3,25,13,11,5,24,4,2,0,5,2,5,2,4,0,1,1,4,5,5,0,9,37,11,151,14,10,13,76,13,11,9,105,9,11,10,50,12,5,6,3,5,2,1,2,3,4,1,4,1,5,0,3,4,25,5,17,15,3,7,4,7,9,5,5,5,8,6,3,9,0,1,4,4,0,1,1,3,1,2,2,2,1,2,5,4
677,14,10,3,7,14,4,3,14,30,7,1,13,15,17,6,21,5,4,1,5,4,6,3,8,0,1,1,3,3,2,1,6,20,11,156,10,17,9,97,14,15,13,78,9,9,12,63,9,4,4,3,4,0,5,1,1,4,2,1,0,14,1,1,4,18,5,8,16,7,8,8,4,7,4,9,10,4,7,6,11,2,2,2,3,0,2,3,3,1,1,3,0,0,5,4,14
678,16,4,1,11,23,10,5,4,25,6,3,13,20,11,6,34,3,5,1,8,4,1,0,3,2,3,1,3,2,5,1,4,26,13,145,12,6,14,89,9,10,13,103,4,12,6,49,7,2,3,2,7,1,2,4,2,2,2,3,2,8,1,3,10,22,6,19,20,7,4,9,2,7,3,5,8,6,6,4,17,1,1,4,2,2,3,2,3,2,1,3,2,2,2,4,11
679,13,6,2,6,24,4,6,11,28,3,4,17,26,9,4,30,6,3,2,3,4,5,1,4,0,4,1,4,3,6,0,4,23,9,148,11,11,12,78,8,5,14,82,16,7,17,60,9,2,3,3,6,3,0,4,2,2,3,0,4,5,1,3,11,20,7,15,15,7,7,8,6,8,9,9,7,9,7,5,10,2,1,2,1,1,3,3,3,1,0,7,2,5,0,5,10
680,16,6,3,6,29,6,2,14,26,4,1,16,21,13,0,40,4,3,0,10,0,1,4,7,4,1,0,2,4,5,1,5,26,9,149,12,8,11,84,8,9,12,92,8,6,12,55,1,4,4,5,3,2,4,3,1,1,1,4,1,2,3,6,13,20,5,22,27,5,2,9,5,7,3,6,9,8,6,7,14,0,1,1,0,1,2,3,4,1,3,3,1,3,0,3,6
681,17,6,0,9,17,5,4,6,25,6,4,6,29,12,3,38,10,3,0,5,3,2,0,5,2,2,2,4,4,6,3,8,22,10,132,14,12,6,88,8,9,10,102,11,10,11,57,10,6,5,3,6,0,2,7,3,3,3,4,2,4,4,2,4,16,6,15,20,8,7,10,7,11,1,10,7,12,6,3,5,2,1,7,3,0,1,1,9,0,1,4,2,1,1,3,4
682,18,8,2,8,15,8,5,6,25,1,3,17,21,17,8,21,4,1,1,1,3,3,1,5,3,1,0,4,5,3,2,5,24,10,142,17,10,16,94,13,16,12,96,16,7,12,49,10,3,5,6,2,5,4,4,1,1,1,2,2,9,4,5,4,25,5,16,19,2,9,11,9,7,3,5,6,6,7,6,5,2,1,2,1,2,1,0,2,2,2,0,1,2,4,3,7
683,23,13,4,8,20,2,6,9,32,5,3,11,11,11,3,33,5,1,2,10,3,4,2,9,4,2,0,3,3,1,1,6,18,7,147,14,12,10,101,10,19,7,75,7,6,15,51,9,4,6,2,3,4,3,4,1,2,0,1,1,9,4,4,5,32,2,13,14,9,6,14,15,6,1,3,8,5,7,3,9,3,3,1,4,1,1,3,3,1,1,2,0,2,1,7,9
684,18,12,3,8,18,11,3,2,27,8,3,10,24,14,3,36,1,2,0,8,1,5,2,6,4,3,2,7,5,6,1,6,19,6,135,18,17,9,72,11,13,11,106,15,14,6,44,12,7,3,6,3,3,1,3,5,4,3,2,2,6,7,1,4,10,4,21,13,5,5,7,7,5,7,12,3,9,6,9,9,1,2,4,1,1,3,1,5,0,0,5,3,2,3,5,5
685,15,8,1,11,10,11,2,9,33,6,1,20,17,12,3,26,6,5,0,8,2,5,1,3,1,1,2,4,2,3,0,7,19,10,138,17,10,11,98,16,16,14,92,9,11,18,57,9,1,1,6,5,1,3,3,3,3,1,5,3,4,0,2,0,27,4,17,14,3,2,11,7,7,3,7,5,3,7,3,11,2,2,5,3,4,3,4,4,1,1,5,1,1,4,1,7
686,6,7,0,7,18,15,5,11,34,10,0,12,23,12,5,29,3,2,1,3,0,3,2,2,2,6,1,2,3,11,2,8,25,12,146,13,15,11,100,10,17,11,84,7,9,10,50,8,4,4,4,3,4,4,1,1,1,2,0,1,7,2,2,2,26,7,19,17,7,3,11,7,5,7,5,6,8,7,5,4,1,2,3,2,1,3,2,7,0,0,1,1,3,2,5,8
687,17,8,1,6,18,10,2,12,25,6,0,14,14,19,3,26,6,3,1,6,2,3,3,3,5,3,1,2,6,6,0,6,24,11,159,10,11,9,80,11,13,13,94,8,10,15,49,11,8,2,10,1,2,2,1,7,1,1,1,0,12,3,2,7,15,7,14,18,7,6,11,3,5,5,7,6,11,5,9,9,2,1,3,2,0,0,5,5,2,0,3,1,1,4,3,5
688,20,12,3,9,17,8,5,7,29,2,1,15,14,7,3,38,6,4,2,5,3,4,3,6,1,1,1,3,1,2,1,7,33,9,146,15,11,9,96,12,11,10,85,8,16,13,61,15,2,2,5,2,1,3,8,3,0,2,1,0,7,1,3,4,10,7,22,18,5,5,7,5,8,4,6,3,2,5,8,10,1,3,2,3,1,1,5,1,0,2,1,1,1,7,2,10
689,19,10,2,9,11,17,5,8,29,9,2,16,22,16,3,31,3,4,2,8,3,2,0,4,4,1,1,1,3,3,1,8,27,12,133,15,8,11,85,9,17,6,93,11,4,15,59,16,3,4,9,3,2,2,4,0,4,3,3,3,7,0,0,6,28,9,11,12,6,6,11,7,5,9,5,5,5,7,6,5,2,1,3,1,0,1,2,3,0,0,3,1,2,3,4,6
690,13,6,2,4,28,4,3,10,29,1,1,11,19,17,6,24,4,3,0,7,4,2,2,2,1,2,1,3,8,7,1,10,27,9,157,14,11,8,78,19,12,8,85,5,11,17,55,8,6,3,4,8,1,1,2,3,1,3,2,1,14,2,2,10,16,4,14,16,7,11,4,5,3,1,13,5,4,8,7,15,0,0,2,1,2,3,1,1,0,1,6,1,6,2,10,9
691,14,5,1,7,18,6,5,5,28,6,1,10,17,15,2,30,3,3,2,2,1,2,2,8,1,2,0,2,3,5,0,4,34,14,166,7,12,13,106,11,10,15,87,8,7,11,49,7,2,3,3,0,0,2,1,5,3,2,2,1,10,3,4,4,21,7,23,20,4,4,7,4,10,5,10,7,9,2,5,12,0,0,7,2,1,2,5,4,2,1,2,1,1,1,4,5
692,16,15,2,11,16,8,5,16,19,5,5,21,17,13,5,31,5,2,0,5,1,4,2,8,4,1,1,3,5,1,0,1,23,11,158,11,11,9,95,11,11,9,88,7,11,12,50,13,3,0,2,3,0,1,0,1,2,0,0,3,7,1,2,9,19,15,12,20,4,6,12,8,8,4,8,6,5,5,6,11,2,1,4,1,2,2,5,7,0,0,5,0,1,2,1,6
693,18,7,0,8,23,10,4,9,20,7,1,14,14,16,4,28,1,3,0,3,5,1,1,3,3,4,2,3,3,3,1,4,26,5,147,15,12,13,86,11,14,13,103,8,8,11,60,12,2,5,4,6,2,1,2,3,2,5,3,2,5,3,4,9,16,4,16,21,6,1,12,9,8,3,8,4,8,9,3,10,1,1,3,2,3,2,0,2,2,0,2,2,2,6,1,8
694,14,11,1,3,27,7,4,9,27,6,3,11,16,19,6,37,7,3,1,5,1,2,6,5,5,3,0,3,3,7,0,4,22,10,164,15,18,7,81,10,16,8,87,7,16,12,47,11,7,0,5,4,3,0,3,2,1,2,2,2,5,4,0,9,12,7,13,19,3,7,8,9,5,0,7,5,5,7,5,8,1,1,2,2,1,5,6,3,3,1,2,0,3,4,4,6
695,14,8,2,8,18,5,0,4,29,5,3,16,18,18,4,29,2,1,1,5,3,3,1,5,4,2,0,1,5,4,0,7,23,9,155,19,13,10,78,9,9,10,108,10,11,11,59,13,5,5,6,6,1,3,1,4,2,1,3,3,6,1,0,2,19,5,19,20,3,6,13,2,7,8,5,8,5,8,6,6,1,0,4,5,0,1,3,3,0,1,1,2,2,2,8,6
696,8,7,1,8,19,5,4,10,24,6,4,8,17,14,4,48,8,3,1,8,4,7,1,6,0,5,0,3,2,5,1,9,22,6,159,13,5,8,73,13,10,7,99,12,10,10,62,10,4,2,8,4,2,2,3,1,0,1,3,0,8,1,1,6,22,8,20,20,6,5,4,6,7,3,2,6,8,7,7,12,0,0,3,2,2,4,4,7,2,1,0,0,1,4,5,7
697,11,4,1,6,15,5,4,11,25,6,1,21,26,10,3,34,10,3,3,5,4,4,2,5,1,2,1,4,3,5,3,4,26,12,157,10,10,12,89,14,6,10,90,4,12,10,59,6,7,6,6,4,1,1,7,2,1,1,2,1,3,3,3,5,21,1,13,15,7,5,3,6,9,4,9,5,7,9,7,9,3,2,5,0,1,2,1,5,1,1,1,2,3,4,5,12
698,18,14,0,4,14,9,4,14,27,9,1,8,21,17,8,32,3,2,1,4,3,2,1,4,1,2,0,3,2,5,1,4,16,6,164,11,11,3,95,11,12,8,94,9,9,12,60,10,0,5,4,2,0,2,3,4,2,0,1,5,7,2,1,6,10,7,10,21,8,6,7,6,6,6,9,4,11,2,10,8,0,1,5,4,0,2,4,6,4,2,5,1,1,7,5,9
699,17,8,3,6,16,9,2,14,30,10,1,15,19,12,4,24,6,4,1,6,5,4,3,6,2,3,1,1,5,5,1,7,18,10,164,6,10,11,69,14,10,13,94,8,10,9,67,12,2,4,5,4,2,2,5,2,0,1,3,0,2,6,2,8,24,7,18,15,7,7,7,6,3,3,2,8,8,7,8,9,3,2,2,4,0,4,2,5,0,0,2,4,1,3,1,5
700,14,4,3,7,17,9,3,8,33,8,0,12,22,14,3,39,1,3,3,8,1,4,4,3,2,2,1,3,1,3,0,7,23,12,146,11,9,8,97,12,15,8,83,10,12,14,51,12,6,4,3,4,2,2,2,0,1,3,0,1,5,3,2,9,20,5,11,20,4,10,9,6,6,4,8,5,9,4,3,18,2,0,4,1,0,3,3,4,1,1,5,1,5,2,4,10
701,15,4,1,7,11,4,5,14,28,8,3,17,13,7,1,36,5,3,3,8,5,1,1,2,0,3,2,1,3,5,1,6,18,9,154,16,12,6,87,14,10,10,108,11,13,7,59,8,6,1,2,3,2,3,6,3,3,2,4,3,3,2,5,8,21,7,18,16,3,8,5,4,7,4,7,5,5,6,7,15,2,0,8,1,1,2,4,4,1,0,5,0,4,3,2,4
702,21,4,0,8,17,5,2,7,27,4,3,18,13,9,6,33,3,3,2,4,5,3,0,3,2,4,1,4,6,4,1,7,18,9,168,14,8,11,88,13,8,15,100,9,15,8,46,8,3,1,5,9,3,1,3,5,2,2,1,0,8,3,1,2,20,4,18,21,7,10,12,8,5,3,3,6,7,8,3,10,3,0,7,1,0,2,2,4,2,0,2,1,1,1,6,7
703,14,11,1,4,22,8,4,11,23,6,4,14,16,20,1,25,3,1,2,5,2,2,1,10,5,0,1,3,5,3,0,1,28,13,141,9,14,9,87,15,13,13,101,10,6,9,51,12,2,4,10,5,2,4,1,1,2,3,0,3,14,2,1,1,23,7,11,24,6,9,14,4,7,7,8,6,9,1,1,9,2,0,3,1,1,2,1,7,0,1,2,0,2,4,2,12
704,15,8,1,8,25,6,5,7,24,8,7,15,16,16,6,24,5,2,1,4,3,5,0,3,4,1,1,6,5,7,1,9,18,14,143,10,10,6,99,12,6,10,76,9,13,15,65,13,4,2,7,6,0,4,2,3,1,1,1,3,8,8,2,3,18,5,11,13,4,3,5,9,9,5,10,7,10,9,4,9,2,2,6,3,0,1,2,6,2,1,1,2,1,3,5,10
705,18,12,1,5,17,7,6,7,32,6,4,8,21,17,3,31,4,3,2,5,1,8,4,2,2,2,0,6,1,9,0,8,22,11,138,18,9,12,95,14,9,11,91,8,12,10,45,12,1,1,7,1,3,4,3,1,2,0,0,2,7,1,4,10,18,7,13,15,4,3,12,9,5,4,8,8,7,6,6,15,1,1,4,0,0,4,6,4,1,1,4,2,3,1,4,8
706,19,9,0,7,20,7,10,8,29,4,2,17,20,11,5,29,10,5,3,3,3,6,2,6,2,0,1,1,2,3,1,5,31,11,140,13,5,9,80,15,11,8,101,6,8,7,44,11,3,4,1,6,3,2,6,1,4,2,1,3,11,3,1,2,15,9,25,16,8,6,13,7,5,5,4,8,4,6,9,11,1,1,7,1,1,1,4,7,3,0,4,1,3,2,4,6
707,9,7,0,7,25,2,3,8,27,11,1,16,11,11,3,32,4,2,1,12,4,3,1,3,4,1,1,2,2,5,3,6,24,6,156,13,14,7,74,18,11,14,81,11,7,9,64,8,7,5,4,4,1,3,0,1,3,2,1,4,8,4,4,6,14,11,13,23,9,8,11,4,7,5,7,5,7,5,11,15,6,3,2,4,4,1,2,2,0,1,6,1,3,1,1,7
708,15,6,0,7,18,6,4,15,24,6,2,17,26,14,5,27,8,4,0,6,5,3,1,3,3,2,1,0,3,3,1,5,29,13,145,11,15,9,70,9,14,9,102,13,17,9,56,7,5,3,3,4,0,1,1,3,2,3,4,0,9,3,1,4,20,5,20,22,6,3,7,4,9,6,9,4,7,8,5,11,2,0,4,1,1,4,7,2,3,0,4,1,2,1,2,6
709,17,12,1,10,18,6,2,7,20,6,5,16,17,15,2,22,6,4,1,4,0,5,1,2,2,2,0,2,2,3,1,3,21,15,155,17,11,5,114,5,9,12,103,4,14,8,46,11,2,3,7,4,2,2,2,0,1,3,4,4,4,4,5,10,21,6,15,16,9,4,5,9,9,9,7,4,4,6,6,9,2,0,4,1,2,1,1,6,0,1,2,3,4,3,4,6
710,19,10,2,10,16,7,6,12,27,3,5,5,17,13,1,28,7,4,2,6,3,4,3,5,1,0,0,6,3,7,1,5,31,10,160,7,15,7,94,13,10,9,92,13,7,6,58,3,8,1,2,2,1,1,2,0,2,3,6,3,8,2,0,10,15,7,10,15,10,7,9,8,5,1,6,10,11,4,4,11,2,4,3,4,0,4,4,4,1,0,1,2,2,3,4,5
711,21,7,3,10,18,6,5,12,25,7,2,16,19,11,2,29,2,6,3,6,4,5,2,6,1,1,1,3,4,5,0,7,26,5,148,9,11,8,90,10,8,11,93,11,6,10,55,11,7,7,7,3,0,4,1,1,2,1,2,4,5,0,1,6,12,3,15,19,8,3,12,5,8,5,11,6,9,11,6,9,2,4,5,7,2,1,3,5,1,0,3,0,1,3,1,8
712,10,9,1,6,10,11,6,7,27,12,1,12,12,18,1,33,4,5,1,5,3,4,3,6,1,0,3,3,0,5,2,5,29,11,151,21,12,5,84,9,11,6,102,12,12,7,40,10,6,2,1,10,2,4,1,4,2,1,1,6,4,0,4,4,18,10,19,19,6,2,11,8,8,4,11,16,9,5,4,9,5,3,2,4,1,2,4,2,1,1,3,0,0,2,6,5
713,7,8,0,5,15,7,7,6,16,6,1,13,23,12,1,28,2,5,1,4,3,3,4,6,2,3,0,2,5,1,2,8,31,11,162,8,9,10,73,13,14,10,99,12,12,17,58,7,1,7,4,2,2,7,4,5,1,2,4,1,4,1,4,4,21,4,23,24,4,2,12,12,9,4,6,5,9,6,4,4,1,1,6,0,2,3,4,6,0,0,6,2,0,2,5,8
714,13,8,3,11,18,4,2,6,33,5,4,13,15,14,0,37,5,5,1,8,3,5,2,5,4,3,1,3,3,8,0,8,22,10,140,15,6,6,97,11,14,14,93,14,13,8,44,9,3,5,5,2,2,1,3,0,1,1,2,0,11,0,1,9,23,8,19,16,3,3,10,6,3,2,13,5,4,8,5,14,2,3,3,3,0,3,3,9,0,0,1,0,2,2,5,10
715,11,8,1,3,17,9,2,11,33,7,5,18,20,17,0,29,1,2,0,5,2,3,3,4,1,1,2,1,2,3,3,5,27,14,169,14,7,8,93,8,13,17,87,7,6,13,52,8,7,2,2,5,0,3,5,2,1,2,2,3,9,1,5,7,17,4,17,19,7,7,6,6,3,6,3,8,9,5,0,11,1,0,1,1,2,2,4,4,2,0,6,3,4,4,3,7
716,15,7,1,5,16,5,1,14,27,9,4,13,13,11,4,36,5,6,2,6,3,4,3,5,4,3,1,4,3,10,1,4,31,16,124,12,9,9,101,9,12,8,106,6,15,9,49,12,6,6,5,6,0,5,1,3,4,3,2,1,7,4,1,6,17,5,22,18,4,4,4,7,2,5,6,4,6,5,3,13,1,2,0,2,2,0,7,5,2,1,5,2,2,0,3,8
717,8,9,0,10,17,4,1,10,26,4,5,13,18,11,2,34,3,5,1,3,1,7,2,4,1,1,1,5,3,3,1,3,23,9,149,17,18,8,86,10,14,8,103,11,10,15,50,14,5,5,6,3,1,2,2,3,2,1,5,1,8,5,1,5,26,13,18,18,4,3,7,6,3,4,6,6,11,8,10,11,2,0,3,1,0,1,3,2,2,1,2,0,3,1,4,5
718,10,11,0,11,18,5,2,17,19,8,5,8,18,13,2,33,8,2,1,5,1,5,1,4,3,1,1,0,6,3,2,8,23,11,169,8,13,9,84,7,6,11,99,12,7,9,57,9,7,4,4,4,1,3,8,1,2,1,4,1,8,2,2,6,21,9,19,19,3,5,8,5,6,3,10,8,6,9,1,7,2,3,3,1,0,1,5,2,1,0,1,0,2,3,6,8
719,16,12,3,8,14,8,4,12,21,6,8,14,26,14,2,30,10,3,1,4,4,1,2,5,3,3,2,5,2,5,1,10,30,14,131,10,15,8,79,11,15,8,83,10,6,12,62,8,3,5,6,7,1,2,0,1,2,3,0,8,9,1,3,6,16,10,14,22,1,5,12,8,9,7,4,4,6,5,11,12,3,0,5,1,0,1,2,4,1,0,1,1,1,1,5,10
720,9,7,1,7,18,9,4,8,32,4,4,14,18,18,6,31,9,4,1,5,4,7,1,3,3,1,0,3,4,6,0,8,27,12,148,14,14,8,83,8,11,8,109,7,10,9,47,9,3,5,6,3,1,7,1,0,1,1,1,0,3,0,4,5,16,7,12,17,4,9,9,7,4,6,4,13,11,4,8,9,0,2,2,2,2,2,4,4,3,0,4,2,1,4,5,9
721,22,6,0,6,16,7,7,6,31,9,3,13,21,11,4,29,4,4,1,4,3,2,1,5,1,1,1,6,2,2,1,4,31,16,161,14,7,12,94,9,10,12,96,8,7,12,51,10,6,1,3,3,0,3,0,4,1,2,1,1,6,2,2,6,26,7,10,16,4,6,6,7,4,6,6,5,9,3,7,14,1,1,3,2,0,3,2,2,1,0,2,0,3,7,6,7
722,16,6,0,4,12,7,4,8,32,6,2,12,20,17,4,40,2,7,2,6,4,6,2,7,4,1,0,1,2,3,0,9,18,8,152,17,10,10,99,11,10,13,102,8,15,7,55,11,4,4,3,4,0,3,3,3,2,4,3,2,7,2,5,6,12,12,10,24,7,5,7,4,4,8,0,4,3,5,4,7,1,2,4,2,1,1,5,5,0,1,6,0,2,3,1,3
723,19,7,0,10,15,5,6,13,24,4,4,12,22,7,0,24,6,3,2,8,2,3,3,6,2,4,1,3,7,4,0,3,17,7,148,11,11,10,87,12,10,9,89,6,12,17,59,11,3,3,4,3,4,7,4,2,4,0,1,5,11,1,1,2,21,5,8,19,6,7,14,8,6,7,9,6,5,6,11,20,0,2,8,0,0,4,1,9,1,1,1,2,3,5,2,3
724,14,6,1,6,13,6,5,11,27,5,4,13,22,13,0,32,3,2,1,5,4,7,0,3,1,2,0,1,4,3,0,6,31,8,155,18,12,8,97,11,13,8,97,3,17,18,52,8,4,2,5,1,0,4,1,1,1,1,2,4,7,0,4,3,14,6,19,23,5,7,9,7,6,8,1,8,12,9,5,13,1,1,4,0,0,0,3,4,1,2,2,1,2,1,1,9
725,11,9,3,7,22,5,4,9,24,8,1,13,10,16,5,30,2,0,0,5,4,5,1,2,3,2,1,0,3,2,2,6,21,17,144,12,12,14,93,5,11,12,98,14,12,13,45,11,4,11,5,2,1,3,2,1,2,1,0,3,9,3,2,6,28,4,19,18,6,3,7,6,11,9,6,4,5,2,5,17,2,1,6,2,2,3,4,6,0,2,3,1,3,1,3,7
726,17,7,1,5,18,9,0,8,30,2,6,15,13,15,3,30,4,4,1,6,5,4,1,3,2,5,3,2,4,3,1,2,19,8,154,18,8,8,101,10,7,9,89,4,13,18,46,11,4,5,3,7,4,6,2,3,6,5,1,5,5,2,1,4,26,3,11,26,4,2,10,6,4,6,9,2,5,8,5,14,3,2,2,3,0,3,0,4,2,1,6,3,1,4,4,6
727,12,13,1,7,23,4,1,7,25,10,5,17,26,20,3,18,2,2,2,8,5,8,2,2,4,2,3,2,1,4,1,9,30,8,147,15,11,5,81,5,13,10,95,5,6,10,39,5,3,3,1,8,4,4,3,0,2,1,3,3,8,2,3,10,12,4,21,21,5,5,13,8,8,2,7,14,9,3,6,17,3,1,4,5,0,3,3,2,0,5,3,2,7,5,5,5
728,17,8,1,5,19,6,2,12,37,3,2,15,17,7,4,24,2,3,0,7,2,4,2,5,3,3,0,4,3,5,1,3,29,15,163,20,9,7,88,9,10,15,84,9,9,8,51,10,4,6,6,4,3,1,3,0,0,1,1,1,7,3,2,10,21,11,23,16,2,4,8,12,9,4,8,5,9,3,6,8,1,0,1,1,2,1,2,8,1,1,3,0,1,7,5,3
729,13,14,0,5,19,8,8,6,27,4,1,11,15,15,3,25,8,3,0,8,1,5,5,9,0,2,1,2,10,7,1,6,13,19,163,10,9,10,99,15,8,6,99,16,8,7,42,4,6,4,3,5,0,2,1,2,0,3,0,2,14,5,1,8,20,6,12,15,9,4,10,5,11,7,9,4,9,7,4,6,5,1,6,2,0,2,4,3,1,0,3,3,1,2,0,3
730,11,11,1,6,17,3,3,10,29,5,1,10,22,16,3,28,9,2,0,6,6,2,2,4,0,3,3,5,3,3,2,10,24,14,147,12,7,12,83,6,9,9,112,11,9,17,50,8,5,2,3,4,1,3,3,3,1,2,2,2,3,4,5,5,20,7,17,16,9,6,13,3,7,3,8,8,13,5,7,8,3,2,2,2,2,1,2,3,1,1,1,1,0,1,3,11
731,12,8,2,6,12,6,4,12,28,8,6,16,19,11,5,26,6,1,1,7,3,3,1,1,3,3,0,8,3,5,0,11,33,16,121,9,11,13,91,7,13,10,98,7,9,16,50,9,1,0,8,3,2,3,2,3,2,1,0,4,13,4,1,8,26,6,15,20,7,11,14,6,3,4,6,5,11,4,5,8,3,1,4,2,1,2,6,9,0,0,6,1,1,1,5,2
732,16,5,1,9,14,2,3,7,26,7,1,17,15,12,4,35,7,5,2,5,3,9,1,6,2,3,0,3,0,3,2,5,30,15,162,22,4,10,70,13,12,14,88,9,9,11,64,5,2,3,4,6,1,1,6,3,1,1,1,4,8,7,0,7,23,6,10,21,8,3,6,8,5,3,5,5,8,6,5,14,1,1,3,3,0,1,4,4,2,1,4,2,3,7,1,4
733,17,13,0,5,17,4,1,13,30,7,5,17,17,3,3,28,4,2,2,5,4,4,2,5,4,3,1,2,1,4,3,8,31,5,163,20,11,9,85,12,8,11,108,9,8,3,48,10,4,2,5,3,1,5,2,3,1,1,2,5,6,1,2,5,20,8,9,15,3,4,10,7,5,4,6,11,9,7,9,18,2,1,0,3,1,2,3,0,1,0,4,1,1,4,3,6
734,15,13,1,11,25,6,5,9,29,10,2,15,14,18,6,23,4,3,0,5,3,1,1,6,2,4,1,2,1,2,0,4,18,13,146,20,8,10,79,9,10,14,94,10,11,15,48,10,3,4,7,9,1,1,3,5,3,0,7,4,7,0,1,4,27,7,10,20,5,1,10,8,6,5,5,5,7,3,7,10,1,1,5,5,1,1,2,3,2,0,2,0,5,5,6,10
735,11,15,1,6,18,9,3,12,23,10,2,15,27,14,5,36,8,1,0,7,3,3,4,6,2,3,1,4,4,1,1,6,19,9,136,17,6,8,106,8,7,15,94,9,12,9,49,12,4,1,6,2,1,3,1,3,3,1,3,2,8,2,3,8,20,5,16,17,7,2,5,10,9,7,9,6,10,5,4,5,1,1,2,7,2,0,2,2,0,0,0,0,4,5,1,8
736,15,4,1,6,21,6,1,10,25,8,5,17,11,8,2,25,2,6,4,4,2,4,2,5,1,2,0,4,5,9,0,3,23,7,156,10,9,6,101,6,14,12,94,7,9,14,64,11,3,6,9,8,2,1,1,0,4,1,4,1,7,3,2,6,14,9,15,18,6,7,5,4,4,6,4,7,8,12,12,10,3,0,2,1,0,2,4,1,1,0,4,3,5,3,5,6
737,12,9,1,6,26,6,7,13,14,8,4,12,13,18,3,27,3,3,2,7,2,9,1,1,0,3,0,4,2,4,0,8,29,10,164,13,12,11,85,12,14,7,110,7,8,9,53,6,3,0,5,10,2,3,2,6,0,1,1,4,5,3,1,3,15,8,17,11,4,6,6,8,11,5,7,10,6,6,4,10,0,0,0,3,0,1,3,4,2,1,1,2,2,5,7,8
738,14,8,2,12,17,9,6,11,24,3,2,22,18,11,8,26,4,4,2,2,1,4,0,3,1,4,0,1,2,3,4,9,29,5,161,17,11,5,79,11,15,11,76,16,13,9,58,13,2,3,5,5,3,8,2,1,5,4,4,2,7,3,1,6,17,5,15,20,8,8,8,5,4,3,4,5,5,12,6,7,2,2,6,1,2,1,3,4,1,0,0,2,2,2,4,9
739,15,8,0,7,28,12,4,12,23,8,2,12,15,7,5,34,5,3,1,7,2,2,3,3,0,4,0,2,2,2,0,4,26,11,153,16,14,16,81,9,8,13,91,5,11,15,52,7,8,1,8,5,2,3,6,1,1,0,3,1,6,0,2,6,23,6,19,12,7,6,9,1,5,10,7,10,7,9,5,6,2,1,4,2,4,3,1,3,0,0,5,1,3,3,5,8
740,9,11,2,3,14,7,2,12,24,4,5,13,19,12,2,39,3,4,1,5,3,2,2,5,2,2,0,3,3,2,1,6,34,16,151,13,9,10,88,14,15,10,118,7,14,10,58,3,1,2,4,3,2,2,1,1,1,0,3,5,4,1,1,3,20,4,12,23,12,4,8,8,10,2,6,9,7,5,4,5,0,2,3,1,2,2,2,2,0,1,3,3,1,5,2,6
741,9,4,0,6,13,8,0,9,30,7,3,21,9,19,2,37,5,3,0,8,2,5,2,4,1,1,0,9,4,9,0,5,22,13,140,18,12,12,103,13,11,8,103,8,5,12,62,14,2,3,3,6,1,3,0,0,2,1,2,1,4,0,3,2,20,13,20,15,7,3,6,5,4,5,4,2,8,10,1,11,2,2,4,1,0,6,2,2,2,2,4,1,0,4,3,7
742,20,10,1,7,17,7,2,8,27,8,3,20,25,18,2,28,6,3,0,7,2,5,1,4,2,1,0,4,4,1,0,8,27,11,151,15,13,11,92,18,9,14,82,5,11,12,40,14,2,2,1,3,3,4,2,6,1,2,5,2,5,2,1,6,29,5,18,19,2,1,10,3,5,5,9,7,13,6,2,5,2,3,3,6,0,1,1,3,0,1,1,1,2,1,3,10
743,20,7,2,9,19,3,3,15,23,5,2,14,21,13,8,43,3,3,2,4,0,3,1,3,1,1,0,1,3,5,0,9,24,14,130,9,12,13,91,8,20,11,87,6,9,17,51,6,1,7,3,3,0,3,0,1,3,1,6,1,9,3,2,10,20,5,23,20,6,6,6,8,6,5,7,7,7,7,5,11,1,4,4,4,1,1,2,4,3,1,3,4,2,2,2,6
744,19,11,2,8,17,5,1,14,29,8,3,12,21,13,6,24,8,5,0,9,3,1,2,1,2,1,0,3,2,7,2,5,26,17,141,7,14,8,88,15,18,11,92,5,14,13,42,10,5,5,2,6,2,2,3,3,2,0,2,4,10,2,1,9,19,8,17,20,6,7,10,11,5,5,4,2,12,3,5,8,0,2,4,1,2,0,1,5,3,1,3,1,1,1,3,7
745,14,9,0,6,12,8,7,11,36,7,1,13,23,15,4,32,6,1,2,5,5,3,4,4,1,0,0,5,5,5,1,6,22,8,145,10,14,9,89,6,12,11,90,7,8,18,48,9,2,4,4,4,3,1,0,7,4,2,2,2,13,2,3,5,21,7,21,15,2,6,14,9,13,2,9,6,9,3,7,5,0,1,3,3,3,2,2,3,1,0,3,0,2,2,3,8
746,11,4,1,11,17,7,6,16,19,3,0,19,14,11,2,25,3,1,1,0,5,1,1,3,2,3,1,3,3,6,1,7,28,14,148,16,11,8,86,5,14,11,85,8,15,15,57,14,3,2,5,6,0,0,5,2,2,3,5,2,6,2,1,8,23,6,23,27,6,8,8,5,5,9,7,6,9,4,1,14,1,1,6,3,0,4,3,2,3,1,7,1,2,3,1,7
747,18,15,0,7,16,8,3,11,28,8,2,11,19,12,8,31,13,4,2,5,3,5,2,5,2,2,3,2,5,4,1,5,28,6,159,9,16,11,76,8,8,7,86,6,11,9,55,11,2,3,4,4,1,0,2,1,2,3,1,4,8,2,4,10,15,9,12,21,5,5,5,9,5,3,8,11,7,9,6,8,2,1,0,1,4,3,2,2,0,0,5,1,2,6,5,11
748,15,8,0,4,15,6,4,11,28,12,2,11,18,10,3,27,9,2,1,4,2,1,1,6,2,3,1,3,3,6,1,5,33,22,153,15,11,14,96,3,14,11,89,8,7,13,51,10,2,4,1,0,1,3,1,5,0,3,3,0,5,3,2,6,19,4,15,26,7,7,8,12,0,4,3,6,8,3,5,9,0,2,3,2,2,3,5,3,1,0,6,2,5,8,2,7
749,14,6,3,5,28,5,4,11,26,6,2,11,20,9,0,34,5,1,1,2,5,4,0,3,1,3,0,5,4,5,1,9,33,15,141,11,10,11,75,9,13,14,96,12,17,12,46,8,6,3,1,4,5,2,0,2,7,1,2,1,7,1,5,7,17,4,17,11,7,6,10,7,4,5,7,8,12,6,4,15,2,2,5,5,1,2,5,6,0,0,3,0,3,5,3,8
750,24,8,2,8,12,13,3,11,32,4,2,14,23,10,6,34,5,3,0,6,2,5,1,4,4,1,1,2,2,2,2,5,24,6,163,10,11,6,87,14,14,8,86,8,14,9,43,8,3,3,7,11,1,2,4,4,1,2,2,2,6,6,6,8,17,3,11,10,9,7,7,7,9,4,1,9,10,9,10,12,1,0,1,0,2,2,3,2,2,1,2,0,3,3,2,11
751,10,5,0,8,17,4,9,13,31,11,2,11,14,10,6,31,1,3,2,6,5,3,2,7,2,3,1,3,6,6,0,5,21,6,145,13,12,12,91,12,12,12,111,10,12,15,51,10,2,1,7,2,2,6,1,5,2,4,2,2,9,3,0,4,23,9,10,19,2,6,3,3,7,1,8,8,11,8,6,7,1,1,4,3,0,3,2,7,2,0,2,0,3,2,4,1
752,12,8,3,5,28,4,4,11,28,8,1,24,15,21,2,28,6,3,0,4,4,5,3,2,4,4,0,3,6,5,0,6,21,14,159,17,5,12,87,5,9,14,94,6,12,12,42,7,4,2,4,1,3,3,4,3,1,2,2,1,4,2,3,9,23,4,20,16,2,7,8,3,6,6,8,7,5,8,9,11,1,2,3,2,1,4,3,2,1,2,4,0,2,1,3,5
753,21,8,0,1,22,5,4,14,27,6,7,18,28,15,2,27,4,3,2,2,4,9,1,3,1,2,1,2,8,4,1,9,19,11,172,14,10,7,79,10,13,12,73,9,12,16,49,10,2,10,4,4,1,3,3,4,2,3,0,2,3,1,4,6,19,7,10,12,5,3,8,3,7,5,7,4,6,9,6,15,2,0,1,3,1,3,4,8,2,0,3,2,2,5,2,7
754,23,10,1,8,9,8,2,4,27,6,1,17,18,11,0,26,6,0,1,3,3,1,1,4,2,2,1,2,3,1,0,10,23,12,147,14,16,12,94,9,14,10,103,5,13,11,61,10,2,3,6,5,1,2,2,0,5,4,5,2,7,1,1,3,17,9,20,19,4,7,8,4,9,7,6,5,7,5,5,15,0,1,0,2,0,2,4,6,0,0,3,2,2,5,2,10
755,17,11,2,5,15,4,1,8,32,5,5,10,22,14,2,15,7,3,1,3,5,5,2,2,3,3,0,1,4,4,1,2,20,15,161,14,12,9,74,7,8,14,89,8,13,16,58,8,5,3,6,3,4,6,2,1,2,0,3,0,8,2,1,3,16,6,19,16,3,9,11,7,9,5,10,8,14,16,10,12,2,2,3,0,2,1,4,2,1,2,3,2,3,4,3,6
756,17,6,1,10,22,9,3,14,27,6,8,16,19,21,0,29,4,0,2,4,6,6,1,2,1,1,1,2,3,3,0,5,26,8,149,12,13,7,88,6,9,12,90,10,11,16,54,15,5,4,7,6,1,2,5,1,2,2,1,1,6,2,2,8,20,3,13,18,5,2,7,6,7,0,8,4,8,7,9,6,1,1,5,5,1,3,5,1,1,1,1,2,5,3,5,7
757,13,5,3,8,13,9,3,7,31,6,1,21,19,22,2,25,2,2,0,3,3,4,0,1,2,5,2,1,1,5,0,8,25,15,181,13,4,6,84,10,13,12,98,8,12,16,56,7,2,4,3,4,3,3,1,1,2,1,1,1,6,1,1,5,17,7,16,23,7,9,12,3,7,1,3,7,8,10,3,12,2,1,2,2,3,3,2,1,0,0,2,2,0,1,5,3
758,14,8,1,6,15,7,2,4,34,5,3,10,20,9,3,34,4,2,1,3,5,9,3,5,1,3,0,1,0,3,0,7,30,5,177,8,7,9,84,13,6,8,105,11,10,12,55,11,7,6,3,3,1,2,1,2,3,2,3,2,4,1,4,3,10,7,13,21,3,12,6,8,4,2,6,8,6,10,8,10,1,0,6,4,1,1,2,6,1,1,3,1,3,3,6,7
759,16,12,0,9,21,4,8,5,26,5,1,18,18,15,2,21,4,2,2,7,3,0,2,4,2,5,1,3,6,3,1,3,20,6,155,13,9,9,89,6,11,12,91,10,10,10,61,8,8,3,6,3,1,4,6,1,1,4,2,2,9,1,2,9,23,6,14,21,4,7,11,10,8,9,7,3,10,4,7,4,2,1,2,2,1,2,5,2,1,1,5,1,5,2,3,6
760,13,12,0,5,18,6,3,9,25,10,3,9,14,14,0,26,13,7,2,8,5,2,0,3,5,3,1,6,4,0,0,11,26,6,170,19,17,8,87,10,15,11,79,5,15,12,52,11,1,3,2,4,1,1,2,7,2,2,2,4,6,2,2,2,14,9,13,14,11,4,7,11,6,3,9,7,10,4,5,11,2,0,6,0,1,3,3,7,1,1,3,2,1,3,1,5
761,14,5,3,9,23,6,3,10,25,8,3,12,15,16,3,24,8,2,0,8,5,2,2,8,2,3,3,1,0,3,0,5,25,10,151,11,8,3,99,11,10,13,92,6,5,16,60,9,2,2,8,8,2,4,3,4,1,1,0,1,8,2,4,2,15,8,16,23,6,5,6,10,6,4,8,2,2,10,4,6,2,2,7,4,3,4,2,4,2,1,4,2,3,4,3,10
762,16,8,2,6,14,4,7,12,22,6,3,19,19,25,1,29,6,4,2,9,4,6,1,1,1,0,0,1,5,2,0,5,32,10,155,19,13,11,75,10,14,9,71,14,10,9,49,16,5,5,3,2,1,2,1,2,1,2,4,5,11,1,0,13,19,4,14,22,6,8,7,5,6,5,12,8,5,3,9,10,5,0,4,1,2,3,3,2,3,2,1,0,2,2,3,9
763,14,4,0,11,17,9,5,15,30,6,5,17,16,10,1,27,7,1,2,6,2,5,3,1,3,3,0,3,4,5,0,12,22,9,146,21,11,5,87,8,15,14,100,7,15,6,58,7,1,4,7,5,2,2,3,2,0,3,1,3,2,2,4,6,18,5,13,16,5,10,9,2,8,5,9,6,5,4,10,4,1,2,5,3,2,2,6,2,0,0,4,0,4,3,5,10
764,14,11,2,1,15,14,5,5,29,2,4,16,16,18,7,28,4,0,0,5,0,6,0,8,1,2,0,3,4,4,1,5,29,9,172,12,7,9,81,17,10,9,85,5,9,14,55,10,5,4,1,7,0,6,2,6,0,0,2,3,8,3,1,8,22,4,8,24,5,5,6,9,7,4,9,8,6,10,2,8,1,0,6,4,0,5,2,3,2,0,4,0,0,5,4,8
765,14,12,0,8,23,6,3,10,29,8,3,16,18,13,3,29,8,3,1,4,2,3,0,8,2,3,1,2,1,3,0,3,27,8,165,17,8,9,95,8,14,8,88,6,10,10,46,8,2,3,8,5,3,1,3,3,4,1,3,1,10,2,2,8,18,7,18,24,4,6,7,7,8,4,3,4,8,7,5,8,0,1,6,2,2,0,0,7,2,1,2,2,2,3,1,6
766,12,9,0,6,25,7,6,9,24,4,4,22,19,14,4,29,7,5,0,3,0,6,1,3,0,4,0,3,3,8,0,5,32,10,141,16,11,11,93,10,16,9,80,5,12,7,54,10,5,5,7,6,1,5,3,4,6,0,2,2,14,1,2,8,18,3,13,25,1,6,7,8,1,3,6,5,5,4,4,10,3,0,4,0,2,0,9,9,3,1,3,1,1,5,4,6
767,15,7,0,2,12,5,5,12,29,5,3,17,15,11,3,43,4,4,0,1,5,4,3,4,2,3,2,5,5,5,1,4,23,9,128,15,15,11,83,12,9,11,110,5,3,8,62,12,3,1,3,8,3,2,2,1,1,3,1,1,8,2,0,10,26,10,13,18,3,9,10,7,8,4,3,6,5,7,5,14,1,4,6,4,0,3,4,5,0,0,6,1,2,3,4,8
768,20,7,2,9,17,6,9,12,31,4,6,15,19,13,2,32,5,0,1,5,1,6,0,4,3,1,1,2,3,2,2,8,22,18,149,17,9,12,94,8,13,18,87,9,11,11,43,10,2,4,4,6,0,1,2,4,1,3,1,3,3,1,4,6,19,4,14,20,2,2,9,6,2,2,9,3,5,5,4,17,4,1,4,3,1,6,7,2,1,0,4,1,4,2,6,7
769,17,9,1,8,13,11,6,11,32,7,4,21,11,11,4,31,5,4,1,4,2,3,4,4,4,1,0,2,6,2,0,6,22,3,174,11,10,7,75,10,9,7,81,10,14,17,51,9,4,7,5,9,1,0,3,3,1,2,3,3,6,1,3,7,21,8,13,16,10,7,4,5,10,4,6,8,9,6,6,12,1,2,3,3,0,1,3,3,1,0,5,1,5,5,3,6
770,22,5,2,7,19,9,2,10,28,9,7,13,24,16,1,41,2,1,1,6,5,6,2,2,0,3,0,0,3,6,2,6,26,9,162,14,13,7,81,8,14,7,79,8,11,8,45,9,0,3,6,5,0,6,3,2,3,2,2,3,6,0,0,7,30,5,17,24,4,7,4,8,7,7,5,6,7,7,3,9,1,0,8,1,0,2,3,8,1,2,3,1,2,4,1,4
771,18,8,0,7,22,7,2,2,36,10,0,5,18,16,4,26,4,3,2,8,3,5,1,1,0,2,3,1,5,5,0,7,31,10,138,16,13,9,104,8,16,6,97,8,9,12,45,6,1,2,2,4,1,8,2,4,3,1,3,3,6,3,5,6,24,10,10,24,1,3,7,7,7,2,9,4,10,6,9,8,1,2,3,4,1,3,0,6,0,4,4,1,2,4,5,6
772,12,6,2,10,16,8,3,16,27,7,1,10,18,16,7,22,6,5,1,9,2,6,3,7,3,2,1,2,5,4,1,9,27,10,154,6,4,7,97,8,12,18,97,9,12,16,43,8,6,3,4,6,0,0,3,2,1,4,1,4,6,5,2,5,17,5,20,21,3,1,6,8,7,4,6,6,5,7,9,5,1,3,5,1,1,1,3,4,1,1,1,1,0,4,5,11
773,19,4,2,9,19,4,6,11,26,4,3,12,16,12,2,33,4,1,1,6,3,2,2,1,1,2,0,1,5,6,1,6,33,8,154,13,12,7,81,8,11,9,104,12,13,8,55,9,2,3,2,5,2,1,8,1,3,0,2,1,8,2,4,9,21,5,21,22,2,4,5,6,4,5,7,9,5,5,5,10,3,3,6,4,1,2,7,2,0,2,3,2,2,3,2,8
774,15,10,4,7,24,7,2,14,22,9,2,15,13,14,3,33,2,4,1,8,2,7,2,5,2,1,0,5,1,2,1,3,24,8,143,15,10,11,92,4,17,6,100,12,15,8,60,11,5,5,8,5,2,4,3,2,3,0,2,1,6,0,3,6,13,5,15,25,5,8,13,9,2,5,7,4,5,3,5,5,1,3,8,2,0,1,3,1,2,1,2,1,4,3,1,7
775,19,6,0,6,14,5,6,6,24,3,3,16,12,13,3,24,11,5,0,1,4,6,1,5,2,3,0,1,2,3,3,5,29,11,152,13,9,10,89,10,10,11,87,5,12,13,60,10,2,4,4,6,1,1,2,5,4,4,3,0,11,1,1,7,10,5,25,30,9,6,9,5,8,5,10,5,7,7,12,14,1,3,8,3,0,2,4,0,0,0,1,1,1,2,3,5
776,11,3,3,8,22,6,6,7,31,7,1,15,12,12,2,24,3,2,1,4,6,4,1,4,2,0,0,4,3,5,1,8,16,10,178,16,16,12,99,8,12,8,93,9,13,10,41,4,7,2,6,4,2,2,0,2,2,4,3,3,7,1,2,7,21,8,15,18,5,6,7,4,3,6,4,7,7,8,9,16,2,4,3,0,0,1,4,4,1,0,3,2,4,1,5,5
777,16,8,1,5,16,3,3,13,26,4,1,12,24,16,4,33,4,6,2,1,3,3,3,3,7,0,0,4,2,3,1,3,21,13,130,18,13,10,100,10,13,14,85,11,7,14,49,11,1,4,7,4,0,2,3,1,4,3,3,4,12,2,5,11,15,5,16,21,7,3,14,10,5,4,9,6,11,6,8,9,2,1,5,2,0,3,2,2,0,0,5,0,2,2,3,7
778,16,9,0,5,18,7,6,12,30,4,1,24,17,13,2,38,5,9,2,7,2,6,0,5,4,2,1,8,7,2,0,5,15,13,150,12,11,10,88,7,9,12,110,5,9,2,49,12,3,5,3,5,2,3,3,5,0,1,1,3,7,2,3,4,17,10,18,10,3,10,8,5,9,5,3,7,7,4,4,5,0,0,7,5,1,4,4,1,1,1,4,2,1,5,3,5
779,14,5,3,8,20,5,7,6,20,5,3,11,20,11,3,28,9,3,3,4,1,6,3,6,3,1,2,5,5,2,2,4,25,14,153,15,9,11,78,14,9,12,91,7,17,10,47,7,4,3,4,5,2,4,3,1,4,2,3,1,9,4,0,7,21,9,14,22,4,6,11,8,1,5,7,6,7,7,4,12,0,2,5,4,1,3,3,7,3,2,6,1,4,2,4,6
780,17,5,0,6,13,9,3,4,39,6,3,9,18,18,3,32,6,2,3,4,3,10,5,3,1,2,2,2,5,4,0,6,23,7,145,15,6,6,89,11,8,18,96,6,4,16,64,13,5,9,4,2,2,7,3,2,2,0,1,2,9,1,4,7,16,5,19,18,3,5,8,11,9,4,10,4,8,6,4,6,3,0,0,1,2,3,4,3,3,1,3,1,3,0,4,3
781,18,9,0,7,13,7,1,10,21,7,0,12,21,15,3,32,5,6,1,4,4,2,5,5,2,4,2,7,2,3,2,4,24,11,148,16,8,8,89,7,10,8,94,9,13,7,53,8,6,6,5,2,2,7,1,4,3,1,4,2,9,3,1,7,17,6,24,22,3,8,7,9,8,5,6,3,7,9,5,10,3,1,5,2,3,0,5,2,1,0,4,1,1,3,4,6
782,12,7,1,3,23,8,3,13,25,11,2,13,12,17,6,21,3,1,0,4,4,2,1,9,0,3,2,2,5,5,1,13,30,10,162,15,14,7,88,12,7,5,101,10,12,13,52,9,8,2,10,4,2,1,0,0,1,2,3,3,8,1,3,2,18,10,26,18,8,7,8,3,8,3,7,5,5,5,2,8,1,1,0,0,1,0,1,4,2,3,3,0,4,3,1,6
783,21,7,1,11,19,5,2,7,24,3,0,16,18,18,2,31,5,3,3,3,4,4,1,4,1,1,1,1,2,5,0,1,19,12,167,15,5,8,74,9,20,10,107,10,15,10,54,8,5,6,4,1,0,2,1,4,1,2,5,5,6,3,4,3,23,5,13,20,8,4,9,3,5,3,10,4,4,8,9,12,3,0,7,2,1,2,2,4,0,0,3,3,6,2,2,4
784,19,10,1,8,22,11,2,13,26,6,4,24,15,4,7,22,5,2,1,2,4,4,3,2,3,4,0,1,3,2,0,3,19,10,157,5,12,6,92,8,16,8,91,9,6,15,57,13,4,4,1,1,1,2,4,1,3,1,0,3,8,3,0,4,27,7,20,24,7,9,10,7,2,4,13,3,6,7,1,12,1,4,4,1,1,2,1,3,0,0,8,3,2,3,3,8
785,13,8,1,9,12,4,5,13,28,9,2,11,20,16,3,28,0,2,0,2,2,5,0,4,2,0,1,3,5,2,1,3,25,10,168,20,14,14,80,13,7,13,88,10,13,16,56,8,3,2,2,4,2,2,1,3,1,2,0,3,8,4,5,3,9,7,10,20,6,5,10,10,7,6,6,2,6,5,9,15,4,0,5,2,2,2,4,5,2,0,7,0,2,5,3,10
786,18,8,0,7,13,10,1,12,24,6,1,25,17,14,3,15,6,7,1,3,3,6,3,3,0,0,0,3,4,4,0,11,22,12,145,20,16,4,91,9,13,9,94,10,13,15,43,9,5,4,8,6,0,7,3,1,0,1,1,4,7,3,2,5,20,9,9,26,5,3,10,7,4,5,7,7,4,5,6,8,3,0,6,5,1,2,4,4,1,0,7,3,4,4,4,7
787,16,5,1,4,23,6,2,10,25,6,5,10,16,15,2,28,0,4,1,3,1,5,1,4,1,8,2,1,5,5,1,2,25,10,153,17,6,5,87,12,15,12,107,13,8,5,51,5,7,0,2,4,3,3,4,2,5,5,4,1,4,0,3,6,24,6,16,11,10,5,8,9,5,6,11,6,7,6,10,15,0,2,4,5,1,2,3,2,0,3,5,1,2,2,6,5
788,19,10,1,2,13,9,2,12,26,10,3,20,18,11,0,42,3,1,1,5,2,5,0,12,1,1,2,2,3,3,3,7,25,15,142,15,3,5,86,6,10,7,91,3,10,12,64,10,3,2,8,6,5,1,2,4,2,0,2,2,10,2,0,9,13,6,13,22,8,6,12,7,6,3,9,1,10,6,5,8,3,2,5,4,1,1,5,6,3,0,5,1,2,6,2,8
789,20,6,0,10,16,6,5,9,28,5,3,20,21,11,4,32,10,3,1,1,5,6,2,2,1,2,0,1,2,6,1,6,26,12,154,16,16,10,93,9,13,10,103,10,8,12,45,8,4,5,2,3,2,1,4,1,1,1,2,4,6,3,1,4,14,6,13,16,4,6,10,10,8,3,7,6,8,9,7,10,0,2,2,2,1,1,4,4,1,1,1,3,0,2,3,2
790,14,12,4,8,20,9,2,11,18,8,1,10,20,16,5,22,6,4,1,6,3,5,2,4,1,3,1,2,4,3,0,4,33,8,157,14,9,14,98,10,11,13,90,5,9,5,54,6,10,3,1,3,1,3,1,4,3,3,1,4,5,3,1,5,20,9,15,23,5,3,9,5,6,3,6,10,11,4,5,12,2,0,2,4,1,3,4,3,1,0,3,2,1,3,3,6
791,17,8,0,12,24,7,3,7,21,6,2,20,24,11,1,25,7,5,0,9,0,7,0,2,1,1,2,1,4,0,1,6,27,5,129,21,12,12,77,14,13,11,107,12,5,13,63,12,5,4,6,4,2,1,6,2,0,0,3,1,6,1,1,2,14,8,19,21,7,6,12,5,4,2,8,8,10,6,7,11,3,1,1,0,2,5,2,5,0,0,5,1,3,3,5,5
792,12,6,0,2,20,7,1,8,24,6,3,21,20,12,4,37,9,5,1,7,3,6,2,8,1,1,1,1,5,4,0,4,29,12,148,9,11,9,88,10,13,15,96,8,15,9,52,8,4,2,4,4,1,2,5,4,5,2,2,3,7,3,5,4,21,6,12,15,3,2,14,6,5,6,3,6,7,7,7,8,4,0,4,0,2,4,5,1,1,1,2,3,2,4,0,9
793,19,7,1,7,16,4,5,5,22,8,4,11,23,3,4,27,4,3,1,7,5,6,1,5,3,2,4,3,3,2,1,5,29,12,172,12,13,9,80,8,14,17,87,10,14,12,52,4,7,3,5,2,2,3,2,2,3,1,1,6,10,1,4,6,14,8,11,19,8,6,11,0,9,5,3,5,11,7,2,12,2,1,2,1,2,5,2,4,0,0,4,2,4,6,3,7
794,14,7,0,8,22,6,3,9,25,4,2,16,20,14,3,31,3,1,1,3,1,4,0,8,0,1,1,4,2,4,2,9,25,7,150,13,8,10,98,11,9,6,100,11,16,14,46,10,8,4,4,5,2,0,5,3,0,2,2,1,6,2,0,6,27,2,15,25,5,6,9,5,7,5,7,3,9,6,4,7,1,3,6,3,0,1,5,4,1,0,1,4,3,4,0,10
795,17,9,1,13,22,9,3,12,17,12,5,15,20,15,4,39,7,1,1,8,5,3,1,3,1,1,2,3,2,4,1,6,26,9,148,11,11,10,94,9,8,13,94,6,14,6,50,12,3,5,4,4,1,2,4,4,1,0,2,5,7,1,1,6,19,3,19,13,5,8,10,5,4,4,9,8,10,7,6,5,0,2,3,3,1,4,4,2,1,0,3,1,1,2,1,4
796,14,5,0,5,17,8,4,10,29,5,0,16,21,9,2,32,3,4,0,7,5,4,1,6,1,1,3,5,4,1,1,8,21,15,138,14,7,20,110,11,12,7,83,10,7,8,58,9,2,7,6,3,4,2,2,2,1,3,4,1,6,2,0,6,22,1,18,19,3,7,9,5,8,5,4,9,6,5,8,9,2,2,3,5,1,1,3,5,0,1,8,2,4,1,4,8
797,10,5,1,11,13,16,3,11,26,8,2,10,20,16,0,24,7,1,1,3,0,1,3,3,2,1,3,0,1,4,4,8,19,8,150,13,6,8,82,14,14,11,103,12,16,16,61,12,3,9,8,2,2,1,1,3,1,3,2,2,9,3,5,3,24,7,16,15,4,11,10,3,11,2,6,4,8,6,9,8,2,1,3,7,1,1,3,5,1,0,1,1,1,2,0,7
798,14,6,0,11,17,10,1,8,30,11,1,17,24,10,3,29,6,3,3,3,4,3,0,3,0,1,0,3,2,5,0,3,34,9,166,16,12,8,86,11,12,11,91,14,12,11,40,7,5,9,4,6,3,0,3,5,2,1,2,2,9,2,1,6,20,5,19,17,2,4,14,6,4,3,4,9,3,6,5,9,3,2,3,1,0,3,4,4,0,0,3,0,3,7,1,5
799,15,5,4,8,15,8,3,10,23,5,1,14,17,9,3,27,4,5,0,5,1,3,0,7,3,4,0,3,1,6,1,11,29,9,151,18,10,10,94,14,9,12,101,7,13,11,52,9,6,5,2,3,1,4,5,2,3,4,2,1,8,0,3,4,19,8,22,13,4,11,13,4,4,5,2,4,11,6,8,12,2,0,2,5,2,0,3,3,1,0,2,0,3,0,4,4
800,10,11,2,6,20,7,7,7,27,6,4,18,25,15,3,34,4,2,0,5,5,5,0,8,4,2,0,4,4,2,2,7,29,9,156,14,14,7,69,10,8,10,90,16,11,13,50,15,1,5,3,4,2,4,3,5,0,1,3,3,6,0,1,8,22,4,21,15,6,10,7,3,5,6,6,4,12,3,5,7,0,3,4,4,0,2,4,1,1,0,4,1,1,4,2,7
801,15,6,2,7,18,11,2,5,16,9,3,20,18,25,4,36,3,2,0,4,1,5,0,4,4,3,2,0,4,6,1,10,22,11,163,12,10,6,84,7,6,10,103,10,13,13,59,6,3,3,2,6,1,3,0,3,1,1,1,0,9,3,0,6,19,3,20,10,7,3,11,12,10,2,7,5,8,8,4,11,1,2,1,1,3,4,1,6,0,1,2,1,4,3,2,5
802,9,7,3,12,17,7,4,9,27,8,8,17,16,16,7,27,7,5,2,2,5,5,2,3,3,3,1,4,4,3,0,5,26,8,140,14,15,10,93,9,9,11,89,13,11,15,55,11,3,2,13,6,2,0,4,3,2,0,1,0,7,0,2,11,28,5,12,15,6,4,6,2,7,6,5,6,3,7,4,10,0,3,5,2,0,2,3,3,0,2,2,1,1,3,6,8
803,13,2,0,8,16,9,2,5,19,9,1,13,17,15,4,26,2,5,0,3,6,4,1,11,3,1,0,3,4,4,1,9,26,15,154,13,17,12,89,10,11,8,104,7,6,17,57,8,5,5,1,7,1,4,0,2,3,1,2,4,4,1,3,6,12,2,16,24,1,4,12,6,10,7,6,5,9,8,5,8,6,0,1,4,0,4,3,3,1,0,2,2,3,3,6,8
804,16,10,0,13,24,7,5,8,24,11,3,15,10,16,4,22,4,2,0,6,3,4,2,1,0,0,1,4,4,3,2,7,32,9,148,16,9,7,87,7,14,16,91,8,14,6,54,14,3,0,3,2,0,2,3,1,1,3,5,3,8,2,2,12,16,4,12,21,3,4,13,9,10,5,5,7,15,7,7,3,3,3,3,4,0,2,6,2,0,0,4,3,1,7,2,6
805,19,9,0,8,14,7,3,6,30,6,4,21,17,14,4,38,4,5,2,6,3,4,3,6,1,0,1,1,2,7,1,7,19,6,149,20,14,11,83,12,12,11,97,6,11,11,57,9,3,4,4,2,1,1,1,2,4,0,3,1,4,2,2,8,16,5,11,21,7,8,9,3,7,4,7,5,8,7,4,8,1,3,5,0,1,3,2,0,3,1,5,1,6,3,2,11
806,16,4,0,7,21,8,3,9,33,2,2,7,18,18,6,27,9,3,0,6,1,3,2,4,0,4,0,2,5,4,0,8,18,10,161,11,9,6,108,11,10,7,86,5,16,18,56,12,5,4,5,7,0,5,3,3,2,5,2,2,7,1,1,6,16,10,18,13,6,4,8,8,6,7,6,3,5,8,6,13,0,0,2,1,0,3,3,5,0,0,6,0,3,0,4,2
807,15,5,1,11,12,7,4,3,34,7,2,12,13,17,3,31,8,4,0,6,3,6,2,3,3,2,1,1,4,2,0,12,27,8,150,16,10,15,94,8,15,12,107,6,10,11,48,8,5,0,7,4,1,2,4,2,2,3,0,2,12,4,3,9,25,4,14,16,3,4,9,4,4,2,7,3,10,11,7,6,2,1,4,4,1,1,1,3,0,0,2,0,3,1,3,6
808,26,13,1,11,12,3,4,9,25,6,4,14,22,20,3,30,12,7,1,1,5,5,4,5,1,3,1,3,3,5,1,4,21,10,137,9,16,17,88,9,14,9,87,6,13,11,40,17,2,4,6,4,0,3,2,1,1,4,0,2,8,3,3,2,15,9,16,26,4,6,3,6,7,6,3,3,15,6,7,14,1,2,4,1,2,4,5,2,1,0,2,0,0,5,6,6
809,14,9,1,14,17,6,2,11,24,5,6,15,15,15,3,29,5,3,0,6,4,2,1,5,4,5,0,5,2,4,1,6,25,8,164,11,11,9,91,7,8,14,97,11,12,7,54,14,5,2,8,6,2,5,1,3,1,1,2,3,9,2,1,6,18,12,11,20,4,10,7,2,3,5,8,3,6,5,4,8,1,3,1,6,1,3,3,1,0,1,4,1,1,2,3,4
810,11,7,1,10,16,9,3,11,23,4,1,16,21,12,5,26,2,4,1,6,4,5,2,7,3,2,0,4,3,2,0,11,15,8,154,17,6,6,105,15,13,13,92,11,9,9,52,12,4,2,4,5,0,3,1,4,1,0,0,6,8,0,3,7,19,7,12,18,6,6,6,7,7,2,5,7,8,11,2,13,0,1,5,1,3,2,3,2,1,0,3,2,2,9,4,9
811,19,6,3,11,17,6,1,7,18,7,1,13,16,13,2,24,5,4,1,3,1,8,5,5,4,1,2,2,6,7,0,4,24,16,157,20,10,9,100,12,16,13,89,10,14,9,39,9,4,1,5,1,3,2,4,1,2,1,1,2,6,2,1,5,22,11,14,17,7,7,9,4,8,3,5,12,3,9,2,9,5,1,3,0,2,1,3,2,3,2,4,3,5,2,3,9
812,15,12,0,5,22,5,6,8,28,7,0,11,18,10,5,23,3,6,1,7,3,3,2,3,1,2,0,1,3,4,0,8,26,10,166,13,14,13,78,10,13,14,96,6,8,15,58,14,3,2,4,3,2,4,1,1,2,1,4,1,9,1,5,8,18,5,9,17,6,8,6,10,4,6,6,7,12,4,5,7,2,3,2,3,0,3,2,4,1,0,2,2,3,4,6,6
813,18,7,1,4,17,7,3,9,26,6,0,15,20,10,7,39,7,6,1,9,5,8,2,11,4,4,1,3,2,4,1,3,39,12,122,14,11,5,94,6,13,8,85,8,17,11,62,6,4,3,5,6,1,1,1,3,0,2,3,2,2,4,4,4,19,8,11,21,10,4,5,8,6,3,12,7,11,6,6,4,2,0,2,4,0,6,5,3,0,0,7,0,2,4,0,6
814,20,3,0,11,23,4,1,2,16,6,4,18,17,13,4,25,3,7,3,6,3,5,0,4,4,5,0,1,4,3,2,8,28,12,136,23,9,8,82,17,13,5,93,6,11,16,69,13,8,1,1,8,1,6,2,0,0,0,2,5,3,2,4,6,19,8,13,20,6,7,14,7,4,6,3,8,5,4,8,1,3,1,5,3,0,2,6,7,2,1,4,1,0,4,3,10
815,21,13,2,8,12,10,5,12,24,6,2,20,15,13,0,21,3,3,3,5,6,6,0,3,0,0,1,3,3,3,2,3,18,12,129,13,8,9,92,11,15,8,91,8,12,14,62,16,7,5,4,4,2,3,2,1,2,3,1,2,10,4,2,8,16,14,13,25,8,10,8,3,5,2,15,6,10,4,5,11,5,1,2,1,0,2,3,4,4,0,2,2,2,0,3,8
816,15,10,1,5,24,9,5,9,32,5,4,19,15,14,3,38,3,6,0,3,2,3,2,5,2,1,0,4,2,4,1,11,26,18,141,13,6,6,85,12,11,6,87,9,8,17,47,6,3,2,6,3,2,3,2,2,2,1,2,0,5,2,2,9,22,8,25,28,5,2,10,3,4,5,8,6,11,11,7,8,1,2,4,0,1,1,3,6,2,0,1,3,1,6,1,4
817,17,10,1,7,17,8,3,10,21,3,2,13,15,20,4,31,14,1,0,5,2,6,1,5,3,3,1,1,2,2,0,8,24,8,176,15,13,12,94,13,7,9,93,10,7,12,50,7,4,3,7,3,3,3,4,1,2,0,3,6,7,1,1,6,14,12,12,19,3,3,5,5,4,2,12,4,4,8,6,11,2,2,2,1,2,2,1,2,1,1,3,0,2,4,1,10
818,16,8,2,7,19,9,6,10,31,3,3,11,13,19,0,31,5,4,0,2,4,2,2,8,2,2,0,2,6,4,3,4,24,8,123,11,8,11,93,14,14,8,111,10,14,17,51,18,6,2,2,6,2,1,6,2,0,1,2,2,10,1,1,10,17,12,12,19,7,6,4,9,6,6,4,4,5,5,9,8,0,0,8,2,3,3,3,4,0,1,3,0,2,2,4,5
819,20,6,1,7,5,4,4,8,26,13,3,19,24,10,4,33,6,0,4,3,1,4,3,5,0,2,0,2,4,4,0,4,16,12,159,15,10,3,96,14,10,12,93,11,9,7,55,4,4,2,5,5,0,5,3,2,3,3,4,0,7,1,3,12,20,8,11,27,3,5,10,6,8,5,7,5,8,2,5,11,3,6,7,2,1,0,2,4,1,0,4,2,1,4,3,5
820,19,13,3,12,11,6,7,11,36,8,2,14,12,15,1,29,2,3,0,4,2,6,5,3,2,1,0,0,3,3,0,3,20,8,153,14,6,5,88,13,15,7,85,9,15,11,66,15,4,1,4,7,1,4,3,3,1,3,0,0,8,2,0,6,19,10,17,19,2,3,6,7,7,4,13,11,10,4,2,15,4,1,3,1,0,3,4,3,0,2,7,0,1,2,3,4
821,8,8,1,11,18,4,7,13,23,6,1,12,20,15,4,30,2,2,2,4,2,3,5,6,2,6,0,2,3,5,0,10,20,11,154,13,15,12,82,13,13,10,88,13,16,12,42,12,1,0,5,1,2,4,1,1,4,1,3,3,5,3,3,8,17,7,12,21,4,6,11,9,5,6,5,5,5,7,8,15,1,0,5,5,3,2,7,6,1,0,3,3,2,3,6,4
822,13,8,2,11,19,4,2,10,23,8,2,21,19,20,1,30,7,0,0,3,5,5,1,4,4,2,2,0,2,2,0,10,25,9,144,20,14,4,91,8,8,12,110,6,11,9,47,7,5,5,2,6,4,1,7,4,1,2,3,5,12,1,4,5,17,7,11,17,4,5,9,11,6,5,4,3,12,2,2,7,0,2,3,4,4,1,6,5,1,0,1,1,5,2,2,9
823,9,4,0,11,26,7,6,12,30,4,3,13,21,19,3,38,5,2,1,7,3,5,3,0,3,4,1,2,3,2,1,7,32,9,160,22,10,11,90,7,8,10,79,11,5,11,47,8,5,3,2,5,0,7,1,8,1,1,0,0,8,3,8,4,14,7,10,19,6,1,10,5,4,5,12,4,8,7,10,6,0,2,4,0,0,2,3,6,2,0,7,2,3,3,1,6
824,10,10,1,10,13,8,6,9,32,5,2,10,16,14,6,26,5,3,1,8,2,5,2,4,2,1,0,4,3,4,2,5,20,9,170,14,10,9,90,8,14,9,87,12,15,13,64,6,3,4,2,2,1,5,5,3,1,0,1,2,7,1,4,2,14,9,10,25,6,5,12,4,3,8,6,6,6,4,9,11,1,1,2,4,2,3,2,3,1,1,4,1,0,6,1,8
825,18,10,1,10,15,7,6,13,34,13,3,13,23,11,4,27,1,6,2,3,1,11,2,8,1,5,3,3,2,6,1,5,20,6,150,17,9,8,89,11,6,9,93,8,7,10,54,10,4,2,3,5,1,3,4,2,1,0,2,2,8,1,6,3,21,7,16,21,5,5,9,6,6,3,8,8,7,3,3,7,3,1,5,2,1,0,1,5,1,0,4,3,3,2,1,11
826,14,9,1,4,22,4,6,9,19,6,3,24,19,15,3,33,7,4,0,6,7,4,3,5,1,0,0,3,2,5,0,7,21,15,143,12,11,8,83,10,11,11,101,11,6,12,51,13,1,3,5,1,0,3,6,1,2,2,0,1,9,2,3,6,20,5,19,17,4,11,6,8,4,5,7,7,6,11,9,14,2,0,3,1,1,3,4,0,2,0,3,2,3,3,2,9
827,17,8,4,3,18,8,7,12,26,4,1,17,10,15,3,32,3,1,1,5,3,5,2,5,4,3,1,3,2,3,2,8,29,6,154,10,10,9,76,7,12,9,90,4,13,15,64,10,4,6,8,3,0,2,1,2,4,0,4,3,4,1,2,3,23,3,15,22,10,6,10,7,5,2,5,6,7,5,8,14,2,1,1,1,1,3,1,8,1,2,5,1,6,5,3,10
828,20,8,1,5,18,7,2,13,32,9,2,15,11,12,4,32,6,8,0,4,6,1,2,4,3,2,0,1,7,4,0,7,20,13,134,20,9,5,91,11,14,8,100,8,10,15,51,11,5,4,5,3,0,4,3,3,1,2,1,3,10,2,4,5,18,6,19,16,5,6,13,6,7,7,3,5,2,6,3,15,2,2,5,3,0,1,4,3,2,0,4,1,1,2,2,10
829,12,7,0,6,16,8,6,10,24,7,4,9,14,13,7,33,8,1,3,3,0,2,1,3,1,3,0,0,5,6,1,1,22,9,154,8,20,10,94,17,9,5,96,11,11,15,60,14,2,5,6,2,1,1,3,2,3,0,2,3,10,1,2,8,21,7,13,15,7,6,12,5,11,3,3,4,5,6,4,12,1,0,3,4,0,2,6,2,2,1,5,1,0,4,3,12
830,15,8,0,9,14,6,1,7,26,9,1,14,15,16,5,33,2,5,1,3,1,8,1,5,2,2,0,1,1,5,1,5,27,7,171,8,14,11,107,5,11,7,91,6,6,11,61,11,4,4,3,2,0,4,1,0,1,1,4,2,8,1,5,9,26,7,20,18,5,4,11,1,9,5,11,6,5,6,7,7,0,1,1,4,0,1,0,1,1,0,2,1,4,4,1,6
831,13,9,4,10,21,5,3,3,22,5,4,21,14,16,4,38,4,6,1,9,2,5,2,5,2,2,0,4,3,4,0,9,29,6,151,14,8,9,82,15,7,9,108,7,10,12,40,10,1,5,7,3,1,1,1,2,1,1,5,2,10,2,2,5,23,5,22,17,9,6,12,5,7,6,3,4,5,4,6,10,2,1,6,1,1,1,4,5,2,2,2,1,1,1,4,6
832,8,6,1,8,14,11,4,12,17,6,3,18,16,18,5,34,3,12,2,4,3,8,4,3,1,2,0,2,6,5,2,7,30,9,167,20,8,8,87,7,8,4,97,7,13,7,55,8,2,5,5,5,0,1,1,2,0,1,4,1,7,2,2,14,8,7,21,14,7,5,6,4,7,4,2,4,7,8,1,15,1,4,2,3,2,4,4,0,2,2,3,1,6,1,4,9
833,18,5,1,7,15,10,2,12,23,7,3,16,19,15,2,30,5,7,1,6,2,3,2,1,3,1,0,4,0,4,1,7,18,10,139,17,12,12,82,20,10,11,86,7,14,11,59,12,3,6,6,5,2,2,1,4,1,3,4,2,7,3,3,5,22,11,22,23,2,2,10,8,5,4,6,8,7,9,4,8,1,1,5,4,0,1,5,4,3,0,5,0,2,1,2,6
834,18,4,1,6,25,6,6,12,22,9,2,18,10,16,3,32,5,4,1,10,4,3,0,5,1,2,1,1,1,4,2,3,28,13,137,12,12,6,76,12,15,12,104,9,10,8,56,7,4,3,6,4,2,2,2,3,3,1,2,3,9,1,0,6,16,7,21,23,4,6,4,3,4,5,6,5,9,11,7,10,1,1,7,4,3,5,6,2,2,0,4,0,3,4,3,9
835,8,4,0,5,19,7,8,11,26,6,4,28,17,18,6,26,4,2,0,11,2,5,1,3,1,3,0,2,2,5,0,7,28,9,148,16,11,9,98,10,10,8,89,9,10,12,58,10,4,3,4,4,0,1,2,1,1,1,1,0,12,5,1,8,21,4,11,19,1,6,3,9,9,3,8,5,7,3,10,12,2,1,3,4,0,2,10,2,0,0,4,4,2,1,3,7
836,16,13,1,8,21,7,4,7,26,7,3,11,13,12,3,36,6,1,1,5,0,5,4,8,4,3,0,3,4,6,1,1,26,9,147,13,10,10,90,13,13,16,89,13,16,15,58,8,5,1,3,6,0,2,1,2,1,2,2,4,9,1,1,6,12,5,19,8,5,5,8,10,4,4,11,5,3,7,8,13,1,1,4,0,1,2,3,2,1,2,3,1,5,6,3,6
837,7,4,2,6,14,5,4,12,19,2,6,12,12,18,4,27,5,4,4,9,2,5,3,4,2,3,0,5,6,4,2,5,29,17,146,12,9,9,99,19,14,7,99,19,14,14,50,9,3,2,1,1,1,2,3,3,0,1,1,0,7,4,4,5,18,12,15,21,9,5,6,8,11,7,6,6,2,5,5,8,2,0,2,3,1,1,1,5,1,1,4,1,2,2,2,7
838,15,3,1,7,25,4,2,13,25,10,2,21,12,10,3,21,3,3,2,2,3,6,2,6,2,1,1,1,3,4,1,6,25,8,153,19,11,13,91,8,15,6,100,7,5,12,53,10,4,2,5,3,1,4,3,4,2,2,1,2,4,3,0,5,17,9,17,15,3,6,17,18,6,5,3,3,10,12,10,8,1,1,5,3,1,1,3,4,0,1,6,0,3,2,1,8
839,19,9,1,8,21,8,2,7,20,4,3,11,26,12,2,29,5,2,1,7,2,8,1,5,2,6,0,3,5,2,2,6,29,8,145,13,10,10,83,12,8,12,98,5,18,7,50,7,7,2,7,8,4,2,2,0,1,2,3,3,10,3,3,5,26,8,13,21,8,5,6,4,4,4,6,7,8,2,10,7,1,0,2,2,1,4,4,6,0,1,4,2,1,3,4,10
840,16,9,0,6,26,5,4,9,30,5,4,14,18,12,3,26,3,2,2,2,2,3,2,8,0,3,1,3,4,6,2,4,30,11,147,15,9,6,97,10,17,6,80,14,11,5,60,9,3,2,8,3,1,3,0,2,0,1,6,1,9,3,0,8,18,6,22,18,3,8,14,4,9,4,5,6,13,6,10,6,4,1,4,2,2,0,2,2,1,0,4,1,4,3,1,6
841,19,7,1,10,21,5,5,4,34,8,8,18,15,13,5,32,9,2,1,8,2,3,3,4,4,1,1,3,2,3,0,7,23,12,145,15,17,12,92,16,21,9,86,5,12,11,47,5,7,7,5,3,2,3,4,2,3,2,2,1,4,4,2,5,18,4,15,15,2,5,5,6,11,5,4,3,6,8,5,6,1,3,1,1,1,3,6,9,0,1,3,1,0,2,0,8
842,13,11,2,6,19,8,3,10,22,5,3,13,18,10,2,43,5,0,0,2,3,4,3,4,2,2,2,2,7,2,0,3,28,9,154,16,13,5,76,14,19,10,98,8,15,12,53,7,4,4,5,3,1,3,3,2,1,0,2,3,6,2,3,4,22,4,16,16,7,8,11,9,4,6,5,6,7,9,8,10,2,2,5,3,1,3,2,6,1,0,6,2,1,0,2,4
843,15,4,0,9,24,9,2,8,24,6,7,16,17,12,4,29,9,3,0,6,5,3,1,2,5,2,0,1,5,3,1,5,27,11,153,17,12,6,77,11,11,18,87,9,12,16,54,11,2,1,3,8,2,4,1,1,3,2,1,2,5,1,2,7,20,11,13,18,6,4,11,7,5,4,6,14,7,7,9,6,2,0,1,1,3,5,10,5,1,0,2,0,2,3,2,1
844,19,11,3,6,14,4,7,9,24,7,3,16,24,16,7,32,6,3,1,5,4,4,0,3,0,1,1,4,2,7,1,5,26,8,156,15,14,12,74,11,12,10,83,10,14,16,46,14,6,6,3,6,2,3,2,2,1,4,1,0,8,2,0,4,16,5,7,20,4,7,14,5,9,6,8,9,10,7,8,10,1,0,5,5,2,2,3,4,1,1,2,1,1,3,3,1
845,15,6,2,3,17,8,3,12,30,8,2,10,24,14,3,34,5,4,1,5,3,4,1,3,2,3,0,3,1,5,0,3,20,8,144,17,11,8,84,13,13,15,96,9,12,11,63,9,3,2,5,6,1,2,2,2,1,1,4,2,13,0,2,7,21,6,19,13,7,10,7,5,8,3,7,4,7,7,6,5,2,2,4,5,1,2,2,5,0,0,3,0,3,5,3,8
846,11,4,0,8,16,11,2,9,22,9,1,21,16,14,5,27,4,8,1,8,3,6,1,5,2,4,0,4,1,6,2,5,25,11,152,10,6,6,87,12,8,6,100,14,6,13,63,11,3,1,5,3,1,2,2,3,1,1,1,1,6,1,1,7,20,8,17,14,11,2,10,5,13,7,6,4,10,6,5,11,2,1,5,4,2,4,3,6,1,0,3,2,1,3,5,4
847,18,14,1,6,19,9,7,10,16,6,2,14,15,9,3,36,7,1,0,3,6,2,3,7,4,3,1,1,1,2,4,5,24,7,166,14,11,9,90,5,8,5,86,13,8,13,44,7,4,7,3,6,3,7,1,2,2,4,2,3,7,3,3,8,13,6,21,21,3,5,18,9,10,3,3,12,5,7,4,10,5,0,4,1,0,2,1,2,3,2,4,1,1,2,4,8
848,13,13,0,7,16,9,3,11,23,5,1,13,11,9,3,33,3,2,0,8,3,6,2,5,3,4,1,4,4,8,2,7,21,7,152,8,6,13,89,9,14,9,112,9,4,8,69,9,4,3,4,0,2,3,2,3,0,3,1,5,9,1,1,9,25,5,16,28,4,6,4,2,2,4,6,7,5,7,5,8,3,2,6,3,1,1,2,4,1,1,5,2,5,4,2,3
849,17,1,0,4,10,10,3,17,27,6,3,18,12,14,6,35,8,6,3,2,3,7,1,2,2,5,1,3,4,5,1,7,19,8,157,12,11,11,94,8,8,8,108,8,10,14,58,10,3,1,3,3,0,1,4,2,2,0,1,1,4,3,4,7,21,7,9,20,2,7,9,7,7,5,7,4,13,6,6,8,1,1,5,1,5,2,4,3,0,0,2,1,1,4,1,5
850,16,8,1,13,24,8,8,10,34,7,1,18,18,11,3,29,7,3,1,8,1,4,3,4,0,3,1,1,1,1,1,8,29,8,152,11,7,9,99,14,13,15,94,5,11,9,57,8,5,3,1,4,1,2,1,1,1,1,3,2,8,0,2,3,13,6,19,13,5,6,7,7,4,5,5,9,5,6,4,9,3,2,3,2,3,4,1,3,3,2,3,0,1,2,6,4
851,23,13,0,7,12,10,3,9,32,12,7,17,21,11,4,30,5,2,1,8,2,3,4,4,1,1,0,2,1,3,1,6,24,12,153,9,16,5,88,8,11,12,99,4,11,11,51,16,1,6,5,3,1,2,3,1,0,4,3,1,8,0,2,5,11,8,18,10,5,9,8,4,2,4,4,7,4,1,11,8,4,0,5,2,1,6,3,5,2,0,3,5,1,4,8,7
852,10,9,1,9,17,6,2,9,26,6,1,17,20,16,3,31,3,2,4,7,3,5,1,6,1,0,0,4,1,4,3,7,22,13,144,23,3,5,85,9,10,12,96,10,9,8,59,11,4,6,4,7,1,4,5,3,3,0,3,3,4,2,5,5,26,7,9,18,9,8,6,9,7,2,13,4,7,4,7,7,2,0,9,0,2,4,0,3,2,1,2,1,3,2,3,11
853,14,6,0,4,15,5,4,12,20,7,2,10,12,12,4,30,5,2,0,5,5,2,4,7,2,4,2,0,6,2,2,7,24,10,159,15,10,7,86,12,12,16,97,11,17,12,56,7,2,2,5,4,2,1,7,2,2,1,4,1,13,2,6,7,14,6,15,26,6,2,6,10,7,6,10,2,7,6,8,11,1,1,1,0,0,5,4,3,0,1,4,1,4,2,3,4
854,13,12,5,8,21,10,5,16,13,9,3,8,17,16,1,27,2,1,1,7,2,5,4,11,1,1,2,4,2,4,0,3,22,7,161,10,13,10,96,7,11,15,99,10,16,9,49,9,1,2,6,2,0,6,5,0,1,1,1,2,6,2,3,9,18,10,17,16,7,5,5,1,4,2,9,6,9,4,6,10,3,1,4,1,0,3,2,1,2,0,5,2,4,4,4,10
855,17,3,1,11,16,9,5,15,20,5,6,16,22,11,2,27,8,2,3,6,2,8,2,3,4,0,0,2,0,4,0,7,26,12,161,15,14,16,92,6,11,8,105,7,13,12,46,9,2,5,4,2,2,0,5,2,0,1,1,0,12,5,3,4,14,9,14,16,4,1,10,7,3,4,15,6,6,6,5,6,2,0,6,1,3,2,1,4,0,0,3,3,3,3,2,3
856,8,12,2,5,18,9,3,6,20,5,3,14,16,14,3,28,8,4,0,1,2,0,1,6,1,4,1,4,4,3,1,2,28,13,171,14,10,5,81,15,13,6,109,10,11,9,51,7,5,6,1,4,2,3,6,3,2,0,2,5,5,1,3,5,21,4,12,19,6,9,12,3,8,10,6,6,9,9,8,7,2,0,3,3,0,3,3,2,0,2,4,1,0,3,3,8
857,17,4,3,5,14,8,2,9,21,9,3,12,17,19,1,25,6,4,2,4,0,2,3,10,4,2,0,2,4,5,0,7,19,12,163,20,11,5,102,22,13,9,100,5,9,12,46,12,3,2,4,6,3,4,1,0,0,1,2,3,5,5,5,3,20,8,14,16,7,6,9,3,6,5,5,5,7,8,7,6,3,2,7,3,1,2,3,4,2,1,0,2,1,3,2,1
858,10,5,0,2,21,3,3,11,23,7,3,13,15,23,6,33,6,3,1,5,1,5,1,3,2,3,0,8,3,2,0,3,18,9,162,14,16,7,81,12,13,14,99,12,12,13,54,11,3,6,4,2,0,1,3,3,2,0,3,1,10,3,2,6,19,9,18,13,3,10,10,8,6,5,8,6,7,13,10,8,0,3,2,2,1,0,3,2,1,1,4,2,0,5,0,1
859,22,14,1,13,11,5,4,11,14,9,5,10,21,20,4,23,5,8,1,5,0,8,3,6,2,0,2,3,9,2,4,9,25,18,158,13,8,10,85,5,7,11,93,8,11,6,51,11,4,9,4,5,2,3,5,2,1,0,1,2,8,0,2,3,15,5,17,19,6,9,11,3,3,7,6,6,9,5,3,13,0,2,4,2,0,1,1,3,1,1,2,2,1,4,4,10
860,17,5,0,7,21,10,6,12,27,8,3,12,19,20,2,26,5,3,1,6,3,3,5,2,4,3,1,5,2,8,0,6,20,10,137,13,15,8,83,10,9,11,101,12,9,10,63,10,4,3,4,2,1,1,7,2,1,1,2,5,6,4,2,4,18,9,20,14,0,3,11,11,6,4,11,8,5,7,7,10,1,0,0,1,0,3,1,5,1,0,5,1,1,7,5,3
861,14,6,0,6,12,8,2,17,28,3,2,20,16,14,7,24,5,2,0,2,2,3,5,7,2,1,3,2,1,9,1,10,21,10,146,18,4,6,89,10,11,24,79,8,14,20,61,4,4,5,4,3,2,4,1,1,2,1,1,4,9,3,1,8,17,11,10,19,8,7,10,7,8,4,9,8,6,5,8,8,2,1,5,2,2,3,4,4,1,1,2,3,3,0,2,8
862,12,3,4,6,19,3,1,12,25,6,2,20,12,18,2,17,8,4,2,6,1,3,3,2,2,3,3,2,6,5,1,4,25,10,163,16,9,12,103,6,7,9,88,7,9,16,51,9,5,1,9,7,2,3,1,3,1,6,1,3,13,2,0,7,8,7,11,19,5,7,8,8,9,3,11,5,9,7,6,14,0,2,5,3,0,1,1,6,2,1,0,3,2,7,3,6
863,13,6,0,8,27,3,5,13,19,7,1,13,13,15,3,29,0,3,6,6,0,7,1,5,1,0,0,1,4,5,0,4,25,13,151,15,9,14,95,8,16,8,110,7,12,12,55,8,5,3,6,2,2,4,7,2,0,0,2,1,7,3,0,10,16,5,19,13,3,3,7,7,8,8,10,3,4,7,5,14,2,1,0,1,2,4,4,4,1,0,2,1,3,2,1,10
864,15,6,0,4,16,6,4,11,27,7,3,15,19,8,1,36,5,2,3,6,1,4,2,6,1,1,2,5,3,4,0,6,30,11,162,18,17,18,84,12,9,10,93,7,6,12,61,8,3,3,2,8,0,7,0,1,5,2,3,2,8,2,1,6,13,7,11,10,6,3,9,11,8,1,9,1,9,10,8,6,2,4,6,0,0,2,2,3,1,0,9,1,1,1,4,2
865,14,11,0,7,22,5,3,9,34,4,4,15,21,11,1,30,5,2,2,14,2,4,0,6,1,2,0,7,2,5,1,7,28,4,175,15,6,9,88,8,13,14,95,5,6,10,53,11,5,1,5,4,1,1,2,0,2,1,1,1,8,2,2,5,24,6,20,7,3,2,10,12,7,5,6,6,3,7,7,10,0,0,2,3,0,2,4,4,1,0,0,0,3,1,5,8
866,18,14,3,7,19,10,2,5,18,5,0,22,12,12,5,29,7,4,0,10,4,6,1,4,2,1,1,2,2,2,2,7,23,15,140,10,13,9,109,5,15,6,87,14,12,10,49,9,2,4,1,0,2,1,2,3,1,3,2,1,7,2,3,7,19,11,20,14,6,2,9,6,10,5,5,6,6,7,9,16,0,1,6,5,1,3,6,3,2,1,5,0,2,1,2,8
867,24,8,1,8,23,8,3,13,19,6,3,16,12,9,3,27,3,1,4,9,5,4,2,7,1,2,1,6,4,3,0,3,22,11,138,19,8,13,88,11,7,9,85,12,11,11,58,14,5,1,5,8,1,1,1,3,3,1,1,1,9,2,2,5,26,3,25,16,4,5,5,11,6,5,3,9,5,11,10,13,1,1,5,2,0,2,3,4,1,0,1,2,2,5,2,8
868,21,8,1,5,31,10,6,13,28,9,5,18,19,7,2,29,4,2,2,9,6,4,2,3,1,2,1,4,4,5,0,9,33,9,129,9,10,9,88,5,9,16,87,7,7,15,58,10,5,3,3,7,2,9,1,4,0,2,2,2,10,2,2,8,19,3,11,29,8,6,6,2,4,8,4,3,6,5,6,4,3,4,4,1,1,2,4,2,1,1,4,2,2,1,6,5
869,21,9,2,8,20,10,4,13,28,4,3,15,21,10,5,27,8,3,1,7,2,2,3,1,1,2,0,3,3,4,2,2,31,7,145,12,10,8,92,10,10,10,102,8,6,11,48,8,2,6,3,4,2,2,3,1,1,2,2,0,6,2,0,7,19,10,20,24,5,9,9,4,8,4,9,4,15,9,2,5,4,4,1,3,0,1,1,5,1,1,3,2,4,5,2,2
870,9,7,0,8,24,8,5,12,28,6,3,14,12,9,4,41,8,5,2,3,2,2,5,6,2,2,0,7,0,6,2,5,25,10,141,12,11,12,92,6,14,12,95,10,10,5,66,8,4,4,6,3,0,1,1,2,1,0,2,2,7,2,2,8,25,7,20,18,4,6,8,6,6,0,9,7,5,4,9,11,1,1,7,1,0,2,2,3,0,1,3,2,3,2,3,3
871,13,4,0,5,17,9,6,9,16,12,2,13,22,18,5,30,8,4,0,4,4,4,1,9,1,2,0,2,4,7,2,9,32,6,152,21,8,7,70,13,9,14,94,8,17,9,58,12,1,7,7,1,0,7,4,1,1,2,0,3,5,4,2,3,15,4,13,24,1,7,7,5,11,3,7,9,9,1,8,12,1,1,6,2,2,5,1,4,0,0,2,2,3,4,4,7
872,17,7,0,5,17,3,1,6,40,3,3,18,14,10,1,29,4,1,0,8,3,1,1,2,1,2,0,6,7,1,0,7,22,20,157,13,13,11,85,13,13,13,95,4,12,16,45,8,2,5,5,3,3,7,3,2,2,4,2,1,7,0,1,5,20,7,13,21,6,5,8,4,2,4,7,8,9,8,5,13,1,3,4,7,0,0,2,3,2,0,3,0,4,5,2,14
873,20,7,2,13,20,7,2,10,24,9,1,12,13,14,5,29,4,5,0,3,0,5,3,6,2,0,5,2,5,4,1,6,27,8,138,16,14,9,88,15,6,12,93,8,8,15,46,10,5,4,6,6,5,3,2,1,3,0,3,5,7,2,2,8,19,6,11,21,6,11,6,4,3,6,12,3,11,10,6,8,3,2,3,3,0,2,7,4,1,1,3,1,1,1,3,8
874,21,2,3,7,19,7,6,6,24,9,1,22,13,12,6,27,5,5,2,6,5,2,1,1,1,3,1,3,4,0,2,9,32,7,154,13,14,10,81,5,11,11,83,14,9,7,52,8,6,9,8,3,1,8,2,0,1,1,1,3,12,2,7,6,16,1,11,30,5,8,10,8,10,6,10,7,7,8,6,10,2,2,3,1,1,2,3,3,1,0,3,0,2,1,2,5
875,12,10,2,12,14,10,6,11,30,7,3,17,18,13,4,30,5,4,1,5,2,6,3,5,3,4,1,4,1,4,0,3,23,17,152,14,10,5,78,9,17,13,97,8,16,7,57,10,7,5,3,2,1,1,4,2,3,1,3,2,7,2,1,3,20,10,11,15,7,9,13,6,7,4,7,4,11,7,3,3,3,1,1,2,3,2,3,3,0,0,2,0,0,2,3,8
876,16,6,1,12,24,11,5,4,28,4,1,15,20,10,0,34,8,7,1,6,4,6,2,6,3,2,0,4,1,2,1,10,32,13,155,15,17,8,80,10,13,13,88,6,13,10,54,11,2,3,2,0,0,2,3,4,2,3,1,2,7,4,6,6,17,5,9,16,7,9,5,7,2,3,7,8,8,10,4,4,1,1,5,3,1,2,2,2,2,1,3,1,4,1,7,4
877,10,10,1,4,19,14,3,8,23,5,4,14,23,14,4,32,8,7,2,3,3,3,2,4,1,0,1,4,3,5,0,4,35,13,131,12,9,6,90,12,13,13,94,11,5,15,60,15,5,6,6,6,3,1,1,3,1,0,0,2,11,3,3,2,12,5,17,20,4,4,5,7,3,3,8,4,6,9,17,10,1,3,6,3,1,3,3,4,0,0,3,0,3,3,3,5
878,11,9,0,4,14,8,4,9,29,5,4,17,19,15,3,36,7,2,1,3,4,2,2,10,2,2,0,4,2,4,1,6,26,12,141,12,11,12,104,9,8,4,120,9,12,8,57,10,3,4,2,3,4,3,2,1,0,1,2,1,5,2,3,6,14,7,18,20,10,4,10,5,7,5,6,5,7,8,5,7,2,1,2,1,0,1,2,3,1,1,5,1,1,1,1,3
879,17,6,1,4,14,10,8,5,32,14,4,16,24,11,3,34,4,3,0,7,6,4,4,6,5,2,0,1,2,3,0,7,35,10,126,11,15,12,106,7,13,11,105,8,3,8,49,8,2,4,6,4,1,4,2,2,2,0,1,1,5,0,3,6,10,2,14,15,6,3,6,10,6,5,10,3,10,7,10,12,2,1,3,1,3,4,1,1,1,1,3,2,4,7,6,4
880,13,10,2,10,11,6,3,7,26,6,2,12,23,13,4,31,4,2,0,3,1,5,2,8,2,2,0,3,1,6,2,9,19,11,153,18,11,11,75,11,11,14,93,11,7,11,66,10,6,2,9,4,2,6,5,3,0,3,2,3,5,1,5,8,22,12,18,20,2,2,7,3,4,2,12,5,8,5,3,12,1,2,3,2,0,4,0,4,1,1,3,2,1,2,5,7
881,10,9,1,6,24,8,1,9,19,10,2,11,16,6,4,26,3,2,0,3,6,3,3,7,2,1,1,4,4,6,2,10,26,8,135,13,7,11,96,6,11,13,93,12,9,5,61,10,4,4,6,6,3,1,5,2,0,0,2,1,8,2,4,10,24,7,21,19,6,5,4,7,11,7,12,8,4,9,4,9,2,1,5,3,4,2,5,3,4,0,1,4,3,6,3,4
882,14,5,0,13,21,5,2,12,29,4,6,15,19,9,1,31,9,7,1,5,5,2,1,3,3,6,0,2,4,6,0,7,22,10,156,22,12,3,79,9,12,7,98,11,12,10,55,10,3,2,6,8,3,3,1,2,1,1,1,0,7,4,0,4,15,9,15,15,7,7,13,10,2,5,6,4,8,7,6,9,4,1,6,1,1,1,4,4,4,0,3,2,0,3,1,6
883,14,5,0,9,13,4,2,11,32,5,0,12,22,12,3,33,8,2,1,9,2,3,1,6,1,0,1,4,3,2,1,5,20,17,156,18,9,10,98,13,7,14,77,10,12,13,55,11,5,6,6,1,1,2,2,1,1,1,0,2,5,2,3,9,25,5,19,21,1,6,5,10,7,2,9,5,8,8,6,11,2,2,4,4,1,2,2,3,2,0,5,3,0,2,2,5
884,14,7,0,8,16,12,5,11,31,10,3,21,22,16,3,23,3,1,1,8,5,3,4,2,2,4,1,5,1,6,1,7,22,14,157,14,17,10,85,5,10,14,93,8,10,8,39,10,5,5,5,5,1,5,6,3,3,0,3,6,5,3,0,4,15,3,19,19,2,8,2,6,2,6,7,7,6,6,11,16,0,1,1,2,1,2,3,6,0,0,5,0,0,1,5,7
885,19,8,1,4,23,6,2,10,19,4,1,21,15,7,5,35,6,0,0,4,5,7,1,6,2,0,1,3,1,3,0,10,31,8,154,23,10,10,92,8,6,7,101,14,10,10,49,9,2,1,4,8,1,1,5,2,1,2,1,5,8,5,3,7,22,3,14,19,5,5,12,4,2,3,4,4,10,9,8,7,4,1,4,3,1,1,0,5,0,1,4,3,5,1,2,7
886,21,7,1,6,17,7,3,13,32,3,2,15,17,18,2,32,7,2,1,9,1,5,2,3,2,2,0,4,2,3,2,13,30,7,131,8,10,13,97,14,9,13,98,7,10,6,43,10,2,2,3,7,0,1,4,6,2,1,1,3,12,4,5,10,20,10,9,12,4,8,6,6,7,3,9,7,11,12,5,11,1,1,5,3,1,3,4,3,0,1,2,1,1,1,2,8
887,7,13,4,12,15,5,4,4,29,4,3,16,14,16,2,34,2,7,1,8,4,5,2,2,3,1,0,5,2,2,2,5,26,10,156,8,9,13,90,10,21,8,99,8,10,17,56,4,1,3,4,5,2,3,1,2,1,2,0,5,6,2,1,9,20,6,15,23,2,5,1,3,13,4,8,8,10,8,5,7,0,0,2,1,1,4,4,6,0,1,1,1,2,3,3,8
888,19,7,1,13,14,5,5,10,22,10,0,21,17,18,3,30,6,1,0,7,4,8,3,5,0,2,0,4,4,3,1,5,30,14,162,13,13,8,78,11,9,5,86,5,17,7,59,6,3,3,3,7,2,4,3,3,2,2,3,1,9,2,4,4,17,11,13,16,7,5,7,8,2,8,9,4,7,5,6,11,3,2,3,1,1,0,4,4,1,0,4,2,2,1,3,7
889,22,5,2,7,13,3,8,11,28,5,2,13,17,9,6,34,4,2,1,7,3,4,3,4,0,0,2,4,1,3,3,4,24,13,167,9,8,5,99,11,16,9,93,8,8,15,51,6,6,2,4,5,1,6,3,5,0,1,4,4,5,0,2,6,23,6,15,18,7,11,2,5,9,4,9,4,9,5,2,6,2,1,5,2,3,1,5,3,0,0,5,2,1,5,2,2
890,16,9,2,8,21,6,5,9,25,6,2,17,15,15,3,29,8,2,3,3,1,3,2,4,3,2,3,2,3,4,1,1,27,12,157,15,12,11,88,12,14,12,84,8,9,12,50,4,6,2,6,8,3,3,1,3,1,0,2,0,8,5,0,4,16,8,15,21,7,9,14,9,8,3,8,11,4,10,4,8,0,0,4,3,2,0,2,2,1,0,7,2,1,1,5,3
891,11,1,2,9,9,15,3,8,23,4,8,16,21,14,4,23,10,1,1,8,2,3,2,2,5,6,4,6,2,0,1,3,37,17,158,13,6,9,97,10,10,13,98,8,7,12,50,9,3,4,5,4,1,3,3,2,2,0,2,2,8,0,5,3,21,8,15,20,3,3,9,5,2,5,4,8,8,5,8,7,0,2,2,1,2,4,4,7,0,1,5,2,2,1,3,5
892,14,8,0,8,10,2,4,9,23,8,2,14,14,13,3,26,3,2,0,1,3,3,0,4,0,1,1,2,2,3,2,7,30,13,173,10,13,5,81,12,11,11,98,11,3,13,75,11,4,2,3,4,2,3,1,4,1,1,2,3,6,1,2,5,22,9,13,12,9,5,11,6,6,9,4,6,9,11,5,13,3,2,2,3,4,1,4,3,0,0,3,4,1,3,3,8
893,15,7,3,9,16,6,3,5,22,7,3,11,19,11,1,24,0,4,1,5,3,4,2,3,3,4,2,2,5,4,0,4,23,14,151,14,15,10,73,9,14,7,96,16,11,10,62,5,1,6,8,4,2,3,5,2,0,0,3,6,5,4,0,8,18,6,14,20,5,4,10,11,8,10,13,5,5,7,8,11,0,1,5,4,1,6,3,4,2,2,3,2,4,2,3,8
894,23,7,0,5,13,5,1,4,27,8,4,12,21,11,2,36,7,4,1,5,2,4,2,6,1,2,1,3,1,3,0,5,26,10,162,6,10,11,91,13,23,3,95,10,11,13,59,9,3,3,7,8,3,1,2,1,2,0,3,0,5,2,1,5,19,10,15,22,0,10,11,5,6,8,7,5,9,9,3,6,2,0,2,0,2,2,3,3,1,1,1,0,3,2,4,5
895,11,6,1,7,13,10,2,10,24,5,5,20,22,12,3,28,6,5,2,8,2,1,2,2,3,0,0,2,12,6,0,11,19,7,162,13,11,7,96,7,11,9,96,6,6,7,65,10,4,5,2,4,1,3,3,4,1,0,1,3,9,1,2,7,21,5,17,19,6,5,5,4,4,3,11,3,10,2,9,6,2,2,5,5,1,3,2,2,0,1,3,5,1,2,8,5
896,19,8,0,9,19,6,1,5,31,4,2,15,20,8,6,24,9,7,0,6,3,5,2,3,3,2,1,3,3,3,2,11,23,12,155,20,12,6,68,12,17,13,101,12,11,9,48,12,5,4,1,5,2,2,2,4,1,1,3,1,8,1,4,4,17,10,11,20,6,4,7,10,7,6,6,9,6,5,4,14,0,3,3,2,1,1,4,2,2,0,3,1,3,4,4,6
897,17,6,0,12,20,13,6,13,23,6,3,24,18,14,2,33,7,3,0,3,5,4,2,5,2,2,1,5,1,3,0,7,29,7,145,10,8,7,87,10,8,9,95,11,11,15,48,5,2,0,7,3,1,5,2,2,2,3,2,3,6,4,2,4,20,6,19,22,2,5,5,3,4,2,7,8,7,4,7,14,3,0,3,6,4,4,1,1,3,0,6,2,4,2,3,10
898,12,5,1,1,22,7,3,11,26,6,4,19,18,13,4,26,7,5,2,8,4,2,0,7,1,3,0,1,5,4,0,3,23,7,156,17,13,8,104,11,8,8,98,7,12,10,51,9,8,3,5,1,1,9,4,1,1,1,2,1,5,5,2,2,17,7,10,26,3,10,7,1,4,3,9,7,6,7,4,10,0,0,0,4,3,4,3,3,1,0,3,1,4,4,3,13
899,22,9,0,8,19,3,1,9,31,7,2,22,13,17,1,30,1,3,0,4,4,4,3,8,1,1,1,5,2,4,1,6,24,9,146,16,14,15,95,13,10,12,81,3,7,12,65,5,1,4,6,4,1,4,3,1,2,2,3,2,5,3,3,9,22,4,19,17,7,4,16,6,8,2,6,3,6,11,3,8,0,1,3,2,1,1,1,2,1,1,2,3,3,4,5,6
900,20,6,2,8,26,6,4,15,26,4,3,12,20,16,4,36,5,5,0,7,1,5,3,8,1,1,1,4,3,3,0,4,22,7,130,13,7,13,95,6,7,10,99,5,13,11,57,6,1,6,7,5,1,2,1,1,0,4,2,3,9,0,1,13,28,7,14,18,1,4,5,7,8,3,11,5,6,9,9,10,2,3,2,5,0,4,4,5,0,0,4,1,2,1,2,4
901,17,10,3,7,22,3,5,13,38,6,1,16,18,14,3,31,5,3,1,4,0,5,1,3,3,3,0,3,5,6,0,5,27,13,161,21,13,7,76,5,9,8,105,11,10,6,56,9,8,8,3,4,2,2,5,4,3,1,1,1,11,4,2,7,16,4,15,16,3,2,10,8,4,4,2,5,5,6,9,7,0,1,2,1,0,2,0,2,1,0,5,2,5,1,1,4
902,14,8,0,5,14,4,2,8,22,5,3,27,15,13,4,31,5,5,0,9,5,3,3,7,1,6,0,3,2,7,3,12,35,5,144,15,12,9,88,8,14,8,85,7,17,13,45,9,2,4,9,3,0,1,8,1,1,6,1,2,3,9,3,1,15,7,15,16,3,4,8,8,7,4,9,5,10,9,6,14,1,0,6,3,0,4,3,3,1,0,5,2,3,2,3,10
903,19,7,0,3,21,6,4,4,29,5,0,18,22,14,5,29,4,0,0,3,4,6,3,8,3,1,1,1,3,6,0,7,29,6,159,18,20,9,87,9,7,9,102,8,17,11,54,16,6,2,4,5,0,3,4,0,1,2,3,0,6,1,2,8,13,4,15,15,3,3,6,9,2,8,3,5,9,4,8,8,4,0,4,2,1,1,2,7,1,2,4,0,4,5,3,1
904,15,4,2,7,14,11,3,8,21,8,3,14,16,12,1,33,5,1,1,7,4,4,0,8,1,4,1,2,5,4,1,7,26,4,151,17,7,12,91,7,8,14,101,10,9,11,56,7,5,6,7,5,2,5,2,1,2,3,2,3,15,3,3,6,13,9,15,21,4,2,10,10,5,4,4,7,10,6,7,11,0,1,1,0,1,2,2,2,1,0,0,3,0,5,3,13
905,22,6,1,8,16,5,5,8,28,7,5,19,17,16,2,33,4,5,1,9,7,2,1,6,1,1,1,0,3,3,1,4,17,12,145,16,15,9,100,14,12,8,87,8,8,12,54,3,3,1,3,7,1,1,4,1,1,1,1,1,7,1,3,3,23,10,13,17,6,8,8,8,4,3,8,8,6,10,6,10,2,2,0,2,1,3,4,3,0,0,5,1,5,4,6,8
906,16,4,1,9,13,5,3,11,31,4,2,10,22,12,2,31,2,2,0,2,0,5,4,3,2,2,1,8,8,2,2,3,24,16,134,14,7,12,91,14,17,9,83,6,7,13,62,4,5,2,5,8,3,5,2,2,3,3,1,2,10,5,3,6,14,6,17,23,8,3,12,8,2,1,8,3,12,9,8,14,0,2,5,2,1,2,1,10,1,3,6,1,6,5,1,6
907,16,5,2,7,15,9,5,9,34,5,4,12,19,10,4,41,9,2,1,5,2,3,0,3,2,4,0,3,5,4,1,3,19,11,148,18,16,17,86,12,13,14,80,6,10,6,57,11,2,3,3,3,1,3,2,1,2,1,4,1,10,1,2,4,19,6,19,21,8,7,6,8,8,6,10,6,7,3,9,6,0,1,4,3,1,2,9,1,0,1,4,3,3,0,2,6
908,16,9,1,8,17,5,3,19,25,7,2,16,14,19,1,29,3,1,2,8,2,6,1,2,1,2,0,4,3,6,1,7,22,8,174,21,10,9,75,9,12,13,85,11,10,11,55,7,4,5,5,2,1,2,3,2,2,1,0,3,7,3,3,6,20,7,10,25,2,5,6,14,6,4,10,3,6,4,5,10,2,0,1,3,2,6,2,2,3,2,3,1,3,3,6,3
909,17,7,1,8,20,10,5,9,21,4,4,11,20,8,3,34,6,1,0,11,3,5,2,9,2,1,0,3,5,4,0,7,26,8,164,5,9,5,91,15,11,12,106,9,13,4,53,7,4,4,2,4,2,1,4,4,4,0,3,3,12,3,3,8,21,5,15,19,5,4,6,5,4,5,5,5,5,6,2,9,1,1,6,1,1,1,2,6,1,1,4,1,2,5,1,5
910,19,14,3,9,16,3,2,6,39,9,1,12,22,15,3,31,8,7,1,5,5,2,4,8,2,4,1,4,4,2,1,5,18,10,161,11,11,6,68,8,9,9,76,13,14,10,55,6,3,7,5,1,1,5,1,4,0,0,1,5,13,3,4,5,22,4,13,18,6,4,10,10,6,6,3,4,9,6,7,11,2,3,6,2,0,2,4,6,2,0,4,1,3,2,5,9
911,11,9,2,5,17,9,5,7,29,8,1,10,22,12,2,28,2,3,0,6,0,4,2,5,3,0,1,6,5,7,0,13,25,13,152,17,11,13,85,14,11,10,88,7,8,8,54,11,2,6,11,3,2,5,4,2,1,1,4,4,11,1,3,6,23,6,17,10,6,13,6,5,5,0,5,6,4,4,8,11,4,1,5,2,1,3,3,9,1,2,1,1,2,1,2,6
912,16,10,0,6,14,9,2,11,27,10,3,20,17,17,7,30,5,4,0,1,3,4,1,9,3,2,1,3,6,8,2,7,28,9,136,9,13,8,82,8,14,9,91,8,10,16,60,7,3,5,4,4,1,1,4,3,1,0,3,6,7,1,4,5,27,9,17,16,5,8,7,5,7,2,9,8,3,8,4,12,1,0,1,3,1,2,1,7,0,0,4,1,1,2,5,6
913,21,9,3,3,22,10,2,12,20,12,0,16,22,11,3,32,4,5,1,2,6,5,4,6,3,1,2,2,4,3,3,6,22,12,152,17,10,6,96,9,13,12,89,9,9,14,43,11,4,5,7,5,3,0,0,6,3,5,0,3,12,0,0,6,19,5,12,18,7,9,6,3,3,5,7,4,12,8,2,5,2,2,1,3,0,2,4,2,1,1,2,2,1,3,5,6
914,10,5,1,5,16,5,1,10,31,5,4,20,22,12,3,22,2,4,0,6,2,4,0,8,1,0,1,1,1,3,1,2,35,10,171,16,12,7,80,13,11,6,99,7,12,11,53,12,2,2,6,7,2,3,2,3,4,3,3,2,4,3,5,4,13,3,15,24,4,4,15,4,5,7,7,3,9,10,6,10,3,1,2,5,1,1,3,3,2,2,4,3,3,2,1,7
915,16,6,3,15,17,4,3,18,23,2,5,15,10,16,2,18,3,3,0,6,1,4,0,3,5,1,0,6,0,2,0,11,34,7,143,15,11,10,83,6,12,8,114,8,10,8,58,4,2,1,6,1,2,5,1,0,2,3,0,2,6,2,7,8,18,6,15,20,3,9,15,7,10,2,9,11,8,11,4,13,2,0,2,5,3,3,5,1,1,0,2,0,1,3,6,8
916,16,9,1,7,18,9,3,8,26,4,0,12,18,12,2,22,2,3,1,4,1,3,2,2,3,4,3,5,1,4,0,7,25,12,148,14,11,10,95,8,14,9,97,10,11,17,52,9,4,4,2,2,2,6,2,2,2,1,1,1,8,6,2,5,16,6,13,28,5,3,8,7,10,5,10,4,13,5,5,8,1,0,4,2,0,5,7,5,2,1,2,1,5,3,5,7
917,19,7,0,9,22,2,4,5,24,4,2,21,18,24,4,26,12,2,1,6,4,7,5,2,1,0,1,2,1,8,1,4,20,6,138,21,8,7,91,16,8,9,99,14,11,15,65,11,4,6,0,2,0,2,2,4,0,1,0,5,4,2,2,6,24,7,14,22,3,5,8,13,9,1,2,8,5,5,7,3,1,0,3,2,2,5,1,2,0,0,9,2,1,2,4,3
918,13,11,1,9,28,2,4,7,22,6,1,13,17,13,7,35,5,2,2,6,3,7,2,6,1,2,0,1,4,2,1,9,19,13,150,9,6,7,94,15,10,10,108,7,16,16,50,10,1,2,7,7,0,5,2,1,3,4,2,2,7,1,1,5,18,4,13,20,4,3,5,7,5,4,10,3,6,2,4,13,2,1,5,2,0,1,4,6,3,0,4,0,3,4,3,9
919,21,5,1,6,16,5,4,10,18,4,1,19,15,15,5,36,4,0,0,7,4,6,2,3,2,3,1,4,2,2,1,6,25,12,148,12,8,8,101,13,8,10,97,9,11,9,52,9,4,3,0,3,3,4,3,3,1,1,5,0,10,4,1,8,13,8,19,21,3,8,7,8,3,6,10,9,10,7,5,14,0,1,3,1,0,2,6,4,2,4,3,1,2,1,2,4
920,12,8,2,5,23,9,6,7,34,7,4,10,18,11,5,32,4,6,0,3,2,3,2,2,2,2,0,2,2,3,1,8,24,13,137,20,15,8,95,7,16,15,79,6,10,15,58,5,3,0,5,1,2,5,3,1,3,1,1,1,6,0,0,7,18,8,16,25,4,7,11,11,5,6,10,7,9,4,5,6,0,2,2,2,3,1,2,7,2,1,2,1,3,3,5,15
921,15,7,0,11,19,8,0,5,23,4,8,14,19,10,2,28,8,2,2,4,3,7,0,2,2,6,1,5,4,7,1,3,42,10,136,8,13,9,86,14,8,5,85,11,11,10,49,8,2,5,5,5,3,2,2,1,2,3,1,3,16,3,4,4,21,7,22,14,3,3,4,10,8,7,17,5,9,7,7,14,0,0,2,3,1,8,1,4,4,0,6,0,1,3,4,9
922,18,8,1,7,24,12,6,9,16,8,1,14,21,12,3,33,4,3,0,1,2,6,5,7,3,3,0,2,4,2,1,9,10,6,147,10,15,11,96,12,10,8,106,10,8,17,64,4,3,7,3,0,1,3,4,3,2,3,4,1,5,2,3,1,14,9,17,20,7,6,7,5,8,2,8,5,5,7,8,12,2,2,6,0,2,2,1,2,1,2,1,3,0,5,2,5
923,17,6,1,8,15,7,2,8,22,8,3,14,18,17,2,25,2,2,0,2,1,12,1,8,4,4,2,5,6,4,1,5,28,17,151,20,11,15,93,13,12,8,102,3,9,8,48,9,4,6,6,3,4,4,5,2,0,1,4,2,7,0,0,5,18,5,19,19,7,4,5,5,2,2,6,2,7,2,3,9,1,0,2,3,1,4,3,5,0,1,8,1,1,5,4,14
924,16,7,0,4,22,8,4,14,20,4,3,16,17,13,3,26,4,3,0,2,1,6,3,6,2,4,1,4,5,6,0,6,23,13,159,15,9,9,82,8,13,7,112,10,12,11,50,8,10,4,5,4,1,2,4,3,2,2,3,3,6,0,3,9,22,6,6,18,4,6,6,7,3,6,10,11,6,6,4,7,4,5,6,0,0,2,4,5,0,0,2,1,2,3,0,6
925,13,4,0,10,28,8,3,8,38,5,4,12,15,14,7,35,9,4,2,6,3,4,1,6,2,0,1,2,7,6,2,6,17,14,143,12,10,6,99,13,9,5,106,5,9,12,57,8,0,2,4,2,1,2,3,4,3,2,1,3,1,1,2,5,19,9,14,19,9,5,4,3,7,5,10,9,7,8,3,3,1,0,4,5,1,1,2,7,1,0,3,2,2,4,2,5
926,16,7,0,9,25,7,2,10,24,11,0,12,13,20,6,40,7,5,1,3,4,1,1,5,5,4,1,6,2,6,2,8,29,10,138,17,12,15,89,10,4,10,77,4,15,6,55,12,3,1,3,7,1,0,3,1,1,2,3,2,6,3,0,5,19,8,16,17,4,5,14,12,8,7,7,6,8,8,6,12,1,1,3,2,0,4,4,3,1,0,4,0,1,2,2,8
927,16,6,2,8,14,3,5,7,22,10,1,11,22,14,2,26,8,5,1,8,0,4,3,3,3,3,1,3,3,3,3,8,24,11,158,17,7,4,90,11,14,7,90,9,17,8,56,13,2,1,7,4,1,3,4,3,0,0,3,2,9,1,2,6,26,5,20,20,3,5,6,7,5,6,10,9,2,8,3,14,1,1,6,1,2,1,2,5,2,1,4,1,1,2,1,8
928,13,12,2,7,21,5,3,13,24,9,4,10,17,13,4,22,3,5,1,4,5,6,1,2,3,4,2,2,2,4,3,10,21,7,147,16,14,6,91,11,11,10,106,5,13,9,61,4,3,0,3,6,3,5,1,3,0,2,4,3,6,6,2,9,16,5,16,20,2,2,3,5,9,2,10,11,6,8,9,7,2,1,6,1,0,3,4,6,0,0,5,0,3,2,5,7
929,18,12,0,10,21,5,2,13,22,10,4,21,25,16,2,28,6,5,0,0,3,4,0,2,4,3,0,7,2,3,2,6,30,8,138,12,10,12,76,11,8,7,88,9,9,13,49,9,2,2,4,5,3,1,5,2,3,1,4,4,5,8,2,5,11,4,13,23,11,10,13,9,8,4,8,3,13,9,4,11,1,1,2,1,3,5,1,7,1,0,6,1,2,3,3,8
930,13,11,1,7,15,5,6,10,33,6,3,10,16,10,1,23,7,2,1,7,4,4,2,2,2,4,1,6,2,3,0,5,20,9,158,11,14,7,93,17,22,11,93,6,11,11,51,17,3,4,5,7,0,2,1,2,1,0,2,5,7,5,0,10,22,10,17,17,7,2,9,5,8,4,5,9,9,4,4,7,0,1,2,3,0,5,2,4,1,0,3,1,1,3,5,3
931,15,9,2,7,14,5,3,5,23,3,6,16,12,26,4,18,4,4,3,3,3,1,3,4,1,4,0,3,2,1,0,5,29,10,155,12,15,12,86,11,14,12,95,9,5,14,50,10,2,5,3,2,1,5,3,2,1,5,2,2,9,1,3,3,25,9,19,21,4,5,15,6,9,7,9,3,7,7,6,11,1,2,2,2,3,2,4,6,0,0,5,1,2,3,3,4
932,22,7,5,12,16,3,3,5,19,5,6,19,12,19,2,38,3,3,1,7,2,4,0,4,0,5,1,2,0,4,0,8,27,12,134,13,14,10,85,13,21,14,106,14,8,7,60,10,3,4,3,5,0,2,2,1,1,1,3,1,9,1,3,5,22,6,12,19,7,5,11,9,6,2,5,4,7,4,4,9,2,1,2,1,0,2,2,2,0,1,2,3,5,4,6,6
933,9,9,1,8,18,5,3,10,33,4,1,16,26,16,6,34,5,3,2,6,8,2,0,6,1,3,1,1,3,3,0,8,35,10,161,15,7,10,86,12,11,11,90,6,13,20,36,6,3,4,6,2,2,4,2,3,4,0,1,3,10,1,4,4,17,7,13,16,1,3,9,4,8,3,7,2,9,9,5,11,1,2,6,1,0,1,2,2,1,2,2,3,3,2,6,9
934,15,12,2,11,21,9,2,10,21,9,3,11,21,12,3,22,5,2,1,6,7,3,1,1,1,2,3,0,1,6,2,10,22,10,148,22,16,8,88,14,11,16,115,11,8,9,62,6,5,4,7,4,1,4,4,2,1,1,1,2,5,1,3,9,14,6,8,21,7,2,5,11,2,4,3,6,8,5,7,8,0,0,4,1,1,2,2,0,0,0,0,3,3,5,0,7
935,16,10,3,8,14,6,5,11,24,7,2,16,11,11,2,33,5,4,1,5,2,1,1,4,3,2,1,1,3,2,0,10,21,11,142,18,6,10,82,11,5,17,120,13,12,14,44,12,2,2,3,6,1,3,4,2,5,1,0,2,8,3,4,2,25,7,15,16,5,8,9,5,6,3,13,5,10,2,4,14,2,1,4,2,0,0,4,4,2,0,3,2,2,5,3,9
936,12,14,1,3,22,5,4,10,28,3,4,17,11,11,1,32,9,3,0,2,2,4,2,4,1,2,1,6,3,4,0,9,25,8,157,13,12,10,81,12,12,8,100,9,11,13,51,8,2,6,7,0,2,4,3,5,3,1,1,3,8,2,1,4,16,3,21,14,5,6,13,10,5,3,10,5,9,10,8,15,2,2,3,0,0,0,7,3,1,0,3,4,2,2,3,3
937,7,10,1,6,10,7,6,8,18,6,3,18,7,13,0,31,1,4,1,4,4,5,2,8,3,1,1,3,3,6,0,8,37,8,150,17,19,7,88,13,12,13,100,9,12,11,49,12,4,4,3,4,1,3,5,0,3,0,0,4,11,2,2,7,15,9,15,17,5,7,4,11,2,1,4,6,12,4,3,18,0,2,1,2,0,4,7,5,1,1,5,1,2,3,12,6
938,16,3,2,4,18,9,8,17,28,8,1,16,20,16,0,29,2,3,0,5,2,7,3,5,1,3,0,4,5,9,1,10,23,12,152,16,11,9,77,11,13,15,93,3,13,8,54,7,4,0,3,3,3,1,7,2,3,2,1,4,4,4,3,7,22,6,18,12,2,7,13,6,7,3,3,9,5,6,4,12,2,1,2,1,2,5,5,5,1,1,4,1,0,4,3,5
939,17,10,0,8,19,6,7,11,25,6,1,20,11,11,5,37,2,2,3,3,4,3,3,6,0,1,1,2,3,2,0,7,32,14,146,23,7,12,90,9,8,6,90,5,14,11,45,10,4,1,3,5,1,3,3,2,2,3,2,4,7,3,4,4,22,4,16,23,13,13,12,5,9,0,2,6,8,8,5,12,3,1,4,1,0,2,3,4,1,1,4,1,1,2,1,4
940,16,10,1,4,16,9,1,10,30,5,1,10,19,8,5,37,4,0,0,6,2,3,3,2,1,1,0,1,4,7,0,5,24,8,159,15,10,10,81,11,11,13,116,11,13,7,49,8,2,4,5,6,0,3,4,5,4,2,3,1,8,2,4,7,13,5,15,20,7,7,8,8,9,2,7,5,6,9,8,4,2,1,4,2,2,0,7,5,0,2,3,1,0,4,1,6
941,9,7,2,5,21,5,2,10,19,6,2,19,19,9,2,30,5,5,1,2,3,2,5,3,4,0,0,3,5,5,1,7,31,7,142,18,8,8,106,10,9,11,94,10,11,13,64,7,7,2,6,4,2,1,4,4,2,3,1,2,10,1,3,5,18,6,15,24,4,3,8,9,5,3,6,6,9,10,5,12,0,1,6,0,0,2,2,2,0,0,3,1,1,5,3,7
942,14,6,1,7,19,4,3,10,36,5,3,17,14,11,6,36,9,5,1,5,3,5,2,4,1,1,0,2,7,7,0,6,18,14,138,12,20,6,103,11,9,7,95,6,13,10,54,16,0,4,5,1,3,1,3,4,1,2,0,0,10,3,1,11,24,3,14,16,2,5,8,7,10,1,9,3,6,10,5,9,1,1,2,1,0,2,2,5,1,3,3,1,3,1,4,7
943,22,7,1,8,21,3,2,10,22,6,1,17,16,12,5,31,11,5,2,3,2,7,5,6,1,2,0,3,7,5,0,10,18,9,157,13,14,9,99,11,12,9,94,4,6,9,42,8,4,7,2,3,1,1,4,1,3,0,2,1,9,2,4,3,18,14,9,14,5,3,7,8,8,3,9,7,6,9,6,13,2,4,5,8,1,3,3,3,0,1,4,1,4,3,0,5
944,15,10,0,4,17,6,1,6,26,14,3,12,23,11,4,26,8,4,0,4,3,2,1,3,1,4,0,3,6,1,2,13,25,10,169,15,12,11,84,12,7,14,103,5,8,20,44,17,5,5,4,5,1,3,4,2,1,2,0,2,3,3,1,4,11,8,16,17,4,5,8,12,7,0,10,2,3,5,4,12,0,2,6,0,1,1,1,6,1,0,5,1,3,5,6,4
945,14,6,0,8,12,11,4,9,23,6,2,18,18,16,1,30,6,3,1,4,4,6,5,6,2,3,0,0,1,6,0,8,26,10,153,9,13,9,87,11,14,10,101,6,7,13,51,13,6,1,7,3,2,2,1,5,2,0,5,1,8,3,2,5,25,6,22,19,4,4,10,7,8,3,2,6,5,7,6,7,4,2,4,4,0,1,4,3,1,0,2,1,3,3,2,6
946,15,10,1,7,15,4,7,18,25,5,2,18,12,8,0,43,10,2,1,3,3,2,3,5,4,1,0,1,5,3,1,2,26,7,146,18,13,13,75,11,9,10,101,7,10,18,56,11,4,2,7,4,1,4,4,1,2,4,1,1,11,1,1,6,14,6,14,25,6,11,7,8,5,3,8,6,5,6,3,9,1,0,4,2,0,6,3,5,0,1,3,1,2,3,7,5
947,12,4,0,12,18,12,4,11,18,9,3,14,20,8,6,34,3,2,2,9,1,3,0,7,1,5,1,1,3,0,1,8,19,7,167,17,8,9,89,14,15,9,101,7,6,12,47,6,3,2,6,10,2,3,3,5,0,0,5,0,7,1,0,6,16,9,18,14,3,10,7,9,4,4,5,8,6,6,5,12,4,2,3,4,1,1,4,3,2,1,4,4,3,3,1,6
948,17,8,0,3,15,5,3,8,21,8,2,18,17,11,4,24,5,3,0,8,1,2,0,10,3,3,2,3,4,3,0,2,33,12,136,19,11,13,75,9,12,13,100,14,7,14,59,5,2,4,9,1,2,3,3,5,1,2,4,0,10,0,0,9,23,5,19,21,3,2,9,1,6,9,13,3,7,7,5,16,3,0,3,4,0,3,4,8,2,0,5,2,2,2,2,11
949,16,12,2,2,17,7,9,12,29,14,2,17,19,13,2,21,2,3,1,3,3,2,3,1,3,3,1,7,6,6,0,11,25,12,153,13,15,6,77,11,9,11,93,10,11,7,49,16,6,5,3,5,0,1,3,4,0,2,2,1,9,1,3,4,21,3,22,9,8,9,6,6,14,6,8,3,5,6,6,12,3,1,3,6,1,4,3,3,1,0,4,0,2,2,0,7
950,16,7,0,4,20,4,2,4,27,7,4,15,22,18,1,35,5,3,1,5,3,2,2,2,2,2,0,0,5,2,0,9,18,16,148,16,9,11,111,9,15,8,86,4,16,8,54,14,7,5,6,7,2,5,4,3,1,1,2,1,8,0,1,6,19,5,7,21,3,4,6,4,4,4,6,10,7,4,6,15,2,2,4,1,2,1,4,6,1,2,5,2,2,2,4,4
951,17,3,2,7,16,15,5,8,21,6,2,14,11,16,1,35,6,2,0,7,3,4,1,5,3,3,0,3,2,1,1,4,24,5,165,17,13,10,98,13,9,10,95,8,9,15,50,5,3,6,4,5,1,3,3,6,2,3,2,4,7,3,2,3,24,6,20,17,5,2,9,10,4,9,2,2,6,5,5,7,1,2,3,4,1,1,2,8,1,1,0,0,4,3,3,6
952,25,3,2,8,22,7,3,11,21,9,5,13,25,10,3,28,6,4,0,5,2,4,1,3,3,2,1,4,6,4,0,5,31,10,149,18,11,8,96,10,12,7,89,8,12,11,63,16,4,3,8,3,0,5,1,3,0,0,1,3,10,0,2,5,18,5,17,15,4,3,7,4,8,2,5,5,4,6,4,6,3,0,2,3,2,1,3,3,2,1,3,1,3,2,7,7
953,18,7,1,7,19,8,2,4,22,5,2,13,19,17,5,33,5,4,1,5,2,3,2,5,2,6,1,3,8,4,0,4,24,7,145,10,11,9,73,12,16,11,105,8,13,10,59,15,4,2,6,4,0,4,7,2,4,2,0,1,10,2,2,7,18,8,20,13,6,5,9,7,5,7,6,1,7,6,3,10,2,3,5,0,2,3,3,3,0,0,5,1,4,2,6,8
954,18,15,0,11,16,3,6,5,29,10,4,14,13,10,4,32,3,3,3,6,3,4,1,5,5,4,0,0,2,4,0,6,17,10,140,13,15,10,95,7,16,10,105,12,12,19,54,7,3,1,4,5,3,4,3,3,2,0,1,1,8,0,3,8,19,6,24,16,1,9,14,5,6,2,7,5,4,5,2,8,2,3,3,1,0,2,3,4,0,1,2,2,3,1,4,6
955,18,8,2,4,22,8,5,10,30,3,5,9,12,13,6,30,5,2,5,1,6,5,2,3,0,6,2,1,5,4,0,7,27,11,137,11,13,14,97,8,11,7,105,7,8,10,53,9,5,5,6,7,0,5,7,3,2,2,3,4,4,0,1,8,20,4,12,15,6,9,6,6,13,2,9,3,9,3,5,9,2,0,4,3,2,2,4,1,2,1,2,3,0,1,6,7
956,13,9,3,6,17,2,3,8,28,5,3,24,22,8,6,23,6,1,1,7,2,4,4,10,3,0,0,3,4,5,1,7,24,8,173,11,13,16,77,9,12,9,69,7,10,11,57,10,4,5,4,6,1,3,2,1,6,2,2,3,9,2,2,8,21,7,9,18,6,12,12,10,9,4,8,2,5,3,4,7,3,1,5,2,1,1,5,2,3,0,5,3,3,3,4,8
957,18,12,0,5,17,8,3,10,35,5,5,20,16,17,2,35,3,5,0,2,5,1,1,4,1,1,1,3,1,9,2,10,20,14,141,13,14,7,77,12,9,4,92,6,16,14,43,11,4,5,7,0,1,3,3,4,0,1,2,2,9,3,1,3,22,5,17,24,9,3,6,7,5,5,11,6,10,6,9,10,0,1,2,2,1,5,1,2,1,2,5,4,8,2,6,5
958,8,10,1,2,14,4,6,11,26,7,0,17,21,14,3,33,7,4,4,5,0,9,4,2,3,1,1,2,4,2,0,7,33,7,165,15,17,7,77,6,13,6,100,14,13,11,47,9,3,4,5,9,2,2,1,4,3,3,3,2,8,3,2,7,17,5,15,13,5,7,3,7,9,4,7,1,8,8,0,9,1,1,3,7,2,3,7,4,2,1,6,0,1,2,1,8
959,20,12,3,8,16,7,6,5,24,6,3,16,20,8,2,29,2,6,1,3,3,5,1,6,1,2,0,3,1,6,0,6,19,13,152,21,14,5,100,4,7,10,85,15,14,10,49,10,4,3,3,2,3,6,2,0,5,2,5,1,5,2,1,11,15,7,18,15,7,7,8,10,5,8,10,4,8,3,8,8,1,1,4,0,3,4,3,5,3,0,6,3,5,2,2,3
960,12,7,1,8,20,6,8,12,25,7,2,14,10,21,8,32,4,3,2,5,2,3,0,7,4,4,0,6,4,5,1,6,25,13,138,11,13,13,85,12,11,13,94,9,16,6,58,12,1,3,9,1,2,2,3,1,3,1,0,5,3,1,1,14,13,3,11,21,7,2,13,3,5,5,13,2,8,7,5,9,2,1,4,5,2,1,5,5,0,0,4,0,1,1,3,11
961,19,7,1,10,15,11,6,5,24,9,1,13,25,13,2,22,9,5,0,9,3,10,1,2,0,1,2,2,3,3,0,8,26,9,163,15,9,10,95,8,10,10,100,7,8,13,44,5,0,2,1,6,4,1,5,3,2,0,5,6,13,1,5,4,17,9,17,17,4,5,9,10,3,1,8,7,2,4,6,13,1,2,7,1,1,3,3,4,2,1,3,1,1,1,4,2
962,20,11,1,7,17,5,2,11,29,3,4,16,15,17,1,27,4,4,0,5,2,2,3,1,0,1,0,2,2,7,0,6,22,9,138,14,15,9,96,11,5,19,100,5,10,11,61,3,6,1,6,7,2,4,2,3,1,1,2,4,6,4,2,5,20,8,15,25,5,6,8,6,6,4,4,9,7,3,13,5,2,0,7,0,0,3,1,2,3,1,5,1,4,5,4,9
963,18,12,1,6,16,8,6,6,30,5,2,10,17,19,5,26,6,5,1,5,1,3,1,10,3,2,0,4,7,4,1,6,23,7,145,20,10,6,84,10,7,12,97,7,10,13,62,9,3,2,6,4,2,2,2,0,0,1,3,4,9,2,1,3,24,6,14,19,4,7,10,5,7,1,4,7,7,3,7,15,2,1,4,0,1,3,4,4,0,1,3,2,5,4,7,7
964,14,9,0,5,18,5,4,9,34,7,3,17,19,16,5,20,3,1,3,7,4,2,4,8,2,5,0,4,6,5,0,8,20,12,154,10,10,6,84,12,12,9,97,12,8,8,50,12,5,1,7,1,1,3,1,2,1,1,0,5,10,0,3,8,19,4,20,14,6,8,12,7,9,5,6,4,3,3,6,12,0,2,7,1,1,3,4,4,1,0,8,0,1,4,3,11
965,17,5,1,5,16,8,3,9,31,7,5,13,21,14,6,31,7,7,2,7,5,8,2,4,2,3,1,0,5,2,0,6,29,15,158,10,13,7,78,7,11,13,82,9,11,7,50,10,4,3,7,5,3,1,4,1,1,2,1,1,7,2,7,8,19,6,20,20,5,9,6,5,2,10,8,3,10,5,4,6,4,2,2,1,0,5,2,6,2,0,3,1,3,2,6,3
966,14,10,1,6,20,8,5,7,24,6,1,16,24,11,2,31,9,2,1,7,0,5,0,3,3,3,0,1,6,8,5,9,18,8,148,13,11,7,84,11,16,18,90,12,15,10,46,10,3,6,3,1,2,2,4,0,3,2,2,5,7,2,4,5,22,6,26,20,3,6,8,5,7,3,6,4,4,5,7,8,1,2,5,4,2,2,6,6,0,0,6,0,1,0,3,6
967,8,9,1,8,16,6,4,9,34,7,0,12,20,9,3,30,5,5,2,4,3,5,1,1,2,4,2,4,2,4,1,14,28,8,150,13,9,12,91,5,11,11,102,12,14,11,57,14,2,5,7,2,3,3,1,3,1,1,3,0,13,2,4,5,16,3,9,17,5,4,15,7,6,5,7,5,5,10,5,7,2,1,2,2,1,1,2,3,2,1,1,2,1,7,0,8
968,20,9,1,5,13,8,5,6,21,10,4,13,20,13,2,27,8,2,4,6,6,6,2,3,1,2,2,1,5,2,1,7,29,15,146,12,8,6,87,7,17,9,90,9,11,15,54,8,7,7,4,3,1,2,3,4,1,2,1,1,8,4,1,1,18,9,22,13,4,5,6,5,5,5,9,4,17,5,7,8,2,0,6,2,2,1,6,8,1,0,3,2,3,3,4,7
969,17,16,0,7,20,5,7,7,20,8,2,13,14,14,6,32,5,5,1,4,1,4,1,4,2,2,0,1,3,7,0,3,30,8,165,20,9,9,95,17,17,8,72,8,9,4,49,8,4,5,6,5,0,7,2,2,5,3,5,1,6,2,3,7,18,12,14,17,4,3,6,7,5,1,14,12,10,10,4,7,0,2,3,0,1,3,3,3,1,0,2,5,1,3,1,6
970,20,12,1,12,24,9,6,6,32,4,2,16,22,16,6,26,8,2,0,5,5,4,5,4,0,0,0,2,3,6,2,8,24,7,140,13,10,6,109,6,8,9,96,5,10,11,48,9,1,4,4,4,4,1,4,3,1,0,1,1,8,3,0,5,13,5,19,15,2,3,12,7,5,4,9,6,10,8,4,10,2,4,2,2,2,4,4,4,1,0,6,2,2,2,4,4
971,15,8,0,2,19,3,4,16,24,5,3,18,14,18,1,21,2,4,1,2,3,4,0,5,0,3,0,4,3,4,0,5,18,10,156,17,15,5,93,9,15,16,102,12,10,19,45,14,4,3,8,7,0,1,2,4,0,2,3,3,10,4,2,7,13,5,11,21,6,4,10,3,8,6,9,5,7,7,4,10,2,0,2,2,0,2,7,4,2,1,2,1,5,2,3,9
972,14,8,2,6,18,9,3,15,22,9,1,17,15,10,2,23,6,5,1,6,1,4,2,2,0,8,1,4,4,5,2,14,30,6,135,22,8,7,91,5,19,10,115,8,17,9,42,8,1,7,3,5,2,3,3,3,1,3,1,2,8,1,2,9,21,5,18,23,1,8,6,1,5,7,2,7,9,5,5,13,0,1,5,2,2,1,2,1,0,1,5,2,2,5,4,6
973,10,15,1,8,21,4,4,15,20,10,4,15,18,14,4,43,9,4,3,3,2,2,4,2,2,3,0,1,1,3,1,9,28,13,155,16,10,8,85,11,9,12,88,11,8,13,53,11,1,4,4,5,4,1,1,2,1,1,1,1,5,3,4,7,22,12,21,21,0,3,8,6,6,4,6,5,4,8,7,6,1,0,4,4,0,3,0,4,1,0,1,2,2,2,3,3
974,14,2,0,4,25,10,3,13,28,7,4,14,31,12,1,35,8,0,0,3,3,4,2,9,0,2,0,5,6,4,1,7,26,12,141,19,12,7,74,11,13,7,116,5,8,10,45,6,6,3,5,6,2,2,3,0,0,0,1,0,6,4,2,7,24,10,19,16,3,2,11,7,8,7,7,6,6,6,4,7,5,1,5,3,1,6,1,3,1,1,2,0,2,4,1,5
975,17,5,1,8,19,8,5,8,19,4,5,14,12,17,4,31,6,5,2,4,5,5,1,8,4,4,0,3,3,3,3,8,37,9,154,11,8,5,79,6,16,8,96,14,10,16,44,6,6,5,8,1,2,4,3,0,0,1,3,4,6,3,2,12,10,5,25,18,6,6,7,7,7,6,5,4,8,7,6,9,2,5,4,1,0,2,5,6,0,2,2,1,2,2,7,3
976,12,7,2,9,19,5,6,9,28,9,1,5,20,12,2,22,6,6,2,5,4,5,3,1,0,2,0,2,3,3,0,7,41,8,157,21,8,5,97,7,11,7,107,10,11,9,54,12,4,3,1,6,4,0,1,0,3,4,2,3,3,1,1,7,25,5,22,11,7,2,7,10,4,3,6,8,5,8,5,8,2,0,6,5,3,1,1,3,3,0,3,3,2,1,1,5
977,8,5,1,8,18,8,4,7,22,7,4,13,22,12,4,24,7,3,2,2,4,9,2,4,2,1,0,3,2,2,0,8,16,16,172,12,10,9,86,10,8,5,83,5,18,14,55,8,8,6,2,7,0,4,3,1,1,0,2,2,6,2,3,7,22,4,18,17,5,6,10,7,5,7,10,5,11,6,2,12,2,2,7,3,2,1,4,7,3,0,4,5,1,3,4,6
978,14,8,3,5,27,12,3,7,32,3,3,20,13,18,8,32,9,2,0,4,1,7,0,7,0,2,0,3,4,2,0,4,24,9,165,11,5,5,94,14,7,18,90,11,8,12,52,9,9,3,3,2,1,1,5,1,1,1,0,3,10,2,1,6,21,3,13,17,4,8,11,5,5,4,2,4,5,7,6,6,4,2,5,0,1,5,3,4,2,1,3,1,3,0,3,6
979,13,4,2,4,22,5,4,8,20,5,0,10,17,15,1,38,8,8,2,5,4,6,2,7,2,4,1,3,2,3,1,5,30,13,138,18,12,8,77,8,13,12,109,8,19,12,33,16,2,1,2,3,2,3,5,3,4,1,1,2,8,3,1,2,19,6,21,26,8,3,8,4,7,9,7,7,12,7,3,4,2,2,1,1,0,3,7,5,3,1,1,0,5,4,3,11
980,13,5,3,8,18,8,10,9,32,8,2,16,15,16,4,28,5,1,2,4,3,6,4,2,2,4,1,2,6,6,0,8,32,15,157,16,9,9,78,6,6,9,79,9,10,14,42,9,7,4,9,6,4,4,3,2,1,0,1,1,7,1,2,4,19,10,15,17,9,5,7,3,6,6,9,10,12,3,9,8,2,1,3,2,1,0,6,2,5,2,5,0,5,1,2,8
981,14,9,1,9,11,10,3,5,31,7,1,18,12,15,2,22,5,6,0,7,1,4,1,9,0,2,0,5,4,6,0,13,22,11,143,13,9,10,100,9,8,10,89,15,10,15,52,6,4,1,8,4,1,1,2,4,2,2,1,2,3,1,3,11,22,7,9,17,6,9,20,12,5,2,14,6,7,1,4,17,3,2,2,3,2,2,3,3,1,2,0,0,2,4,4,4
982,13,4,1,7,21,5,4,12,24,8,4,13,19,12,1,37,5,2,0,7,2,5,4,7,0,0,0,2,7,4,0,6,27,14,138,12,8,13,75,17,9,10,103,14,7,11,62,11,5,6,4,7,1,3,2,3,0,1,2,2,10,2,1,6,14,5,14,21,4,4,13,3,6,6,9,6,6,7,6,12,0,2,3,1,0,1,1,3,3,0,4,1,4,4,5,10
983,14,10,1,10,25,7,3,6,22,6,1,14,22,16,3,23,5,6,0,3,6,5,1,5,2,3,0,2,6,1,0,4,33,13,158,17,10,2,77,7,12,12,86,7,12,14,67,8,2,5,7,7,2,0,5,1,3,3,1,2,8,3,2,4,20,11,14,18,5,5,3,3,8,4,13,7,6,8,6,10,3,2,3,2,0,2,4,5,2,0,2,0,1,2,5,4
984,10,6,2,13,14,4,4,15,26,12,5,21,10,12,2,22,10,3,1,4,8,9,4,3,2,3,3,1,8,1,0,7,20,11,132,8,13,17,93,8,12,11,87,10,12,16,56,9,3,2,10,2,4,3,1,5,1,1,1,4,6,3,2,1,17,6,13,19,3,10,9,6,7,3,8,4,7,5,11,12,1,2,4,0,1,4,6,4,0,1,6,0,1,7,4,10
985,15,7,2,6,13,13,0,12,26,11,2,16,18,14,1,21,3,3,0,2,4,4,0,1,1,4,1,6,4,6,1,7,23,16,166,14,15,10,80,9,19,16,81,12,11,8,45,8,2,5,4,10,2,5,2,1,3,0,1,1,9,1,3,4,30,11,17,17,4,5,9,4,8,2,2,7,7,8,6,12,0,0,0,1,3,3,5,1,1,3,7,0,2,4,4,7
986,10,8,3,9,18,5,5,18,30,5,3,9,22,20,5,29,6,1,0,6,1,5,1,7,0,0,0,4,4,6,3,7,22,14,137,24,10,12,74,6,11,10,95,7,10,15,56,9,4,9,6,2,1,3,6,0,0,3,2,1,9,0,4,9,21,4,22,17,4,7,10,3,4,2,8,8,16,10,2,8,1,1,3,4,2,0,2,4,0,1,1,4,2,5,0,3
987,10,5,1,11,14,11,4,13,34,6,2,13,12,10,1,40,4,6,0,5,1,3,2,6,1,4,0,2,3,4,0,8,23,11,141,15,7,14,107,15,15,9,84,8,8,10,63,12,4,6,6,8,0,2,4,1,1,1,0,2,5,0,1,4,17,6,16,22,3,8,14,4,7,2,10,9,4,7,5,9,4,1,3,1,1,2,1,1,2,2,2,2,3,0,4,5
988,12,9,3,5,11,3,2,5,28,10,3,16,12,10,6,29,10,5,0,3,3,7,2,2,3,2,0,3,4,4,0,6,21,11,159,18,9,9,92,14,7,11,120,10,8,13,57,11,5,2,1,5,2,2,1,1,1,1,3,2,10,2,3,3,24,7,9,16,3,5,11,6,12,4,4,5,5,7,3,5,1,2,5,3,2,2,0,6,1,0,5,3,0,1,6,5
989,16,6,0,5,28,8,1,13,21,7,4,16,16,14,3,33,3,4,1,4,2,4,4,5,1,4,1,1,6,6,1,4,16,11,169,16,12,12,84,8,6,12,104,8,11,9,55,6,3,4,3,3,1,1,3,1,1,0,3,1,6,2,3,6,23,8,16,31,6,7,2,4,8,7,9,5,3,3,3,7,3,0,4,0,2,0,3,3,2,0,5,0,2,0,3,9
990,18,11,0,8,25,7,1,10,24,4,3,20,15,11,2,19,7,3,0,5,0,7,1,4,3,1,0,2,4,6,2,6,21,7,136,10,10,14,89,12,15,10,99,10,15,15,61,10,2,3,5,4,0,3,3,3,0,5,3,1,5,2,2,6,19,7,23,13,9,4,12,5,5,4,5,11,10,8,5,6,2,2,5,0,2,3,5,5,1,1,3,0,2,4,2,7
991,13,5,3,10,17,7,1,5,27,3,3,16,14,16,2,24,6,3,1,12,4,4,2,4,2,3,0,5,4,8,0,7,27,11,159,18,10,6,85,8,13,8,95,11,8,19,41,8,5,5,2,5,1,1,3,4,4,2,2,3,11,2,1,2,25,6,14,24,5,6,5,5,2,1,5,6,9,11,9,10,6,1,2,3,1,3,3,3,2,3,7,2,1,2,3,4
992,16,8,0,7,24,7,2,6,30,8,1,13,15,13,5,27,1,2,0,3,2,3,3,4,2,1,1,5,3,4,3,2,26,11,162,10,11,7,86,10,11,10,99,10,12,13,62,7,7,6,8,2,1,4,0,2,3,2,1,2,10,0,3,5,13,3,14,17,4,7,8,6,6,6,8,1,7,10,9,12,2,3,5,3,0,3,4,2,0,0,6,3,2,3,5,4
993,15,7,2,7,21,5,2,13,34,4,3,17,20,11,5,27,7,4,0,7,5,3,4,9,2,1,1,2,3,5,0,3,29,10,158,10,10,9,91,11,15,10,98,8,12,9,40,12,5,4,0,5,2,2,1,3,2,2,1,1,11,2,1,6,18,5,18,17,1,9,8,8,3,3,9,5,8,7,6,6,4,2,3,2,0,2,3,2,1,2,6,0,5,1,4,3
994,14,4,2,7,26,5,3,13,24,9,3,15,23,13,1,28,8,2,0,5,3,6,3,5,3,0,1,3,4,5,1,4,28,13,164,19,14,5,82,15,16,9,88,11,13,11,38,8,1,4,4,4,3,2,2,2,0,1,1,1,11,1,2,6,23,4,16,19,4,2,13,5,3,4,4,7,5,6,8,9,3,2,2,4,1,4,3,2,1,2,5,0,3,5,3,6
995,21,10,0,7,12,5,1,10,18,5,1,16,29,18,1,30,1,2,2,2,8,4,0,8,1,0,0,3,2,4,0,7,21,10,141,11,7,8,99,9,4,14,103,7,14,13,56,8,7,7,2,2,1,4,1,6,3,0,4,0,9,2,3,12,17,10,7,24,8,5,7,3,5,4,6,6,8,10,7,9,1,2,7,2,0,4,3,2,0,1,0,3,3,4,3,13
996,21,3,4,11,17,6,4,7,19,10,6,15,18,17,1,35,3,1,0,8,3,4,2,2,1,3,2,2,1,3,1,10,26,10,152,21,12,8,94,6,9,13,100,8,9,8,51,6,7,6,5,6,0,1,1,6,5,3,2,1,10,1,0,7,18,6,11,14,4,2,8,8,7,8,4,7,8,10,6,11,1,1,4,2,1,2,4,3,0,0,5,3,0,2,2,4
997,17,8,1,8,9,5,5,3,25,9,2,13,15,17,3,28,3,4,4,9,5,6,1,3,1,1,1,1,6,4,0,9,24,9,151,18,7,5,78,12,6,12,90,14,13,10,53,6,2,7,1,4,4,4,3,0,5,1,1,4,7,5,2,6,20,10,19,22,4,6,12,10,7,3,8,4,9,9,10,8,2,0,6,2,1,3,5,5,1,1,3,1,4,5,7,3
998,20,7,1,4,17,8,1,7,24,10,1,13,20,10,4,28,6,4,1,2,5,3,3,5,1,1,1,4,4,3,0,5,40,6,156,13,11,9,98,12,8,8,96,6,16,11,60,4,4,1,6,4,0,2,4,1,3,1,1,3,10,2,2,8,17,7,16,16,5,4,8,5,4,3,8,5,6,5,7,6,1,0,3,5,1,5,3,3,1,1,4,2,4,2,3,11
999,12,8,0,8,20,12,5,13,24,7,5,11,20,13,5,34,3,2,3,5,4,2,1,4,1,2,0,4,2,4,0,9,25,12,150,16,10,10,91,10,10,10,91,10,9,21,53,6,3,1,4,4,1,3,1,3,2,2,4,1,6,1,5,2,19,9,12,19,5,16,10,5,4,2,7,2,6,5,6,12,1,0,5,2,2,1,0,4,7,1,6,1,1,0,4,6
