,A[C>A]A,A[C>A]C,A[C>A]G,A[C>A]T,C[C>A]A,C[C>A]C,C[C>A]G,C[C>A]T,G[C>A]A,G[C>A]C,G[C>A]G,G[C>A]T,T[C>A]A,T[C>A]C,T[C>A]G,T[C>A]T,A[C>G]A,A[C>G]C,A[C>G]G,A[C>G]T,C[C>G]A,C[C>G]C,C[C>G]G,C[C>G]T,G[C>G]A,G[C>G]C,G[C>G]G,G[C>G]T,T[C>G]A,T[C>G]C,T[C>G]G,T[C>G]T,A[C>T]A,A[C>T]C,A[C>T]G,A[C>T]T,C[C>T]A,C[C>T]C,C[C>T]G,C[C>T]T,G[C>T]A,G[C>T]C,G[C>T]G,G[C>T]T,T[C>T]A,T[C>T]C,T[C>T]G,T[C>T]T,A[T>A]A,A[T>A]C,A[T>A]G,A[T>A]T,C[T>A]A,C[T>A]C,C[T>A]G,C[T>A]T,G[T>A]A,G[T>A]C,G[T>A]G,G[T>A]T,T[T>A]A,T[T>A]C,T[T>A]G,T[T>A]T,A[T>C]A,A[T>C]C,A[T>C]G,A[T>C]T,C[T>C]A,C[T>C]C,C[T>C]G,C[T>C]T,G[T>C]A,G[T>C]C,G[T>C]G,G[T>C]T,T[T>C]A,T[T>C]C,T[T>C]G,T[T>C]T,A[T>G]A,A[T>G]C,A[T>G]G,A[T>G]T,C[T>G]A,C[T>G]C,C[T>G]G,C[T>G]T,G[T>G]A,G[T>G]C,G[T>G]G,G[T>G]T,T[T>G]A,T[T>G]C,T[T>G]G,T[T>G]T
0,26,3,1,8,17,3,2,12,26,10,1,15,20,6,3,32,9,1,0,6,5,6,1,4,2,2,0,7,3,4,1,7,26,13,146,14,12,7,88,9,16,13,79,9,11,12,51,6,4,3,5,6,3,2,1,1,2,0,1,0,9,1,0,5,18,13,11,21,7,4,14,8,6,3,8,4,14,8,6,14,4,2,6,2,1,2,2,2,1,1,3,0,3,3,3,8
1,21,11,0,6,14,11,1,9,23,8,4,19,13,13,4,35,13,8,0,2,5,7,4,5,4,2,0,2,2,5,0,4,34,16,142,9,7,9,82,10,11,10,101,10,7,8,57,12,5,4,3,1,3,4,0,0,2,1,4,0,10,7,1,5,18,10,18,21,3,6,11,3,6,1,8,8,8,3,3,13,0,0,1,1,0,2,6,2,0,1,2,0,2,3,5,5
2,14,4,3,7,18,7,2,5,20,9,3,16,16,12,6,37,8,3,0,3,2,1,0,5,0,2,1,4,4,4,1,6,19,14,148,14,13,11,87,3,10,7,88,8,21,15,56,15,4,6,6,3,2,1,6,4,3,1,0,2,3,3,1,7,22,9,23,21,3,6,3,5,4,1,6,9,8,7,9,10,2,1,6,3,3,2,3,7,3,1,3,0,5,3,2,6
3,20,16,0,13,24,9,2,9,18,5,2,16,23,18,1,28,2,3,1,6,3,2,1,6,1,3,0,4,5,3,0,2,15,12,155,12,11,10,86,12,14,8,83,11,10,10,63,14,3,4,3,2,4,6,3,2,3,2,1,1,6,1,2,7,17,6,20,15,5,9,7,9,9,5,3,2,12,2,5,7,2,2,2,4,1,3,5,6,0,0,6,1,0,5,5,3
4,19,7,1,11,12,8,5,12,27,5,3,16,16,11,2,24,6,5,1,5,3,1,2,4,4,2,0,2,3,4,1,9,23,7,158,9,8,5,100,11,10,9,83,13,11,9,57,6,6,11,5,3,0,2,3,3,6,0,1,1,11,6,2,5,22,8,11,24,7,5,8,5,8,9,9,2,6,10,3,5,1,0,6,2,2,6,5,4,0,0,2,1,1,5,3,5
5,12,5,1,4,14,5,6,6,27,4,3,14,18,13,3,39,9,4,3,7,3,2,4,9,4,2,0,1,2,3,1,2,25,9,164,16,13,6,86,14,14,5,109,4,10,13,52,7,3,0,2,6,3,8,3,1,0,3,1,2,4,1,1,4,14,4,24,8,5,6,12,9,6,7,8,4,6,8,11,14,2,1,4,1,1,3,0,4,1,0,2,4,0,2,4,6
6,12,8,3,6,21,8,6,10,28,4,4,14,16,5,4,31,4,4,3,1,6,4,1,5,3,5,0,2,3,5,0,3,33,14,160,11,10,9,91,9,6,15,73,14,8,11,60,11,2,1,13,5,1,2,2,2,2,1,2,3,8,1,3,5,18,13,10,17,4,7,9,2,9,6,7,7,9,5,6,13,2,2,5,1,2,0,5,3,1,1,3,1,2,2,4,7
7,14,7,0,5,16,4,4,11,21,5,3,14,16,14,5,19,5,5,1,7,2,7,0,3,2,3,1,2,4,3,1,4,22,15,172,8,16,10,74,11,13,5,98,10,14,12,45,11,4,2,11,7,1,3,3,2,2,3,0,1,8,5,5,6,24,4,16,28,4,6,7,11,6,6,12,6,7,3,8,8,1,1,4,2,1,3,2,1,3,3,4,1,2,0,3,6
8,17,14,2,6,23,6,8,10,31,5,2,18,20,17,6,38,6,4,1,8,2,8,0,7,2,3,2,4,4,3,2,4,16,16,147,12,18,7,91,8,12,7,85,11,9,9,52,4,6,2,4,8,3,1,0,2,2,2,3,1,9,1,3,6,13,4,9,17,8,3,10,11,4,1,4,6,8,9,3,12,2,0,2,2,0,1,6,5,1,0,2,1,2,5,5,4
9,12,7,0,11,25,10,4,13,29,8,3,23,17,15,2,26,6,3,0,7,4,10,2,5,1,0,2,0,5,2,0,3,22,14,164,13,10,9,73,18,14,4,83,7,11,10,59,13,2,4,3,2,3,3,2,2,2,1,1,0,5,4,4,7,26,8,15,15,10,3,8,4,3,4,6,11,10,5,8,4,2,2,2,3,1,1,1,3,0,0,4,2,2,0,5,8
10,12,9,1,11,17,4,4,9,31,7,2,17,27,10,2,33,4,8,1,4,2,4,2,3,2,2,0,3,3,4,3,12,25,12,148,19,7,3,81,11,15,8,98,9,9,12,61,8,5,1,3,5,2,5,5,3,3,2,2,0,7,3,1,4,11,7,20,20,5,5,8,5,5,5,10,6,10,6,4,9,1,1,7,1,2,1,2,4,1,1,2,2,0,3,4,2
11,13,8,2,9,18,10,3,7,32,3,3,10,15,14,4,40,2,3,1,5,2,3,1,1,0,3,0,2,3,5,1,11,26,8,162,14,11,7,75,16,14,10,89,8,10,13,64,9,5,2,3,5,1,3,0,4,1,2,3,2,5,0,4,7,18,6,17,23,6,3,9,7,6,4,6,7,9,7,5,10,1,1,4,3,1,2,2,4,0,0,5,1,2,4,1,9
12,11,6,1,5,17,6,1,11,21,3,5,15,25,13,3,44,7,6,1,8,3,8,1,6,3,1,1,3,5,4,1,3,31,7,130,13,10,8,90,8,10,16,106,9,5,10,51,6,4,9,6,3,0,4,1,3,2,1,0,3,8,2,2,5,27,9,22,22,5,4,6,5,8,2,3,5,7,8,4,7,1,3,5,1,2,4,5,6,2,0,2,1,3,4,3,3
13,14,7,3,9,12,13,2,13,29,3,5,17,24,18,6,33,5,5,0,5,2,4,2,6,1,1,0,8,3,3,0,6,27,9,155,12,9,12,87,7,5,12,91,13,10,12,51,10,4,2,3,4,1,1,4,3,1,0,1,1,5,2,4,7,22,8,17,12,2,7,10,7,4,4,8,7,6,5,5,8,1,6,3,2,1,3,3,3,1,1,3,1,0,0,8,8
14,20,7,1,7,17,3,2,10,24,11,7,19,14,13,5,30,6,2,2,3,2,5,0,4,0,1,0,5,3,4,1,6,22,10,144,18,12,11,92,12,12,11,97,3,13,9,56,13,2,4,9,2,2,4,3,3,0,1,6,0,9,4,0,6,17,4,12,16,7,9,11,5,3,6,3,5,7,5,4,9,1,2,5,3,1,3,5,8,0,0,5,0,4,4,3,9
15,12,7,3,5,15,10,3,4,33,6,1,8,23,13,3,34,8,3,0,5,1,2,2,6,2,2,2,1,6,7,1,11,31,17,144,8,9,8,88,11,13,16,93,6,9,7,62,5,4,9,4,2,2,3,0,1,2,0,0,6,7,2,4,8,25,6,18,22,2,3,7,4,12,3,7,4,8,2,4,13,1,0,1,3,2,3,4,7,1,0,2,1,2,7,1,5
16,15,7,2,15,16,3,2,10,25,7,5,15,19,10,3,36,3,3,0,5,1,4,0,4,2,1,0,1,6,6,1,2,33,16,150,14,10,7,95,10,3,7,86,7,10,11,56,13,4,5,8,5,1,5,3,2,0,0,5,2,13,3,3,4,20,6,21,19,2,5,7,6,6,3,7,5,10,4,6,13,0,1,2,1,0,3,3,4,0,2,8,1,2,1,7,5
17,10,11,0,3,27,9,4,8,31,7,3,15,18,9,3,30,4,2,0,4,0,6,1,8,2,2,1,2,3,5,1,6,23,6,151,15,17,11,85,16,11,12,102,10,13,13,56,10,2,3,4,4,0,4,1,0,0,1,4,4,7,3,2,2,19,7,25,17,5,7,9,4,6,7,4,7,4,5,1,7,2,1,5,2,4,1,2,1,1,1,3,1,3,2,5,5
18,12,10,1,7,22,6,9,21,29,9,1,11,28,5,4,33,3,2,0,4,3,2,3,4,4,4,1,4,4,4,0,5,19,7,168,12,9,13,76,8,18,8,94,8,13,6,42,7,3,2,4,5,0,1,1,2,3,2,3,3,5,1,3,5,17,7,15,17,4,3,9,11,7,9,8,9,5,14,10,6,1,2,5,4,2,5,4,4,2,2,3,0,1,3,1,4
19,17,11,1,9,15,3,6,12,30,7,5,19,22,10,3,27,4,4,1,9,6,3,2,8,2,3,0,4,6,8,3,9,21,11,163,12,6,10,82,15,11,14,81,11,13,9,39,6,1,5,4,3,4,1,5,2,1,1,2,2,11,1,3,4,16,2,12,18,8,7,12,6,4,5,9,6,9,6,2,16,2,1,0,3,1,0,4,4,2,0,6,1,1,5,3,6
20,15,8,0,4,17,11,3,7,22,6,1,14,14,7,2,33,6,4,1,1,2,2,3,4,2,2,0,4,6,6,3,6,37,9,139,17,11,10,98,8,8,12,97,5,7,11,54,4,2,4,7,3,0,0,3,2,4,0,4,0,9,4,1,14,22,7,19,26,5,6,9,7,3,3,6,6,5,8,4,11,4,0,6,2,0,1,4,4,1,2,5,1,2,6,6,9
21,22,4,1,9,20,7,3,8,23,7,3,18,13,9,2,32,3,4,1,4,2,7,1,6,5,2,0,3,5,3,0,10,27,10,163,12,9,8,81,8,9,13,86,6,14,10,62,10,5,2,3,3,2,2,1,3,3,2,1,2,6,1,5,8,21,6,15,21,5,5,8,10,5,6,3,7,4,7,12,10,4,1,2,2,0,3,2,4,1,1,4,2,1,2,3,9
22,21,2,2,10,18,4,5,9,23,9,0,11,13,14,2,33,7,2,2,6,3,2,1,5,1,1,1,1,5,2,1,7,28,8,158,10,10,15,67,13,10,7,96,4,18,10,42,10,4,6,6,11,0,0,2,0,1,2,4,1,15,2,2,7,25,6,19,28,6,7,13,7,10,5,11,3,7,6,10,6,0,2,3,3,2,2,3,5,0,1,3,1,3,2,2,7
23,7,10,2,4,19,9,4,12,28,7,2,19,23,10,6,32,12,4,1,3,5,2,1,2,1,3,0,4,0,9,0,6,19,8,144,14,7,7,105,11,11,17,92,10,6,16,52,11,3,4,4,3,2,4,7,2,3,1,0,2,9,3,0,3,18,9,13,20,6,9,15,2,4,6,7,2,4,9,7,10,2,2,3,2,0,0,3,3,0,0,3,0,1,6,1,6
24,14,7,5,4,17,2,3,17,17,9,2,6,19,18,7,29,7,1,0,7,2,5,1,2,1,0,1,2,0,2,2,7,25,12,150,20,5,9,100,9,12,7,89,11,10,14,45,12,3,3,7,4,2,2,5,3,1,2,2,3,5,2,2,7,30,9,16,20,3,3,15,6,5,7,11,4,9,9,1,14,3,1,0,2,1,2,2,4,2,2,4,1,2,3,2,8
25,3,15,1,8,15,11,4,13,25,4,3,9,12,14,3,27,7,4,1,7,2,2,1,10,3,3,1,5,3,11,0,10,33,5,161,14,10,9,86,14,8,8,98,6,14,13,42,10,4,6,6,4,3,2,3,3,2,2,3,2,10,2,4,8,23,4,12,18,6,5,6,4,3,3,7,8,5,4,3,9,5,0,3,0,1,7,3,6,0,1,5,0,4,4,3,6
26,9,3,3,2,17,8,10,6,32,7,3,16,14,16,5,33,5,5,4,8,2,5,1,1,1,2,1,2,4,2,2,3,25,17,152,9,9,10,87,9,15,9,88,7,13,7,56,10,7,7,3,4,1,1,1,1,3,0,4,3,3,1,2,4,30,6,17,25,8,7,6,7,5,1,13,5,3,8,8,11,3,0,5,0,2,2,3,2,1,0,6,0,3,2,3,8
27,12,6,0,7,22,11,4,7,21,6,4,19,21,15,4,21,5,4,1,8,2,5,1,3,2,2,0,5,6,3,2,5,20,12,147,17,11,8,81,9,8,6,108,9,14,12,55,8,4,4,7,6,1,3,1,3,2,1,0,4,11,2,3,9,18,8,17,12,8,5,7,9,6,7,11,4,10,8,4,7,1,1,2,5,1,2,3,2,2,0,1,1,2,5,4,7
28,9,10,1,9,21,7,2,10,25,6,3,16,14,11,6,19,4,2,3,7,3,5,1,2,3,4,0,5,4,4,0,7,41,6,148,13,12,10,82,9,10,15,96,11,4,13,60,8,6,2,5,3,1,4,3,0,2,2,0,4,5,1,1,5,16,7,19,15,2,5,11,7,12,7,11,5,12,5,5,9,3,2,3,3,2,1,2,4,1,2,3,0,4,3,5,9
29,17,7,1,4,21,12,4,9,28,8,2,16,16,20,3,30,3,1,0,5,4,5,1,5,0,1,2,2,3,5,1,4,26,11,166,15,13,9,82,11,5,9,95,8,7,11,53,10,2,2,9,1,2,2,4,2,0,1,2,3,8,2,2,4,14,5,18,21,2,4,10,9,6,2,4,12,11,4,11,7,2,2,2,0,1,2,3,6,0,2,4,2,0,3,7,7
30,10,8,3,9,20,10,2,13,32,5,2,15,12,12,5,24,7,2,1,8,2,6,2,10,1,2,0,5,4,7,0,6,22,12,156,12,9,12,92,5,11,13,99,10,7,9,52,12,6,3,2,8,3,5,4,0,2,0,1,0,6,1,0,4,23,10,15,27,3,5,8,8,10,2,4,3,5,6,5,7,2,1,3,2,3,1,3,4,2,0,5,0,0,3,2,5
31,15,9,2,6,19,9,3,3,34,7,2,15,22,8,1,37,5,8,1,3,3,4,2,4,5,0,0,1,4,5,1,6,31,8,146,12,10,8,94,16,12,6,99,6,9,10,42,8,3,3,3,6,2,4,4,3,3,3,3,1,6,1,2,4,19,6,17,14,4,3,12,7,8,5,8,2,13,6,4,11,1,1,4,1,0,2,3,6,2,4,9,1,5,3,3,4
32,17,7,1,13,21,10,5,10,34,7,2,8,20,14,5,30,6,4,1,2,2,3,1,2,2,0,0,3,2,4,1,7,30,16,155,14,8,8,92,8,6,18,88,10,8,18,47,9,1,2,5,2,1,2,0,1,3,3,2,2,12,3,4,3,20,8,16,16,8,5,9,6,6,2,7,6,8,4,10,5,2,0,3,4,0,1,2,8,3,0,3,1,2,2,4,4
33,19,7,3,9,20,6,11,9,31,7,1,20,14,6,5,25,3,4,0,8,3,7,1,6,3,1,0,2,5,3,1,3,23,18,160,20,12,15,95,13,9,9,87,6,14,13,44,6,0,5,6,1,1,3,2,4,1,2,1,2,2,1,1,3,26,8,21,20,5,8,10,11,6,4,7,9,2,8,8,5,1,1,1,4,0,2,1,1,0,1,3,0,3,0,1,1
34,12,12,1,9,15,5,3,10,24,10,3,22,18,11,5,47,4,9,1,2,5,5,4,4,0,5,1,4,4,1,1,6,18,8,156,15,13,6,80,18,15,6,83,5,10,7,41,11,3,2,6,6,1,1,1,5,2,0,1,1,9,4,3,8,22,5,16,18,9,6,7,6,6,5,6,8,17,8,5,7,1,1,6,3,1,4,5,3,0,1,1,2,1,3,3,6
35,12,6,1,10,20,8,5,9,37,4,4,15,19,8,3,31,4,2,1,7,2,3,2,3,1,5,0,2,7,4,0,5,21,8,145,9,13,9,102,8,9,5,108,11,8,9,51,10,1,7,5,5,1,1,1,0,0,1,2,0,8,0,3,10,22,11,20,16,4,7,9,9,6,4,6,5,11,4,4,10,1,1,7,4,1,1,5,2,1,1,4,1,0,3,3,6
36,10,17,2,5,18,13,3,15,30,8,4,9,14,15,2,23,4,5,2,4,0,4,1,4,2,1,1,5,4,4,0,4,37,10,141,11,5,7,90,16,14,10,93,7,15,9,63,10,6,7,4,4,3,6,6,1,4,1,3,1,6,1,3,5,20,11,19,15,5,5,3,4,7,3,9,7,3,5,9,4,1,3,6,1,0,1,2,4,0,0,5,2,4,3,3,4
37,12,10,1,8,19,5,5,9,29,5,2,13,12,14,1,30,1,6,2,4,6,5,2,6,2,6,1,1,5,0,1,8,31,7,146,20,13,9,80,14,12,8,103,6,7,13,43,10,5,4,5,2,2,5,5,3,0,2,3,3,10,1,3,6,25,10,12,13,2,14,8,5,4,2,9,7,13,8,9,5,1,0,4,3,0,3,2,5,1,1,3,1,3,4,4,7
38,18,12,4,7,11,6,4,6,19,11,2,20,15,9,3,23,2,7,1,3,3,2,4,2,1,1,0,3,4,3,2,4,24,19,162,6,16,9,99,9,12,9,103,14,14,11,46,10,6,2,4,3,2,1,6,1,1,2,1,3,10,5,1,7,20,4,5,18,6,5,8,10,5,8,6,6,10,6,6,11,2,0,1,1,3,2,2,2,1,3,4,3,3,2,2,5
39,8,9,1,6,26,5,5,11,23,7,2,19,21,11,1,18,5,3,0,6,7,4,0,3,3,4,2,0,4,5,3,3,19,10,150,9,10,12,87,9,8,18,108,13,13,19,62,8,3,5,6,1,0,3,3,1,3,2,2,3,6,1,2,8,15,7,12,22,4,6,5,13,2,6,1,5,8,5,5,10,3,0,6,1,1,2,3,7,2,0,1,1,2,4,7,5
40,16,5,1,5,18,11,2,12,30,3,3,20,19,18,7,36,5,3,1,2,4,5,0,4,0,0,1,5,2,8,0,12,22,4,158,13,15,3,94,9,14,11,110,11,8,11,46,11,4,2,10,7,2,3,0,3,0,1,4,2,3,0,2,4,13,3,12,23,5,1,11,6,6,3,6,3,8,6,9,11,1,2,2,3,1,3,3,1,0,1,2,2,1,3,2,2
41,10,10,1,6,19,8,3,11,23,7,1,13,12,15,2,32,9,1,0,4,4,2,2,6,2,2,2,2,2,3,1,1,26,12,172,13,6,9,92,11,12,8,95,14,14,12,46,5,3,8,7,3,2,2,2,2,0,0,7,4,6,3,1,4,20,10,13,16,9,4,8,3,6,7,7,7,9,8,7,10,4,0,4,1,1,1,4,1,0,0,3,1,7,3,2,7
42,12,7,2,10,12,9,6,4,27,4,1,14,19,10,5,25,6,2,2,2,4,5,2,1,1,1,0,5,3,4,0,4,23,15,160,16,14,13,84,12,16,13,98,9,13,16,45,7,3,2,3,4,0,2,5,4,1,2,1,0,9,3,2,7,20,11,16,16,5,10,14,7,8,3,5,8,6,3,4,14,0,0,3,0,2,2,3,2,3,1,3,0,2,8,3,7
43,27,8,0,4,25,5,5,7,27,9,3,13,19,19,4,32,5,2,0,6,2,5,1,3,3,1,0,3,4,5,0,6,10,10,165,10,11,7,87,14,11,18,77,7,8,20,67,3,5,4,5,3,0,5,2,3,0,1,6,0,12,4,1,6,18,8,19,18,3,3,10,2,6,4,6,5,4,5,4,5,2,0,5,1,1,3,1,6,1,0,6,0,2,2,1,14
44,12,6,2,10,22,10,3,7,17,12,3,15,21,14,2,30,6,3,1,4,1,4,0,4,7,2,0,0,0,3,0,9,25,9,151,10,16,9,88,13,9,11,90,3,14,10,68,10,6,3,5,0,2,2,4,1,3,2,0,3,6,4,3,8,22,9,21,14,6,4,9,4,6,7,6,1,6,6,4,7,1,3,8,2,4,1,3,2,2,0,5,1,4,2,8,4
45,17,7,1,3,15,6,4,6,26,7,4,21,19,23,2,21,2,4,0,8,3,5,2,5,2,3,1,2,1,4,2,4,30,9,159,12,17,7,84,16,16,8,101,7,14,11,46,6,5,5,4,4,3,2,1,0,0,3,1,0,6,3,0,8,13,10,21,15,4,3,9,12,4,2,7,10,7,8,3,9,1,2,5,4,0,3,1,4,3,2,2,1,5,0,4,8
46,13,8,0,6,16,1,3,4,30,8,3,21,20,14,2,35,8,2,0,5,4,9,0,2,3,4,0,4,6,4,0,5,23,11,148,11,9,12,92,15,13,14,103,8,8,7,46,7,3,5,5,4,1,4,5,1,1,1,2,1,10,5,1,5,20,7,19,10,4,7,10,5,12,3,10,8,7,4,9,8,1,3,1,3,3,2,1,4,1,1,2,2,1,2,3,6
47,18,10,1,7,16,7,2,7,31,8,2,13,19,12,3,20,5,9,2,3,0,5,1,4,4,2,1,1,2,3,0,6,24,12,159,8,12,8,98,14,14,10,92,10,14,17,61,15,5,2,2,4,1,2,4,0,1,2,1,1,5,4,0,7,17,9,16,16,1,2,9,4,9,9,6,10,5,3,4,7,1,1,3,1,3,4,3,1,0,0,6,1,1,3,4,8
48,16,7,1,13,12,8,2,11,28,9,2,10,23,14,4,34,3,4,0,6,4,4,0,4,2,4,1,2,4,1,2,10,31,13,142,10,12,13,111,11,8,5,100,7,6,13,52,15,4,3,4,2,3,0,4,2,2,1,1,2,6,3,0,7,24,7,18,9,9,0,10,2,8,3,6,8,7,7,3,8,0,3,3,3,1,1,3,3,3,1,2,0,2,0,4,4
49,10,11,1,13,22,9,2,6,27,6,1,19,20,15,4,33,6,3,1,3,1,5,2,3,1,4,0,1,7,3,1,12,25,8,150,9,12,13,89,6,9,9,111,7,8,8,45,8,0,2,2,0,4,4,5,2,1,1,1,5,6,4,1,9,24,4,17,18,5,5,8,7,9,2,8,5,10,11,5,12,3,2,2,1,0,4,1,4,1,0,1,3,2,5,1,4
50,20,8,1,10,25,8,3,9,22,3,4,15,18,13,6,27,7,7,2,3,3,8,0,4,0,1,1,3,2,8,1,5,33,12,136,13,7,6,85,10,9,12,90,10,9,14,60,9,3,4,9,1,0,5,1,3,4,0,2,4,10,6,2,3,15,4,8,15,7,8,7,5,9,6,9,11,5,6,6,12,1,1,6,4,0,7,1,5,0,0,4,0,4,2,6,7
51,7,4,0,8,14,9,3,10,28,1,2,15,23,12,4,21,3,1,1,3,5,3,3,7,2,1,0,1,6,3,0,4,21,13,150,11,14,9,100,17,12,14,110,12,6,10,61,10,5,5,1,4,0,3,3,1,3,1,3,2,7,2,1,6,11,8,17,16,5,5,11,7,7,3,6,6,7,7,1,14,3,1,3,4,0,2,5,7,2,0,6,2,1,1,4,7
52,14,3,0,9,20,5,1,6,27,6,1,19,20,11,3,29,3,5,1,7,5,2,1,3,0,3,1,2,2,4,2,9,25,12,167,20,10,6,86,13,13,8,119,7,7,9,61,1,1,7,1,3,0,2,3,0,0,1,4,0,6,1,2,6,18,4,14,18,5,2,7,5,4,5,14,4,8,11,1,10,2,3,8,2,0,3,2,4,3,0,2,3,2,3,2,6
53,13,7,0,3,14,10,6,12,26,8,0,16,11,15,4,27,6,5,1,9,3,4,1,7,1,4,0,3,2,3,1,5,27,8,161,14,11,6,91,3,11,7,94,8,10,11,54,13,3,5,4,5,4,3,3,2,1,2,1,2,6,5,1,5,21,13,15,22,7,3,8,3,6,2,7,4,12,17,4,14,2,0,3,2,1,2,2,5,2,0,1,0,2,4,5,3
54,15,13,3,6,18,11,3,14,32,6,4,16,17,17,2,36,2,3,1,4,1,5,1,7,4,4,0,3,1,6,0,2,21,5,166,18,12,9,89,7,14,4,84,12,13,14,54,12,6,4,8,3,0,2,2,1,0,1,0,2,8,0,0,4,21,7,18,18,3,4,9,4,4,4,5,6,6,5,6,9,0,1,3,0,1,2,5,6,0,0,3,0,2,2,3,11
55,16,13,0,7,12,6,11,7,25,2,4,18,18,17,2,34,2,2,1,7,2,3,2,1,1,4,0,4,3,2,1,5,17,12,140,18,13,4,95,8,14,11,85,10,14,11,54,9,6,7,4,5,1,1,3,2,1,1,0,0,9,3,2,10,27,7,19,21,5,5,8,6,8,3,4,7,10,5,5,13,1,1,4,3,2,1,6,4,1,2,4,3,2,3,2,6
56,14,4,0,11,26,8,4,8,17,9,1,19,15,20,1,27,7,2,0,4,5,4,0,3,5,0,0,2,4,4,0,1,18,8,149,15,12,8,98,13,10,17,97,10,8,12,56,11,7,1,6,6,1,5,3,1,1,0,0,2,10,1,2,10,16,9,24,19,8,7,2,8,2,2,8,2,11,5,4,11,0,2,2,3,2,3,2,5,0,0,2,1,2,2,3,10
57,15,6,1,5,16,6,6,12,25,7,3,19,25,11,5,35,8,3,0,7,2,1,2,3,1,1,1,3,4,5,1,4,25,8,150,18,4,9,84,8,14,9,107,6,12,11,62,11,4,5,2,2,1,2,4,3,1,2,4,3,8,0,2,8,15,6,19,21,8,1,7,4,5,4,16,4,4,7,11,5,0,0,3,7,0,2,3,1,0,0,2,0,3,3,1,6
58,19,5,0,10,21,6,6,15,27,5,4,15,22,12,1,29,3,3,0,10,8,4,0,3,1,4,0,5,1,3,2,6,15,12,174,15,14,4,81,7,10,11,100,14,9,7,47,4,3,5,5,1,1,3,1,1,1,5,3,2,10,3,2,6,22,6,14,16,11,11,6,7,7,6,2,5,8,4,4,7,1,2,2,1,0,5,3,2,1,1,1,2,3,2,3,9
59,10,2,1,9,19,15,2,6,29,10,3,18,16,17,1,23,5,5,1,5,0,5,3,4,1,2,2,3,4,4,0,6,20,9,157,14,8,5,99,10,12,11,104,9,10,17,46,5,6,8,4,8,2,5,4,2,3,1,4,2,3,0,2,5,19,8,12,18,6,3,7,4,5,3,10,3,7,7,7,13,2,2,5,3,1,6,3,5,0,1,3,1,1,3,3,3
60,17,13,0,10,10,8,3,11,23,7,3,17,18,14,4,27,5,3,0,4,2,6,1,3,0,5,1,3,2,6,1,11,25,15,146,15,12,8,71,7,15,12,106,7,13,13,48,4,5,7,5,6,2,1,5,0,2,1,0,4,10,2,1,7,22,6,8,17,6,3,12,5,3,6,11,9,11,7,5,13,2,3,5,4,0,2,4,2,1,1,1,3,0,6,2,7
61,18,6,1,9,10,6,5,15,20,3,3,15,20,6,6,25,7,5,1,4,1,3,2,4,2,1,1,1,2,9,1,9,20,11,156,6,12,10,76,8,13,13,102,3,10,10,66,9,7,5,7,7,3,4,1,1,3,1,2,6,13,1,1,7,18,8,18,14,4,6,11,7,10,4,5,8,9,8,4,13,0,1,5,2,2,1,2,3,3,1,3,1,4,2,4,4
62,18,9,1,7,18,8,4,7,21,9,2,20,15,4,3,27,3,6,0,5,4,2,2,12,0,3,2,4,2,1,2,6,27,6,166,11,11,4,93,12,14,19,89,8,9,11,49,5,3,2,6,1,2,2,2,6,2,0,2,2,12,4,1,7,18,7,17,20,8,5,7,3,6,4,10,10,7,4,6,10,1,0,2,2,3,3,5,3,3,0,4,1,3,2,4,7
63,17,11,0,8,17,6,5,7,17,10,3,20,20,24,5,28,8,2,1,8,3,5,2,4,0,3,1,7,2,1,2,8,23,12,152,13,14,16,82,15,8,6,88,15,9,10,52,10,5,4,4,2,3,2,5,0,4,1,4,2,8,4,0,5,14,8,15,11,7,3,9,12,2,5,5,12,8,2,4,11,1,1,4,3,2,1,5,3,0,2,2,1,3,4,2,5
64,18,10,0,7,18,11,3,10,30,1,0,12,12,24,5,31,4,1,1,2,7,4,3,7,1,3,0,2,7,0,0,5,30,15,154,19,11,7,79,8,8,9,98,7,9,6,66,7,7,6,2,5,0,3,2,2,2,3,3,4,10,3,3,4,15,3,20,22,4,7,12,5,3,5,7,4,3,6,8,11,1,3,2,1,0,4,2,2,4,1,2,4,0,3,2,3
65,22,11,1,8,18,9,2,10,27,7,7,20,19,13,0,27,9,2,0,8,2,3,0,1,2,6,2,5,1,2,0,8,23,9,147,10,5,13,76,9,17,7,106,13,12,18,62,9,2,2,4,1,3,5,1,3,2,0,3,3,4,4,2,3,20,4,12,18,5,7,11,7,8,2,10,7,7,7,7,9,0,1,0,1,1,1,1,3,1,0,5,1,4,2,3,5
66,20,6,1,2,19,6,6,12,39,14,1,10,18,15,4,25,5,4,2,3,4,6,2,2,2,2,1,2,3,3,0,10,30,6,147,16,4,8,99,9,13,13,81,11,8,15,54,12,6,0,4,2,1,3,4,3,4,1,2,0,9,0,2,7,19,6,10,18,3,3,6,7,5,2,8,6,9,10,7,11,2,1,1,2,0,1,4,4,3,0,5,5,3,5,5,6
67,26,11,0,8,20,8,1,8,28,7,2,17,21,7,3,27,3,5,2,5,1,1,1,4,1,4,1,4,3,4,2,8,20,18,126,17,14,7,93,6,12,16,115,7,12,15,53,14,3,4,4,4,4,0,3,4,1,2,3,1,5,1,2,3,16,6,16,14,2,7,5,3,5,3,10,6,8,3,8,9,3,1,3,1,3,1,5,3,2,0,5,0,6,3,6,5
68,13,7,1,1,14,10,4,12,15,9,2,16,18,14,3,39,5,3,2,1,4,3,2,5,1,2,0,6,3,4,1,4,32,11,136,15,12,11,106,3,10,11,101,6,8,16,54,9,4,7,2,8,3,2,0,2,3,1,2,2,6,2,2,5,27,6,13,23,5,10,7,5,11,5,8,5,7,5,7,5,1,4,1,2,0,2,1,5,2,2,2,2,3,3,1,4
69,15,11,0,8,10,9,2,13,31,3,1,14,26,18,7,30,6,0,1,5,1,3,1,5,2,3,1,7,1,4,2,4,23,9,147,16,12,7,84,8,13,11,102,7,11,16,54,14,3,6,5,4,3,3,6,3,1,0,1,0,5,3,2,5,15,3,8,15,7,6,3,5,9,4,8,6,11,7,9,9,1,1,5,3,2,0,6,2,4,1,2,2,2,3,2,11
70,12,5,1,3,21,8,5,9,22,9,3,15,21,9,4,30,3,5,1,5,4,4,0,2,1,2,0,2,1,7,2,7,23,10,141,14,21,9,78,13,13,17,98,7,15,23,48,2,2,5,2,10,1,2,3,0,2,1,4,3,8,6,6,5,27,6,18,15,5,2,13,8,7,5,3,6,8,8,6,14,2,0,0,1,0,1,3,2,3,0,5,0,0,5,5,7
71,15,8,2,8,13,7,3,10,35,6,1,11,18,8,4,41,5,4,0,4,2,6,1,4,3,4,0,3,8,6,6,4,28,10,159,14,9,7,86,13,15,11,89,8,6,7,49,10,5,4,7,5,2,0,1,2,3,0,3,2,6,2,1,4,22,5,19,18,4,4,7,5,7,7,6,9,9,9,6,8,0,1,3,2,2,3,1,3,0,0,1,1,6,3,3,8
72,19,7,4,2,22,7,5,14,28,8,4,18,16,10,2,31,2,6,3,6,2,3,1,2,1,3,0,4,3,5,0,8,23,10,132,23,16,9,80,17,9,8,111,8,14,13,38,7,3,5,5,1,2,0,1,3,0,0,4,2,7,2,2,8,24,6,24,18,4,5,7,7,9,4,8,7,11,4,3,11,1,1,3,3,1,1,1,3,0,0,5,2,1,2,5,10
73,19,7,2,7,17,3,3,9,29,6,2,11,23,15,8,27,7,3,0,5,1,3,1,2,3,1,1,5,5,0,3,7,25,3,159,18,13,6,92,10,9,11,93,13,9,21,49,10,3,5,6,2,0,0,6,3,3,1,2,0,9,1,1,5,20,8,14,16,8,2,7,5,12,3,6,9,11,7,3,10,1,1,4,3,1,4,2,3,1,1,4,1,1,1,4,4
74,20,8,0,6,15,4,0,16,28,9,1,14,16,15,1,23,2,3,1,6,1,6,3,5,3,1,2,2,6,2,0,5,32,7,150,11,12,7,83,8,12,10,104,12,17,14,61,6,5,3,6,5,1,2,4,3,2,0,4,0,6,1,2,7,16,4,14,25,5,5,10,9,8,5,8,3,8,7,3,8,0,3,6,3,0,1,4,3,0,2,4,1,1,5,3,5
75,17,9,1,10,19,11,5,9,23,3,1,11,15,12,5,37,12,1,1,6,2,3,0,7,3,1,1,5,7,5,0,9,16,10,167,15,8,8,81,11,5,5,78,12,14,8,57,10,4,7,6,4,3,2,3,2,0,0,3,2,5,5,1,8,21,8,22,13,8,6,3,7,5,5,3,6,7,2,7,10,0,2,5,4,3,2,3,6,5,1,3,1,2,2,5,12
76,11,9,6,9,17,8,2,14,29,8,3,11,9,14,8,32,11,2,1,5,1,7,0,3,1,3,2,3,5,5,0,7,30,11,153,13,17,7,95,9,14,13,79,5,13,11,50,7,2,6,5,4,2,6,3,1,0,0,3,2,6,1,5,9,24,6,19,13,7,4,5,7,6,2,9,5,5,3,8,7,3,0,2,4,0,2,7,3,1,2,4,1,1,4,3,5
77,15,8,0,6,19,5,4,11,19,6,2,18,20,17,5,37,5,2,0,0,0,2,4,1,2,2,0,5,4,2,0,6,26,19,165,19,7,7,88,13,7,11,90,7,10,9,51,12,6,4,4,3,1,3,2,2,2,2,3,2,8,4,2,6,23,8,14,19,2,5,8,6,7,6,3,6,10,5,6,6,4,1,7,4,1,2,1,8,0,0,6,0,0,3,2,5
78,19,8,0,9,15,11,3,12,31,8,1,15,26,15,3,35,5,8,2,6,4,5,1,4,5,3,1,2,5,0,1,5,24,7,128,11,10,9,81,11,8,15,94,15,12,9,46,8,5,3,2,7,2,1,5,2,1,2,1,2,5,0,2,12,19,4,14,20,6,6,4,8,6,5,12,3,14,8,10,15,1,1,1,1,1,5,2,4,0,0,2,3,3,0,3,11
79,15,8,1,8,26,6,5,9,33,6,2,12,22,15,3,30,10,4,0,3,3,2,1,4,1,2,1,3,4,2,1,6,30,13,135,14,9,14,95,12,12,12,95,6,12,9,47,11,3,0,3,4,0,2,0,3,1,1,0,3,5,4,4,8,16,6,17,27,5,6,5,9,8,2,14,12,6,6,4,6,3,0,2,4,3,2,3,3,0,1,3,2,0,5,1,4
80,23,11,0,4,19,5,4,9,30,6,6,11,29,16,2,24,2,5,2,5,3,6,0,4,1,2,0,2,1,3,1,9,30,9,157,13,4,8,99,17,11,6,104,7,14,10,45,6,4,4,4,5,0,1,1,2,0,2,3,1,9,3,4,2,21,5,10,20,6,7,6,8,9,2,9,6,9,9,7,6,3,0,1,2,1,3,2,6,0,1,1,0,0,4,1,5
81,13,6,1,10,7,4,3,10,30,7,3,7,30,14,4,31,5,3,4,3,3,6,4,5,4,5,0,3,5,5,0,3,31,12,157,11,6,6,102,8,12,5,90,5,13,6,43,11,6,1,3,4,0,5,2,1,2,2,2,3,7,4,4,2,23,4,20,12,13,8,7,7,5,5,9,9,6,7,4,12,2,1,7,2,0,3,3,2,1,1,5,2,4,2,6,4
82,16,11,1,4,16,8,6,6,23,8,2,14,19,16,1,29,2,2,2,6,1,5,2,5,2,2,1,1,3,2,0,5,17,8,159,10,8,4,95,10,12,12,117,9,7,12,62,6,2,1,7,1,0,2,4,3,1,2,3,4,10,2,3,9,26,6,17,14,5,4,6,6,4,6,6,6,2,2,7,10,0,4,4,4,2,2,5,4,1,3,3,2,4,5,3,4
83,16,7,2,10,13,8,2,14,22,3,0,14,34,12,2,26,6,3,2,8,0,2,1,4,1,1,1,3,5,2,3,5,25,9,168,7,15,11,83,12,9,6,92,10,13,10,43,10,2,4,3,4,1,1,2,3,2,1,1,2,5,2,1,5,21,8,11,28,5,5,8,6,7,2,8,11,8,9,7,11,1,1,12,2,3,3,4,7,2,0,6,0,2,2,1,5
84,11,2,1,15,21,15,4,5,22,7,0,17,13,8,3,31,7,2,3,7,4,3,2,5,0,2,3,3,2,2,0,6,30,11,146,14,10,5,89,11,14,9,97,9,12,11,53,5,3,4,3,6,0,1,3,3,2,1,1,1,11,2,1,4,15,11,21,30,3,6,8,6,12,4,10,9,6,10,5,8,1,4,5,0,1,0,4,3,1,0,4,3,2,3,0,7
85,13,5,1,10,13,7,2,12,25,5,5,24,17,19,2,35,6,3,2,6,5,3,4,4,0,4,0,2,1,2,1,8,32,10,154,14,6,6,88,11,10,11,94,8,12,14,40,9,4,2,8,8,5,2,4,2,0,1,2,0,3,1,4,3,15,6,15,26,4,1,12,8,5,5,10,9,9,9,7,6,1,5,1,4,1,0,2,7,1,0,3,2,3,5,2,2
86,18,6,0,10,19,6,4,9,27,8,2,17,12,15,6,34,2,6,0,3,2,6,3,6,3,1,1,4,7,2,2,4,30,14,156,5,10,14,93,9,7,9,84,13,12,8,52,7,2,3,5,3,3,4,1,1,2,0,3,1,7,1,3,5,16,12,15,24,5,4,6,4,3,4,9,8,12,3,10,12,3,1,3,1,1,3,6,6,0,1,3,0,2,1,2,8
87,13,8,0,11,13,4,2,11,24,6,2,17,21,20,1,43,6,6,0,6,2,3,1,3,0,2,0,4,1,3,1,3,22,13,144,16,20,16,91,11,11,9,97,4,11,6,58,11,8,4,4,7,0,3,3,3,2,3,1,2,9,1,2,5,25,6,14,23,5,2,4,6,1,3,5,5,10,12,4,6,3,3,1,4,1,2,1,2,1,1,1,1,0,1,2,11
88,23,8,0,9,14,11,4,9,25,7,4,10,19,11,5,33,5,2,1,3,5,5,1,7,3,2,2,2,4,2,1,8,31,12,147,20,3,8,84,7,11,5,100,12,13,9,52,6,2,3,5,6,3,2,3,2,1,2,3,1,8,2,5,5,19,6,15,22,3,4,14,6,8,5,4,5,10,6,9,7,1,0,3,4,0,2,7,7,1,1,1,4,1,2,1,4
89,13,7,1,8,18,7,4,12,30,7,4,12,18,10,2,36,4,4,1,3,2,3,3,3,2,3,2,1,2,4,1,5,18,12,169,9,9,4,87,12,11,8,97,13,8,12,51,9,5,4,2,8,0,1,6,2,1,3,4,6,9,3,3,5,29,7,13,15,8,4,5,8,7,6,4,7,5,8,5,6,3,3,1,3,2,2,2,2,1,0,4,1,4,3,2,7
90,8,14,0,8,19,10,1,7,19,10,4,23,15,7,7,27,1,3,2,3,4,1,0,5,3,2,0,2,6,4,0,2,21,9,169,11,18,9,77,14,9,14,107,9,13,6,64,13,7,3,2,4,2,1,6,1,3,3,1,3,5,2,3,7,13,9,14,14,5,8,10,6,4,4,6,6,5,10,6,13,1,0,5,3,1,0,2,2,2,0,6,1,3,2,2,4
91,21,12,1,5,26,6,6,6,20,5,3,22,19,16,3,25,5,5,1,7,0,6,4,5,2,3,0,2,3,5,1,4,28,8,152,12,12,5,97,10,17,9,97,10,11,13,35,12,5,5,4,4,3,2,5,1,0,0,1,3,6,2,2,5,20,6,12,24,8,9,8,2,6,3,8,5,13,8,3,6,4,2,1,2,2,4,3,1,0,0,0,2,0,3,7,3
92,16,8,2,9,18,13,3,9,31,7,3,18,22,11,1,33,8,1,0,4,2,8,3,7,2,4,1,2,5,4,1,4,30,11,159,18,8,11,91,14,9,7,92,13,6,10,57,10,3,4,2,6,2,0,1,0,0,0,6,2,3,3,2,2,16,6,15,17,6,3,6,5,12,6,5,5,6,4,6,6,3,1,4,1,1,2,4,2,1,0,4,1,2,2,1,5
93,15,9,2,4,17,8,4,11,29,8,2,14,17,11,1,22,4,3,1,6,4,5,2,4,2,3,0,2,2,2,0,10,20,15,141,18,12,6,94,11,11,11,111,11,13,8,51,9,2,1,1,1,1,2,2,4,1,1,2,2,13,1,7,9,16,7,14,21,5,3,5,7,7,5,6,6,11,6,7,8,1,2,3,3,1,0,2,6,1,0,4,3,2,9,2,11
94,14,8,1,10,19,7,4,13,29,4,1,14,23,14,4,39,6,2,3,5,3,7,3,2,1,3,2,4,4,5,1,7,29,13,144,14,13,9,77,12,20,6,88,4,13,4,54,17,3,2,5,4,0,0,2,7,3,1,3,5,7,7,2,5,16,4,16,20,4,4,12,1,10,3,5,5,4,7,5,2,1,0,10,2,2,5,6,7,1,0,4,1,1,1,2,4
95,19,5,1,5,17,12,3,10,24,7,5,18,29,8,3,38,11,5,0,8,2,4,4,3,2,3,0,8,4,5,0,3,20,10,156,22,9,8,95,7,15,4,85,7,5,18,43,7,0,5,2,11,2,3,6,1,2,0,2,1,8,1,5,5,18,1,15,13,6,6,5,5,9,3,8,6,6,12,6,8,2,0,8,0,5,0,1,5,1,1,4,0,2,2,5,6
96,15,7,4,9,17,8,3,8,25,2,5,11,16,12,3,25,6,4,1,8,1,6,3,2,2,4,0,3,3,4,1,4,27,8,149,16,8,14,94,5,13,16,101,8,7,18,57,8,7,4,5,6,1,2,3,1,0,1,0,4,3,5,1,4,25,4,15,17,6,7,7,6,5,3,7,4,3,10,8,13,3,1,3,5,1,1,4,1,1,0,7,0,2,4,1,8
97,17,5,3,5,23,5,2,6,24,7,3,21,24,8,1,25,6,7,0,6,5,2,1,1,3,0,0,3,1,3,1,10,20,10,159,7,18,11,95,15,14,9,83,7,9,14,56,4,3,4,3,7,2,5,2,4,2,0,2,1,8,1,2,2,19,10,14,18,7,4,9,9,5,4,11,6,10,6,7,6,5,0,5,1,1,3,5,4,0,1,2,5,1,3,4,8
98,20,7,2,4,19,9,3,8,23,9,2,10,11,16,2,27,5,0,2,5,1,5,0,3,3,2,0,4,6,5,0,3,24,9,139,21,8,13,100,10,10,11,89,13,6,13,46,8,3,7,7,4,2,3,3,2,3,1,1,2,7,2,7,8,18,7,13,20,8,9,12,2,5,10,4,7,10,8,8,12,3,3,3,3,2,2,5,3,1,0,7,2,2,3,4,6
99,21,11,1,12,17,3,3,9,27,4,4,12,18,13,5,19,9,3,1,7,3,5,2,8,2,1,0,2,6,2,0,6,24,16,153,10,17,5,79,11,10,9,90,8,6,6,51,12,5,4,7,4,2,3,2,3,2,1,0,1,10,1,4,5,11,10,14,24,6,6,8,12,6,7,4,6,11,7,8,15,3,5,2,0,1,2,1,8,3,2,2,2,3,3,6,5
100,8,10,0,11,22,13,4,8,28,7,3,15,18,9,2,32,3,1,0,10,4,3,2,7,2,5,4,1,4,3,2,7,24,7,154,16,11,10,71,9,12,13,98,11,10,17,56,8,8,6,4,4,3,1,5,3,3,2,2,2,7,4,2,5,26,6,13,18,9,5,7,5,4,1,5,4,4,4,6,8,2,1,1,2,2,1,3,4,0,2,3,0,2,3,4,9
101,11,3,0,5,18,9,2,11,18,4,3,14,20,17,2,37,1,2,0,7,4,3,1,4,3,1,2,0,6,3,0,4,18,11,154,18,13,6,88,11,9,9,87,11,14,15,65,8,8,4,3,6,1,3,6,2,0,2,1,2,5,2,2,6,14,11,24,15,8,9,14,4,5,5,4,6,9,7,3,11,1,0,5,3,1,2,4,4,1,0,3,4,3,6,4,5
102,22,4,1,12,14,5,3,14,24,4,2,13,18,13,3,17,3,2,1,10,1,8,0,4,4,4,0,2,5,4,2,8,23,20,151,15,12,7,99,9,11,8,85,10,9,13,60,11,5,5,5,1,1,4,1,2,3,0,3,4,9,4,2,8,23,14,11,14,7,5,7,5,3,2,7,1,7,7,6,13,1,2,5,0,2,5,3,4,2,0,5,1,0,4,1,6
103,16,11,3,15,17,6,3,9,26,11,5,12,17,13,5,20,5,3,0,4,1,3,2,6,2,3,0,2,4,4,0,4,31,16,149,19,15,11,81,9,11,7,96,8,8,13,45,19,2,0,3,0,3,3,3,3,2,0,3,2,8,2,1,6,24,5,19,14,8,5,10,7,7,7,9,7,2,8,4,14,4,2,3,0,1,3,1,5,4,0,4,2,2,1,2,5
104,13,8,0,8,25,11,3,5,25,3,3,14,23,19,4,33,4,4,1,5,5,3,1,2,1,2,1,3,3,4,0,6,25,11,156,15,15,13,88,11,10,9,94,9,9,13,46,11,5,1,7,3,1,2,4,5,0,0,2,2,9,5,2,3,16,6,13,20,3,6,9,8,6,9,5,6,4,4,5,12,1,2,6,0,1,0,1,2,2,1,3,2,1,5,5,8
105,17,8,3,5,20,11,3,8,19,6,0,16,10,10,3,25,7,6,3,3,3,2,2,6,4,2,1,3,5,6,3,7,36,8,152,13,9,8,66,5,8,12,92,13,14,10,46,8,3,4,4,9,3,9,4,4,1,1,6,1,10,2,1,7,18,6,13,26,11,7,6,8,7,4,11,5,12,6,8,10,1,1,1,3,2,4,1,7,2,1,5,2,2,1,2,11
106,18,12,0,9,18,3,3,9,22,7,3,19,19,16,6,31,5,6,0,6,3,3,4,2,3,5,1,2,1,3,1,6,34,11,148,10,8,6,99,10,11,11,100,12,3,11,54,6,4,3,3,5,0,7,1,1,0,1,2,2,5,4,6,9,13,6,14,9,5,10,7,3,5,7,6,2,11,6,5,12,0,2,6,4,0,1,4,8,0,0,6,1,2,2,2,8
107,16,8,0,5,22,5,2,11,21,8,7,20,15,18,6,34,9,4,1,7,4,4,2,6,1,4,3,4,3,5,0,8,23,9,143,14,12,11,103,4,6,11,93,10,16,7,51,9,0,2,6,2,1,2,3,2,4,3,3,3,7,0,1,7,15,5,15,17,5,9,6,13,4,4,6,7,6,4,7,6,0,2,5,6,1,1,3,1,3,2,5,0,1,4,2,4
108,18,10,2,5,16,7,1,11,23,4,5,25,21,12,6,27,7,3,0,9,4,4,0,3,1,2,1,3,2,6,1,11,27,10,172,15,9,5,80,8,7,16,83,11,15,4,46,11,3,6,4,5,1,2,5,4,1,0,1,7,8,1,4,5,21,1,15,15,3,7,10,3,8,3,11,10,8,2,4,9,3,0,3,4,1,2,3,1,3,1,3,3,0,5,6,6
109,13,6,2,10,17,6,4,11,21,8,3,18,26,11,2,29,7,5,0,6,4,1,3,3,0,3,0,0,3,3,1,10,20,17,141,9,16,7,105,8,13,12,105,12,10,10,55,5,4,4,6,0,1,2,0,0,2,4,3,4,9,1,3,6,22,7,13,18,6,6,3,5,5,5,6,7,6,8,5,6,3,2,1,2,0,1,5,4,1,1,3,0,5,3,4,7
110,13,9,2,11,23,9,0,7,31,6,2,20,17,15,3,29,6,6,3,5,0,4,3,6,2,1,0,2,3,5,1,8,30,18,149,14,8,5,86,9,24,11,77,7,7,9,49,12,4,6,5,4,4,1,0,7,0,2,2,3,7,4,1,8,19,4,9,12,6,5,4,7,11,4,9,5,9,9,10,13,2,2,6,2,1,2,1,3,4,1,1,0,3,1,4,6
111,17,6,0,15,20,6,0,8,24,8,2,16,15,17,2,31,5,3,0,6,2,3,0,3,1,5,0,0,4,5,0,5,20,12,136,12,17,10,85,10,11,11,107,7,11,9,53,10,1,1,6,3,1,3,2,5,4,1,4,4,7,1,0,6,19,5,20,20,6,9,10,7,4,1,8,4,11,8,8,9,2,3,3,1,3,1,6,6,2,1,3,2,3,4,6,6
112,16,12,0,11,16,6,2,6,20,4,2,14,21,18,1,31,7,3,2,6,1,9,3,1,3,3,0,5,3,3,0,3,33,8,152,17,5,9,74,7,20,10,93,11,11,6,64,9,6,2,8,8,0,5,3,4,4,0,1,1,3,2,2,5,19,7,18,23,9,4,9,7,4,5,9,15,7,7,1,11,0,0,1,1,2,3,1,7,1,0,1,1,2,1,2,7
113,15,7,1,11,21,0,5,5,29,6,2,16,19,14,3,35,5,4,1,3,4,4,1,0,2,2,0,4,2,3,1,6,25,12,148,19,10,3,85,14,12,15,107,7,14,10,52,5,5,4,8,4,0,2,3,3,2,5,1,3,8,1,4,3,18,3,14,23,5,4,11,6,6,1,11,3,11,8,2,14,1,0,3,0,0,3,0,4,1,1,5,2,1,2,5,7
114,11,5,1,9,16,4,5,9,38,6,1,18,13,12,5,30,3,2,1,4,5,6,2,1,1,2,1,3,2,2,0,6,28,14,151,19,9,8,90,11,11,10,115,8,5,8,54,5,2,1,3,3,4,2,1,2,1,0,1,1,4,2,3,4,25,8,14,20,7,6,10,5,5,7,11,7,9,10,2,10,1,2,1,1,0,2,4,4,2,1,3,3,3,0,5,8
115,13,7,0,11,24,1,5,11,27,6,2,15,19,12,4,34,4,2,0,3,2,5,4,2,2,2,1,5,0,4,0,6,27,12,161,17,12,6,93,11,7,10,76,14,12,14,61,2,4,2,8,3,1,2,4,1,0,1,3,4,6,4,0,8,11,8,19,17,2,8,6,12,9,2,7,3,8,7,9,9,3,2,2,2,0,4,2,5,2,0,4,1,1,3,7,6
116,20,10,0,10,12,5,1,11,24,9,4,10,22,10,4,33,6,1,2,3,6,5,1,5,1,0,2,2,4,5,1,4,27,10,143,7,14,5,89,11,11,12,102,9,11,17,52,13,6,5,7,5,2,4,1,2,1,0,3,0,4,3,1,4,24,3,12,20,6,1,10,5,9,6,11,8,8,6,9,8,2,3,3,3,0,4,2,2,1,0,3,2,3,5,3,4
117,11,6,2,6,12,9,7,14,28,4,3,14,9,20,6,37,6,4,2,6,3,9,3,5,2,2,0,1,4,7,2,7,27,15,170,10,7,11,100,9,14,12,83,2,10,12,48,12,0,5,6,5,1,4,2,4,0,0,2,3,4,4,3,4,18,9,14,23,6,9,8,4,9,2,5,5,5,3,4,6,3,1,3,2,2,2,3,2,4,0,0,1,2,4,0,1
118,18,6,1,9,17,6,4,7,30,10,2,16,15,10,5,30,6,6,1,8,3,3,4,2,2,4,0,2,1,5,0,7,17,4,135,8,10,13,111,11,6,12,106,8,9,12,50,5,3,5,5,1,1,4,2,3,1,5,4,3,11,5,3,6,15,7,14,18,7,6,7,7,10,6,6,8,6,7,7,11,1,1,1,3,0,2,1,5,0,2,3,2,2,5,2,9
119,12,8,0,8,28,9,6,7,21,7,4,6,12,14,1,27,5,2,1,8,3,2,0,5,1,3,0,2,6,4,0,2,22,9,154,18,8,12,106,9,9,14,89,13,11,14,59,8,2,6,2,4,0,5,0,0,1,0,3,2,6,4,3,7,20,6,15,22,7,3,12,6,4,8,8,3,7,6,4,12,1,1,2,3,0,2,2,6,4,0,3,3,2,2,5,7
120,14,2,1,7,13,3,4,9,28,6,2,20,18,13,2,30,5,2,1,5,5,5,1,3,0,1,1,4,9,4,3,5,29,12,164,9,16,8,92,7,5,7,86,12,7,14,46,9,4,4,11,5,2,2,3,3,1,2,0,1,4,3,3,4,14,10,16,22,9,5,7,5,6,2,11,10,8,10,5,14,5,1,5,1,1,1,2,7,2,1,4,2,3,3,1,6
121,13,5,2,9,17,3,7,8,15,13,1,18,21,11,2,28,4,4,2,8,6,8,2,4,4,0,1,5,2,9,0,7,19,19,140,13,12,4,100,11,13,6,94,3,12,14,50,8,4,4,1,3,2,4,5,0,3,0,3,6,9,1,1,6,22,6,13,19,5,4,14,7,5,6,4,3,7,4,7,14,1,5,5,5,1,1,4,7,0,2,5,3,0,4,3,5
122,10,9,0,8,18,8,6,11,31,4,4,17,17,13,2,22,4,4,3,2,3,6,1,6,2,3,2,2,3,4,2,9,34,7,158,16,8,14,78,13,13,12,80,9,11,16,60,12,2,7,3,5,3,1,4,0,3,2,2,6,6,5,3,5,15,7,18,18,4,9,5,5,6,2,9,4,3,4,6,10,2,0,3,2,1,1,3,4,2,0,3,2,2,5,1,10
123,15,12,5,7,19,2,3,6,23,4,1,12,21,15,4,21,4,3,0,5,3,4,1,5,3,2,1,4,2,6,1,5,27,10,150,14,9,10,109,15,12,13,87,11,15,10,49,7,3,3,3,8,4,3,2,3,1,0,1,3,4,3,1,5,19,11,18,18,4,6,11,7,9,6,6,1,13,7,4,7,2,2,10,3,0,1,2,4,0,1,1,2,1,3,3,4
124,12,9,1,7,21,8,2,6,20,6,2,25,33,14,6,25,5,3,0,7,1,6,1,3,2,1,1,3,2,3,2,8,28,11,145,9,13,11,91,7,10,8,98,8,3,12,56,6,4,2,5,3,2,2,1,1,1,0,2,2,9,0,2,4,16,7,18,20,7,10,17,6,9,8,6,5,7,13,6,8,4,1,3,1,0,1,3,1,0,1,1,1,1,5,4,9
125,14,4,6,14,12,11,4,8,28,6,3,21,12,12,0,24,6,1,2,3,2,2,3,3,5,2,2,1,4,2,1,5,28,11,153,13,15,6,80,14,11,14,100,9,10,15,46,10,10,7,2,3,0,3,2,1,2,3,2,1,10,1,3,9,23,9,18,19,7,2,9,5,5,2,7,7,5,8,4,11,1,1,3,6,1,5,2,5,3,0,3,1,4,2,2,3
126,17,7,2,7,14,3,3,13,37,8,0,20,22,9,4,29,6,4,1,3,2,5,2,12,3,0,1,5,4,3,2,6,27,9,146,15,5,7,92,13,10,5,86,7,12,17,61,11,0,6,3,2,1,0,3,3,1,2,2,3,10,2,2,6,20,5,8,17,11,9,10,10,4,4,10,8,4,7,7,11,4,0,5,1,1,2,2,0,1,0,2,3,3,0,1,7
127,18,7,3,13,10,11,5,14,19,5,3,16,24,9,7,39,1,3,2,6,2,7,0,4,2,1,1,3,4,2,0,4,28,9,140,14,9,10,87,11,20,10,95,5,6,11,64,9,2,6,5,6,2,1,3,4,1,1,4,1,10,2,6,4,12,7,16,14,3,8,13,4,5,4,7,6,6,6,3,10,1,0,6,2,0,2,4,2,2,1,9,2,2,3,3,6
128,16,8,2,3,16,5,3,15,24,10,2,19,14,18,4,31,1,1,1,6,1,3,1,2,2,0,1,1,2,3,1,6,25,14,146,8,6,12,100,12,14,11,90,8,13,6,54,13,3,4,4,5,2,2,4,3,3,0,3,1,12,5,2,5,15,10,13,17,5,4,10,6,9,7,7,9,4,6,12,10,2,3,5,3,1,4,2,3,1,2,3,0,3,3,0,9
129,19,5,4,8,16,9,12,9,29,6,4,17,12,12,3,26,4,2,0,6,2,5,4,6,3,4,0,2,1,1,1,5,23,13,144,18,15,7,78,11,10,14,93,14,11,9,55,15,4,1,7,4,1,3,3,5,1,2,2,5,6,2,2,5,14,7,16,26,4,6,3,8,3,9,6,6,7,4,8,13,3,1,7,2,0,2,6,1,1,2,2,0,1,2,2,8
130,12,9,1,9,25,12,6,8,31,6,2,23,12,15,3,30,6,3,0,3,6,5,2,2,1,3,0,5,6,9,1,3,21,7,134,10,9,7,87,15,7,10,88,7,5,21,64,12,4,3,4,5,1,2,2,1,2,1,4,3,5,1,2,5,22,4,14,22,8,2,11,13,6,5,9,12,5,7,10,7,1,1,5,1,0,0,0,4,3,1,2,1,6,1,4,5
131,12,10,1,4,15,4,6,9,29,6,3,11,21,15,7,31,3,3,1,6,4,8,2,2,1,2,0,7,1,6,2,9,30,6,182,18,10,3,72,11,14,9,96,4,11,8,67,11,3,5,4,4,2,0,1,3,1,2,1,3,7,5,5,5,15,6,8,16,5,5,12,8,6,2,6,9,3,4,5,9,2,3,4,0,2,1,4,2,2,1,3,1,0,3,3,6
132,15,6,1,12,26,4,2,11,19,7,1,24,13,10,2,34,10,7,1,6,3,3,2,8,2,1,3,2,5,4,0,7,37,2,143,16,9,5,94,7,13,8,92,15,10,14,51,12,2,2,4,7,3,4,2,3,2,1,2,1,11,1,1,9,19,8,9,21,2,6,11,0,3,5,9,7,9,5,6,7,1,2,4,1,1,1,2,5,2,0,3,0,3,6,2,6
133,25,8,0,9,15,9,5,10,16,5,4,22,18,16,10,23,1,0,2,3,4,10,2,2,2,2,0,2,3,2,0,3,22,12,155,14,9,10,85,11,11,11,92,8,8,13,46,10,1,2,9,10,1,3,8,2,1,2,4,2,6,3,2,6,14,14,11,16,7,6,8,10,4,5,11,5,10,2,5,15,4,0,3,2,1,4,3,5,2,0,5,1,3,2,5,5
134,17,9,1,5,19,8,3,14,29,2,6,14,17,13,6,24,7,3,1,7,5,2,2,3,1,3,0,3,1,8,2,6,23,14,160,13,12,10,91,8,11,9,85,9,9,11,57,9,3,4,11,5,4,2,1,2,3,2,5,3,10,2,2,5,18,3,14,17,3,7,13,10,3,0,6,4,4,11,3,8,2,1,7,4,1,3,0,1,0,1,1,2,5,1,4,7
135,12,6,2,7,26,12,3,10,27,7,6,18,13,12,4,17,8,3,1,5,1,3,1,6,2,5,1,4,1,4,0,9,24,8,146,10,12,11,104,8,10,8,84,12,11,16,64,8,5,4,1,5,0,1,4,5,4,0,0,1,2,2,2,9,21,9,15,22,2,2,9,8,5,4,14,9,6,5,4,6,1,3,7,4,1,2,5,2,2,0,5,2,2,1,3,2
136,17,7,0,7,15,3,3,8,33,10,4,17,15,13,3,33,4,3,0,9,2,4,3,6,4,3,1,2,3,5,0,7,24,7,159,10,6,8,76,10,17,14,87,12,7,15,50,15,2,4,7,2,1,1,5,2,1,2,3,1,9,3,4,1,28,15,14,20,7,2,13,4,6,3,10,5,10,2,3,9,3,1,3,2,1,6,1,2,0,0,7,0,2,5,3,4
137,13,14,2,8,23,5,4,11,31,6,4,19,20,11,2,14,4,2,1,8,2,2,3,6,2,3,1,6,2,4,2,4,20,7,151,12,14,9,73,17,8,14,87,5,12,9,49,7,3,4,8,2,1,2,3,2,5,1,0,3,11,1,4,9,26,5,24,13,10,5,14,6,8,1,15,9,8,4,9,11,1,3,5,2,1,0,4,3,0,2,7,1,2,1,3,5
138,18,9,2,4,10,6,2,11,32,16,2,19,16,15,5,28,9,3,2,1,3,4,2,7,2,2,0,3,3,5,2,9,28,7,139,15,12,7,109,10,10,6,91,9,9,11,58,7,2,4,2,3,3,3,4,5,2,1,2,3,6,3,0,3,12,5,25,21,2,1,8,6,5,6,8,6,7,8,6,13,1,4,3,0,1,3,5,3,1,0,2,2,0,2,1,7
139,16,8,2,8,17,7,4,8,25,7,2,20,15,10,4,28,5,4,1,3,4,7,0,2,2,2,0,1,7,6,0,6,31,13,165,10,5,9,94,10,7,8,96,11,10,8,51,11,7,3,3,4,1,2,3,0,2,0,1,6,10,3,1,9,17,7,20,19,1,7,9,3,10,4,2,2,7,7,6,14,0,0,3,2,0,4,2,2,0,0,5,3,4,6,3,6
140,8,9,1,5,17,2,3,6,28,9,4,14,25,15,1,24,6,2,0,5,7,6,3,3,0,2,0,1,3,2,0,4,30,4,149,13,13,4,89,14,14,9,112,8,12,18,53,11,8,0,10,4,5,3,4,3,4,1,2,4,3,2,4,8,14,6,6,19,11,11,5,9,4,3,14,7,4,3,5,6,3,0,5,4,0,2,3,5,1,0,5,2,1,3,4,2
141,15,6,4,10,23,11,4,14,26,4,3,15,15,25,0,31,2,4,4,8,3,6,4,3,0,3,1,2,6,6,0,10,17,11,155,11,10,8,93,10,17,7,88,12,7,18,43,3,2,3,3,4,3,2,3,0,2,2,1,2,11,2,1,9,18,5,13,16,9,5,11,5,6,4,7,5,12,5,4,11,2,1,5,2,2,2,0,4,1,2,4,0,3,1,3,4
142,20,8,1,9,13,4,4,10,34,7,3,13,17,13,1,31,4,3,0,6,1,5,1,3,2,1,0,4,3,4,1,7,16,10,153,13,8,10,94,8,11,16,106,11,17,12,53,8,4,4,4,2,3,3,2,5,3,2,1,2,3,3,5,7,14,5,13,18,4,1,4,4,8,6,12,5,10,11,7,9,1,0,3,1,1,4,4,5,0,1,5,0,2,2,1,7
143,17,8,1,6,16,7,2,10,27,10,3,9,15,8,7,35,4,3,2,7,6,5,2,4,4,2,1,5,4,3,0,4,27,9,166,15,8,5,94,12,12,4,87,11,13,14,56,8,2,6,2,5,1,1,1,2,2,1,2,2,10,1,6,5,23,5,8,16,6,1,8,5,7,3,6,6,9,10,2,16,0,1,1,4,2,0,7,2,2,0,7,3,2,2,3,6
144,15,9,2,8,16,7,2,15,38,3,2,10,13,17,6,27,3,2,1,3,4,5,6,2,2,0,2,5,1,6,0,7,27,11,153,12,9,13,87,14,8,11,85,8,20,12,44,12,3,2,1,4,1,4,0,1,2,1,1,1,5,1,2,7,18,8,12,20,5,6,12,5,6,8,6,5,6,7,7,17,2,2,4,2,0,2,7,4,2,3,7,1,1,5,5,4
145,13,7,1,10,18,8,4,12,31,3,1,12,18,12,5,34,8,6,0,2,3,5,1,6,3,0,0,2,5,3,0,6,22,7,163,11,8,5,85,13,8,14,92,9,9,16,52,8,6,5,6,3,5,4,2,5,5,2,3,2,4,3,2,3,24,8,15,19,6,7,11,6,7,5,4,7,4,8,5,9,1,2,4,1,1,1,1,4,1,0,3,0,1,6,4,4
146,17,9,0,8,21,9,2,8,27,6,5,18,22,16,6,20,5,3,1,6,2,3,4,3,2,3,1,3,5,4,2,8,34,8,148,13,6,12,90,6,14,17,81,9,10,8,36,7,7,2,3,4,3,7,4,5,2,0,0,3,6,5,4,2,19,5,14,18,4,9,8,8,9,5,8,7,6,12,8,7,2,1,6,3,5,4,3,7,2,0,3,0,1,2,4,5
147,13,9,0,5,15,6,8,20,27,6,2,15,23,9,3,21,2,3,0,3,5,3,2,6,6,1,0,2,2,3,3,5,16,4,142,11,14,11,91,13,14,9,106,1,11,13,56,12,5,5,8,4,5,3,6,5,2,1,0,2,5,2,0,10,16,10,15,25,10,7,8,5,8,2,5,7,7,6,7,9,2,1,3,1,1,3,2,5,1,2,4,0,1,4,1,7
148,10,8,0,11,23,8,6,6,28,6,5,15,19,16,3,33,7,3,0,2,1,3,3,8,2,1,1,2,7,3,0,7,26,15,143,9,9,12,87,11,8,4,94,11,9,16,54,8,3,2,9,3,0,3,3,1,1,2,1,0,14,1,1,6,20,7,18,20,10,2,8,7,4,6,5,2,9,8,4,7,1,2,6,3,3,2,6,3,0,1,2,1,1,3,6,10
149,13,4,0,12,16,5,2,8,21,5,5,13,17,15,6,29,5,6,1,1,1,4,1,5,1,3,3,9,6,3,0,11,24,10,141,20,11,12,85,16,9,9,97,11,17,9,50,13,0,1,6,5,1,3,3,2,1,1,4,2,11,3,4,4,20,13,16,20,6,8,13,2,4,2,7,8,9,7,5,8,1,0,5,3,2,1,5,4,0,0,3,0,1,2,2,7
150,17,8,2,4,23,9,3,17,23,8,2,19,16,17,4,31,8,0,2,3,1,9,2,4,2,2,1,4,7,4,1,6,31,13,115,18,9,8,88,10,10,10,93,8,8,15,55,6,5,0,8,4,1,1,2,2,0,1,7,1,6,4,2,5,25,4,13,18,5,11,11,10,7,5,5,6,8,5,9,15,2,2,5,2,0,1,1,2,0,3,4,1,2,3,5,5
151,16,6,1,9,21,6,3,9,27,7,3,13,21,6,6,33,8,5,0,6,2,5,3,8,3,1,0,1,4,4,1,8,24,8,170,18,14,8,92,7,8,7,91,7,9,9,55,11,3,2,6,6,2,2,2,1,0,0,3,3,3,2,2,8,20,4,16,13,2,4,14,4,6,3,6,11,3,8,8,7,0,0,5,1,1,0,2,4,2,2,2,0,3,5,7,8
152,19,6,0,3,23,5,6,9,26,8,2,14,17,4,3,30,4,2,0,5,1,3,0,6,2,5,2,5,3,5,3,3,26,14,152,14,5,5,76,13,13,14,98,9,10,12,57,7,7,6,6,2,2,3,2,0,2,1,2,1,5,4,3,2,24,11,9,25,7,6,7,1,10,1,10,8,11,7,2,17,1,1,0,1,2,4,3,4,3,0,1,2,5,2,4,14
153,16,6,2,10,18,8,4,17,31,8,4,13,16,12,3,27,4,5,2,7,3,0,1,4,2,1,1,3,7,7,0,10,23,5,140,13,15,6,95,8,10,13,99,3,11,16,54,14,1,2,5,4,1,4,1,4,1,1,0,2,10,3,0,2,18,4,18,24,0,4,10,5,6,4,6,11,5,10,1,7,0,4,4,1,2,4,2,6,1,1,3,2,5,2,4,8
154,22,7,1,11,10,7,4,8,36,3,2,10,12,13,1,35,2,1,1,4,2,6,2,4,1,4,1,2,3,2,1,7,17,10,173,21,15,10,88,15,14,13,91,11,10,15,57,10,8,4,3,2,1,4,2,3,3,3,0,0,5,2,2,6,15,5,15,17,7,8,10,6,8,1,9,7,5,5,6,5,0,0,3,2,0,3,1,2,1,0,3,1,1,5,3,3
155,14,7,0,9,16,5,3,8,24,8,5,16,16,18,2,32,3,0,1,7,1,3,1,7,2,4,1,1,4,3,0,7,15,11,165,16,13,9,87,12,12,12,103,9,9,11,51,11,2,5,4,3,0,2,1,1,0,2,2,3,7,4,1,4,28,12,11,13,7,4,13,8,3,4,8,8,4,7,7,8,3,1,6,1,1,2,6,1,0,0,1,0,0,6,5,7
156,17,9,4,4,13,9,6,7,30,3,1,15,19,17,4,21,5,4,3,3,2,3,4,3,2,2,0,2,5,5,0,2,20,10,162,10,15,10,86,7,8,13,96,4,8,12,53,13,2,7,5,4,2,1,3,6,2,3,0,6,4,3,6,7,23,7,18,17,2,10,13,10,2,3,14,6,8,4,6,7,3,1,3,3,2,3,3,3,1,1,1,2,0,4,2,6
157,24,12,0,7,11,4,4,4,19,8,3,17,17,6,1,37,4,2,3,7,3,6,3,7,2,2,1,1,4,2,0,7,20,12,185,16,13,10,94,8,7,19,88,3,8,8,49,6,5,4,5,7,0,3,0,5,3,3,1,1,10,1,0,7,18,11,16,17,8,9,6,7,6,3,4,2,7,6,8,8,2,2,5,1,1,1,2,3,1,0,1,0,3,2,2,9
158,7,10,0,5,17,9,2,11,27,5,4,11,17,18,2,32,7,4,0,7,2,6,4,3,6,3,1,1,8,2,0,1,23,6,138,9,13,9,82,10,11,7,125,9,6,23,49,13,4,3,10,1,3,2,3,1,0,0,1,1,9,4,3,4,19,9,19,18,5,3,7,8,13,4,10,7,7,4,7,9,0,1,1,1,2,3,4,4,1,1,2,1,2,4,3,7
159,16,10,3,9,23,1,4,10,30,5,2,17,24,10,2,30,9,1,2,8,6,6,1,6,1,1,2,2,4,4,0,7,17,15,162,23,10,12,85,13,12,12,70,4,7,10,51,5,5,3,2,6,0,2,2,2,2,0,4,1,10,1,3,8,18,6,15,19,5,8,12,5,5,3,6,9,8,7,6,17,1,1,4,4,0,3,3,3,1,2,4,0,1,2,3,4
160,22,8,3,3,24,7,4,8,20,10,6,15,14,19,1,29,8,7,3,4,3,5,0,2,1,4,1,0,0,4,1,5,23,13,171,18,9,6,92,11,6,13,84,8,11,8,55,4,1,6,4,3,2,2,1,2,0,0,2,0,5,4,1,4,22,7,14,17,7,9,11,6,10,4,6,5,10,7,3,5,1,1,4,3,1,3,4,5,2,0,2,2,4,3,1,11
161,19,9,1,4,23,5,3,7,26,11,0,19,18,18,7,27,8,2,2,6,1,4,1,3,0,2,1,2,0,5,1,4,25,15,165,19,19,9,92,10,10,12,82,8,9,17,52,8,5,0,5,2,3,5,5,3,2,1,3,3,7,2,1,7,13,4,7,14,4,3,11,6,4,2,6,3,8,8,7,10,0,2,3,1,1,4,2,7,3,0,2,1,1,4,7,7
162,10,10,2,5,23,3,3,8,27,2,1,21,10,14,0,38,7,1,0,6,7,4,1,5,1,2,0,3,2,2,0,3,24,10,172,12,18,9,78,12,14,9,95,13,16,13,49,9,6,4,4,1,1,3,2,4,1,3,2,6,8,3,1,4,15,4,13,16,6,5,11,12,3,5,9,8,6,4,8,5,2,1,1,2,2,3,3,5,2,0,4,3,2,2,3,8
163,15,7,0,1,19,6,4,9,20,8,1,10,15,18,3,25,4,4,1,2,4,3,2,5,2,0,1,6,2,3,4,10,25,14,187,12,14,8,84,12,4,5,79,14,12,12,52,5,2,5,5,6,0,4,3,2,0,1,2,1,7,4,1,6,13,10,19,24,4,5,6,11,5,5,8,2,4,7,9,15,2,2,3,1,0,2,5,7,3,1,7,1,3,1,6,7
164,20,5,1,5,21,9,4,11,29,1,3,16,11,19,6,31,2,3,0,3,3,2,1,5,4,0,0,1,5,2,0,5,30,8,151,16,12,12,80,14,11,7,97,3,14,14,57,4,0,9,7,8,1,4,3,0,2,1,5,0,9,3,5,4,23,6,10,18,5,5,11,4,7,2,13,5,10,7,6,11,4,1,2,2,0,2,3,5,0,0,3,1,2,3,4,6
165,20,4,2,6,19,2,4,11,31,4,1,20,19,14,3,37,2,3,0,7,3,6,1,6,3,3,1,2,5,3,1,4,28,9,141,14,12,7,88,15,11,8,93,9,10,20,52,4,0,2,5,2,1,4,4,0,2,3,0,3,5,8,5,11,12,5,12,19,5,6,11,3,5,6,9,6,4,10,6,23,2,1,3,3,0,1,4,1,1,1,1,1,2,3,7,4
166,17,9,2,11,16,4,5,10,22,6,4,20,23,11,7,17,7,3,1,7,0,1,1,6,5,0,1,2,2,1,3,5,27,10,156,17,12,13,86,10,11,9,97,9,7,11,42,7,2,1,2,6,2,3,1,4,5,2,1,1,8,1,0,10,18,3,16,23,12,5,6,10,9,3,7,5,7,7,6,8,2,2,6,1,0,0,6,7,1,0,4,0,3,4,9,8
167,16,9,0,4,24,9,3,10,30,3,3,8,16,25,6,31,6,3,1,5,3,5,2,5,0,2,0,4,3,1,0,4,27,15,164,24,5,9,93,5,8,6,84,5,10,9,41,10,4,6,9,3,1,6,3,0,1,2,1,3,6,1,4,9,20,5,18,16,5,7,7,9,7,5,9,8,3,6,6,13,0,3,3,1,0,1,1,7,0,1,4,2,0,6,2,10
168,16,10,2,9,16,3,6,9,30,5,0,14,22,13,4,29,1,5,1,9,1,8,0,4,1,1,1,1,3,4,1,2,36,8,150,23,7,8,91,3,8,5,95,12,7,12,55,10,5,6,8,7,1,4,4,1,1,0,5,2,5,4,3,10,17,8,11,19,4,6,4,12,8,3,8,7,9,4,6,5,1,0,4,2,1,2,7,4,1,0,6,2,4,2,2,4
169,22,9,0,11,18,10,2,11,26,2,2,18,13,11,4,24,4,3,2,4,1,2,1,8,2,2,1,3,2,5,1,7,19,16,176,18,8,9,107,7,10,10,91,6,13,11,50,7,2,5,2,2,5,3,2,3,1,1,2,4,6,2,1,5,21,6,23,12,7,1,5,3,6,5,5,6,9,7,3,12,0,1,1,3,3,0,2,4,0,1,5,0,5,3,2,4
170,16,11,2,6,30,12,6,10,32,4,3,16,15,10,2,30,5,2,1,7,3,1,1,0,1,1,1,2,1,2,1,2,29,13,149,11,18,14,82,10,18,14,109,7,9,13,53,10,1,3,3,4,2,1,3,1,2,3,1,2,5,0,1,10,16,4,17,19,6,7,7,10,4,3,7,2,4,2,4,10,1,2,5,1,1,4,3,1,1,0,3,3,1,3,5,7
171,18,4,1,14,21,7,1,11,28,7,3,19,17,14,6,23,6,3,0,4,1,3,1,6,0,0,1,1,5,1,0,11,28,16,156,13,12,9,94,7,10,9,92,10,13,8,49,8,5,4,5,2,2,1,4,1,1,1,3,4,6,1,1,6,20,8,15,19,7,7,18,9,5,2,5,4,9,7,3,10,3,1,1,3,1,0,4,3,2,0,3,2,1,2,2,6
172,19,4,0,6,23,7,3,11,31,4,2,20,21,14,4,39,4,1,2,2,2,2,1,5,0,2,1,1,6,3,1,8,21,12,150,11,8,8,90,9,11,18,96,19,4,8,47,5,2,4,2,7,0,2,3,2,3,2,2,3,6,3,4,9,10,9,20,20,4,9,9,8,4,9,10,7,10,5,7,10,0,0,0,0,2,2,0,7,2,1,2,0,1,2,4,6
173,15,18,1,3,11,6,1,11,31,5,3,15,12,18,0,32,4,3,0,2,3,5,3,5,5,0,0,4,0,7,1,9,22,12,157,18,13,15,78,11,9,12,81,8,9,16,48,13,3,2,5,9,1,7,1,5,1,3,3,2,8,3,5,9,18,5,21,13,5,3,7,9,3,9,7,7,7,6,4,7,1,0,6,6,1,4,3,4,1,0,5,1,1,2,4,8
174,12,13,1,7,20,9,5,9,28,5,2,13,12,10,1,24,4,4,1,7,0,0,0,3,3,1,3,1,3,4,1,6,26,10,150,11,16,6,104,16,13,13,98,14,9,17,50,14,2,3,9,4,0,2,4,3,2,1,2,3,9,1,6,3,31,5,16,12,7,7,14,7,5,5,8,3,4,5,4,3,0,2,1,4,0,0,2,3,2,1,5,2,1,3,1,4
175,14,11,3,8,14,9,7,12,20,5,2,8,17,9,4,30,2,3,2,11,1,5,0,3,2,2,1,4,3,5,0,8,25,13,149,13,10,9,93,8,16,6,85,10,9,14,55,11,8,6,1,5,2,1,3,4,0,1,3,1,7,2,4,5,22,8,21,22,6,9,4,7,4,3,16,5,9,4,5,12,2,0,1,2,0,3,1,7,2,0,3,2,2,2,4,8
176,21,2,1,9,23,11,3,17,23,9,3,11,13,19,3,33,4,2,1,5,5,6,1,7,4,2,1,3,3,4,0,7,29,14,145,15,6,10,91,9,14,12,85,7,9,10,55,9,1,4,5,4,2,7,4,3,0,0,3,2,6,2,0,3,13,5,17,18,3,7,6,5,7,3,3,5,11,8,8,9,2,0,3,6,3,4,5,5,1,1,5,1,2,5,2,5
177,21,9,1,5,14,7,3,9,24,4,2,18,17,6,5,32,0,4,0,6,2,5,2,9,1,3,4,5,3,4,0,8,24,12,172,11,9,7,97,13,7,8,108,4,11,6,51,6,2,4,4,2,0,2,3,2,1,2,3,2,8,2,2,5,22,8,17,15,6,5,6,9,5,2,10,4,5,11,6,8,2,2,2,2,0,3,3,2,2,0,3,1,3,4,3,6
178,11,10,2,5,14,11,5,9,26,10,3,9,22,15,5,31,5,2,0,3,1,4,1,6,1,5,0,3,5,3,0,5,15,18,143,13,11,15,88,12,14,10,97,6,10,15,59,9,6,3,6,4,4,5,3,1,2,0,2,3,10,2,2,11,16,5,14,13,4,4,11,8,5,3,7,7,14,9,1,11,4,0,2,1,4,3,1,3,1,0,3,0,4,0,5,6
179,10,7,3,1,26,8,3,16,30,5,2,14,23,17,5,24,8,1,0,4,2,3,0,2,2,1,1,2,4,4,2,8,27,6,145,12,12,12,89,12,10,10,90,10,10,10,53,8,5,6,7,7,0,4,3,0,1,3,5,2,8,1,5,5,25,5,16,10,6,4,8,7,11,6,6,7,4,10,4,8,3,2,5,2,2,1,0,8,0,0,4,4,7,3,0,6
180,14,8,0,1,14,7,7,14,25,6,4,15,14,18,2,24,6,3,0,5,5,7,0,2,2,2,0,2,5,3,0,9,28,6,171,13,10,7,95,7,7,11,96,6,9,15,56,10,5,4,4,4,4,5,3,0,2,1,1,3,6,1,3,8,18,7,10,24,7,6,8,4,7,6,7,4,5,5,6,12,0,2,7,3,0,0,5,1,3,2,3,0,2,3,2,6
181,15,8,2,3,22,4,1,9,36,5,4,11,18,15,5,38,5,0,0,7,3,5,2,4,3,2,3,0,1,2,2,3,19,8,164,20,17,8,79,18,11,9,100,11,14,6,57,9,1,6,6,3,1,8,3,2,4,2,2,2,7,1,0,4,18,4,10,17,4,4,9,1,5,7,3,10,10,6,5,7,1,1,4,2,2,2,0,5,2,1,3,2,3,1,3,8
182,23,5,2,9,20,4,6,3,24,7,0,21,12,12,2,22,4,1,2,2,2,7,2,5,1,8,0,3,4,7,0,4,36,15,143,17,6,6,82,7,14,9,112,9,10,13,40,10,4,2,6,4,1,6,4,2,1,2,2,3,8,4,1,9,18,6,19,19,7,6,12,8,5,5,9,6,7,5,7,11,1,1,3,2,1,2,2,5,3,0,0,0,5,3,2,8
183,9,5,1,7,21,10,3,12,29,7,6,9,17,13,3,36,3,0,1,2,4,6,4,1,1,4,0,3,4,5,1,4,29,4,137,20,9,14,98,9,7,12,112,5,12,17,57,11,4,5,4,2,2,2,2,4,2,2,2,1,8,2,1,6,13,4,14,24,7,6,8,5,9,6,6,2,6,4,7,8,2,2,2,1,0,3,3,5,1,0,4,2,2,4,3,4
184,12,6,1,5,15,10,4,12,36,5,3,14,12,6,4,31,6,3,1,6,2,1,2,6,2,2,1,4,5,4,1,2,29,6,169,16,15,6,96,6,10,14,109,5,8,10,49,7,3,2,4,4,3,1,7,1,1,0,3,1,9,0,3,7,23,6,15,11,6,2,13,5,12,5,8,6,5,7,6,6,1,1,5,1,3,2,2,0,2,2,4,0,2,4,2,5
185,13,7,1,8,18,8,1,2,27,8,4,23,16,10,1,31,7,4,2,1,1,6,2,8,2,1,1,1,1,3,0,7,23,12,147,11,8,8,97,10,11,10,99,12,9,13,47,11,1,3,3,2,2,4,2,4,5,2,2,2,9,6,2,9,19,7,14,14,5,8,8,7,7,3,3,8,15,3,6,12,4,1,4,2,0,1,3,5,0,0,4,0,8,7,4,7
186,11,4,3,7,25,6,2,18,22,6,1,15,13,11,6,26,8,3,0,5,2,3,1,5,1,3,1,3,3,5,2,5,19,14,170,24,12,5,97,11,10,5,83,7,14,13,55,7,6,7,6,5,1,4,1,5,0,0,2,3,6,3,0,8,20,7,16,18,4,2,11,0,4,4,7,6,5,8,4,10,1,2,4,2,1,2,4,2,2,0,4,0,4,3,6,8
187,12,8,3,9,11,5,4,12,29,7,4,14,11,14,3,33,2,5,2,10,3,2,0,7,2,3,0,5,6,1,0,4,25,8,163,10,12,7,96,11,7,10,97,13,7,11,50,5,9,3,3,1,0,2,2,4,1,2,2,3,10,1,2,4,20,9,16,29,5,6,7,5,8,4,6,2,3,8,5,14,2,1,4,2,1,4,5,5,1,0,1,0,4,3,0,8
188,15,10,2,10,13,6,2,7,23,8,1,15,14,15,1,27,7,5,2,8,2,3,2,4,5,2,0,2,2,5,1,5,30,10,154,12,11,8,75,13,15,12,90,10,8,11,66,8,3,4,5,6,0,3,2,3,1,2,3,1,12,5,6,4,14,8,20,16,7,3,14,3,8,4,7,4,8,10,6,5,2,0,7,1,2,3,2,4,1,0,3,3,2,3,6,7
189,18,8,1,8,17,6,4,10,24,5,0,9,22,14,1,35,2,1,0,5,1,3,2,6,5,1,0,2,4,2,2,4,29,16,171,13,11,10,90,10,9,13,98,5,9,11,40,11,3,3,7,4,2,1,4,2,2,2,7,2,5,2,4,8,26,5,10,15,7,5,12,6,10,5,6,6,6,6,5,7,0,1,6,0,0,1,5,4,0,1,4,3,3,5,2,2
190,20,11,2,11,19,6,5,9,30,6,1,15,17,8,1,35,4,2,1,7,4,5,1,3,0,2,0,1,2,6,1,7,30,14,142,7,11,4,103,14,8,8,85,13,9,15,52,8,2,4,3,3,1,1,1,0,3,2,1,3,8,4,1,10,15,9,9,22,5,7,14,9,7,0,12,8,9,9,8,10,2,3,4,1,0,3,2,0,1,1,1,3,3,3,5,3
191,14,6,1,5,23,5,1,5,15,7,1,12,15,19,2,31,10,3,0,6,3,7,2,7,1,4,2,1,3,1,1,7,28,24,153,9,13,7,97,16,9,9,103,13,9,8,65,10,4,2,1,0,4,1,3,3,2,0,1,3,7,1,2,8,29,7,21,13,3,4,10,4,7,3,2,5,8,5,7,5,0,0,5,1,0,0,2,1,1,0,7,0,3,1,8,3
192,15,8,1,5,21,7,6,9,22,11,5,15,25,8,6,24,13,5,0,4,2,2,4,2,3,2,0,2,0,3,1,6,23,13,123,13,13,5,89,10,12,11,94,12,19,14,53,9,1,7,10,5,3,3,4,4,2,2,2,1,7,4,2,8,19,7,21,12,5,5,8,9,6,6,8,4,4,10,7,13,3,1,5,2,1,2,2,4,5,0,2,0,2,2,7,3
193,13,8,2,11,21,7,4,6,33,8,5,10,18,9,4,37,5,5,1,8,6,4,0,6,1,0,1,6,7,2,0,7,21,6,136,18,11,13,89,14,12,10,95,4,9,7,54,8,3,8,5,4,2,4,0,3,0,2,2,2,12,3,2,6,18,18,11,19,4,4,8,7,6,5,2,9,3,7,7,10,1,0,1,2,0,1,8,8,1,0,3,2,4,5,3,3
194,26,12,1,4,14,6,4,7,32,5,3,16,20,10,1,37,5,3,1,11,3,2,1,3,4,1,2,2,1,5,0,3,27,14,171,17,10,13,83,19,10,10,82,8,8,13,51,10,2,3,6,4,4,3,4,3,1,1,2,2,6,6,0,1,19,8,16,11,5,5,7,9,7,2,3,4,8,7,6,14,0,2,1,1,0,4,4,1,2,0,3,1,1,4,3,3
195,16,8,1,8,21,6,2,8,27,6,6,11,21,9,1,31,4,4,1,5,3,3,3,4,4,2,1,3,6,3,2,6,20,11,158,12,9,6,91,10,19,9,104,12,6,14,51,8,2,9,4,5,1,3,7,3,0,3,2,1,5,1,2,4,22,8,13,16,4,10,13,3,8,3,4,7,2,5,7,9,1,3,3,2,1,4,1,1,2,0,5,5,0,3,2,5
196,17,7,0,4,16,4,7,14,22,12,2,16,21,16,3,28,5,3,2,6,2,0,2,4,2,4,0,3,4,4,1,8,23,14,144,16,14,4,89,11,14,12,88,6,14,10,68,12,1,1,6,5,2,2,5,5,0,0,2,3,6,4,2,4,23,6,18,24,4,3,6,2,4,1,4,7,10,6,3,13,5,2,3,3,0,3,4,4,2,1,2,0,1,4,1,5
197,15,6,1,6,26,10,3,8,33,7,1,16,19,14,4,28,2,6,0,7,2,5,1,6,3,1,1,4,3,4,0,7,30,10,158,14,8,6,102,10,15,12,83,5,9,8,41,10,6,2,3,8,1,4,4,3,0,1,3,1,11,2,3,8,15,6,16,20,11,3,9,5,6,6,8,5,3,4,5,11,5,2,2,2,0,1,3,2,0,1,3,3,3,4,1,5
198,17,8,0,6,13,5,3,8,29,4,1,21,13,15,7,36,2,2,1,1,6,0,2,7,3,2,2,5,4,8,1,2,27,13,147,15,8,8,94,3,15,12,109,7,9,20,41,10,2,4,4,5,1,4,2,3,2,4,2,2,6,2,1,7,18,4,17,17,4,3,8,8,8,11,8,6,8,4,8,10,1,1,3,1,1,2,1,4,0,0,4,3,1,2,5,6
199,20,12,1,4,15,9,6,8,24,5,1,19,21,15,2,31,4,2,1,3,5,2,2,7,4,2,1,2,0,4,0,7,26,9,165,15,17,4,76,8,15,8,107,13,13,12,52,10,2,2,1,2,4,3,1,4,0,1,3,2,4,4,1,4,17,8,12,13,7,10,12,5,4,5,8,5,9,6,8,5,3,2,3,1,3,3,4,2,2,0,2,1,0,0,3,10
200,24,11,2,10,15,6,3,16,27,7,6,14,16,14,4,22,4,4,2,5,0,6,5,3,1,1,2,5,3,5,0,6,25,13,156,10,6,14,95,15,9,11,91,6,10,11,50,10,1,3,3,0,4,2,3,3,2,1,3,3,5,1,3,4,17,7,12,14,6,4,4,10,9,4,3,9,6,8,9,16,0,0,3,2,0,5,5,1,3,1,4,2,3,5,3,3
201,21,7,1,11,17,9,3,4,26,10,1,10,18,22,3,28,1,5,2,5,6,4,1,3,3,0,1,2,2,2,0,6,23,12,156,17,18,10,85,9,10,9,105,13,12,9,45,14,4,7,5,2,1,3,3,3,5,1,3,2,5,2,2,3,18,5,18,16,4,3,13,6,4,3,9,4,4,6,2,9,2,2,5,3,1,1,2,9,3,2,3,1,1,3,1,5
202,16,6,3,6,22,12,6,9,15,10,3,16,17,12,1,37,7,5,1,1,2,2,2,5,0,3,1,5,4,7,0,6,25,13,141,15,10,7,73,16,8,15,98,11,21,18,46,8,6,4,4,2,1,3,2,2,2,2,4,3,11,1,2,4,19,7,15,17,7,4,10,5,3,1,11,5,5,15,6,10,3,2,3,1,0,6,4,1,2,0,5,0,1,5,2,5
203,15,17,1,8,25,5,3,10,22,8,2,11,11,16,3,33,5,4,2,3,5,4,0,10,0,0,3,1,2,3,0,3,25,13,160,13,8,11,106,11,11,10,107,8,11,7,54,8,2,5,4,2,2,1,3,2,2,3,3,4,3,0,1,10,10,5,10,23,3,7,4,5,7,4,11,5,9,4,7,10,3,1,7,0,0,4,3,1,1,0,2,1,0,0,2,6
204,13,6,3,8,17,8,2,9,35,8,4,13,19,9,1,30,6,4,1,6,3,6,2,2,2,1,0,2,5,6,0,5,22,8,138,10,6,8,88,19,9,13,109,9,9,15,49,11,3,4,3,4,2,2,3,2,0,0,1,1,13,2,3,4,21,7,16,17,4,8,15,8,9,5,14,6,7,7,2,5,4,2,2,2,1,2,3,3,0,2,6,3,0,2,2,9
205,16,9,1,3,16,11,11,9,26,8,7,11,18,13,1,37,5,2,1,2,1,5,3,5,0,2,0,4,5,4,0,5,23,9,145,16,8,8,71,15,13,7,109,7,7,20,47,9,6,4,3,5,1,4,6,1,1,0,0,3,7,2,3,8,16,8,16,25,8,8,5,9,7,2,9,5,5,6,7,12,2,0,3,5,1,2,1,9,1,0,1,1,4,3,4,6
206,14,5,2,8,16,7,1,11,35,10,0,20,18,17,6,27,7,1,0,7,2,5,0,2,3,6,1,4,3,8,3,5,29,12,143,19,17,9,97,6,8,11,100,9,7,12,39,10,4,2,1,5,1,2,5,5,4,2,0,3,7,4,1,4,16,6,19,16,5,6,7,2,10,5,7,5,7,6,6,8,1,0,4,2,1,0,3,4,1,0,4,3,1,0,3,10
207,18,10,1,9,20,8,3,11,22,7,1,7,29,17,6,22,6,4,2,4,5,1,0,7,1,1,0,2,1,5,2,4,20,9,158,14,6,8,89,7,10,10,101,10,15,6,63,13,2,3,4,3,2,3,2,4,1,2,3,1,7,2,2,5,21,4,19,20,6,7,4,8,1,8,5,0,11,6,9,9,3,2,3,3,1,3,2,4,1,1,3,2,2,4,4,3
208,9,8,1,6,15,8,3,6,27,6,5,14,16,19,5,27,5,6,1,6,1,6,1,6,1,1,1,0,3,4,0,6,26,10,158,21,11,9,89,10,8,10,90,8,9,9,53,9,0,5,6,4,1,1,2,1,2,0,4,4,5,4,2,5,19,12,16,19,7,7,10,9,8,3,7,9,8,3,3,11,3,0,3,4,1,3,5,2,1,0,3,1,4,3,6,11
209,13,6,3,8,15,7,3,16,27,9,3,13,19,13,4,18,13,2,1,4,3,2,1,4,3,5,1,3,3,5,0,9,26,13,173,7,5,9,83,8,7,8,96,7,10,13,61,11,3,2,4,2,1,3,4,0,1,0,2,1,6,3,2,4,18,7,14,22,6,5,12,10,5,5,7,4,4,8,6,13,2,0,3,1,0,6,2,5,2,0,3,2,3,5,4,5
210,22,12,0,5,16,4,11,7,22,6,0,12,18,10,4,30,4,3,0,4,1,0,3,2,2,4,0,1,7,6,0,1,25,7,163,15,7,17,87,10,11,7,83,7,11,16,54,13,5,2,4,6,0,1,4,3,4,2,4,2,4,0,5,5,20,8,19,17,3,5,15,5,8,9,10,4,13,9,5,7,1,3,3,1,2,3,0,6,0,0,2,3,1,6,5,6
211,24,4,1,7,22,5,3,7,17,8,1,16,15,18,4,35,5,6,0,9,2,4,1,4,2,2,1,5,3,5,1,8,21,8,144,15,8,6,97,8,13,13,103,5,8,13,40,12,2,6,6,3,3,2,3,0,0,3,2,2,11,1,1,4,21,10,15,16,6,7,7,9,3,6,12,9,6,8,8,7,0,0,4,3,1,1,1,6,3,1,7,0,4,2,5,4
212,20,10,3,5,12,5,2,5,22,3,5,6,17,15,3,27,8,5,2,7,5,3,3,9,1,6,0,2,1,4,0,4,14,15,159,20,8,3,71,7,11,9,97,8,21,16,67,8,7,2,5,7,1,2,1,1,5,1,2,1,6,3,0,9,19,9,15,22,5,11,10,3,5,9,9,3,3,9,5,13,1,1,3,1,1,4,5,4,1,1,5,1,3,3,4,5
213,14,5,4,6,14,7,2,13,28,8,2,22,16,12,4,35,5,6,0,1,3,4,1,6,3,1,3,4,0,4,1,7,24,10,150,22,15,10,92,14,8,8,82,11,11,12,47,11,1,4,9,3,2,1,5,3,1,3,1,1,10,5,2,7,24,4,19,14,7,5,4,4,2,3,8,5,3,5,5,17,1,0,6,2,2,2,0,4,0,0,5,1,3,5,5,9
214,15,1,2,9,19,4,4,13,22,5,3,13,19,11,2,31,1,6,1,2,2,4,1,4,3,1,0,1,2,4,2,11,29,12,140,12,15,11,93,12,6,9,98,6,16,11,44,9,2,8,2,2,3,0,3,1,2,2,4,2,6,3,4,8,28,12,27,20,7,6,8,7,5,4,8,4,7,12,6,9,2,0,1,2,1,2,1,4,1,0,6,0,0,2,6,9
215,16,5,2,8,21,11,2,9,21,6,2,16,17,12,2,30,6,3,0,4,4,3,3,5,4,4,1,3,5,5,2,4,27,13,147,13,15,4,98,14,7,6,94,5,4,8,52,9,6,5,6,6,0,5,3,0,1,4,3,2,8,2,0,10,15,6,17,21,4,8,9,7,5,3,6,5,11,10,5,9,2,1,6,6,0,0,2,4,2,1,4,0,1,5,4,8
216,20,7,2,11,11,8,2,14,16,9,4,12,21,11,2,31,4,3,3,3,0,4,1,10,1,3,0,6,3,2,1,8,24,6,144,23,11,10,92,9,13,8,91,11,8,12,50,17,0,2,8,6,2,6,4,1,2,2,1,4,2,2,3,3,18,10,11,24,6,7,14,3,10,3,9,10,9,4,5,8,2,2,3,5,2,3,2,6,1,2,1,1,1,2,1,5
217,14,4,2,7,29,7,4,12,26,4,3,16,12,13,3,36,8,1,0,5,2,6,1,6,2,2,1,3,6,0,2,6,25,8,174,20,9,2,99,9,11,10,90,13,9,10,52,5,4,4,3,3,0,3,2,0,2,0,2,2,7,4,3,8,14,6,13,16,7,3,4,6,5,3,10,2,7,9,8,8,1,0,5,2,1,1,4,6,3,1,2,2,3,3,2,7
218,12,10,1,11,19,10,4,8,28,5,2,15,13,11,1,30,3,3,0,5,3,3,2,4,1,3,1,1,2,5,1,3,28,10,165,15,12,7,89,7,14,8,94,5,17,7,48,4,2,3,2,6,2,6,1,5,4,0,2,5,7,2,2,4,27,4,14,17,5,6,7,4,3,10,9,6,7,4,9,14,3,1,4,5,1,2,5,8,1,0,3,3,4,2,2,7
219,24,7,0,1,22,9,3,9,22,4,0,16,14,20,5,37,5,4,2,3,2,8,2,5,0,3,0,4,6,1,1,5,23,10,154,15,11,8,86,12,15,8,108,9,7,3,57,7,1,5,1,2,2,4,5,2,2,0,1,2,10,1,4,3,19,6,13,20,4,4,9,9,6,3,8,6,7,6,6,9,0,1,4,2,0,5,3,5,2,0,1,4,2,3,6,5
220,16,11,2,6,18,12,2,10,20,5,4,13,20,10,3,23,6,2,2,4,2,7,1,9,4,2,3,2,1,2,2,4,18,5,157,9,9,8,89,17,12,14,96,12,10,7,53,13,4,6,9,3,2,1,4,1,2,1,3,6,7,2,0,3,22,8,21,15,3,5,13,5,7,3,10,4,12,6,6,14,2,1,3,2,0,1,2,3,1,1,6,2,2,2,2,5
221,22,7,5,5,19,7,1,8,32,8,1,11,23,9,6,26,6,2,0,5,0,6,6,5,1,3,2,3,4,1,1,5,25,15,152,15,16,7,86,10,12,12,90,10,18,7,42,10,4,7,7,3,3,4,2,0,1,1,0,1,7,3,2,7,22,8,11,27,2,5,13,8,3,5,10,6,5,6,8,7,2,1,5,1,3,1,2,2,2,1,0,2,5,3,1,4
222,14,8,1,10,18,13,4,8,25,6,4,14,17,14,4,32,8,6,3,12,2,4,3,4,2,1,1,5,3,1,1,6,22,12,152,15,12,7,97,5,10,15,98,14,10,11,52,4,3,6,0,2,1,1,3,2,1,0,4,3,6,2,3,5,18,8,8,19,3,5,6,6,7,3,13,7,12,8,4,10,2,3,2,0,0,4,5,5,1,1,2,3,0,0,1,2
223,8,8,1,5,22,2,3,9,26,6,2,23,27,12,2,30,2,6,0,4,2,7,2,3,1,3,1,1,4,4,0,10,21,14,136,16,14,1,97,17,10,8,116,7,11,15,60,9,2,2,7,3,0,2,1,0,2,3,0,1,3,2,3,7,22,7,19,17,7,2,11,7,2,5,5,1,4,7,5,13,1,0,4,4,0,4,2,2,3,3,2,1,2,2,3,7
224,13,13,0,5,24,10,5,12,26,7,2,9,19,9,8,32,3,4,1,3,0,4,1,5,2,1,0,4,5,3,2,8,19,10,150,9,12,14,99,9,13,8,98,6,11,12,57,7,3,0,5,7,1,2,1,3,0,2,0,0,7,2,4,5,16,4,24,19,2,3,7,6,6,8,6,6,7,5,6,10,5,2,7,2,1,3,1,3,1,1,1,1,2,1,6,12
225,13,11,0,11,15,6,5,12,25,7,6,9,18,5,1,30,3,3,0,9,2,3,1,5,1,2,0,5,1,4,1,7,40,9,148,16,12,11,94,8,9,9,93,13,9,14,53,8,4,4,6,7,5,3,3,2,2,5,3,3,10,0,2,5,16,9,12,21,4,6,6,7,5,2,9,3,4,6,3,9,2,2,2,4,0,3,0,3,1,2,5,3,1,3,4,12
226,19,6,2,9,22,13,2,11,25,8,2,13,20,13,2,28,11,0,0,6,0,5,1,9,1,2,1,3,2,4,0,7,21,10,149,17,14,4,112,9,10,4,110,10,12,9,43,10,2,2,3,2,1,1,3,1,1,2,1,2,11,0,2,4,14,5,19,17,2,4,7,11,9,7,3,4,6,6,4,13,3,0,2,2,1,5,4,1,1,0,7,1,1,2,1,9
227,16,7,2,11,19,9,8,9,15,5,3,12,18,13,0,35,7,1,0,10,2,3,1,2,2,4,0,0,6,7,2,12,33,6,170,18,11,8,74,10,10,4,90,8,11,9,49,11,3,2,7,3,2,3,3,0,0,2,2,0,8,2,2,8,18,5,14,16,9,12,10,6,6,4,8,11,5,7,7,10,2,2,5,1,3,1,3,3,1,0,5,1,1,3,4,7
228,22,10,1,5,16,8,3,17,25,8,2,8,22,16,5,40,4,1,0,7,6,2,1,5,0,3,1,4,4,2,1,3,26,8,138,11,14,13,100,10,9,7,81,9,9,9,52,9,6,3,4,1,4,0,5,4,2,2,2,1,4,1,3,6,19,8,20,15,7,11,7,8,5,4,10,5,6,7,8,9,2,2,5,1,0,1,5,1,0,1,1,1,2,6,6,12
229,21,5,5,6,19,6,1,9,29,11,1,11,13,10,2,38,6,2,0,5,2,6,3,2,2,2,2,3,3,2,2,7,27,8,162,12,9,9,89,9,9,15,93,10,11,7,53,10,4,2,1,3,3,3,4,0,1,3,3,3,7,7,1,6,14,9,21,13,4,7,14,7,3,8,6,3,11,7,5,12,2,0,2,1,0,2,4,1,1,2,3,0,3,3,2,10
230,12,9,2,8,24,8,4,8,33,7,4,11,16,15,1,22,6,3,0,5,4,4,2,5,2,3,2,2,4,1,1,5,20,6,168,15,6,11,80,11,12,9,102,10,9,12,44,10,2,1,2,6,1,1,7,2,0,5,1,1,5,5,1,5,25,8,18,18,5,9,9,7,7,7,6,4,7,5,3,8,1,1,6,3,0,2,4,4,3,3,6,1,2,2,3,10
231,16,10,0,7,18,7,4,14,28,8,9,15,13,14,5,38,6,3,0,4,4,1,1,2,1,2,0,5,3,2,1,4,20,10,135,7,13,6,91,9,6,9,94,7,17,19,47,9,3,4,5,6,3,4,3,1,1,0,4,6,8,4,2,4,17,7,18,26,7,5,8,6,10,4,7,6,8,4,4,10,1,1,3,3,0,4,4,4,2,0,2,3,1,3,6,14
232,20,8,1,8,18,7,2,13,30,8,2,11,19,13,2,34,6,7,1,1,5,4,3,4,2,1,2,2,5,4,1,3,23,9,143,12,15,9,65,5,12,13,83,8,15,8,60,5,7,3,5,6,0,6,3,2,1,0,2,0,7,5,4,5,19,4,23,25,4,7,10,10,4,3,10,9,9,9,7,3,4,1,2,3,2,5,4,5,1,0,6,4,3,6,4,6
233,16,7,0,4,16,5,2,7,25,13,5,14,16,20,3,30,2,3,2,10,9,4,0,7,4,1,0,4,7,4,1,9,28,9,143,17,13,7,99,11,11,11,90,7,8,15,45,8,4,5,4,3,3,3,6,2,2,0,2,2,7,3,2,5,14,4,15,24,7,5,10,5,3,2,7,3,6,6,6,8,5,0,2,2,1,6,4,5,2,1,5,1,2,5,3,6
234,21,9,0,13,16,9,3,8,37,14,2,16,23,12,2,25,13,0,4,4,2,5,1,2,2,2,2,4,4,7,1,7,23,8,139,15,10,4,78,12,13,10,93,8,15,14,48,6,3,2,6,3,0,5,3,3,1,0,1,6,7,2,5,5,16,11,18,14,6,8,11,9,4,4,9,6,9,4,6,12,2,0,1,3,1,7,1,3,2,0,3,0,2,1,4,5
235,18,5,2,4,15,3,8,8,33,4,4,9,19,14,4,26,3,5,1,11,5,5,3,7,3,4,2,2,5,3,0,2,24,4,140,17,16,7,91,10,12,13,106,14,9,12,67,8,0,3,7,4,4,6,3,3,2,6,1,0,6,4,1,4,13,6,14,21,4,4,8,5,3,3,15,5,5,2,3,7,2,0,4,3,2,3,4,6,0,0,3,0,1,2,4,7
236,17,2,1,3,21,8,3,9,32,7,0,15,20,17,4,28,3,1,1,9,2,8,0,1,1,4,0,3,4,3,1,10,32,9,155,15,15,8,80,14,14,7,97,14,9,17,53,5,3,4,4,5,1,3,2,4,2,1,4,1,9,2,5,4,13,10,14,14,1,10,13,5,9,2,9,1,6,5,4,10,3,2,4,2,0,2,7,2,1,1,3,1,0,2,5,3
237,21,11,3,8,15,3,1,7,21,6,3,13,19,19,3,24,3,1,0,10,4,5,5,4,1,2,1,4,6,7,0,10,16,10,138,16,7,11,105,10,5,11,84,8,13,11,62,8,1,5,7,4,0,2,5,1,0,3,4,1,11,2,2,7,14,6,16,19,4,4,8,8,8,3,8,4,11,6,7,11,3,2,1,3,1,3,6,2,3,1,5,1,3,5,6,8
238,18,6,2,6,14,4,6,7,29,9,1,17,15,14,3,21,4,4,0,7,5,3,1,6,1,3,0,4,4,4,2,6,27,8,151,16,16,6,93,14,15,5,94,8,14,13,52,10,4,5,2,4,4,1,3,3,3,2,1,2,5,3,3,8,23,7,17,12,4,5,8,9,11,6,4,2,10,8,9,8,1,2,5,6,1,1,2,1,0,0,2,2,0,2,3,8
239,22,4,2,6,18,11,2,12,19,4,3,18,12,5,6,29,4,3,2,4,4,4,3,5,2,4,1,1,1,2,1,8,22,7,161,16,6,12,71,17,13,11,108,7,13,12,51,16,3,3,5,4,2,2,4,4,1,1,2,2,4,4,3,2,22,8,15,22,8,8,9,1,8,3,13,6,12,6,6,7,2,1,7,1,5,1,2,1,0,0,6,0,4,1,3,1
240,10,6,2,8,13,7,4,6,29,7,6,15,17,12,3,29,7,4,0,4,2,2,1,13,1,4,0,2,2,10,2,8,27,13,151,15,13,12,80,9,11,7,97,13,6,11,46,8,2,2,4,2,1,2,0,2,4,2,0,1,7,2,3,6,29,5,19,19,7,9,14,2,7,4,6,5,10,8,7,11,4,3,3,3,2,5,2,3,0,0,2,2,2,4,2,6
241,16,14,1,5,20,9,4,6,31,10,1,16,17,11,3,23,9,3,2,2,1,8,3,8,2,3,0,4,2,5,0,10,30,11,137,12,9,13,94,9,16,9,89,11,10,9,41,10,3,5,7,4,1,3,0,2,1,1,2,3,9,0,2,8,22,6,13,18,8,5,13,5,11,3,6,6,8,8,7,7,0,2,4,2,1,3,1,6,1,0,2,2,2,4,7,7
242,8,9,3,7,13,12,5,10,23,9,1,12,12,14,5,31,5,1,0,5,1,2,3,6,0,2,0,1,5,3,1,5,26,8,149,17,14,10,89,8,11,14,100,9,16,14,65,9,6,4,4,7,3,2,1,0,1,3,5,4,6,3,3,3,21,4,16,22,7,3,5,12,6,4,6,3,6,5,6,13,2,3,2,4,2,1,1,2,1,0,4,1,0,3,5,2
243,16,13,0,9,24,8,5,8,27,7,3,18,20,14,2,24,5,2,1,5,3,7,1,6,0,1,1,1,2,8,1,2,27,5,128,14,7,10,91,10,17,9,104,8,9,14,52,7,5,3,3,4,2,5,2,0,3,0,0,3,10,3,2,5,23,6,20,12,8,6,10,8,2,3,9,8,6,8,6,9,1,2,6,1,1,4,5,4,1,1,3,2,0,4,3,12
244,13,8,0,6,14,7,6,11,19,6,1,12,20,12,4,20,6,3,0,7,3,5,1,4,1,3,1,1,7,7,0,6,22,6,154,20,8,11,101,18,17,9,100,6,6,16,47,9,2,4,6,7,3,1,5,2,2,2,2,3,10,0,3,6,28,4,14,18,1,5,10,5,4,2,3,14,6,5,4,9,1,0,4,3,2,1,7,2,0,2,4,2,0,3,5,10
245,8,8,1,7,22,6,5,10,24,7,0,14,19,13,3,38,4,2,1,7,3,2,3,2,2,1,2,2,5,4,1,8,20,15,159,16,10,11,89,8,13,12,96,9,13,11,54,9,8,3,7,4,3,4,2,1,0,3,5,0,4,2,1,12,14,1,7,14,4,7,7,7,9,4,6,5,12,7,5,10,1,0,3,5,1,1,6,4,1,4,1,5,1,3,2,5
246,23,6,0,4,15,6,2,10,18,7,1,10,20,19,3,35,3,2,2,8,3,6,2,10,3,1,0,5,1,2,0,5,21,6,165,10,10,3,69,9,17,11,109,6,9,15,63,15,6,6,3,4,3,1,2,1,0,2,2,0,7,2,3,3,22,11,16,14,4,6,8,6,7,4,5,9,11,9,4,8,0,4,2,2,1,3,4,2,1,0,5,1,3,5,1,7
247,12,10,1,7,17,4,1,10,26,8,5,14,21,19,3,37,8,1,1,5,1,5,2,7,4,4,1,1,2,4,0,3,27,11,126,23,11,11,90,12,10,15,90,7,15,12,45,8,5,3,1,10,1,2,2,1,0,2,0,1,4,1,6,6,16,9,21,17,5,10,8,7,6,5,9,7,11,10,3,13,2,1,5,0,0,4,1,4,3,0,2,2,3,4,3,7
248,12,7,1,5,20,7,1,11,25,6,1,12,21,19,3,30,7,4,1,3,5,2,2,5,3,1,0,2,3,3,2,3,32,24,147,11,15,11,72,12,8,10,100,8,14,13,40,17,4,2,8,3,4,3,3,0,2,2,4,2,3,1,1,6,26,13,18,15,7,9,11,6,8,5,3,3,12,8,4,9,2,0,3,2,0,3,0,5,0,0,5,1,0,1,2,10
249,20,2,2,5,18,7,7,9,28,3,2,17,19,8,1,33,3,2,1,8,4,4,0,6,2,1,1,1,3,3,1,3,21,11,166,13,9,7,94,12,15,10,94,12,6,11,54,10,2,5,6,1,1,4,4,2,1,3,1,1,8,6,4,2,23,6,17,22,5,4,5,10,6,5,10,3,7,6,2,10,1,1,5,2,1,1,4,4,2,0,4,1,1,2,4,6
250,13,9,1,2,16,6,5,7,38,7,0,15,12,14,6,33,6,3,1,8,7,3,3,4,3,4,2,6,4,2,1,0,30,9,165,13,10,8,94,17,13,10,82,2,13,12,42,8,5,2,9,6,1,3,5,1,2,1,4,0,7,1,5,7,16,5,14,15,4,5,14,7,9,3,5,3,7,6,3,12,2,0,3,2,1,4,2,2,2,0,5,4,3,5,6,3
251,17,6,1,6,16,10,2,4,28,5,3,16,17,11,3,20,10,2,0,3,4,3,1,4,1,1,0,3,3,3,1,3,22,10,150,17,17,13,87,9,11,10,88,6,7,7,62,11,0,7,2,6,2,6,1,3,0,2,2,3,6,5,2,6,18,8,26,19,5,5,11,7,7,8,9,8,8,1,6,12,1,3,4,3,2,3,3,7,0,1,4,5,2,8,2,7
252,16,8,2,4,22,7,2,11,22,9,2,16,18,12,3,28,5,2,0,8,1,3,0,9,3,2,0,4,1,5,1,9,19,9,153,11,7,9,73,8,7,14,105,6,15,9,59,13,6,7,9,5,1,3,4,1,5,0,2,4,8,2,2,7,16,7,16,13,4,6,13,7,6,10,6,6,10,9,10,8,3,2,0,1,0,3,3,4,2,0,6,2,0,0,2,7
253,14,3,2,11,28,5,6,10,30,6,0,18,16,14,3,24,11,2,1,8,1,4,1,6,4,1,0,6,2,6,1,5,25,13,132,11,7,5,85,9,8,17,98,6,12,14,53,11,1,3,6,4,3,2,0,2,0,1,3,2,9,1,6,7,15,7,19,26,5,6,7,6,13,5,7,8,8,5,4,10,1,0,6,2,1,4,0,5,1,1,6,3,2,3,1,8
254,24,7,0,1,16,9,2,5,30,8,4,12,31,11,2,36,5,1,6,6,0,2,1,4,2,3,0,2,4,7,2,6,25,7,136,6,5,16,80,10,14,10,93,8,11,8,56,20,8,7,4,9,3,5,1,2,1,1,1,1,7,2,2,7,22,4,12,17,5,6,3,8,7,7,10,3,8,15,1,12,1,0,6,2,1,3,3,6,1,0,2,2,2,5,3,8
255,13,7,1,6,12,12,4,7,32,7,2,15,19,12,3,29,5,3,2,9,2,6,4,3,0,4,1,3,4,2,0,4,29,10,150,9,13,9,86,6,18,12,98,14,7,16,38,13,2,7,3,4,1,0,3,2,3,0,5,0,5,3,3,11,22,9,10,13,6,9,8,8,8,3,7,4,9,6,6,13,0,1,4,3,4,1,3,4,0,1,5,0,1,5,6,8
256,16,12,0,5,28,10,4,16,31,7,2,16,18,15,4,32,5,4,1,2,3,5,0,2,2,3,0,3,4,6,1,4,27,15,141,10,14,9,95,8,4,13,83,8,12,10,54,5,5,3,5,6,0,2,3,3,1,1,4,1,6,0,0,7,17,11,15,12,7,7,10,5,4,5,7,5,11,10,7,12,3,1,4,0,0,2,2,5,0,0,8,0,2,4,3,5
257,16,6,0,10,17,7,7,6,20,9,3,14,30,16,1,26,6,4,3,3,2,6,1,5,4,2,1,7,0,4,0,8,26,8,138,17,15,6,88,12,8,9,92,18,7,18,48,6,4,6,3,2,1,4,4,3,2,6,3,3,11,0,1,10,25,5,16,22,7,1,10,10,2,9,4,4,12,0,8,10,0,1,4,4,1,2,3,4,0,1,1,3,1,0,3,4
258,13,4,3,5,17,6,3,10,24,7,6,13,25,16,6,34,6,3,2,4,1,10,1,4,1,2,1,2,2,2,1,6,26,17,160,16,9,11,96,14,11,17,89,6,5,11,40,15,3,4,5,3,2,1,3,0,1,2,5,3,8,3,4,1,23,3,19,17,4,3,15,9,3,1,8,3,5,5,9,12,3,2,0,3,1,1,4,1,0,0,3,0,2,2,1,7
259,15,11,2,6,19,8,1,17,22,7,1,17,19,17,3,28,4,3,3,6,3,3,2,3,3,1,1,4,2,2,1,8,27,17,153,12,8,10,71,11,13,12,98,11,11,14,41,11,1,5,5,3,1,0,3,0,3,3,2,2,8,3,4,6,17,9,12,26,7,6,11,4,10,4,2,4,9,9,11,11,3,1,3,0,0,1,2,0,3,1,4,0,3,3,5,8
260,13,9,3,7,21,9,2,8,34,7,3,10,15,16,4,43,4,5,0,4,5,3,2,2,1,1,1,4,4,5,1,8,23,9,144,15,7,11,72,13,10,8,96,6,16,5,52,8,4,4,5,4,3,4,1,3,3,0,3,2,6,2,1,8,26,11,16,15,8,6,16,5,9,9,6,6,10,4,8,14,3,1,1,1,0,3,1,3,0,1,3,1,1,2,4,4
261,20,4,2,5,17,9,4,17,23,8,4,17,17,12,2,28,7,2,1,4,5,5,0,4,2,3,2,4,1,5,0,7,30,9,151,11,5,10,86,8,11,10,108,10,12,6,52,8,3,1,4,5,0,1,3,4,2,2,4,1,6,2,1,6,25,6,7,16,5,10,11,5,2,4,7,4,4,6,6,15,3,3,4,3,1,4,2,7,3,0,2,0,0,4,9,9
262,19,8,3,8,16,12,2,9,30,7,4,9,23,11,2,31,4,2,1,5,4,3,2,9,2,4,2,3,3,5,1,8,34,7,148,14,11,6,90,11,8,9,85,6,5,15,38,14,4,5,5,2,1,2,1,0,2,2,5,6,9,2,3,8,23,7,13,17,8,5,9,16,4,3,5,7,10,7,8,12,0,2,1,1,0,2,4,3,2,2,2,0,1,6,3,7
263,7,7,0,7,24,6,3,6,26,5,5,16,13,9,2,35,3,2,2,3,8,3,4,3,2,3,3,2,3,3,0,5,26,18,157,10,14,7,79,12,10,12,104,7,8,15,49,16,2,1,7,7,1,3,4,1,1,2,2,2,10,1,4,4,15,7,23,16,4,3,6,8,6,6,11,8,7,8,6,13,3,1,2,2,0,3,2,4,2,1,3,1,1,0,4,8
264,14,4,1,6,18,11,3,6,29,5,0,12,20,13,2,36,2,2,0,5,4,6,2,9,1,2,1,3,2,7,0,3,23,10,167,11,8,14,81,8,10,9,94,8,7,8,55,13,5,3,6,4,1,2,6,3,3,3,2,1,8,3,3,5,25,8,11,16,6,3,3,12,8,2,3,13,9,5,5,7,4,1,8,1,2,1,2,6,1,1,2,2,4,2,6,8
265,17,11,2,9,19,7,4,4,27,5,3,7,12,12,2,38,4,4,0,4,3,3,0,8,0,4,1,0,4,2,0,8,31,11,142,12,8,7,75,6,15,13,102,12,13,8,55,8,4,7,8,6,1,4,4,1,1,3,2,2,8,4,5,8,21,8,19,21,7,6,6,5,5,5,10,4,11,3,8,13,1,2,3,1,0,1,1,4,2,2,2,0,4,6,4,5
266,12,7,1,3,16,4,3,10,30,7,3,12,25,16,2,32,7,1,2,11,2,5,1,4,3,6,0,3,3,3,1,7,30,5,149,12,10,8,85,7,18,4,89,5,13,8,50,8,1,2,2,2,1,2,7,1,2,3,4,4,6,2,4,7,21,11,19,18,4,11,9,11,4,6,8,7,4,8,8,13,3,0,5,2,2,1,3,3,0,1,4,2,5,3,3,8
267,14,10,1,3,13,3,1,12,28,9,1,9,20,12,1,27,2,3,1,5,3,4,3,4,5,2,0,3,6,7,2,7,11,6,150,28,11,11,105,12,15,13,87,8,8,14,59,12,3,7,4,5,4,2,2,5,2,2,1,5,10,3,3,1,17,9,10,19,2,5,9,3,11,6,7,7,6,8,6,14,1,1,3,1,0,1,5,2,2,1,2,2,1,2,1,6
268,13,5,2,11,15,6,6,9,18,12,4,10,24,10,8,21,5,4,1,5,6,5,2,3,0,1,1,2,3,7,1,7,21,10,136,12,9,10,92,14,13,9,107,7,7,12,65,10,4,2,5,3,1,4,1,3,4,1,3,4,8,2,0,7,18,5,20,19,7,6,8,9,3,3,6,2,13,8,5,7,0,0,5,4,0,3,4,6,3,1,2,3,1,9,3,4
269,20,5,0,8,15,6,3,3,19,5,2,13,22,14,4,34,10,3,1,4,2,4,2,2,6,1,1,8,3,2,1,6,29,11,151,21,6,12,84,6,16,14,111,9,15,9,43,6,3,5,2,3,1,3,5,4,2,2,0,5,6,2,3,6,14,5,7,17,5,7,7,12,8,9,8,6,7,7,3,10,3,0,5,2,0,3,6,2,1,1,4,4,1,2,3,7
270,16,10,2,7,19,6,3,2,24,4,0,20,23,12,9,30,3,1,1,7,6,4,1,2,0,1,1,2,3,7,1,5,32,11,135,16,16,10,87,11,12,9,101,5,12,11,40,13,3,2,4,3,1,3,4,6,0,3,1,0,9,2,0,8,22,9,15,13,8,7,6,6,8,6,9,8,7,6,8,10,2,0,5,0,2,4,6,8,1,0,5,3,1,3,3,7
271,11,6,2,9,17,11,1,13,28,5,0,13,21,9,3,28,2,9,0,6,5,3,1,5,1,0,0,1,3,4,0,7,21,12,168,18,8,9,96,12,8,16,93,8,8,9,53,8,6,5,2,5,2,2,2,2,1,1,3,0,15,3,1,3,15,4,12,22,9,3,7,11,6,7,6,7,5,8,5,10,1,1,5,2,3,2,2,3,1,0,4,1,1,3,2,8
272,10,7,1,12,12,1,5,8,24,9,4,11,14,15,5,25,4,2,0,4,1,3,3,2,2,2,2,3,5,8,0,8,22,11,155,18,8,13,85,11,7,15,106,12,13,20,43,7,2,4,3,3,0,2,2,5,2,3,3,1,11,1,3,3,19,8,26,23,7,5,7,5,5,3,8,2,5,5,4,13,1,1,7,3,3,3,7,3,3,0,4,2,0,1,4,7
273,13,4,1,9,15,9,4,12,29,5,2,8,19,14,2,32,5,5,3,13,3,5,5,1,3,3,2,6,3,7,1,3,29,10,153,12,15,7,72,10,5,8,93,11,15,14,70,12,7,4,6,5,1,2,3,0,1,2,2,0,4,5,2,5,20,9,17,16,4,6,3,8,5,1,8,4,7,6,5,10,0,0,5,3,1,0,3,4,1,1,5,1,1,3,4,8
274,24,5,0,9,22,8,4,14,30,2,0,11,11,15,3,35,7,2,0,4,2,5,2,5,2,1,0,3,2,8,1,5,23,7,153,8,11,12,73,11,14,5,99,5,20,10,51,12,0,2,6,3,2,4,3,2,0,3,1,2,6,4,2,6,19,9,14,20,5,5,7,4,8,8,6,7,7,10,9,9,1,4,6,3,1,3,6,4,0,0,2,1,1,6,5,8
275,12,3,0,14,18,7,3,11,26,8,2,14,19,13,4,23,6,8,3,3,3,3,2,7,3,4,2,3,6,4,0,5,28,9,148,13,15,7,90,8,15,3,94,12,15,15,58,7,2,4,8,3,0,1,4,1,1,2,3,1,6,1,1,1,33,2,11,22,7,5,8,5,5,5,7,2,9,5,4,15,4,2,3,2,1,3,1,1,0,1,3,2,1,2,4,10
276,12,9,0,9,16,10,3,8,23,6,3,15,15,14,5,30,1,2,1,1,2,5,1,3,1,1,2,6,4,2,1,3,23,15,155,17,10,7,89,10,6,7,93,10,16,19,49,5,4,4,5,4,0,3,2,2,2,1,2,3,11,3,5,4,31,8,20,16,5,5,7,5,5,3,3,9,8,7,6,14,3,0,2,3,0,3,2,7,0,2,2,2,3,6,0,13
277,13,1,0,12,10,8,4,11,21,7,4,13,19,20,3,35,7,4,1,2,5,2,1,6,1,2,0,4,4,2,2,9,23,11,165,10,9,8,100,7,12,8,77,7,8,12,52,11,4,3,4,3,1,1,3,2,3,5,3,2,12,3,0,6,19,6,13,15,3,3,17,13,3,9,11,7,8,9,3,9,1,1,5,2,1,2,4,4,2,2,3,2,1,2,3,9
278,16,7,1,9,26,10,4,12,27,7,3,15,16,8,2,30,4,4,1,7,2,3,1,6,2,3,3,3,1,6,0,4,25,11,155,14,12,5,85,8,13,15,95,7,11,10,57,4,5,3,5,4,3,3,3,2,2,1,0,1,12,5,1,6,23,6,11,21,5,7,6,7,7,4,6,6,5,3,10,12,0,0,1,1,1,6,2,2,1,0,1,0,3,5,7,5
279,18,13,1,5,15,10,1,11,28,10,0,16,15,13,1,35,8,4,0,4,3,2,2,5,2,1,0,7,2,7,1,5,40,9,134,15,6,8,83,9,11,9,83,11,10,8,44,6,0,3,6,5,2,1,6,4,2,2,0,8,10,4,3,6,19,4,15,25,5,7,8,11,9,5,16,6,7,7,6,11,1,2,4,3,3,3,5,2,0,0,2,2,2,4,4,9
280,16,6,1,4,19,6,1,9,31,6,5,15,9,9,1,33,5,3,2,3,0,4,1,4,2,1,0,2,5,9,0,8,31,5,155,11,13,11,79,17,15,18,92,9,11,18,49,11,3,4,10,6,2,4,3,2,1,2,0,1,7,1,2,6,18,10,11,22,9,4,9,9,8,2,6,6,7,5,5,13,2,1,3,2,0,6,5,3,2,0,2,1,0,2,3,5
281,19,6,2,10,24,4,3,11,27,8,7,12,13,10,5,35,5,4,2,7,3,5,6,7,1,0,0,1,4,3,0,5,40,14,146,11,10,8,97,7,12,10,96,7,6,5,50,10,4,5,7,4,2,0,2,1,0,1,3,1,8,3,1,4,26,5,10,18,9,1,9,7,4,8,9,2,9,7,5,8,1,2,4,3,1,2,6,4,2,0,5,1,1,0,1,6
282,13,6,1,7,16,1,2,8,18,11,4,16,19,9,6,29,10,1,1,1,2,5,3,2,2,1,3,3,2,3,0,6,23,5,154,17,12,14,85,9,4,24,103,5,6,10,56,9,9,3,6,4,3,2,2,4,0,1,0,3,6,6,4,3,14,13,18,21,10,5,8,6,1,5,12,7,10,4,10,4,5,3,2,4,3,3,1,4,0,0,5,1,2,4,5,7
283,12,11,2,3,13,11,2,12,21,7,3,12,12,14,4,27,4,6,0,6,3,7,2,5,1,3,1,3,3,7,0,4,29,11,145,13,11,7,95,16,12,11,94,4,11,8,57,8,10,3,4,5,5,7,4,4,3,1,5,1,9,3,2,4,13,5,20,22,6,6,8,9,4,6,10,5,10,6,6,13,0,0,4,1,0,1,3,2,1,1,3,3,1,1,2,5
284,19,8,1,7,12,11,3,7,26,7,3,12,22,10,6,28,4,1,1,6,2,11,1,3,5,2,2,2,4,3,0,3,26,12,153,15,13,16,85,12,11,11,91,9,14,11,50,8,6,4,1,2,0,3,2,2,2,2,0,4,13,1,1,11,14,7,10,15,8,11,6,9,5,4,7,10,10,3,4,9,4,0,7,0,0,2,3,4,1,1,3,3,0,6,2,9
285,13,11,1,9,18,3,3,15,22,8,1,18,25,11,3,32,4,5,3,6,2,2,2,3,3,1,0,0,3,1,3,6,17,7,147,10,7,9,94,7,12,13,97,10,11,8,61,12,4,2,2,7,1,2,3,1,2,1,2,2,6,0,0,8,21,5,6,15,4,5,13,12,12,8,7,7,7,9,10,11,3,1,0,2,1,2,1,3,3,0,4,1,7,6,2,10
286,11,9,1,6,25,6,4,2,25,8,4,10,18,10,4,29,5,2,0,3,4,2,1,8,1,6,1,2,3,4,2,2,30,12,154,14,7,13,85,16,12,11,89,8,10,6,50,10,3,4,3,9,0,2,3,0,2,2,0,1,9,2,4,9,28,5,17,24,7,4,8,8,9,1,9,4,6,8,9,13,2,1,3,3,2,2,1,4,1,1,5,0,6,2,2,7
287,14,7,4,3,15,10,10,14,26,7,5,8,23,14,3,26,4,5,1,7,2,5,0,3,0,3,1,1,1,2,1,5,30,7,163,11,17,3,103,9,10,9,88,11,12,18,57,9,6,5,4,3,1,2,4,1,1,3,2,5,7,2,1,4,12,5,15,13,6,6,7,4,7,5,5,7,8,7,6,14,3,1,4,1,2,2,3,2,0,2,5,1,2,0,2,5
288,10,7,1,9,22,8,6,10,27,8,4,16,21,7,4,34,3,4,1,2,0,4,2,1,1,3,2,6,2,4,2,4,24,9,153,15,9,6,79,12,15,9,95,17,9,6,50,2,4,2,1,3,0,3,3,2,3,1,5,0,7,3,1,4,23,9,19,21,3,11,11,6,5,3,10,5,11,6,5,10,1,1,7,4,1,5,6,4,1,2,3,1,3,4,3,9
289,9,4,0,6,10,7,3,5,27,7,0,21,20,13,6,29,10,2,3,8,0,10,2,2,2,0,0,3,5,7,0,7,30,11,176,16,12,6,75,4,17,11,88,9,13,13,51,11,5,7,9,4,2,3,2,4,2,1,1,2,7,3,2,6,18,4,13,25,13,1,9,5,8,3,3,8,5,2,7,6,3,2,4,6,1,2,4,6,1,0,2,3,1,2,0,2
290,22,5,4,7,15,8,5,10,25,11,4,16,11,11,4,30,2,6,1,6,4,4,5,5,1,3,0,3,4,7,2,6,18,14,155,11,10,9,90,11,13,9,102,9,13,10,45,3,5,5,3,6,1,2,6,4,0,1,2,3,7,2,2,1,17,4,13,21,7,5,11,3,5,3,7,7,8,6,6,14,2,1,6,2,1,1,4,4,3,1,3,0,4,2,4,6
291,17,6,1,8,17,6,4,8,22,5,2,16,22,23,4,22,3,3,1,2,2,4,1,4,1,0,0,2,3,8,3,6,28,7,158,19,11,9,87,15,10,13,89,15,12,13,55,8,4,2,6,4,2,1,5,2,1,0,1,1,13,2,1,5,20,6,9,18,7,4,9,7,4,8,9,8,6,6,7,15,2,0,0,1,1,2,3,4,1,1,3,1,2,2,3,6
292,15,6,0,5,22,10,3,7,26,4,2,18,16,16,5,26,3,2,1,9,3,4,1,7,0,1,2,5,2,3,2,2,25,12,173,12,6,8,91,11,11,13,99,8,8,8,50,2,4,5,7,4,3,0,7,3,1,0,1,2,11,1,0,7,14,8,19,15,3,3,11,3,6,2,6,5,9,7,6,17,3,3,3,4,2,3,4,3,0,0,6,3,2,0,2,7
293,20,7,1,7,25,8,4,5,30,10,4,14,19,11,2,44,6,4,2,3,3,6,2,4,1,1,0,2,5,2,2,7,29,3,146,17,14,5,85,11,15,10,84,16,5,7,46,12,4,6,3,2,0,3,1,4,1,6,1,2,10,1,2,7,24,4,14,20,3,6,7,10,4,5,3,5,8,5,5,8,5,1,4,0,3,4,6,5,2,0,5,0,1,4,1,9
294,9,11,0,9,20,7,4,5,24,7,3,11,21,10,7,27,7,5,3,4,3,0,0,4,1,1,0,4,2,4,2,8,27,10,150,21,15,8,87,7,13,10,90,8,12,11,47,15,7,4,2,4,1,6,4,2,1,1,2,2,5,2,2,12,17,9,19,15,4,5,10,5,8,3,12,8,4,4,8,8,3,2,3,3,3,4,2,4,0,2,5,4,4,3,2,6
295,14,8,2,10,13,5,2,13,27,3,0,19,17,18,2,35,2,3,1,5,1,3,1,4,2,4,0,6,3,0,1,10,30,10,158,7,16,12,95,15,11,9,89,7,11,12,48,9,6,5,4,2,1,2,1,3,4,3,3,3,6,5,5,3,20,6,18,15,3,1,5,9,7,8,7,6,9,2,3,10,0,4,5,1,0,5,3,3,0,0,5,2,3,2,4,5
296,14,7,5,4,23,3,5,15,24,14,3,19,21,15,1,25,6,3,1,6,3,5,1,4,0,0,1,3,4,3,2,7,20,21,152,14,10,8,96,9,6,7,104,8,10,14,49,3,5,6,3,3,1,1,3,2,1,2,1,1,9,1,2,5,27,7,18,19,5,2,7,5,1,4,5,9,8,6,5,9,1,1,6,1,1,4,1,6,1,1,3,1,2,1,2,7
297,15,7,2,10,16,6,0,10,27,6,1,16,11,12,3,32,4,2,0,6,4,1,4,1,1,0,1,5,2,2,1,6,13,15,149,22,15,10,88,15,10,7,115,9,9,9,48,13,4,2,4,7,2,1,6,4,2,0,3,2,10,0,1,6,21,3,13,22,3,4,9,8,7,4,9,6,11,2,6,7,1,2,6,4,3,3,3,1,1,0,7,1,0,3,7,8
298,26,12,0,5,18,8,3,10,28,6,4,12,16,15,5,33,4,4,3,7,2,9,3,4,0,4,1,2,1,5,0,9,22,10,138,13,8,9,97,11,3,9,92,6,15,11,48,11,2,3,6,5,3,4,4,3,0,1,2,2,8,3,4,5,25,14,14,11,3,9,7,7,8,5,5,9,7,4,8,8,0,1,6,4,1,3,1,3,1,1,3,0,2,4,2,7
299,12,8,2,7,19,11,4,9,22,11,5,17,26,14,5,39,3,2,0,6,7,2,1,4,4,3,0,2,6,8,1,4,25,11,145,15,14,6,83,11,11,4,103,10,17,13,46,4,6,2,6,3,0,4,1,2,0,3,2,1,6,5,3,3,13,8,16,12,6,7,9,10,3,5,5,8,11,2,3,13,1,1,4,2,2,2,2,4,2,2,6,2,3,1,2,4
300,17,7,3,5,18,10,3,8,33,8,0,13,21,15,4,32,1,2,0,5,5,2,2,1,4,1,0,0,3,3,1,8,24,11,167,14,9,11,88,12,5,7,91,7,11,21,43,11,1,2,1,4,2,2,2,2,1,1,1,2,6,4,4,8,16,12,15,21,6,7,9,4,6,5,10,4,12,5,11,11,2,2,6,1,2,2,5,3,2,1,0,1,0,4,2,3
301,18,6,0,10,14,6,3,10,19,2,3,14,12,17,1,41,8,2,1,4,2,11,1,2,4,3,0,4,4,5,1,3,26,18,166,10,16,3,82,7,8,8,99,5,13,11,57,12,0,7,4,8,0,5,1,2,1,2,1,1,10,2,1,3,12,8,14,29,4,5,12,3,7,3,6,6,8,12,9,3,1,0,7,4,1,6,4,2,2,0,1,2,2,5,0,2
302,19,14,2,11,14,7,2,8,18,9,2,10,20,14,5,22,2,8,1,5,4,3,0,3,3,4,0,2,3,2,2,6,25,7,152,8,9,10,91,10,9,11,91,11,13,7,60,9,2,6,5,3,0,6,2,3,5,1,2,2,7,3,2,8,19,9,10,21,2,3,8,10,11,6,7,5,13,9,8,8,3,2,5,3,1,2,3,6,0,2,6,0,1,1,5,6
303,12,12,2,4,19,7,2,10,26,7,1,13,11,11,3,23,3,5,0,7,3,4,1,3,1,1,1,1,3,3,2,5,22,8,155,15,10,4,104,6,11,11,94,10,10,14,68,17,5,7,3,4,1,1,3,1,0,0,3,2,5,1,1,6,21,10,20,10,1,5,9,7,5,2,7,6,8,8,9,21,0,1,5,2,1,5,4,4,0,2,4,0,3,3,1,8
304,18,7,0,9,19,6,3,6,26,5,4,16,15,20,4,34,7,2,1,2,3,10,0,4,3,4,0,3,4,2,0,3,27,12,142,8,7,10,97,13,14,14,93,7,11,10,46,9,3,2,6,3,3,4,4,1,2,2,2,0,10,2,2,4,19,6,15,24,5,4,14,10,3,4,4,3,10,9,2,9,0,2,3,3,0,3,7,6,0,2,3,1,4,4,4,7
305,15,9,0,11,19,8,3,5,28,5,3,14,15,11,2,30,2,2,3,8,2,4,1,3,1,5,1,5,6,3,0,7,26,10,137,21,22,10,85,9,14,6,102,10,11,17,59,7,0,9,5,4,1,5,2,1,3,2,1,2,2,3,3,8,19,8,13,20,6,5,5,6,6,5,11,3,3,8,4,8,1,2,2,0,1,2,1,5,0,0,8,2,0,1,6,11
306,10,10,3,5,15,9,1,16,35,3,3,17,20,13,5,27,6,7,3,4,4,5,1,3,3,2,1,4,5,3,1,6,21,7,154,11,9,9,81,11,10,10,78,12,5,12,61,18,6,5,4,3,1,3,2,5,4,0,3,3,8,3,1,6,18,6,15,25,9,3,10,4,10,5,6,6,5,8,6,7,3,2,2,2,0,1,1,3,0,1,4,3,1,2,4,12
307,15,8,3,9,23,5,6,7,18,10,5,17,16,15,4,23,8,3,1,6,3,2,1,5,2,1,2,3,4,5,0,8,23,9,143,11,10,9,95,7,13,6,103,12,13,8,56,5,7,5,4,5,1,1,1,0,1,1,2,2,11,2,1,8,29,3,15,17,4,7,15,5,9,3,9,4,6,3,6,8,3,1,3,4,0,2,4,5,1,0,1,3,1,1,6,9
308,14,5,0,7,20,8,3,6,25,9,1,15,26,9,4,41,7,2,0,4,3,0,1,5,4,1,1,4,3,3,1,3,21,13,131,15,23,11,88,11,10,16,91,8,9,13,58,12,3,6,3,4,0,3,2,2,4,4,3,4,8,2,3,7,18,4,19,20,8,4,5,3,1,7,6,8,4,7,6,10,3,2,4,1,2,4,4,2,2,0,2,1,2,4,3,11
309,13,4,1,6,15,6,7,7,19,6,3,13,10,18,7,23,4,3,2,6,3,4,1,3,3,4,2,1,5,7,0,7,23,8,156,16,10,13,99,14,9,13,76,5,9,11,52,15,6,2,6,9,2,4,4,3,2,2,3,2,4,1,3,4,22,3,20,18,4,4,4,7,11,4,11,6,5,5,7,15,0,1,3,2,2,2,4,5,4,3,4,2,4,6,4,9
310,30,13,4,4,20,10,5,6,22,6,5,16,20,12,3,32,3,4,1,4,3,5,3,4,1,4,3,4,2,4,0,4,24,14,146,15,18,7,83,9,17,12,79,6,6,8,53,10,5,3,3,6,1,1,6,1,1,1,1,1,8,1,2,5,16,8,14,20,6,9,16,9,3,2,9,6,3,7,4,12,1,2,1,3,2,3,5,3,0,0,12,0,4,3,0,7
311,18,10,2,6,16,10,6,14,30,6,4,9,16,11,7,26,2,2,0,5,3,5,1,6,2,2,0,1,4,4,0,8,29,12,167,11,10,8,89,11,7,10,90,8,13,7,54,9,10,4,5,4,1,6,2,4,2,2,1,2,5,1,1,4,21,7,11,24,3,7,7,9,3,7,11,9,6,6,2,8,0,1,3,3,0,5,2,3,0,0,4,0,4,3,1,5
312,17,11,0,6,22,6,5,10,14,9,1,15,24,8,1,34,5,2,1,4,1,2,0,6,4,2,1,2,3,6,0,4,31,10,142,15,9,7,105,9,10,13,114,6,10,17,48,9,5,3,4,6,0,2,2,4,2,2,2,3,8,1,2,6,16,6,14,12,6,8,10,7,6,6,9,7,10,4,2,6,1,2,4,5,1,3,2,3,2,0,0,1,0,6,2,6
313,11,9,1,13,16,3,2,12,23,6,1,20,20,13,4,38,7,5,1,4,3,3,0,3,1,0,0,1,3,2,3,6,23,8,168,12,8,15,86,12,5,11,96,14,5,11,60,9,5,1,6,2,1,2,3,0,0,1,2,3,7,4,0,8,18,5,14,13,5,0,12,7,7,1,7,11,5,6,6,11,0,1,8,4,1,4,5,3,4,3,4,0,0,4,1,8
314,9,9,3,10,14,5,2,13,20,5,2,13,21,9,5,21,4,2,0,7,4,5,1,6,0,4,2,3,2,5,2,6,29,11,153,26,12,10,84,11,8,18,95,6,13,12,64,3,7,4,5,5,1,5,1,3,1,1,2,2,7,3,2,7,14,6,18,14,4,7,12,6,9,6,8,9,10,4,3,4,2,1,4,3,0,1,3,4,0,1,2,3,3,3,3,8
315,20,4,3,9,14,6,1,11,23,7,4,11,14,23,1,26,3,5,1,3,5,6,3,9,1,3,0,3,3,4,1,8,24,7,163,19,14,8,87,12,7,14,94,3,15,9,66,15,2,7,5,6,3,1,3,1,2,0,2,0,7,4,4,1,16,7,16,11,5,5,7,7,8,5,5,4,10,6,4,10,2,1,4,2,2,1,2,2,2,0,2,1,3,1,5,4
316,11,2,1,6,14,12,7,9,25,4,1,12,18,18,4,23,8,2,2,7,2,3,0,6,6,3,1,0,8,2,2,5,30,10,150,16,18,14,85,12,18,7,85,12,11,12,51,9,7,4,5,3,3,3,2,0,0,2,2,1,9,2,4,9,21,6,11,20,2,4,9,3,8,6,10,10,7,6,3,10,0,2,8,1,1,6,1,4,1,0,1,4,3,3,2,7
317,17,6,2,8,16,11,2,6,28,3,1,13,16,16,9,25,6,4,2,6,2,7,1,6,3,2,2,1,4,3,0,4,28,9,158,11,9,11,103,9,7,14,88,5,11,14,56,3,8,7,2,2,1,6,4,5,1,1,2,3,7,2,2,4,22,8,17,19,3,4,9,11,5,4,4,2,6,8,6,7,2,0,5,2,0,1,4,4,2,0,4,0,2,2,4,8
318,18,8,0,7,13,6,0,7,31,5,2,15,26,16,3,33,4,3,0,7,6,6,5,5,1,0,0,0,3,3,2,10,21,11,140,14,8,10,90,19,9,13,95,8,12,7,57,4,1,2,6,5,2,4,7,0,0,6,4,1,4,4,0,9,24,8,13,22,6,2,3,7,5,5,15,6,11,5,8,9,0,0,3,1,1,4,3,2,2,0,2,2,2,3,6,2
319,21,8,2,12,21,2,8,10,27,7,3,8,16,15,4,27,4,3,0,2,2,4,0,5,4,2,1,1,3,4,1,7,25,5,145,18,9,13,92,11,7,12,110,10,6,13,48,10,3,4,5,3,0,4,0,4,2,1,3,3,5,2,4,10,19,3,14,20,5,5,7,12,6,3,3,5,8,6,8,9,0,1,2,2,1,6,3,7,1,1,7,1,2,2,0,10
320,11,11,1,10,18,11,4,8,22,9,4,21,15,9,5,25,3,5,0,6,2,4,0,5,2,3,0,2,5,6,1,6,22,14,156,15,7,11,83,16,7,8,82,10,15,10,66,11,2,4,7,1,3,2,1,0,4,2,5,2,6,1,3,7,26,8,12,18,4,6,5,5,8,3,6,9,7,11,5,13,1,2,2,1,2,4,2,5,1,0,4,3,1,3,3,3
321,14,7,1,7,17,7,4,9,26,6,2,13,17,16,3,28,3,3,0,6,2,7,3,6,1,3,0,5,3,2,1,6,20,6,167,16,15,8,87,13,16,11,101,8,13,14,63,18,5,6,10,3,1,0,1,2,3,1,2,4,10,3,1,5,13,5,13,13,3,4,8,3,3,3,8,4,3,5,8,8,3,0,1,2,0,5,3,3,0,1,3,1,1,2,2,8
322,21,6,2,8,17,7,4,9,25,4,3,9,15,7,4,34,5,4,0,10,4,6,2,3,6,1,1,1,1,5,1,8,24,11,154,16,7,7,83,16,14,11,105,10,18,19,46,8,4,9,6,4,1,3,1,2,2,1,3,0,4,1,1,4,25,6,10,15,3,5,8,7,5,4,6,3,10,2,2,13,1,0,3,3,0,2,5,6,5,2,4,1,3,5,1,7
323,11,7,2,8,21,4,1,10,28,7,1,16,18,15,2,35,7,1,2,8,1,10,1,10,1,3,0,2,1,6,0,9,23,16,128,11,12,10,105,10,13,9,87,12,10,8,57,3,4,3,3,8,2,5,4,5,1,1,2,3,8,1,2,2,18,6,19,14,10,3,15,7,10,3,11,4,8,8,7,7,1,0,4,0,2,1,2,7,3,0,2,2,0,2,4,4
324,18,13,1,11,14,5,3,8,20,6,3,10,18,17,2,22,11,3,0,6,0,3,2,4,1,1,3,3,8,9,1,2,28,13,167,14,8,8,82,9,18,7,91,10,9,16,41,11,6,5,5,7,0,2,5,2,3,1,1,3,9,1,1,5,16,11,15,22,8,7,5,8,8,4,7,5,10,5,7,8,1,3,2,1,0,4,3,4,0,0,5,0,2,4,3,6
325,17,6,1,6,20,4,7,16,30,9,2,16,16,14,6,21,6,3,1,5,2,7,0,2,0,1,0,4,2,4,1,2,17,9,150,11,10,16,98,10,12,11,92,8,8,12,46,9,4,1,4,1,2,4,4,7,3,0,2,3,3,2,4,8,27,9,20,18,9,3,12,5,6,3,12,10,7,3,4,9,5,0,1,4,1,0,2,2,1,0,3,3,3,4,3,9
326,16,10,1,9,24,6,1,3,29,9,4,17,18,16,2,24,6,3,1,3,4,3,3,4,3,1,1,11,7,5,2,1,25,15,150,10,14,8,87,13,10,9,88,7,5,13,49,7,3,0,4,2,1,1,7,2,3,2,9,1,7,3,2,4,22,9,22,16,6,7,8,6,5,7,8,5,9,5,5,14,0,3,4,1,0,4,3,3,1,0,1,1,4,4,0,9
327,10,8,1,9,20,10,3,6,26,11,4,18,25,17,2,35,7,4,2,4,4,5,4,3,1,1,1,4,2,2,2,7,32,15,122,9,9,18,91,7,6,8,87,12,10,17,63,11,5,3,7,3,3,2,4,1,2,4,1,4,11,4,1,5,12,3,11,14,3,6,6,11,7,2,3,10,7,5,5,12,1,5,2,1,3,2,3,3,0,0,4,1,4,2,3,14
328,9,7,2,6,15,11,4,8,27,10,4,14,22,14,3,29,6,3,1,5,1,3,3,7,1,1,0,1,3,2,0,6,21,17,155,9,19,8,81,13,8,16,103,12,12,11,45,12,7,6,4,3,3,1,3,2,1,0,1,1,14,3,4,7,21,5,13,19,1,7,14,3,3,5,10,6,8,7,3,8,3,2,2,3,0,0,1,4,0,1,3,1,1,3,5,8
329,16,6,1,5,20,5,6,14,29,3,6,15,17,13,4,24,4,1,0,2,0,6,2,7,4,4,0,4,3,4,0,4,22,7,155,7,10,10,95,17,11,12,103,9,8,11,56,8,0,2,4,1,2,4,1,2,1,3,1,3,6,4,1,3,14,7,18,20,7,8,7,10,6,5,9,4,4,9,7,17,3,2,3,2,0,2,2,3,1,1,2,4,3,2,1,9
330,19,8,0,11,23,6,2,14,25,4,2,9,19,17,3,36,6,2,1,7,3,4,2,5,1,0,2,2,4,5,0,6,19,13,135,20,14,2,86,6,12,11,93,3,10,15,53,6,6,4,2,4,2,4,2,3,5,1,1,2,14,3,4,9,16,6,17,15,6,2,13,9,9,2,7,9,7,8,9,11,2,1,3,4,3,4,3,4,0,0,1,2,1,6,1,7
331,15,5,4,10,23,5,2,7,28,10,2,9,17,13,4,23,5,3,0,2,3,2,0,8,2,1,0,2,2,4,3,9,26,10,146,12,14,17,90,13,9,13,91,10,12,11,66,10,1,6,6,5,0,2,3,4,1,3,5,0,4,2,2,2,15,7,20,21,5,8,13,7,1,4,10,5,4,6,6,6,5,0,7,2,1,3,4,3,1,3,1,1,1,3,3,5
332,16,8,0,8,21,3,4,10,34,7,4,15,25,10,1,25,2,4,2,5,3,4,2,6,1,5,0,3,4,2,0,5,22,8,139,12,12,9,108,9,14,11,89,6,12,16,47,15,3,2,6,6,2,4,3,0,1,3,0,0,14,3,2,8,17,7,15,26,3,4,8,7,10,5,4,6,5,8,4,5,0,1,5,5,2,0,7,3,1,1,1,0,1,4,4,6
333,20,4,1,12,13,6,7,6,32,10,2,9,21,12,6,33,6,1,4,3,1,2,3,2,4,2,0,2,4,6,0,5,34,14,130,12,10,8,85,15,14,8,99,7,13,11,42,10,5,3,4,4,1,3,2,2,1,5,0,2,6,2,1,7,16,7,21,21,5,4,8,9,5,4,6,7,9,7,8,10,1,1,5,4,0,1,2,7,4,1,5,0,3,5,5,10
334,13,5,2,6,18,5,3,8,29,9,2,14,13,12,2,23,6,4,2,6,4,5,2,9,1,3,0,2,2,1,1,3,23,13,154,9,12,6,93,13,12,6,110,12,8,9,49,10,3,7,5,3,3,3,4,2,2,4,1,0,10,3,6,4,19,8,23,18,5,6,5,7,8,6,14,4,9,7,5,7,1,2,3,1,1,2,1,2,1,0,4,0,1,4,2,10
335,13,8,3,6,12,5,4,15,26,4,6,14,14,12,4,34,4,4,0,5,2,4,3,9,2,4,3,3,7,4,2,10,23,15,161,15,11,8,67,15,10,8,109,0,14,6,52,6,2,4,4,4,0,3,2,2,1,1,0,2,12,4,2,6,18,9,17,20,5,9,6,4,7,2,9,12,7,9,7,10,1,2,6,2,2,2,4,0,1,0,2,1,0,3,1,7
336,14,5,1,10,25,8,4,11,18,6,3,17,17,17,2,32,8,5,0,6,0,6,3,3,3,3,2,2,2,2,1,5,14,7,139,20,8,9,108,10,15,9,116,10,5,14,46,13,5,4,8,3,3,4,1,0,0,1,3,2,5,2,4,8,14,3,18,22,5,5,8,8,3,7,8,4,4,5,6,9,0,1,4,1,0,2,4,3,1,2,5,0,0,4,2,5
337,12,2,1,3,18,7,1,8,29,4,4,15,23,15,2,32,4,5,2,8,4,5,3,5,0,2,1,5,3,2,1,2,21,9,149,12,10,7,86,12,8,12,103,5,9,7,75,9,5,2,6,5,3,4,3,3,2,2,4,1,8,2,4,5,17,6,14,25,8,8,10,2,5,3,11,8,11,5,5,9,1,2,2,2,0,6,2,3,1,1,2,0,1,2,3,4
338,14,6,1,7,18,10,3,12,28,6,6,17,23,12,1,24,5,3,0,7,1,4,2,1,1,0,0,4,5,3,2,5,26,10,147,22,6,7,83,15,9,12,87,14,10,11,53,10,4,6,5,5,1,3,4,0,2,1,3,1,12,2,3,3,18,9,22,18,2,6,9,5,7,1,9,5,4,4,8,13,3,3,7,2,3,4,5,2,2,1,3,2,2,6,0,7
339,24,8,0,7,19,9,4,9,28,6,7,14,24,14,0,20,6,2,0,6,1,4,2,2,3,2,0,1,3,5,0,5,18,9,163,7,6,6,82,11,9,10,101,4,9,15,57,8,2,2,6,6,2,1,5,5,1,2,4,0,9,3,5,9,17,4,12,21,6,6,8,20,12,1,9,6,7,7,3,10,1,0,2,3,1,1,5,3,0,0,5,2,0,5,4,7
340,10,10,2,10,23,9,6,8,27,5,3,10,21,13,5,28,3,4,2,6,5,4,3,5,3,1,0,2,5,3,1,9,28,11,135,8,13,9,93,12,8,7,114,7,14,11,51,8,3,5,7,2,0,1,3,1,0,1,0,2,11,3,2,8,19,4,22,20,6,4,9,11,2,4,8,5,7,7,3,10,2,2,5,1,0,2,0,4,1,0,4,1,3,2,1,7
341,14,15,3,7,15,3,1,12,31,11,3,15,21,15,2,30,0,3,4,3,2,2,2,3,1,2,0,4,2,3,1,8,22,2,158,17,12,6,82,10,14,22,108,10,7,9,49,12,5,4,4,4,0,8,3,5,0,2,4,1,5,1,1,9,11,12,12,20,2,4,6,7,4,2,5,8,7,8,3,4,2,1,4,1,0,4,9,6,2,2,2,3,1,5,4,5
342,18,4,0,10,19,6,4,13,29,1,3,11,18,17,8,23,4,4,0,3,3,3,1,0,3,5,4,7,0,2,0,6,27,10,161,11,7,9,111,7,12,10,94,7,5,11,36,11,2,0,5,9,3,3,3,2,1,3,1,4,11,1,3,8,18,3,7,25,3,9,15,3,4,2,15,8,5,7,11,10,0,1,7,2,2,5,2,3,1,0,3,0,1,1,3,7
343,19,8,2,6,21,8,5,7,25,7,5,16,21,14,2,27,6,2,2,8,1,6,1,1,2,1,1,4,1,4,2,10,20,8,161,14,5,10,92,9,8,18,90,4,15,9,52,7,4,1,5,7,0,3,2,1,1,0,4,2,9,1,1,5,13,5,12,21,6,10,12,7,10,7,5,7,10,3,6,12,3,1,2,4,0,1,1,4,0,2,4,1,3,4,4,7
344,21,3,0,3,18,3,4,5,27,6,4,18,15,7,7,37,5,1,2,3,4,5,3,3,0,1,1,3,6,6,2,10,33,9,141,15,10,8,106,11,11,7,88,4,12,13,50,5,4,4,6,4,1,5,3,1,0,1,3,1,12,2,1,5,20,6,21,14,1,6,10,5,6,5,7,11,6,9,6,15,5,1,3,0,0,0,4,4,2,0,2,2,3,4,4,9
345,20,14,1,10,12,7,3,12,22,10,4,14,17,10,6,24,4,4,0,6,2,4,0,3,5,5,2,2,6,8,1,12,20,12,140,12,14,10,86,6,10,6,81,12,9,16,60,12,6,4,2,5,1,2,4,3,0,0,3,4,6,3,5,4,17,4,13,22,4,1,10,4,8,4,5,10,5,5,10,16,1,2,5,1,3,2,4,8,2,1,3,1,4,7,4,6
346,17,12,3,8,26,3,2,12,28,7,3,14,17,9,4,31,4,3,1,2,2,2,2,4,0,3,4,2,4,3,0,4,21,14,164,11,8,7,95,8,14,4,97,8,10,9,53,6,4,5,4,5,4,1,6,4,0,2,4,2,9,5,2,6,23,5,17,24,5,8,7,7,4,3,8,5,5,3,3,12,1,2,2,4,0,2,5,3,1,1,1,2,2,1,3,3
347,17,10,0,11,20,8,4,9,25,8,3,14,20,12,5,29,2,5,1,4,3,3,2,5,2,1,0,3,4,1,0,7,31,6,171,20,8,7,77,10,17,8,100,7,15,11,59,8,7,2,8,3,0,4,7,3,1,2,1,2,10,1,0,6,16,5,10,18,1,4,6,8,4,2,9,3,8,11,6,7,2,2,5,0,2,3,1,0,1,0,3,2,3,2,2,4
348,10,13,2,6,24,5,5,7,29,6,2,14,20,12,4,33,8,5,1,7,4,5,3,7,2,4,2,5,4,2,1,5,23,10,140,8,14,11,83,11,15,10,103,9,15,19,48,8,5,6,2,2,3,5,3,3,1,3,1,6,3,1,1,8,18,9,13,15,6,7,5,3,5,4,5,3,7,9,8,14,2,1,3,2,0,2,1,6,3,1,2,0,1,1,1,6
349,10,6,2,7,22,10,5,9,34,7,1,17,14,10,2,29,3,8,6,3,2,6,4,6,3,4,2,3,1,2,1,2,28,8,153,12,11,7,96,11,7,3,102,12,12,11,50,13,1,5,4,4,1,6,5,2,4,2,1,2,8,3,0,4,19,9,12,24,4,4,6,2,9,4,5,5,5,4,6,12,1,0,7,3,3,4,1,4,0,2,4,2,2,1,2,5
350,17,4,2,5,22,3,2,6,32,5,3,14,18,10,5,35,10,4,1,5,2,3,2,5,4,1,1,2,2,5,0,6,25,18,142,11,13,8,84,11,15,6,98,9,15,16,51,10,2,6,8,3,2,1,4,3,4,1,4,1,8,4,3,5,14,10,17,16,4,4,7,6,5,10,6,4,8,3,0,9,4,1,2,4,2,2,6,4,0,1,3,1,1,3,3,13
351,19,12,1,12,15,8,2,10,27,5,1,21,19,14,6,22,4,5,1,2,4,2,0,3,7,6,0,2,6,3,1,5,34,5,128,15,2,7,90,12,10,14,83,7,6,16,51,7,3,4,4,4,1,1,2,3,2,2,3,4,15,3,2,10,21,7,19,26,7,6,3,10,5,5,12,12,3,8,8,12,1,1,8,2,0,0,1,3,2,0,3,1,1,6,4,8
352,16,5,0,7,28,9,3,14,30,3,1,14,25,8,2,36,7,1,0,4,3,5,2,6,2,0,1,2,5,3,1,7,24,11,143,15,6,13,87,10,12,11,101,4,8,6,53,6,5,5,6,6,0,3,3,6,3,0,2,2,10,3,0,8,18,6,15,17,2,5,12,6,4,8,10,5,10,6,6,11,0,0,3,1,2,3,3,4,0,1,4,3,4,3,1,5
353,8,8,1,5,19,7,0,17,27,7,2,13,25,10,5,26,3,6,0,7,2,2,1,3,3,4,0,1,5,5,1,7,15,7,151,17,12,3,95,15,9,10,88,7,12,10,65,10,1,7,7,7,2,4,7,3,2,1,1,0,5,4,1,4,16,5,19,16,5,3,8,6,3,4,6,5,16,7,6,11,3,2,3,4,2,2,2,8,6,0,3,3,3,2,2,7
354,16,10,1,2,20,6,2,10,28,12,0,16,21,14,2,25,6,3,1,4,10,3,2,2,0,1,0,5,4,4,1,10,24,10,143,12,14,18,98,9,14,14,106,7,9,15,41,8,3,3,3,3,2,7,5,1,1,0,0,1,6,0,2,5,21,8,16,24,5,4,9,3,5,2,4,4,6,7,9,10,4,2,2,3,0,0,4,6,0,0,2,0,3,3,2,7
355,20,7,1,8,22,4,4,8,27,5,2,15,21,18,1,27,8,1,0,4,1,7,3,3,1,2,1,3,0,5,0,6,28,7,146,10,8,12,104,10,11,12,89,3,10,14,56,7,7,3,5,2,4,2,2,5,2,3,2,5,4,1,0,7,24,5,13,15,9,5,9,11,4,8,8,6,3,8,9,11,1,1,2,0,1,1,2,4,1,1,4,0,4,6,4,4
356,18,9,2,10,19,14,8,12,30,8,3,14,21,7,4,35,3,4,0,7,4,4,2,5,2,1,1,1,6,3,0,5,24,11,155,14,8,5,79,13,13,11,89,11,7,13,52,3,8,3,3,5,2,1,4,2,0,1,3,1,7,2,2,8,16,5,11,19,11,3,7,8,8,5,8,8,7,9,6,10,2,0,6,4,1,1,3,4,0,0,4,0,1,3,2,6
357,16,9,1,8,17,6,2,14,30,4,8,22,19,14,2,22,8,2,2,2,3,3,1,7,2,1,0,1,6,5,0,3,28,10,154,17,14,9,101,16,12,11,82,11,9,8,47,9,5,4,4,3,1,2,1,4,1,1,0,2,3,2,1,5,24,5,16,15,9,4,7,4,4,2,5,6,10,7,8,4,1,0,3,2,2,4,1,6,3,2,9,1,0,6,4,9
358,10,5,1,6,21,6,6,7,26,8,3,19,20,16,2,34,8,2,2,7,1,4,1,5,1,2,2,4,2,4,0,5,23,11,148,10,6,10,90,10,10,6,97,13,17,15,57,8,5,4,2,3,1,2,8,1,2,3,3,1,6,2,3,7,19,6,15,14,3,4,16,5,7,3,7,8,7,6,8,9,5,2,4,2,0,1,3,2,1,2,3,1,3,0,5,5
359,13,9,1,6,18,7,1,13,29,11,1,14,25,12,4,33,1,2,1,8,3,2,0,6,1,4,3,3,7,5,0,3,26,13,149,12,12,8,96,12,10,12,98,10,8,10,53,9,1,3,4,2,2,7,2,4,1,2,2,2,7,3,2,0,24,5,8,14,6,8,11,8,7,2,10,4,9,8,4,6,1,3,5,1,2,2,4,3,0,0,7,0,3,1,2,4
360,15,5,4,10,18,4,3,9,23,4,1,13,16,19,4,46,5,1,0,5,3,4,5,1,1,5,1,1,5,5,2,5,32,11,133,13,9,8,98,9,8,10,95,8,9,5,50,5,1,5,3,7,2,2,1,3,1,1,4,2,5,0,2,5,20,8,23,24,6,8,9,7,3,9,10,6,6,6,9,6,3,2,8,3,1,1,4,5,3,0,1,1,2,0,6,10
361,16,8,0,5,17,5,3,8,30,4,5,16,21,21,4,32,4,3,1,9,2,3,4,2,4,6,0,1,7,3,3,10,30,12,143,15,15,4,98,12,10,13,77,11,15,10,50,9,4,2,4,3,0,2,4,3,2,1,0,1,9,3,4,1,19,6,12,18,6,7,13,4,3,3,8,2,11,6,4,7,2,0,11,2,2,1,5,5,2,0,2,2,3,2,6,2
362,13,7,0,5,18,11,3,7,19,11,1,18,15,16,2,26,8,6,1,4,2,2,1,3,2,3,1,1,1,4,2,2,36,12,155,16,7,9,88,12,6,8,81,15,10,22,49,9,4,2,5,3,1,3,4,1,2,3,3,5,10,2,3,3,15,10,20,17,2,5,12,13,9,4,10,7,9,5,6,9,2,1,4,2,0,3,6,3,3,0,2,2,2,2,3,8
363,10,12,2,10,11,7,3,10,23,7,3,21,16,13,4,26,5,1,1,3,4,4,3,7,1,6,0,4,4,6,5,4,18,7,162,13,7,7,93,6,12,9,98,8,17,10,44,11,5,2,5,5,2,3,0,1,3,2,3,0,8,2,0,6,25,7,21,21,7,7,10,2,8,4,13,6,6,6,5,12,1,1,4,2,2,3,2,0,1,1,4,0,1,4,1,8
364,19,9,2,4,21,8,4,9,25,4,4,7,16,16,6,34,7,2,3,5,3,7,0,10,1,4,1,3,4,3,0,7,25,10,132,14,16,7,76,9,8,20,101,7,12,17,40,11,3,3,5,5,1,2,5,3,1,2,2,2,11,1,2,6,18,7,13,20,6,6,8,7,6,5,13,9,8,5,6,6,2,2,3,3,2,4,6,4,2,0,1,4,2,4,3,8
365,16,7,2,8,16,5,2,7,28,8,1,13,21,23,4,34,4,2,0,4,1,7,1,4,2,3,1,2,7,4,1,6,27,10,154,12,4,11,88,15,4,9,99,16,6,9,47,9,6,6,7,8,3,1,3,4,0,1,3,2,6,3,0,9,17,4,19,23,2,7,5,3,5,3,4,6,9,5,7,8,0,3,4,1,0,1,3,9,2,0,3,3,4,2,6,6
366,18,7,3,6,24,8,4,11,20,5,1,12,15,11,5,30,7,4,1,11,4,5,1,5,3,2,0,4,5,3,1,5,35,7,148,14,14,9,88,11,13,11,93,7,8,9,61,6,2,3,2,3,0,5,1,3,2,0,0,3,5,5,1,5,16,13,21,21,2,3,9,8,6,6,4,4,10,9,9,9,1,1,5,4,0,1,2,6,1,1,4,1,0,3,2,3
367,15,7,2,10,18,4,4,10,25,8,2,20,15,10,2,24,5,4,1,9,3,2,2,6,1,1,0,2,4,3,0,7,19,13,165,21,8,13,76,5,11,10,102,10,12,11,51,16,5,3,7,4,0,3,3,4,2,0,1,2,7,1,2,6,14,5,17,14,8,5,9,7,9,5,9,7,6,2,7,7,2,1,6,3,2,3,2,7,0,1,3,0,5,4,4,7
368,14,6,3,7,15,5,3,7,28,8,1,19,13,14,2,28,5,4,2,4,1,1,2,2,1,0,2,2,0,10,3,4,23,10,146,16,11,9,86,12,11,8,90,8,17,17,46,13,3,4,7,5,1,5,3,2,3,2,2,5,8,1,0,4,19,6,9,26,8,10,10,6,14,3,7,9,8,9,9,11,2,1,0,2,1,3,2,5,0,2,4,4,4,3,4,5
369,17,13,0,8,15,7,3,15,29,7,2,18,15,16,2,26,4,2,2,5,0,6,0,5,2,4,1,0,4,5,1,4,20,5,154,16,15,12,100,11,8,9,95,8,8,15,55,11,6,1,5,1,2,2,3,3,1,3,1,1,9,1,1,5,12,10,20,16,2,7,6,5,4,6,6,3,5,5,6,13,1,1,10,2,0,4,2,1,0,0,5,0,2,5,9,7
370,13,9,1,9,19,7,3,10,20,6,2,9,21,19,3,32,5,6,2,3,2,2,3,5,2,2,1,1,2,4,0,13,21,10,152,16,16,9,83,14,7,10,96,9,7,10,57,9,4,3,1,1,0,4,2,2,4,5,2,4,11,6,1,7,22,7,16,22,9,5,13,5,4,3,4,7,4,10,7,8,4,0,4,1,2,3,2,2,0,1,3,1,1,4,2,5
371,11,7,1,8,16,9,4,6,20,7,1,19,19,10,7,35,7,2,0,12,2,4,1,5,4,4,1,3,1,9,2,4,29,12,138,9,12,4,90,10,17,8,93,5,11,16,53,8,4,3,1,5,1,4,5,3,0,2,3,1,6,6,3,6,21,9,16,18,6,6,4,15,9,4,6,1,8,8,5,10,3,0,4,2,3,4,1,3,1,2,3,0,3,4,0,12
372,13,7,1,10,18,9,3,11,29,6,3,15,14,20,4,37,2,0,2,6,2,5,0,5,0,2,3,3,1,7,2,6,24,7,166,17,12,9,73,15,10,6,96,3,13,6,44,5,2,4,2,5,1,1,3,6,6,1,3,2,9,1,2,6,20,11,14,19,7,5,9,9,5,7,9,7,4,8,7,8,1,1,5,4,1,3,1,5,0,0,1,2,4,4,4,9
373,22,5,2,5,16,6,6,15,29,3,2,13,24,9,2,28,3,3,0,6,1,7,1,6,5,3,2,5,3,3,0,6,29,12,157,12,14,7,103,10,8,9,99,6,16,8,54,14,6,2,3,3,0,5,2,2,1,1,1,3,4,2,1,6,11,4,7,19,5,7,12,6,4,4,7,6,4,11,4,9,2,2,3,3,1,3,1,6,0,2,4,0,1,3,4,4
374,15,7,2,9,13,7,4,9,41,6,1,13,19,17,2,28,7,3,0,4,5,4,0,2,2,2,0,2,4,4,1,5,29,16,132,13,14,9,99,11,8,16,80,8,8,12,50,6,6,3,9,5,2,2,2,1,1,3,1,1,5,4,3,9,24,8,20,16,6,6,9,5,7,5,3,6,7,12,4,15,2,3,1,3,2,5,4,6,1,0,0,2,1,3,2,6
375,16,10,0,6,25,4,4,13,21,6,2,9,19,15,7,21,7,6,3,4,1,2,3,1,2,2,0,3,3,4,1,4,19,7,132,24,10,13,109,8,11,11,93,18,11,14,58,7,5,6,7,2,1,3,2,1,3,1,0,1,5,2,2,4,20,3,17,19,7,5,8,10,9,5,8,8,6,6,7,5,3,2,2,0,0,2,1,8,3,1,1,3,1,4,3,9
376,13,10,3,10,15,6,4,12,30,5,4,13,12,21,0,28,5,2,0,5,3,4,3,5,3,1,1,3,4,7,0,3,23,13,162,15,13,13,84,14,10,5,94,13,12,8,53,9,4,4,7,4,2,4,4,1,1,2,3,2,5,3,2,5,19,8,18,21,3,4,5,9,7,4,9,3,8,4,6,8,3,1,3,4,1,3,4,3,0,0,0,1,0,1,5,6
377,16,9,5,5,21,7,3,9,33,7,3,13,22,10,3,37,5,4,0,7,3,4,2,3,0,2,0,2,1,4,0,7,32,14,155,9,12,19,86,5,15,4,83,9,7,10,59,18,2,3,1,5,0,2,3,2,0,1,2,3,9,4,4,10,16,4,16,9,4,2,10,5,9,6,10,6,8,8,3,7,1,0,4,1,2,4,2,4,3,0,4,3,0,4,4,6
378,10,10,3,8,11,13,4,9,28,6,3,14,15,16,4,24,4,3,0,4,4,4,0,2,2,2,0,2,7,3,0,8,28,22,150,8,5,12,93,12,10,10,105,11,19,9,60,11,5,4,2,5,2,6,1,3,3,2,2,0,8,4,3,5,14,4,14,13,4,7,5,7,4,4,5,4,8,8,4,10,1,3,2,4,0,4,1,3,0,0,4,0,2,3,4,11
379,20,8,1,9,16,7,4,11,19,7,5,14,20,14,7,27,5,5,1,4,4,2,1,5,1,0,0,1,5,2,2,5,28,5,160,15,9,7,92,6,15,11,103,5,7,15,37,13,4,4,3,5,2,3,4,2,4,0,3,2,8,1,1,6,17,12,15,22,4,4,7,4,6,5,5,7,9,5,10,13,4,1,4,1,0,2,4,3,2,2,4,1,3,2,3,7
380,20,6,1,10,19,9,1,9,25,6,5,9,27,11,2,27,2,2,3,10,3,5,2,4,6,0,2,8,2,5,3,5,24,13,149,13,15,11,98,12,12,7,81,5,10,12,47,6,5,5,5,3,2,4,3,2,1,2,3,2,3,1,3,5,12,3,13,17,7,5,13,8,9,5,6,10,2,15,5,6,2,2,6,4,2,3,1,4,1,0,2,5,3,5,5,6
381,19,13,3,5,22,7,1,6,34,12,2,13,15,6,2,36,5,4,0,5,3,2,2,4,3,3,0,4,4,2,2,4,22,9,141,22,8,9,96,15,13,12,79,7,15,15,62,12,4,5,3,3,4,3,7,1,0,2,1,5,10,0,5,5,18,10,11,13,6,3,8,6,8,2,2,5,5,6,5,9,1,1,5,4,0,2,0,4,1,2,10,3,3,2,4,3
382,18,13,2,8,18,10,3,13,27,4,1,22,8,16,8,19,1,3,0,3,3,4,0,6,4,1,0,1,2,6,1,8,24,10,150,11,9,3,110,9,13,16,86,14,11,11,58,5,2,3,2,5,1,3,4,0,0,0,3,3,6,0,0,10,20,5,14,16,8,8,11,10,9,2,9,8,6,6,6,8,2,0,2,1,2,1,2,2,0,0,3,3,3,4,3,11
383,24,6,4,12,12,6,2,6,28,4,4,12,23,12,3,25,5,4,1,8,6,5,2,7,1,3,1,0,2,6,0,7,29,14,133,11,18,12,84,6,12,7,89,13,8,13,64,3,4,3,8,0,3,3,2,5,0,1,0,2,11,4,3,7,24,5,11,23,5,8,6,5,5,3,9,8,6,4,7,9,2,1,6,2,3,6,2,5,1,0,7,1,2,2,3,6
384,13,7,0,9,22,7,4,6,18,5,1,14,15,15,1,27,5,0,2,2,4,3,2,5,2,4,0,4,2,2,0,5,25,8,162,15,6,11,87,8,9,8,107,6,14,9,52,12,4,5,1,4,2,3,1,0,3,3,1,2,11,1,1,4,22,5,21,27,5,9,12,9,8,5,10,7,12,3,9,11,2,1,1,2,1,0,4,2,0,1,3,0,5,4,5,3
385,21,5,3,4,17,6,7,12,28,6,4,9,20,17,4,25,1,5,0,10,6,2,1,8,3,5,0,3,7,0,2,12,30,17,163,12,10,6,93,10,9,9,97,6,8,4,43,5,3,4,4,2,1,5,0,2,2,0,0,3,6,1,2,3,22,11,17,22,2,8,7,3,6,4,7,3,7,8,3,7,1,2,3,1,0,0,2,8,2,1,7,0,9,3,4,7
386,20,3,1,9,24,2,5,5,26,9,3,25,16,12,7,34,5,3,0,6,2,3,1,4,2,2,1,1,3,4,0,4,19,13,153,13,19,7,79,7,9,8,99,13,13,9,47,13,1,10,2,3,5,1,5,3,2,1,2,3,11,1,2,3,21,10,18,20,5,5,20,6,4,6,5,4,12,2,4,10,1,1,3,0,0,2,2,2,1,0,1,1,1,4,5,6
387,15,7,0,5,22,9,4,14,29,3,5,12,13,8,1,30,5,4,0,8,2,2,1,4,5,2,2,2,5,4,3,7,17,11,163,7,11,12,85,12,12,7,97,4,17,16,62,9,1,2,4,6,3,3,2,1,4,2,0,3,8,2,2,3,21,6,16,21,2,5,5,5,9,2,6,4,7,12,9,10,1,0,6,2,2,3,3,1,3,1,5,0,1,1,5,5
388,15,7,2,6,20,3,0,13,25,8,3,12,13,11,2,37,2,6,1,8,3,7,1,7,4,7,2,1,2,3,2,6,33,14,164,10,15,4,86,8,8,9,100,8,11,6,40,7,3,5,5,2,1,6,5,0,0,3,2,0,5,1,6,5,19,9,25,20,5,8,4,4,7,3,11,4,7,9,6,5,1,1,3,3,2,2,2,6,1,2,4,2,3,4,2,5
389,20,2,0,9,22,6,1,15,32,10,1,14,13,13,2,30,3,1,3,5,3,7,1,4,0,4,0,3,3,6,0,8,24,11,122,15,14,10,104,7,15,10,76,9,18,8,56,14,5,3,3,6,0,6,2,3,1,3,2,3,7,3,3,8,18,7,21,21,6,3,7,6,9,4,10,7,5,5,11,11,0,3,2,2,2,3,2,4,0,1,0,2,1,4,5,6
390,12,4,0,8,20,10,2,10,21,9,1,12,20,18,4,30,10,9,0,7,1,4,0,3,3,1,0,3,2,7,1,13,27,12,151,12,14,6,72,11,13,5,106,9,11,15,49,9,5,6,4,2,2,1,6,1,1,3,4,2,12,2,4,2,14,6,15,23,3,10,7,9,7,5,8,8,7,4,5,8,2,1,4,1,1,2,2,4,0,0,6,1,2,1,4,6
391,16,9,2,15,14,3,3,9,24,5,2,8,9,11,2,34,5,2,0,5,4,1,2,7,1,5,0,2,3,3,1,3,19,9,152,14,15,13,86,16,11,18,87,8,4,11,56,8,3,6,5,4,1,2,6,0,1,2,2,2,8,4,3,8,19,12,14,25,8,7,13,7,0,3,14,7,14,4,10,14,1,1,4,2,2,7,2,1,0,0,1,1,1,3,2,7
392,13,5,3,12,30,3,2,17,21,7,5,14,18,12,5,31,12,7,2,6,7,7,3,5,1,2,1,3,0,4,1,6,13,8,139,14,16,10,95,7,10,11,93,9,18,14,51,13,1,4,2,4,2,4,0,2,0,1,3,0,6,3,3,4,14,5,20,22,6,4,6,3,7,1,10,9,8,4,6,6,2,1,5,1,1,3,5,3,1,0,3,4,0,1,4,10
393,20,9,2,8,18,7,3,6,23,9,6,11,19,19,0,36,4,4,0,6,6,5,3,2,1,2,0,1,2,4,1,10,22,9,147,13,7,9,85,5,11,18,90,16,6,11,45,6,6,6,5,1,1,6,5,2,1,1,1,2,10,2,1,4,18,6,14,28,3,2,8,12,9,5,6,7,9,6,7,12,0,2,6,3,1,1,7,6,0,0,4,0,1,3,3,10
394,7,3,1,8,13,6,2,6,21,6,3,11,18,9,5,29,4,2,2,2,5,3,2,2,3,4,1,1,4,3,1,2,19,9,170,20,11,9,93,11,7,9,106,9,11,10,59,6,4,6,6,2,4,4,3,1,3,1,2,3,7,2,2,6,23,9,17,21,7,9,3,3,7,7,4,8,9,6,6,11,3,1,2,2,1,4,2,4,2,0,3,3,3,3,6,7
395,15,10,1,8,9,5,5,17,26,13,2,14,23,12,4,22,3,3,1,9,6,3,3,8,5,4,1,1,3,4,1,6,30,11,132,26,7,11,76,7,10,7,102,13,8,12,45,14,3,6,6,3,2,2,2,5,1,3,2,1,7,1,1,9,19,9,12,20,9,4,9,8,8,5,5,9,9,5,6,7,3,1,4,5,0,3,1,3,0,0,0,3,6,2,6,7
396,21,5,0,8,23,7,3,10,21,11,4,21,17,16,2,30,7,4,3,10,4,8,2,3,2,1,2,0,3,5,0,6,32,11,140,13,12,9,82,11,11,7,92,7,8,16,54,13,2,3,6,5,2,3,7,1,2,0,1,0,10,2,1,8,20,5,19,17,5,2,14,2,5,3,9,6,7,8,3,14,0,1,1,1,2,3,4,3,0,1,2,2,3,2,3,3
397,8,7,0,9,18,7,4,8,29,8,2,10,23,14,4,23,3,1,1,7,4,2,3,5,4,3,1,2,2,5,1,9,23,9,170,19,15,7,101,16,5,9,89,12,9,11,53,8,1,3,2,2,3,5,3,3,0,1,2,1,7,2,2,6,21,6,16,15,4,7,11,7,6,6,6,7,5,9,5,8,0,0,3,2,0,4,1,2,0,0,3,1,3,6,5,5
398,10,10,4,6,14,6,3,10,26,4,2,14,16,5,0,36,4,9,0,4,3,2,6,4,2,2,1,1,4,1,1,6,17,8,148,12,11,11,89,8,6,18,94,7,10,13,66,9,2,4,2,3,3,5,1,4,1,1,1,4,8,1,4,4,23,11,11,25,5,8,12,6,4,6,7,10,9,10,12,8,1,2,3,2,1,2,6,5,2,1,1,2,3,2,4,5
399,14,10,1,9,17,11,4,12,28,7,1,20,10,18,3,23,6,6,1,0,2,3,2,4,0,5,0,1,2,2,1,6,36,8,158,12,13,8,89,13,8,14,109,11,14,8,56,4,3,4,6,8,1,0,2,1,4,3,2,2,3,2,1,7,16,4,14,25,3,2,6,2,8,5,13,10,8,4,4,6,2,2,3,2,0,0,1,4,0,0,6,0,1,4,2,4
400,15,9,0,8,18,7,5,11,26,5,2,17,14,12,6,26,6,3,2,6,1,8,0,4,4,2,2,5,3,1,0,3,36,15,158,18,14,5,100,11,16,13,99,7,7,5,50,2,8,5,4,3,0,1,4,2,2,2,0,3,8,2,4,2,21,7,17,15,4,3,11,4,6,1,8,7,2,5,4,7,3,1,2,1,1,1,1,3,2,2,8,1,2,3,3,7
401,13,7,0,6,18,11,5,12,41,3,1,20,15,20,2,18,6,3,4,3,3,6,0,7,0,1,1,3,6,9,1,6,28,12,157,12,11,7,70,14,8,10,91,11,12,6,49,6,3,2,4,3,1,3,2,3,2,4,5,1,8,2,2,9,20,10,21,22,4,6,10,4,6,2,15,5,6,4,8,7,0,2,3,6,3,2,3,3,0,1,3,2,1,4,1,7
402,19,7,2,8,12,7,2,8,26,8,3,17,16,14,4,30,4,6,2,5,2,5,4,3,0,1,1,4,4,3,0,6,26,12,167,17,14,9,71,13,6,10,88,8,15,10,44,13,8,4,4,6,1,2,4,1,1,1,2,0,7,4,5,8,15,8,11,17,10,5,9,6,6,6,8,4,7,5,8,12,1,1,4,1,0,2,4,5,2,1,5,1,1,3,2,16
403,24,8,3,9,24,9,7,10,24,2,4,13,24,11,1,34,5,0,1,2,3,2,1,3,0,1,0,3,1,3,2,5,24,13,158,17,6,6,88,14,9,7,94,4,6,12,56,12,4,4,10,6,1,2,4,3,3,2,1,4,4,1,1,6,17,7,15,17,4,7,12,9,6,5,5,4,14,8,4,7,1,0,4,3,0,2,5,3,1,0,2,5,2,2,1,7
404,11,5,1,9,14,9,2,8,31,6,3,14,14,14,3,27,4,3,0,6,3,5,3,6,1,6,0,2,3,10,1,6,19,15,151,12,11,16,103,10,6,11,91,10,8,16,52,6,5,2,6,5,2,0,5,4,0,2,2,0,7,1,2,7,17,10,10,19,6,2,14,6,7,2,11,5,8,7,6,10,1,0,6,5,2,2,3,4,3,0,2,1,2,3,1,8
405,10,3,2,7,26,4,5,9,25,7,2,20,22,14,6,31,3,5,0,6,2,8,2,4,1,1,2,2,4,7,2,10,21,18,155,16,8,4,74,8,11,8,100,8,12,9,64,3,1,4,5,3,0,0,1,5,0,3,2,1,6,2,1,10,24,6,10,16,4,4,11,6,7,4,11,5,6,6,8,9,2,1,3,3,2,4,4,1,3,1,3,2,1,4,3,11
406,14,8,0,6,25,9,5,8,27,5,1,14,27,9,4,27,5,2,2,4,2,3,0,10,2,0,1,3,2,2,0,4,26,10,146,17,5,9,70,13,9,13,106,12,13,12,50,8,10,4,2,0,0,3,1,4,1,2,5,0,10,2,1,6,23,7,11,17,7,6,7,5,6,8,9,7,9,9,16,6,2,3,4,2,0,4,2,4,2,0,5,2,2,5,5,4
407,21,8,0,11,26,6,3,8,40,6,4,11,28,16,3,28,4,3,1,9,2,0,2,6,2,3,0,1,4,7,1,7,27,6,152,12,7,7,74,13,7,11,102,5,11,12,49,10,4,2,8,4,3,1,4,6,0,0,2,5,6,5,4,9,16,7,16,16,5,2,12,6,6,6,6,8,4,5,9,7,1,1,4,1,1,0,4,3,1,3,5,0,2,0,1,3
408,19,10,2,5,14,5,6,11,19,8,1,15,17,19,1,29,6,4,1,7,2,4,1,5,3,4,1,4,3,2,0,5,17,8,158,17,22,14,80,12,12,14,82,11,11,12,36,6,4,5,10,6,0,1,1,2,2,2,1,4,8,5,1,7,25,2,20,11,4,6,14,8,7,4,9,7,9,12,1,11,5,0,3,3,1,2,1,5,3,0,6,1,2,3,5,6
409,12,7,3,5,18,13,3,10,26,7,2,17,11,13,3,29,9,3,2,5,5,7,4,2,1,4,0,6,1,10,2,3,24,12,155,16,12,9,75,9,7,10,92,8,13,11,48,9,2,7,6,6,5,2,1,2,6,0,3,1,7,2,2,2,15,8,17,13,3,6,11,7,5,4,10,8,10,5,7,11,3,3,2,1,0,6,3,6,0,0,3,3,2,4,5,12
410,16,13,2,7,17,8,2,6,23,11,4,16,19,8,5,34,2,3,1,6,4,3,1,6,2,3,0,1,3,12,3,4,13,9,133,18,12,12,94,12,10,9,97,8,13,12,53,8,3,4,5,7,2,2,1,2,1,1,0,1,6,6,4,5,16,9,20,22,4,5,8,9,12,7,6,6,3,9,9,10,3,0,1,1,1,3,4,3,1,3,3,0,2,4,2,6
411,13,11,0,3,17,14,4,17,22,8,7,9,24,13,2,31,5,2,2,4,3,7,3,3,1,1,2,1,6,6,1,6,23,6,147,18,5,8,86,15,13,13,93,12,8,8,50,16,2,4,1,4,3,2,1,3,2,0,1,3,3,2,1,6,22,5,14,23,8,8,11,5,4,3,7,7,4,8,6,11,2,2,0,2,2,1,3,8,1,1,6,4,2,0,4,9
412,12,7,3,8,18,7,1,4,26,3,3,17,13,20,2,36,1,3,0,6,2,5,2,3,1,2,0,3,0,3,0,4,27,6,163,17,11,7,87,15,8,10,91,6,11,12,51,7,4,6,10,8,1,0,2,1,0,1,1,2,9,1,1,6,26,8,22,25,4,4,8,6,9,0,8,8,8,10,9,9,0,0,6,1,0,4,4,7,0,2,3,1,4,2,2,3
413,13,8,3,7,26,5,2,10,23,6,2,10,9,9,2,26,7,4,0,5,2,5,1,6,0,2,0,3,1,5,2,5,26,10,147,9,11,11,96,15,14,9,119,9,10,17,63,4,4,3,6,4,1,2,1,1,1,2,1,2,3,1,2,5,24,7,15,19,5,6,14,7,3,4,8,3,3,3,8,8,4,1,5,0,2,2,3,1,2,1,3,0,3,4,4,10
414,13,14,0,6,19,5,3,11,26,4,2,18,18,14,7,26,4,2,0,2,0,9,1,3,1,2,0,3,2,5,1,3,38,13,151,22,9,10,97,9,13,11,98,7,9,8,46,13,2,6,5,3,3,1,3,1,2,2,3,3,4,1,3,3,21,7,18,16,7,7,10,8,5,7,8,1,11,3,2,8,1,1,4,2,1,4,3,4,3,0,1,2,0,4,4,4
415,14,7,1,8,15,6,0,7,16,8,7,9,18,11,3,32,3,4,1,1,1,5,1,3,1,2,2,4,6,4,2,7,19,14,172,14,9,6,68,9,12,13,119,10,9,7,64,9,4,7,2,10,0,3,3,2,2,1,3,0,7,4,5,7,18,4,18,16,6,8,12,5,6,4,6,7,6,6,6,15,2,2,3,2,2,0,1,3,2,1,2,0,3,3,2,6
416,21,4,4,13,15,4,3,10,31,3,4,7,21,18,3,30,10,6,1,8,3,5,0,2,2,3,2,2,1,6,1,7,26,10,150,12,16,7,67,12,5,10,106,11,17,12,47,8,4,4,6,4,1,1,5,2,2,3,2,2,6,1,0,10,20,9,22,17,3,4,10,3,4,8,8,4,6,9,8,14,0,1,1,0,2,6,3,5,2,0,3,0,0,2,2,5
417,14,9,0,13,14,14,3,9,28,5,5,20,25,9,3,27,7,3,4,7,1,1,0,8,3,2,2,1,2,4,1,4,21,6,154,8,11,9,66,16,17,13,101,9,10,12,63,6,2,2,4,2,1,9,1,4,5,3,3,2,2,3,2,10,27,6,12,13,2,5,8,6,4,5,5,7,5,6,4,7,2,3,6,5,4,1,5,7,2,1,3,0,4,4,0,6
418,16,8,2,9,18,10,1,6,17,7,3,13,23,13,3,29,5,1,3,1,2,4,2,4,2,1,1,4,4,3,1,8,22,13,154,14,12,7,90,12,10,7,93,7,8,8,55,11,5,7,1,4,2,3,2,6,3,1,0,3,8,4,0,3,17,4,19,23,3,9,13,4,8,5,9,7,8,6,7,9,4,1,3,2,2,2,2,5,0,2,5,1,3,4,3,11
419,22,5,0,6,9,6,4,12,22,5,5,16,18,15,5,20,3,2,2,10,3,5,4,6,1,2,0,6,4,0,0,9,23,12,158,14,6,12,77,11,8,15,93,10,9,10,46,15,11,2,5,3,2,3,3,1,2,1,2,1,9,4,3,6,20,6,11,25,8,4,8,4,5,4,6,4,9,9,8,11,3,1,4,1,0,4,3,1,0,0,6,0,8,7,6,10
420,9,8,3,7,33,6,6,8,27,3,2,9,22,13,5,21,3,3,2,3,3,2,3,2,1,3,1,2,1,3,0,5,13,11,146,13,11,8,103,8,23,17,89,10,8,8,50,9,8,1,4,5,3,3,1,4,4,2,0,3,5,2,2,1,20,8,17,20,10,6,14,7,6,8,6,11,5,8,7,11,2,2,4,2,2,3,2,1,3,1,1,1,0,4,1,13
421,18,12,2,6,12,1,5,18,28,5,2,9,17,21,1,29,4,2,0,2,6,3,0,6,4,1,1,1,3,6,0,3,20,12,143,18,9,12,91,14,7,11,108,16,12,14,52,9,6,4,4,2,1,5,7,0,0,1,3,2,6,3,3,6,19,4,18,21,3,6,10,7,7,3,7,4,4,4,10,4,3,1,3,0,1,1,3,5,0,1,3,2,3,3,4,7
422,15,5,1,5,21,5,2,6,28,7,3,17,9,10,5,22,8,4,0,0,3,6,0,3,2,1,0,1,4,8,1,5,29,8,166,15,15,10,94,10,11,5,103,3,10,7,65,11,1,3,4,0,0,3,3,4,6,2,2,3,11,3,3,7,17,7,19,18,4,4,8,8,5,7,5,7,8,7,4,17,1,0,4,5,1,2,2,1,3,0,3,1,1,1,0,6
423,9,5,2,9,18,10,2,11,33,6,1,15,14,14,5,31,2,6,1,8,3,2,4,2,1,2,0,5,5,6,1,5,22,11,166,15,11,10,92,16,8,11,90,6,9,17,48,11,2,3,5,2,1,3,2,0,3,3,2,3,9,2,5,8,22,8,8,13,5,6,9,7,3,3,9,5,6,6,8,9,0,0,6,4,0,1,5,6,1,0,1,2,3,5,2,3
424,14,10,1,7,13,9,4,14,25,10,5,19,14,12,2,43,2,1,3,5,6,4,1,2,2,4,2,2,2,2,1,5,14,9,145,17,18,6,90,7,12,9,89,7,14,15,74,11,9,4,3,5,1,2,2,2,0,2,2,3,10,3,1,5,18,7,14,24,4,2,3,11,9,1,6,1,7,4,7,8,1,4,6,1,0,2,0,4,2,0,4,2,3,2,1,5
425,11,7,2,2,19,8,5,10,23,2,4,15,13,14,4,32,3,4,4,6,3,5,1,3,2,5,0,2,4,9,2,4,22,10,150,14,9,11,88,11,16,8,88,5,12,18,53,10,5,4,5,7,3,2,0,2,0,2,1,2,13,2,2,6,25,10,13,15,6,5,14,5,2,2,5,8,10,9,5,6,3,4,3,5,1,3,3,6,1,2,3,1,5,5,0,6
426,15,9,1,5,18,10,7,12,26,10,2,17,20,11,4,36,4,2,1,3,1,6,0,6,3,4,0,4,2,4,3,5,30,7,141,12,18,8,81,15,6,8,84,9,15,12,50,11,1,4,3,1,2,2,3,2,1,3,5,4,6,1,3,5,18,14,11,16,3,2,8,13,6,3,6,6,12,3,7,9,2,2,9,2,1,4,6,4,2,0,4,1,1,4,7,10
427,19,5,1,10,19,5,3,4,34,4,6,13,13,12,3,24,3,5,3,6,4,4,1,3,2,2,0,2,4,4,3,3,18,17,151,8,12,8,101,9,12,11,110,11,8,10,56,5,4,4,0,1,2,2,2,4,4,3,4,3,6,2,4,6,18,7,16,21,8,5,7,6,7,4,9,4,5,6,4,10,0,1,2,2,3,1,2,4,1,0,3,2,2,4,2,12
428,12,14,0,10,20,4,1,10,27,8,1,14,20,20,5,19,3,4,0,13,2,5,1,7,5,1,0,0,6,6,2,6,29,14,147,10,14,12,84,9,13,10,103,11,11,13,54,7,3,4,4,2,2,3,1,1,6,5,1,2,6,2,1,5,18,5,9,14,8,5,7,7,10,4,5,7,12,9,4,8,2,0,5,0,0,0,2,4,0,2,5,0,2,3,2,6
429,14,7,3,10,10,6,4,9,29,6,5,15,16,11,1,29,2,2,1,4,2,5,4,2,6,3,2,0,4,2,0,5,28,11,163,20,15,12,101,13,9,9,94,11,11,12,53,6,8,4,4,4,2,3,4,1,4,0,1,1,7,1,3,7,14,8,13,19,1,2,7,5,3,6,6,8,11,7,4,10,2,1,5,0,1,5,4,2,3,1,2,2,0,2,1,4
430,15,8,0,3,11,10,3,9,32,5,3,10,16,11,1,25,7,3,2,4,1,6,2,2,2,0,1,2,2,0,2,2,28,10,158,21,12,8,92,14,8,9,92,6,13,22,58,10,6,5,0,4,1,2,4,0,3,1,3,2,6,0,5,8,26,8,18,16,2,8,14,13,2,5,8,6,9,7,6,4,0,2,6,5,0,1,3,6,1,1,0,0,1,3,2,6
431,19,4,2,9,19,3,2,8,20,7,2,14,14,15,2,38,5,3,0,9,4,4,2,4,0,0,2,2,9,6,3,8,23,8,161,13,12,10,90,12,10,7,112,4,7,15,48,5,4,3,6,2,0,5,1,1,1,3,2,0,8,0,1,14,17,4,15,21,6,6,10,7,3,8,5,5,11,2,8,5,3,1,4,1,4,2,5,2,2,1,3,1,1,3,1,6
432,17,12,1,5,17,5,4,9,36,6,0,16,14,10,3,33,7,0,3,3,1,4,0,6,4,3,0,1,9,4,1,6,29,11,144,9,7,12,95,10,5,10,97,7,8,14,43,7,3,6,5,4,1,2,2,1,5,0,1,1,12,2,2,4,33,10,15,22,5,5,14,7,4,6,10,5,5,9,7,9,2,0,3,2,2,0,4,3,1,2,7,1,0,3,3,2
433,15,8,0,4,16,10,5,7,26,6,1,13,17,11,1,22,6,3,1,7,1,3,1,5,1,6,3,1,3,1,1,8,24,16,142,14,11,6,103,14,9,17,87,14,12,12,56,8,4,4,1,4,1,5,3,2,0,2,1,1,9,3,6,4,18,6,11,18,10,7,11,10,4,5,2,8,8,4,9,12,2,0,6,3,1,5,3,2,0,0,4,1,2,3,8,9
434,20,6,0,9,22,6,3,12,36,8,0,16,16,11,6,23,7,4,2,3,1,5,1,2,2,2,0,4,3,3,1,7,19,7,139,14,13,9,96,11,13,14,106,5,15,9,49,12,0,4,14,4,1,2,1,4,2,2,1,2,8,4,1,8,19,10,18,11,6,5,5,2,5,7,6,7,7,6,11,8,2,0,2,0,3,3,1,4,0,1,3,2,2,4,2,8
435,12,5,1,9,18,6,6,9,24,4,1,17,16,12,5,24,5,1,1,6,3,4,2,9,3,2,1,5,3,13,1,6,25,10,156,16,6,5,93,14,17,6,88,4,10,22,59,12,1,4,4,4,2,1,2,1,0,0,1,2,13,0,3,7,13,8,23,20,6,6,10,3,3,2,2,7,9,11,3,7,7,2,2,4,0,5,3,2,0,0,4,0,1,2,4,9
436,18,6,1,7,16,7,4,5,27,5,0,13,18,2,7,23,6,5,0,9,4,4,3,3,4,3,2,2,3,1,2,4,22,15,151,15,13,7,86,12,11,9,119,7,7,14,48,7,6,4,5,2,2,0,5,2,3,1,1,6,17,1,1,5,14,7,15,19,6,7,9,6,9,4,2,6,7,7,6,11,3,0,3,2,1,3,5,5,2,0,5,3,1,2,2,10
437,18,13,5,7,18,15,4,11,33,4,2,11,18,14,3,30,5,1,1,7,2,2,1,4,6,3,2,3,4,7,2,7,15,9,150,7,11,6,82,8,15,16,94,12,10,12,46,11,3,2,2,4,2,2,2,1,3,2,1,0,7,2,4,7,23,9,11,10,5,4,5,7,14,4,11,5,11,6,2,15,2,2,6,2,1,0,5,7,2,3,2,1,2,7,3,2
438,13,6,0,10,16,5,6,6,22,7,4,22,7,18,1,20,4,2,4,3,3,1,1,5,1,3,0,6,4,6,0,6,28,12,175,8,18,7,94,14,9,13,90,6,10,10,51,7,1,6,2,7,2,4,1,2,5,3,3,1,7,4,4,4,27,7,14,14,3,7,2,9,8,4,7,4,9,3,10,9,0,0,5,1,0,2,7,7,3,3,1,2,0,1,6,5
439,10,2,2,6,26,11,3,7,31,7,2,20,20,13,3,21,5,6,3,5,3,4,4,8,2,4,2,3,3,4,0,8,26,19,154,9,9,6,103,12,15,6,87,10,11,9,55,10,3,4,3,4,1,4,3,3,3,0,3,1,5,4,1,3,15,5,17,17,4,6,7,6,9,6,3,7,5,7,5,13,0,1,7,1,0,1,3,4,1,2,5,2,1,2,0,4
440,16,9,2,5,21,18,3,7,28,4,2,19,17,13,3,32,7,8,1,7,4,2,1,6,3,2,1,5,3,6,2,6,25,4,134,13,18,9,86,10,10,12,93,13,8,13,40,5,9,7,3,5,4,6,3,1,0,4,2,2,11,2,3,7,19,7,13,12,6,1,4,8,8,4,9,9,10,12,5,10,2,1,5,4,0,2,3,3,3,0,2,1,2,1,3,6
441,17,9,1,8,21,5,2,12,31,11,3,13,17,20,4,30,5,2,1,4,0,2,3,2,2,5,1,1,3,3,2,7,23,10,158,12,15,7,79,8,6,14,87,9,10,8,53,9,8,2,4,4,2,3,3,2,0,1,3,2,8,2,2,4,20,6,20,29,3,4,11,4,9,8,9,5,9,7,7,4,0,2,2,0,1,3,2,4,3,1,3,4,2,4,3,6
442,16,6,3,7,21,11,5,17,31,4,4,14,18,10,8,19,4,1,3,6,3,5,1,3,3,4,0,1,6,4,0,5,22,11,138,12,12,8,107,13,11,8,106,8,9,10,60,3,4,5,7,2,1,3,3,1,3,2,2,2,7,2,2,5,20,7,18,15,4,7,3,4,8,7,6,1,7,5,4,15,0,0,3,2,1,0,6,4,0,3,2,1,4,3,3,5
443,17,6,1,12,27,4,5,6,34,8,6,16,20,17,1,33,4,0,0,5,1,4,1,2,4,2,2,3,2,3,1,3,32,12,142,16,12,6,81,7,10,10,107,8,16,9,61,8,2,1,2,4,0,0,5,1,1,3,0,1,2,1,4,6,15,9,17,25,4,6,5,8,7,7,9,1,6,6,6,7,3,0,4,0,2,3,3,4,2,0,1,1,0,3,3,13
444,16,9,1,7,20,7,6,13,20,8,5,16,14,16,2,33,6,3,0,7,2,2,3,6,1,4,1,3,4,5,3,10,15,10,138,15,6,8,102,11,9,10,84,6,11,13,59,10,4,2,5,4,2,4,4,2,3,0,1,2,8,2,3,5,19,4,17,18,3,1,11,14,6,2,6,7,10,11,3,15,2,2,2,0,1,3,3,5,0,0,4,2,2,1,7,8
445,17,10,0,5,19,8,4,14,28,4,2,14,22,18,3,28,1,4,2,6,3,5,2,3,1,2,1,1,2,4,1,6,27,11,130,16,12,6,96,12,18,8,87,6,11,14,58,14,3,5,4,5,3,3,3,0,2,0,1,2,8,1,4,8,15,5,22,11,4,9,12,6,3,7,6,9,11,9,4,9,2,0,6,2,0,2,5,1,0,0,4,0,4,3,0,11
446,10,12,0,10,16,13,2,19,32,9,2,11,17,20,0,38,1,2,0,7,5,5,4,5,3,0,1,1,2,5,0,4,28,7,141,9,12,12,97,12,10,5,94,8,9,8,38,3,2,2,3,2,2,4,2,2,1,1,3,4,2,3,2,7,32,4,15,26,8,6,12,9,5,4,8,4,8,6,3,12,4,1,4,4,0,5,3,2,2,1,3,1,6,1,2,8
447,9,7,3,7,15,11,6,12,29,6,2,11,19,13,1,29,2,3,0,7,2,4,3,2,5,3,2,1,2,5,1,5,13,14,143,17,13,11,89,11,11,11,92,15,8,14,45,10,6,6,10,3,3,11,4,3,3,1,5,0,6,1,2,9,27,6,12,24,12,2,4,9,2,3,7,6,12,5,4,9,1,0,2,1,2,4,1,3,2,1,3,1,1,2,5,10
448,15,7,2,10,19,5,5,12,32,9,4,9,10,14,4,23,5,4,1,6,1,2,5,3,3,1,1,7,5,3,1,6,24,14,149,16,10,2,84,12,9,11,112,9,14,12,65,9,2,7,5,3,1,1,3,6,1,3,2,5,8,3,2,10,18,6,13,11,4,1,12,5,7,6,5,7,9,6,2,10,1,0,6,1,0,3,1,3,1,1,0,1,1,4,0,7
449,13,6,1,5,14,6,7,7,26,5,1,16,19,13,3,24,11,2,0,3,3,4,2,5,2,3,0,2,1,4,1,13,25,12,173,19,11,8,83,8,11,12,99,12,7,16,55,8,7,7,6,2,2,1,3,1,1,0,2,1,7,1,1,2,20,8,15,18,6,7,9,5,8,3,2,6,8,3,5,15,2,2,3,3,0,1,6,5,1,2,2,2,2,1,2,3
450,15,11,1,14,25,8,4,8,31,3,3,17,14,10,7,32,2,4,0,6,1,6,2,3,1,1,0,5,4,2,2,10,24,9,138,12,11,14,100,10,8,8,89,14,7,18,43,8,4,4,5,0,4,1,2,3,2,1,1,7,7,2,0,9,22,6,14,18,8,6,9,7,4,5,8,3,7,8,9,10,2,0,2,0,0,2,6,4,1,2,5,2,1,1,6,5
451,18,10,0,15,15,5,4,13,22,2,3,14,10,15,2,29,8,3,0,7,6,4,3,8,0,2,1,6,2,9,0,5,22,10,154,14,12,9,84,8,7,7,84,13,5,11,61,11,7,5,6,1,0,6,3,1,1,4,3,0,11,2,1,7,19,8,19,21,2,11,11,5,6,6,7,9,7,4,9,11,2,1,7,2,0,6,0,1,1,0,2,2,1,3,0,6
452,19,4,1,5,21,7,3,6,30,9,1,13,17,13,5,27,6,3,2,7,6,6,4,7,2,1,1,2,2,3,0,9,28,7,140,14,20,5,98,14,16,11,82,10,15,8,50,10,5,3,3,4,1,5,4,6,2,0,1,0,7,1,4,2,19,4,19,14,4,5,17,4,6,1,11,7,4,9,6,11,2,2,2,4,1,0,5,4,1,0,1,2,4,5,3,5
453,13,17,0,7,24,3,4,12,29,8,1,17,13,12,2,34,6,1,0,4,2,5,2,4,3,4,0,2,3,3,1,2,26,10,131,16,7,18,87,6,8,10,103,9,7,12,61,6,4,4,3,1,0,1,1,4,1,0,2,4,9,3,4,8,23,7,9,16,7,5,12,11,8,3,11,4,13,8,4,10,2,1,5,1,2,2,4,2,0,1,6,0,3,2,5,9
454,10,10,1,6,15,6,5,14,25,10,1,17,21,18,4,32,8,4,0,2,4,7,3,5,0,1,0,6,3,6,0,3,23,12,162,11,12,5,75,10,11,7,80,8,13,22,52,13,7,3,8,5,1,1,7,5,3,0,2,3,6,2,6,8,11,7,10,21,3,7,9,8,7,4,9,9,9,6,1,12,3,2,1,2,1,0,3,3,1,0,4,2,3,4,0,8
455,18,8,3,3,22,10,2,4,32,7,1,8,20,15,5,33,7,3,0,6,6,6,4,9,1,4,0,2,5,3,1,6,28,5,155,9,7,8,96,8,20,8,84,5,10,8,45,16,3,5,3,4,1,2,5,2,1,1,1,2,5,1,2,8,25,6,13,11,7,2,6,10,7,3,10,12,7,3,9,9,1,2,6,2,1,1,4,7,0,0,5,0,3,3,6,7
456,16,5,2,7,20,4,8,9,16,12,4,18,18,7,5,33,3,3,2,4,2,3,3,5,3,1,0,6,2,3,1,6,17,7,153,15,7,9,94,15,15,13,85,10,5,14,49,16,1,3,6,5,1,2,7,3,1,2,1,0,10,1,4,7,26,6,19,17,6,6,7,9,2,1,10,4,8,5,8,9,4,3,2,2,1,3,3,2,2,1,4,0,1,6,5,9
457,7,5,0,7,21,8,2,8,30,2,1,13,22,15,4,32,9,4,0,4,1,4,0,0,5,2,0,1,3,3,2,8,24,4,150,12,16,12,91,14,14,8,101,5,13,16,56,8,4,6,6,5,2,3,4,3,1,0,1,2,11,2,2,3,13,5,11,20,5,4,7,10,3,5,4,9,11,7,9,13,4,0,3,1,2,0,4,5,2,2,4,0,4,2,1,8
458,16,9,1,4,22,5,8,10,27,10,4,24,18,12,3,30,3,2,1,4,1,3,2,3,3,1,0,1,5,3,2,13,22,11,146,13,8,7,92,14,14,11,98,7,14,12,43,7,5,7,8,7,1,3,3,1,2,1,1,3,9,3,0,4,24,5,14,20,6,4,5,7,4,2,12,4,9,7,7,9,3,0,1,3,2,3,5,2,3,0,0,0,1,4,1,6
459,17,5,2,7,22,6,4,16,22,6,3,20,15,12,0,30,5,5,0,7,3,3,3,4,0,1,0,5,6,5,0,12,24,3,168,17,12,7,82,10,9,11,81,7,13,9,54,8,3,0,9,6,3,2,1,1,1,5,3,2,4,4,1,4,23,8,16,24,5,2,7,4,5,3,7,6,10,11,4,10,1,1,4,3,1,1,2,7,2,0,3,0,3,7,2,8
460,13,13,3,8,17,10,4,10,23,0,2,12,20,14,6,27,3,1,1,1,3,2,2,6,5,2,2,3,2,2,1,3,34,6,167,17,13,16,94,12,8,9,91,4,4,9,51,12,1,2,3,2,0,0,5,4,1,3,2,2,12,2,0,6,26,7,12,18,5,4,11,6,5,5,9,5,4,12,8,11,2,1,4,2,1,1,1,2,1,0,2,1,2,5,4,10
461,13,7,0,7,14,4,6,11,36,2,2,16,17,17,2,32,5,2,1,2,3,3,4,4,1,3,1,5,5,2,1,7,29,10,168,16,11,5,88,10,6,8,99,10,6,7,47,14,3,3,2,2,1,0,3,2,0,2,4,4,4,3,0,6,24,6,16,26,3,4,10,6,7,1,6,10,13,5,4,5,2,4,6,4,0,2,3,2,0,0,0,0,2,5,5,11
462,19,5,2,10,19,3,7,6,15,6,2,12,14,10,7,33,5,2,0,5,2,3,2,3,1,3,1,3,4,3,0,8,28,12,154,11,13,11,72,11,13,9,94,12,19,13,75,10,3,3,2,6,0,3,3,4,1,3,1,3,6,3,2,10,18,8,16,19,5,2,9,9,7,2,5,7,6,11,8,4,2,2,5,1,1,2,2,1,1,1,4,3,1,4,4,5
463,20,7,3,12,18,5,6,10,29,6,0,13,19,18,4,34,8,4,0,4,7,5,1,5,3,4,1,3,6,2,0,6,19,18,138,15,7,8,83,10,10,9,81,11,10,13,52,11,5,1,10,2,3,4,4,4,1,1,0,1,3,1,4,8,21,10,12,16,6,8,12,5,8,7,9,2,8,4,10,7,2,1,3,2,1,1,3,8,1,0,4,4,4,3,3,5
464,8,5,2,8,16,9,2,8,26,9,1,12,20,12,6,19,1,1,0,3,3,4,1,4,5,4,1,1,3,4,0,9,28,14,162,19,5,8,93,10,8,12,92,16,8,14,63,9,4,6,3,4,0,2,2,0,1,2,5,1,6,2,0,6,19,8,21,17,5,5,9,8,6,6,7,8,7,5,6,12,1,0,5,2,0,1,3,3,0,0,5,2,3,7,3,4
465,15,8,3,10,12,5,5,10,28,7,4,10,18,17,1,33,3,5,1,6,5,6,1,6,1,2,0,5,5,6,2,2,22,9,148,14,11,9,88,17,10,15,88,4,8,10,47,10,3,3,4,8,0,0,6,1,0,0,2,1,7,5,1,6,29,10,11,18,3,5,9,11,7,6,9,9,10,5,3,7,2,1,5,7,1,1,4,4,2,0,4,0,2,2,3,11
466,22,8,2,6,19,6,5,6,17,8,3,15,17,10,2,25,7,4,1,5,4,3,1,3,2,2,1,2,4,3,0,8,24,8,147,14,10,11,74,6,15,7,96,18,12,11,64,16,4,4,5,1,1,4,3,0,6,0,4,2,10,1,2,6,25,10,16,17,10,4,11,4,8,4,7,4,6,8,4,13,2,2,4,3,1,3,2,4,0,1,5,0,2,4,2,7
467,12,9,3,9,12,10,3,9,32,7,2,17,16,15,4,35,6,4,1,3,6,4,1,2,4,0,0,3,5,1,1,5,22,12,140,20,13,8,86,15,10,13,85,8,12,10,56,7,0,6,6,10,1,6,1,2,1,2,0,1,6,4,5,3,15,8,13,23,6,5,10,8,4,5,5,14,9,5,2,9,1,0,5,3,3,1,7,3,2,0,3,1,2,4,2,10
468,17,6,0,14,15,8,5,10,25,2,1,11,23,12,4,36,2,2,1,5,0,3,1,8,3,4,1,3,3,3,2,5,26,19,175,15,14,12,87,6,9,10,85,17,5,9,43,16,2,4,5,3,1,2,3,4,2,1,4,5,10,1,2,5,20,7,14,18,7,4,7,3,5,2,9,7,11,4,7,3,0,1,6,2,0,3,2,3,0,0,3,1,2,2,4,6
469,15,9,2,11,13,8,1,11,28,8,4,21,16,11,2,26,0,4,4,7,4,5,2,5,3,4,0,4,1,4,1,5,21,11,168,11,13,9,94,9,16,5,92,8,10,10,40,11,3,2,4,4,0,4,1,2,3,0,2,2,5,1,1,5,26,14,15,14,4,5,14,5,8,2,11,6,5,7,6,11,2,0,8,2,0,2,4,6,1,1,3,3,3,3,1,2
470,21,8,2,9,19,6,3,6,24,9,5,10,18,9,1,20,5,3,0,10,2,4,2,7,4,2,1,3,3,7,1,3,27,14,169,11,14,12,95,6,8,12,82,5,13,14,54,12,5,5,6,3,1,3,4,6,1,5,4,1,9,4,2,7,18,7,11,13,7,6,7,3,6,2,8,8,7,5,3,9,0,1,5,1,1,5,6,1,0,2,2,1,1,3,2,8
471,11,6,2,9,18,6,2,11,21,9,6,16,27,16,6,29,4,5,0,5,3,5,0,7,1,0,0,0,4,5,3,7,21,2,157,17,12,5,99,14,6,9,94,9,6,13,51,5,5,6,8,3,0,3,5,3,2,3,2,2,3,4,2,9,16,8,13,17,3,6,10,5,5,1,10,4,13,6,10,12,1,0,2,0,1,5,4,4,1,0,2,0,2,7,4,4
472,11,7,1,4,20,6,3,15,19,8,3,14,23,19,4,30,4,3,1,7,0,3,4,5,3,1,1,3,4,0,1,4,17,10,156,8,10,8,94,19,6,13,88,11,8,13,55,5,5,4,5,6,2,1,3,1,2,2,2,1,13,5,3,3,24,6,8,18,11,8,6,4,6,4,9,9,9,7,8,6,3,2,2,4,1,2,5,4,0,1,3,0,3,5,7,5
473,16,5,1,12,14,4,4,7,31,4,3,13,22,9,1,25,9,7,1,6,5,1,1,4,4,2,0,1,4,0,3,9,28,17,170,8,17,9,94,18,7,6,91,15,9,9,49,16,4,2,3,2,0,4,2,4,0,2,3,4,9,0,2,7,14,7,9,17,5,4,5,8,6,5,8,5,8,8,7,9,0,0,5,3,1,1,5,3,0,0,4,3,2,2,5,2
474,17,7,0,7,14,12,4,11,26,4,2,10,17,12,3,27,6,1,2,5,1,5,1,0,2,2,1,4,5,3,0,6,32,9,145,14,11,6,88,9,16,10,102,13,9,8,55,10,2,7,2,4,0,3,2,2,1,1,1,3,9,3,3,4,21,13,16,22,4,8,10,8,7,5,7,10,12,8,7,6,2,0,5,3,2,2,1,3,2,2,2,2,1,2,2,4
475,21,7,3,5,18,4,3,9,29,8,3,19,17,14,4,24,6,2,0,3,3,7,1,1,1,3,2,2,1,1,1,7,22,15,149,16,7,9,89,14,12,13,98,6,13,14,51,11,4,3,9,2,1,1,7,2,3,1,1,4,6,2,4,7,15,9,14,18,5,5,11,10,7,1,4,5,12,7,3,7,0,2,2,4,1,1,2,4,2,2,5,1,2,2,4,8
476,14,15,2,10,15,11,6,9,21,9,3,10,14,11,8,38,4,0,0,3,3,2,1,10,2,3,1,4,5,5,1,3,28,14,156,8,9,12,94,11,12,8,76,5,22,12,41,10,3,2,5,5,2,3,2,3,3,2,3,4,9,3,2,2,23,9,16,21,7,7,8,7,10,1,9,5,2,9,4,11,4,5,2,0,1,2,4,4,1,1,4,0,0,2,3,4
477,17,9,2,8,17,8,5,10,32,4,1,15,12,19,1,32,6,0,2,9,2,3,5,5,2,4,0,2,1,10,0,9,27,8,135,14,16,6,93,8,14,10,93,11,5,9,62,5,4,1,3,7,3,3,3,3,2,2,1,1,5,3,1,11,17,10,10,22,5,5,9,7,3,4,12,3,5,4,7,8,2,3,3,4,2,2,8,4,1,0,2,3,1,2,4,7
478,10,8,1,13,12,9,4,7,26,9,1,14,9,16,4,22,6,2,1,4,2,3,1,4,3,3,0,2,3,4,1,6,30,5,162,15,11,9,93,12,13,8,100,11,10,13,57,11,3,5,6,6,1,2,3,8,2,1,4,3,8,1,3,10,10,6,18,15,4,3,7,11,3,7,3,4,10,5,10,11,1,2,4,3,4,1,4,2,3,0,4,1,1,2,2,3
479,15,11,1,11,15,9,6,6,24,7,4,14,29,9,4,30,7,4,2,9,5,1,4,8,2,3,1,2,2,3,2,5,27,16,149,17,16,10,79,7,7,11,87,17,13,9,65,9,1,6,4,4,0,3,3,5,2,3,2,3,5,1,2,5,14,4,18,11,1,8,6,8,2,4,6,8,11,8,4,9,0,0,4,1,0,4,5,4,0,0,3,3,2,2,2,5
480,17,5,0,3,16,8,3,10,22,9,1,17,15,18,5,33,8,5,1,6,5,3,2,5,1,2,0,6,3,6,1,5,35,6,166,13,11,9,68,10,5,11,96,10,11,10,60,12,6,1,3,5,2,5,2,5,1,4,1,2,5,1,5,6,21,7,15,15,2,8,8,2,8,4,7,5,12,7,6,5,2,3,5,1,0,0,2,6,0,1,4,2,3,5,4,2
481,17,7,1,8,17,7,4,8,25,6,2,13,19,10,4,32,5,0,0,7,2,3,2,5,0,2,1,2,5,7,1,8,25,6,149,17,13,9,85,10,10,10,107,14,10,11,54,12,5,6,7,5,1,5,3,1,3,3,2,2,7,4,0,2,18,6,19,13,9,2,7,6,6,2,6,6,9,7,8,8,1,1,5,2,0,4,1,7,1,0,4,2,2,2,3,5
482,14,4,1,6,14,6,0,5,31,7,1,19,17,13,6,29,7,3,4,5,1,2,3,2,2,4,2,4,3,5,1,12,29,8,172,23,12,6,90,8,8,6,84,8,10,8,48,8,4,4,3,3,1,3,5,3,4,0,2,7,10,5,6,9,31,4,12,13,5,6,9,5,6,5,3,5,6,7,6,10,0,4,3,0,1,3,4,1,1,2,3,0,5,4,0,6
483,19,10,0,11,22,6,7,4,32,9,1,17,15,10,6,30,4,2,1,5,2,2,1,3,3,2,0,5,4,1,0,7,24,5,162,19,7,9,85,9,5,14,93,14,9,14,51,9,1,2,2,5,0,1,4,0,2,2,3,3,12,2,3,3,23,4,11,8,2,4,10,10,6,4,7,5,10,5,10,14,4,3,5,6,1,2,7,5,0,1,2,1,5,6,2,2
484,18,7,0,10,13,6,3,9,25,7,7,12,19,10,2,38,6,2,2,7,1,4,3,4,4,3,0,8,0,2,0,7,26,13,140,22,8,11,83,13,8,14,96,2,13,20,48,4,6,4,5,1,1,2,6,3,2,1,2,5,13,4,1,6,20,7,10,20,2,8,7,7,10,4,9,4,7,7,3,12,3,0,5,2,0,7,2,0,0,0,4,0,6,1,4,7
485,16,11,0,4,18,8,3,10,29,7,1,10,26,24,0,35,3,2,4,2,2,7,3,3,2,3,1,1,10,4,1,5,27,6,164,17,12,6,85,8,12,12,104,7,9,8,54,11,6,2,13,3,0,2,2,4,1,0,3,1,6,1,1,6,19,3,15,15,6,1,7,6,5,6,10,5,5,5,5,9,0,0,1,2,0,3,0,4,2,0,3,0,3,2,3,7
486,11,6,4,9,16,8,5,7,27,7,4,17,22,12,2,28,11,0,1,3,3,4,1,8,3,1,3,3,4,4,0,9,32,9,168,16,8,6,90,9,17,10,95,8,8,7,43,6,4,3,6,5,3,2,0,5,1,1,1,2,8,3,3,6,18,9,12,14,7,3,7,11,2,5,5,4,9,9,6,11,3,0,4,2,3,2,6,5,2,0,2,1,2,3,2,3
487,14,6,2,7,15,6,6,9,24,4,2,15,22,17,3,31,4,2,2,7,6,2,2,6,4,3,1,2,6,6,0,4,20,4,142,10,16,11,93,11,15,17,96,8,8,12,52,9,5,3,2,6,2,1,4,1,3,0,4,3,4,0,0,5,17,5,27,16,3,3,10,7,6,7,7,7,8,6,8,15,1,1,2,0,1,3,2,3,0,1,3,2,7,2,1,12
488,8,5,1,8,18,5,1,16,25,8,1,18,19,10,3,27,13,3,1,4,6,8,3,8,2,2,0,1,3,4,1,5,25,15,136,21,15,10,97,15,7,6,104,8,7,9,62,5,4,1,4,8,1,2,2,3,0,0,0,3,8,1,4,6,19,6,14,17,8,3,9,9,4,8,4,7,3,4,10,7,1,1,3,2,1,1,1,5,2,3,2,2,2,4,4,8
489,21,6,3,8,19,6,1,16,23,3,1,19,18,15,2,28,7,8,2,4,2,3,0,5,1,1,0,5,5,1,1,6,24,12,132,16,9,8,82,13,11,11,95,11,13,12,53,8,4,7,4,0,3,3,3,2,3,0,1,2,14,1,1,4,21,10,14,23,2,5,13,4,8,5,9,8,5,8,4,8,1,1,8,2,1,0,5,5,1,3,2,3,2,5,6,6
490,19,7,1,8,23,11,6,6,30,7,3,9,20,17,3,38,3,5,0,4,6,1,2,4,1,0,0,2,1,7,1,3,15,10,155,14,10,9,83,12,5,9,106,7,11,18,49,9,7,5,7,3,1,3,6,4,2,1,3,2,7,2,5,6,22,3,16,15,3,5,6,12,5,3,6,3,9,8,8,7,0,1,3,1,1,1,2,4,1,2,7,0,2,4,2,4
491,20,13,2,7,22,4,2,10,23,5,3,23,16,13,3,37,3,2,3,5,1,1,0,3,1,0,0,2,1,6,0,4,18,16,142,15,8,6,100,11,14,6,103,7,9,11,50,13,5,5,3,3,3,2,4,2,3,1,3,4,8,4,5,5,13,5,17,20,8,3,4,5,3,4,4,3,12,13,6,15,0,2,9,4,1,4,3,2,1,1,2,2,2,1,1,6
492,18,5,1,7,15,4,3,10,26,6,1,14,14,23,1,30,5,6,2,8,3,3,0,3,1,5,1,6,4,2,1,3,23,17,160,7,10,6,93,4,11,10,101,6,9,14,52,10,4,1,2,6,1,5,1,1,0,0,1,1,10,5,2,11,17,10,13,17,6,6,8,7,4,5,6,9,6,7,3,15,1,1,6,2,0,4,1,4,0,0,5,3,5,4,3,7
493,18,7,0,7,16,11,4,9,29,6,3,17,10,16,2,18,7,2,0,5,3,4,3,2,0,2,1,6,2,2,0,4,27,15,150,20,10,8,75,15,8,11,98,3,9,13,59,9,4,4,7,10,2,2,4,4,1,1,3,4,4,0,1,7,27,2,16,21,5,5,10,4,6,4,6,6,8,7,8,11,0,2,2,2,2,3,1,5,2,2,5,2,2,2,4,14
494,13,8,2,7,15,6,2,7,19,8,0,11,16,21,2,34,2,1,1,8,4,3,4,8,0,2,2,4,3,3,2,6,33,8,161,17,6,6,84,7,16,10,104,12,14,11,52,14,4,6,4,5,1,3,2,0,2,2,1,3,6,0,1,3,16,4,11,8,7,6,7,8,12,1,10,4,11,4,5,9,1,3,9,2,1,4,1,6,1,2,4,1,3,4,3,10
495,15,3,1,7,20,6,3,10,34,12,0,15,16,11,2,25,4,0,0,4,5,8,2,5,1,1,0,3,1,3,0,6,28,8,154,14,21,6,84,9,11,11,87,6,14,12,45,8,3,5,8,5,1,1,4,3,0,0,1,5,10,0,3,5,25,8,17,25,6,6,10,9,8,6,7,8,11,6,3,7,1,0,3,3,1,5,3,3,2,1,7,1,2,3,4,4
496,13,3,1,9,20,3,3,12,30,4,2,15,16,11,1,27,2,5,2,4,4,2,2,4,1,3,1,2,2,7,0,6,30,11,159,15,12,8,80,13,11,12,97,5,9,7,64,7,5,2,7,5,2,2,1,6,0,1,3,2,12,3,3,3,18,8,22,22,7,8,8,8,7,6,4,7,8,5,3,8,1,3,1,0,0,2,3,4,2,2,3,0,1,4,3,8
497,13,9,2,10,24,9,10,10,24,9,4,16,13,8,5,32,2,2,2,9,2,7,1,1,5,2,1,3,4,5,1,7,18,9,159,12,6,10,85,12,16,8,93,9,13,17,63,9,1,1,3,6,0,2,2,2,2,1,4,0,7,3,3,4,17,3,14,20,8,3,3,10,6,3,5,8,10,9,5,7,0,0,3,2,0,3,6,6,0,2,2,1,1,2,3,6
498,14,5,0,9,22,5,4,6,27,8,2,15,17,11,2,29,5,1,1,4,1,5,1,4,1,2,2,3,1,4,3,4,29,13,154,14,19,11,81,7,8,19,106,13,9,12,45,6,5,5,5,2,2,3,2,1,3,2,4,0,9,2,4,5,12,9,13,25,5,12,7,4,8,9,6,6,7,9,4,8,0,1,4,3,0,3,4,2,2,3,3,3,0,4,3,3
499,15,7,0,8,19,6,3,12,25,8,0,15,19,19,3,27,3,3,0,2,8,1,1,3,3,2,2,2,0,4,2,9,20,12,151,18,17,15,80,10,13,13,82,7,15,12,52,9,4,3,5,2,2,5,2,1,2,2,3,1,6,2,3,10,14,12,18,18,3,5,11,11,10,3,9,8,5,5,2,12,3,2,2,3,2,2,3,5,0,0,5,1,2,5,4,5
